customer_id,name,age,gender,location,join_date,total_spent,purchase_frequency,total_quantity,sales_amount,average_basket,segment,cluster_2,cluster_3
2001,Customer_2001,33,Female,New York,2021-12-13,0.0,0.0,0.0,0.0,0.0,0,1,0
2002,Customer_2002,59,Male,New York,2023-03-08,1103.79,5.0,9.0,1103.79,220.75799999999998,2,0,2
2003,Customer_2003,51,Male,Houston,2021-04-29,1172.71,6.0,13.0,1172.71,195.45166666666668,2,0,2
2004,Customer_2004,18,Male,Houston,2022-06-04,43.91,1.0,1.0,43.91,43.91,0,1,0
2005,Customer_2005,39,Female,Los Angeles,2023-01-03,1264.34,7.0,16.0,1264.34,180.61999999999998,2,0,2
2006,Customer_2006,35,Female,Los Angeles,2021-03-21,391.55,3.0,6.0,391.55,130.51666666666668,0,1,0
2007,Customer_2007,44,Female,Chicago,2022-02-23,153.82,2.0,4.0,153.82,76.91,0,1,0
2008,Customer_2008,27,Male,New York,2022-08-07,762.23,3.0,9.0,762.23,254.07666666666668,2,1,2
2009,Customer_2009,26,Male,New York,2022-12-13,2013.75,8.0,18.0,2013.7500000000002,251.71875000000003,1,0,1
2010,Customer_2010,28,Male,New York,2021-08-22,1359.28,9.0,22.0,1359.28,151.0311111111111,1,0,1
2011,Customer_2011,29,Female,Los Angeles,2021-09-18,665.1,3.0,5.0,665.1,221.70000000000002,2,1,2
2012,Customer_2012,44,Male,Houston,2023-07-22,954.09,3.0,6.0,954.0899999999999,318.03,2,1,2
2013,Customer_2013,22,Male,Los Angeles,2022-10-19,706.03,6.0,14.0,706.03,117.67166666666667,2,0,2
2014,Customer_2014,28,Female,New York,2023-11-12,873.74,5.0,12.0,873.74,174.748,2,1,2
2015,Customer_2015,18,Female,Chicago,2021-03-19,673.02,3.0,8.0,673.02,224.34,2,1,2
2016,Customer_2016,46,Female,Phoenix,2023-01-12,1737.66,8.0,21.0,1737.66,217.2075,1,0,1
2017,Customer_2017,49,Female,New York,2022-11-03,497.58,3.0,5.0,497.58000000000004,165.86,2,1,2
2018,Customer_2018,31,Male,New York,2023-11-04,2035.22,8.0,20.0,2035.22,254.4025,1,0,1
2019,Customer_2019,32,Female,Los Angeles,2021-01-30,722.65,4.0,9.0,722.65,180.6625,2,1,2
2020,Customer_2020,40,Female,Houston,2022-03-14,311.0,2.0,4.0,311.0,155.5,0,1,0
2021,Customer_2021,51,Male,Chicago,2021-03-04,217.6,2.0,2.0,217.60000000000002,108.80000000000001,0,1,0
2022,Customer_2022,39,Female,Houston,2021-06-06,1374.13,8.0,19.0,1374.13,171.76625,1,0,1
2023,Customer_2023,27,Female,Phoenix,2022-07-23,665.33,4.0,7.0,665.3299999999999,166.33249999999998,2,1,2
2024,Customer_2024,18,Female,Houston,2023-08-01,1041.65,7.0,14.0,1041.65,148.80714285714288,2,0,2
2025,Customer_2025,23,Female,Chicago,2023-02-16,283.33,2.0,2.0,283.33,141.665,0,1,0
2026,Customer_2026,36,Male,Chicago,2021-09-11,1684.68,6.0,15.0,1684.68,280.78000000000003,2,0,2
2027,Customer_2027,28,Female,New York,2023-10-04,692.89,6.0,9.0,692.89,115.48166666666667,2,1,2
2028,Customer_2028,37,Female,Phoenix,2023-05-23,1337.96,9.0,17.0,1337.96,148.66222222222223,1,0,1
2029,Customer_2029,29,Male,Los Angeles,2021-07-18,77.1,1.0,1.0,77.1,77.1,0,1,0
2030,Customer_2030,23,Female,New York,2023-05-31,1533.73,15.0,21.0,1533.73,102.24866666666667,1,0,1
2031,Customer_2031,22,Male,Chicago,2021-01-06,22.06,1.0,1.0,22.06,22.06,0,1,0
2032,Customer_2032,52,Female,Los Angeles,2023-04-01,396.52,3.0,4.0,396.52,132.17333333333332,0,1,0
2033,Customer_2033,45,Female,Chicago,2021-09-05,0.0,0.0,0.0,0.0,0.0,0,1,0
2034,Customer_2034,54,Male,Chicago,2021-01-04,1609.51,10.0,23.0,1609.51,160.951,1,0,1
2035,Customer_2035,41,Male,Los Angeles,2022-05-28,426.18,4.0,7.0,426.18,106.545,0,1,0
2036,Customer_2036,30,Male,Houston,2023-04-18,1115.36,3.0,9.0,1115.3600000000001,371.7866666666667,2,0,2
2037,Customer_2037,50,Female,Los Angeles,2022-05-21,770.04,7.0,11.0,770.04,110.00571428571428,2,1,2
2038,Customer_2038,35,Female,Los Angeles,2021-01-31,63.59,1.0,1.0,63.59,63.59,0,1,0
2039,Customer_2039,37,Male,Chicago,2022-12-10,587.92,1.0,4.0,587.92,587.92,2,1,2
2040,Customer_2040,35,Female,Chicago,2023-06-05,148.14,1.0,1.0,148.14,148.14,0,1,0
2041,Customer_2041,18,Female,Houston,2023-01-18,1015.26,6.0,10.0,1015.26,169.21,2,0,2
2042,Customer_2042,53,Female,Los Angeles,2021-03-20,314.05,2.0,3.0,314.04999999999995,157.02499999999998,0,1,0
2043,Customer_2043,40,Female,Chicago,2021-08-31,148.92,1.0,2.0,148.92,148.92,0,1,0
2044,Customer_2044,39,Male,New York,2022-05-16,1182.77,6.0,13.0,1182.77,197.12833333333333,2,0,2
2045,Customer_2045,34,Female,Phoenix,2021-07-24,256.19,3.0,6.0,256.19,85.39666666666666,0,1,0
2046,Customer_2046,37,Male,Los Angeles,2022-12-24,137.92,1.0,2.0,137.92,137.92,0,1,0
2047,Customer_2047,28,Female,Houston,2021-11-29,1982.44,8.0,17.0,1982.44,247.805,1,0,1
2048,Customer_2048,42,Male,New York,2022-08-26,20.37,1.0,1.0,20.37,20.37,0,1,0
2049,Customer_2049,21,Male,New York,2021-06-15,919.34,7.0,13.0,919.3399999999999,131.3342857142857,2,0,2
2050,Customer_2050,37,Female,Chicago,2021-06-10,0.0,0.0,0.0,0.0,0.0,0,1,0
2051,Customer_2051,41,Male,Phoenix,2021-01-06,195.41,2.0,3.0,195.41,97.705,0,1,0
2052,Customer_2052,33,Male,Chicago,2021-07-24,534.77,5.0,7.0,534.77,106.954,2,1,2
2053,Customer_2053,39,Male,Phoenix,2022-06-16,1735.26,8.0,18.0,1735.2600000000002,216.90750000000003,1,0,1
2054,Customer_2054,24,Male,Chicago,2021-02-14,0.0,0.0,0.0,0.0,0.0,0,1,0
2055,Customer_2055,24,Male,Chicago,2022-04-02,0.0,0.0,0.0,0.0,0.0,0,1,0
2056,Customer_2056,38,Male,New York,2021-08-15,90.4,1.0,4.0,90.4,90.4,0,1,0
2057,Customer_2057,42,Female,Houston,2021-02-21,269.22,4.0,8.0,269.21999999999997,67.30499999999999,0,1,0
2058,Customer_2058,18,Female,New York,2022-04-16,816.55,4.0,9.0,816.55,204.1375,2,1,2
2059,Customer_2059,41,Female,Phoenix,2023-06-16,470.36,4.0,6.0,470.36,117.59,0,1,0
2060,Customer_2060,29,Female,Phoenix,2022-09-06,1060.69,7.0,14.0,1060.69,151.52714285714288,2,0,2
2061,Customer_2061,33,Female,Phoenix,2022-05-27,0.0,0.0,0.0,0.0,0.0,0,1,0
2062,Customer_2062,20,Female,Chicago,2023-02-25,381.12,3.0,5.0,381.12,127.04,0,1,0
2063,Customer_2063,26,Male,Houston,2022-02-19,167.43,2.0,4.0,167.43,83.715,0,1,0
2064,Customer_2064,46,Female,Houston,2022-09-06,2735.83,10.0,30.0,2735.83,273.58299999999997,1,0,1
2065,Customer_2065,35,Female,New York,2022-06-04,798.26,4.0,9.0,798.26,199.565,2,1,2
2066,Customer_2066,31,Male,Chicago,2022-11-05,56.99,1.0,1.0,56.99,56.99,0,1,0
2067,Customer_2067,34,Female,New York,2021-12-11,305.54,2.0,7.0,305.53999999999996,152.76999999999998,0,1,0
2068,Customer_2068,40,Male,Chicago,2023-11-17,85.23,1.0,1.0,85.23,85.23,0,1,0
2069,Customer_2069,40,Female,New York,2023-02-14,812.89,3.0,9.0,812.89,270.9633333333333,2,1,2
2070,Customer_2070,34,Male,New York,2022-08-08,128.34,2.0,2.0,128.34,64.17,0,1,0
2071,Customer_2071,47,Male,Los Angeles,2023-05-30,761.19,4.0,8.0,761.19,190.2975,2,1,2
2072,Customer_2072,46,Female,Los Angeles,2023-06-17,222.42,2.0,3.0,222.42000000000002,111.21000000000001,0,1,0
2073,Customer_2073,40,Female,Chicago,2023-04-28,166.18,2.0,2.0,166.18,83.09,0,1,0
2074,Customer_2074,36,Male,New York,2022-12-26,431.55,2.0,3.0,431.55,215.775,2,1,2
2075,Customer_2075,42,Male,Chicago,2022-10-19,403.96,2.0,5.0,403.96000000000004,201.98000000000002,2,1,2
2076,Customer_2076,38,Male,New York,2022-09-03,938.71,5.0,13.0,938.7099999999999,187.742,2,0,2
2077,Customer_2077,47,Male,Chicago,2023-10-21,1668.71,7.0,21.0,1668.71,238.38714285714286,1,0,1
2078,Customer_2078,45,Female,Chicago,2023-08-05,1308.7,5.0,9.0,1308.7,261.74,2,0,2
2079,Customer_2079,24,Female,Chicago,2021-06-29,526.6,3.0,4.0,526.6,175.53333333333333,2,1,2
2080,Customer_2080,23,Female,Houston,2022-10-09,316.71,1.0,3.0,316.71,316.71,2,1,2
2081,Customer_2081,27,Male,Los Angeles,2022-03-14,1009.8,9.0,14.0,1009.8,112.19999999999999,2,0,2
2082,Customer_2082,46,Male,Houston,2022-01-30,532.58,6.0,9.0,532.5799999999999,88.76333333333332,2,1,2
2083,Customer_2083,18,Female,Los Angeles,2022-08-17,60.66,1.0,3.0,60.66,60.66,0,1,0
2084,Customer_2084,39,Female,Chicago,2021-02-26,815.44,5.0,13.0,815.4399999999999,163.088,2,1,2
2085,Customer_2085,39,Female,Chicago,2021-11-22,1029.97,9.0,14.0,1029.97,114.44111111111111,2,0,2
2086,Customer_2086,48,Female,New York,2021-11-18,352.04,2.0,4.0,352.03999999999996,176.01999999999998,0,1,0
2087,Customer_2087,37,Male,Chicago,2021-07-02,1230.24,7.0,15.0,1230.24,175.74857142857144,2,0,2
2088,Customer_2088,20,Male,Chicago,2021-08-23,1752.26,8.0,16.0,1752.2599999999998,219.03249999999997,1,0,1
2089,Customer_2089,24,Male,Los Angeles,2022-09-11,595.64,1.0,4.0,595.64,595.64,2,1,2
2090,Customer_2090,22,Female,New York,2021-09-23,0.0,0.0,0.0,0.0,0.0,0,1,0
2091,Customer_2091,29,Female,New York,2023-10-06,50.16,1.0,2.0,50.16,50.16,0,1,0
2092,Customer_2092,33,Male,Phoenix,2023-04-22,72.28,1.0,1.0,72.28,72.28,0,1,0
2093,Customer_2093,22,Male,Houston,2021-11-25,2372.51,13.0,26.0,2372.51,182.50076923076924,1,0,1
2094,Customer_2094,51,Male,New York,2022-11-14,986.69,2.0,7.0,986.69,493.345,2,1,2
2095,Customer_2095,20,Male,Los Angeles,2021-01-24,45.63,1.0,1.0,45.63,45.63,0,1,0
2096,Customer_2096,50,Female,Chicago,2021-07-15,952.85,5.0,12.0,952.8500000000001,190.57000000000002,2,0,2
2097,Customer_2097,48,Male,Houston,2022-09-03,2954.02,13.0,30.0,2954.02,227.2323076923077,1,0,1
2098,Customer_2098,45,Female,New York,2022-09-05,983.56,5.0,12.0,983.56,196.712,2,0,2
2099,Customer_2099,27,Female,New York,2022-09-24,1430.42,9.0,16.0,1430.42,158.93555555555557,1,0,1
2100,Customer_2100,39,Female,Phoenix,2021-11-17,0.0,0.0,0.0,0.0,0.0,0,1,0
2101,Customer_2101,21,Female,New York,2021-07-22,119.94,1.0,3.0,119.94,119.94,0,1,0
2102,Customer_2102,45,Male,New York,2021-06-26,251.83,2.0,6.0,251.83,125.915,0,1,0
2103,Customer_2103,34,Female,Phoenix,2022-09-19,126.5,2.0,2.0,126.5,63.25,0,1,0
2104,Customer_2104,30,Female,Chicago,2021-02-01,2504.65,11.0,28.0,2504.65,227.69545454545457,1,0,1
2105,Customer_2105,22,Male,Los Angeles,2023-08-04,885.04,5.0,11.0,885.04,177.00799999999998,2,1,2
2106,Customer_2106,18,Female,New York,2022-12-28,819.25,3.0,8.0,819.25,273.0833333333333,2,1,2
2107,Customer_2107,24,Female,New York,2023-08-12,439.86,6.0,11.0,439.86,73.31,2,1,2
2108,Customer_2108,47,Male,New York,2023-03-31,522.09,4.0,6.0,522.09,130.5225,2,1,2
2109,Customer_2109,31,Female,Phoenix,2023-03-02,226.41,3.0,3.0,226.41,75.47,0,1,0
2110,Customer_2110,33,Female,Los Angeles,2021-08-31,0.0,0.0,0.0,0.0,0.0,0,1,0
2111,Customer_2111,42,Female,Houston,2021-03-11,103.44,1.0,1.0,103.44,103.44,0,1,0
2112,Customer_2112,55,Female,Phoenix,2023-10-12,705.38,2.0,4.0,705.38,352.69,2,1,2
2113,Customer_2113,50,Male,Los Angeles,2023-12-31,1054.68,5.0,11.0,1054.68,210.936,2,0,2
2114,Customer_2114,24,Male,New York,2021-06-07,1256.78,7.0,13.0,1256.78,179.54,2,0,2
2115,Customer_2115,18,Male,Chicago,2022-07-03,1138.34,8.0,14.0,1138.34,142.2925,2,0,2
2116,Customer_2116,61,Male,Phoenix,2021-11-22,94.49,1.0,1.0,94.49,94.49,0,1,0
2117,Customer_2117,60,Male,Houston,2023-11-25,2163.2,11.0,25.0,2163.2,196.65454545454543,1,0,1
2118,Customer_2118,37,Female,New York,2022-04-05,1333.33,6.0,15.0,1333.33,222.22166666666666,2,0,2
2119,Customer_2119,21,Male,Houston,2022-02-20,850.37,6.0,10.0,850.37,141.72833333333332,2,1,2
2120,Customer_2120,46,Male,Chicago,2022-07-25,842.29,6.0,11.0,842.2900000000001,140.3816666666667,2,1,2
2121,Customer_2121,34,Male,Phoenix,2023-06-05,601.28,4.0,7.0,601.28,150.32,2,1,2
2122,Customer_2122,34,Male,New York,2022-05-26,1025.73,7.0,19.0,1025.73,146.53285714285715,2,0,2
2123,Customer_2123,45,Female,Chicago,2022-01-03,342.16,4.0,6.0,342.15999999999997,85.53999999999999,0,1,0
2124,Customer_2124,39,Female,Phoenix,2023-07-01,902.87,5.0,10.0,902.8699999999999,180.57399999999998,2,1,2
2125,Customer_2125,22,Female,Los Angeles,2023-06-02,0.0,0.0,0.0,0.0,0.0,0,1,0
2126,Customer_2126,31,Female,Chicago,2021-07-26,38.46,1.0,1.0,38.46,38.46,0,1,0
2127,Customer_2127,42,Male,New York,2022-08-01,7.72,1.0,1.0,7.72,7.72,0,1,0
2128,Customer_2128,41,Male,Los Angeles,2022-10-31,152.9,1.0,1.0,152.9,152.9,0,1,0
2129,Customer_2129,38,Female,Los Angeles,2021-04-16,791.71,2.0,5.0,791.71,395.855,2,1,2
2130,Customer_2130,45,Female,Phoenix,2022-10-28,192.92,2.0,6.0,192.92000000000002,96.46000000000001,0,1,0
2131,Customer_2131,31,Female,Los Angeles,2023-11-08,0.0,0.0,0.0,0.0,0.0,0,1,0
2132,Customer_2132,37,Female,Los Angeles,2021-09-17,1251.33,6.0,12.0,1251.33,208.55499999999998,2,0,2
2133,Customer_2133,18,Female,Houston,2021-11-09,3350.32,20.0,34.0,3350.3199999999997,167.516,1,0,1
2134,Customer_2134,30,Female,New York,2022-09-23,688.61,3.0,10.0,688.61,229.53666666666666,2,1,2
2135,Customer_2135,43,Male,Chicago,2022-06-21,234.55,2.0,4.0,234.55,117.275,0,1,0
2136,Customer_2136,31,Female,Houston,2022-11-05,223.05,2.0,3.0,223.04999999999998,111.52499999999999,0,1,0
2137,Customer_2137,30,Female,Phoenix,2021-12-16,421.92,3.0,5.0,421.92,140.64000000000001,0,1,0
2138,Customer_2138,24,Male,Chicago,2021-08-03,597.98,6.0,10.0,597.98,99.66333333333334,2,1,2
2139,Customer_2139,46,Female,Chicago,2021-11-24,590.55,4.0,7.0,590.55,147.6375,2,1,2
2140,Customer_2140,41,Male,New York,2023-04-27,824.77,5.0,11.0,824.77,164.954,2,1,2
2141,Customer_2141,44,Male,Phoenix,2021-04-08,395.04,3.0,4.0,395.03999999999996,131.67999999999998,0,1,0
2142,Customer_2142,18,Female,New York,2022-10-21,257.21,2.0,5.0,257.21000000000004,128.60500000000002,0,1,0
2143,Customer_2143,33,Female,Houston,2021-10-27,1056.87,7.0,14.0,1056.87,150.98142857142855,2,0,2
2144,Customer_2144,32,Female,Los Angeles,2021-01-30,0.0,0.0,0.0,0.0,0.0,0,1,0
2145,Customer_2145,32,Female,Phoenix,2021-06-21,504.22,4.0,4.0,504.22,126.055,0,1,0
2146,Customer_2146,28,Female,Houston,2023-10-15,37.08,1.0,1.0,37.08,37.08,0,1,0
2147,Customer_2147,31,Male,Houston,2023-07-12,430.98,6.0,11.0,430.98,71.83,2,1,2
2148,Customer_2148,44,Female,New York,2021-03-25,451.79,4.0,6.0,451.79,112.9475,0,1,0
2149,Customer_2149,18,Female,Los Angeles,2023-09-12,434.25,1.0,3.0,434.25,434.25,2,1,2
2150,Customer_2150,55,Female,Chicago,2022-10-01,605.6,6.0,7.0,605.6,100.93333333333334,2,1,2
2151,Customer_2151,40,Male,Houston,2021-03-26,82.26,1.0,2.0,82.26,82.26,0,1,0
2152,Customer_2152,35,Female,New York,2022-10-26,0.0,0.0,0.0,0.0,0.0,0,1,0
2153,Customer_2153,45,Female,Phoenix,2022-06-03,180.24,1.0,2.0,180.24,180.24,0,1,0
2154,Customer_2154,19,Female,Phoenix,2021-07-03,1375.97,7.0,13.0,1375.97,196.56714285714287,2,0,2
2155,Customer_2155,28,Male,Los Angeles,2023-08-31,120.2,2.0,2.0,120.19999999999999,60.099999999999994,0,1,0
2156,Customer_2156,34,Female,Houston,2021-12-07,768.58,11.0,20.0,768.58,69.8709090909091,1,0,1
2157,Customer_2157,50,Male,Chicago,2021-08-15,298.01,3.0,5.0,298.01,99.33666666666666,0,1,0
2158,Customer_2158,34,Male,Los Angeles,2023-04-17,152.22,1.0,2.0,152.22,152.22,0,1,0
2159,Customer_2159,40,Female,Los Angeles,2021-09-21,687.08,3.0,8.0,687.0799999999999,229.02666666666664,2,1,2
2160,Customer_2160,29,Male,Chicago,2022-03-26,342.95,4.0,7.0,342.95000000000005,85.73750000000001,0,1,0
2161,Customer_2161,40,Female,Houston,2021-06-19,818.33,5.0,12.0,818.33,163.666,2,1,2
2162,Customer_2162,53,Male,Los Angeles,2022-07-20,1612.34,8.0,16.0,1612.34,201.5425,1,0,1
2163,Customer_2163,46,Male,Chicago,2021-05-12,1133.54,12.0,18.0,1133.54,94.46166666666666,1,0,1
2164,Customer_2164,34,Male,Houston,2023-04-07,1273.97,7.0,16.0,1273.97,181.99571428571429,2,0,2
2165,Customer_2165,42,Female,Houston,2022-08-29,252.18,2.0,2.0,252.18,126.09,0,1,0
2166,Customer_2166,41,Male,New York,2023-12-06,1499.44,9.0,15.0,1499.44,166.60444444444445,1,0,1
2167,Customer_2167,41,Female,Phoenix,2021-12-16,213.01,2.0,2.0,213.01,106.505,0,1,0
2168,Customer_2168,47,Female,Los Angeles,2021-04-09,858.91,5.0,11.0,858.9100000000001,171.782,2,1,2
2169,Customer_2169,47,Female,Los Angeles,2023-11-27,480.06,5.0,5.0,480.06000000000006,96.01200000000001,0,1,0
2170,Customer_2170,34,Male,New York,2023-10-06,1069.72,7.0,13.0,1069.72,152.81714285714287,2,0,2
2171,Customer_2171,42,Male,Chicago,2021-03-16,0.0,0.0,0.0,0.0,0.0,0,1,0
2172,Customer_2172,31,Female,Phoenix,2021-02-27,0.0,0.0,0.0,0.0,0.0,0,1,0
2173,Customer_2173,25,Female,Los Angeles,2023-11-09,1613.0,4.0,13.0,1613.0,403.25,2,0,2
2174,Customer_2174,32,Female,Houston,2022-02-06,390.66,3.0,3.0,390.66,130.22,0,1,0
2175,Customer_2175,34,Male,New York,2021-07-07,79.23,1.0,1.0,79.23,79.23,0,1,0
2176,Customer_2176,18,Female,Chicago,2021-05-19,0.0,0.0,0.0,0.0,0.0,0,1,0
2177,Customer_2177,44,Male,Phoenix,2021-05-23,157.86,2.0,2.0,157.86,78.93,0,1,0
2178,Customer_2178,18,Female,Houston,2021-04-18,2331.14,15.0,31.0,2331.14,155.40933333333334,1,0,1
2179,Customer_2179,65,Male,New York,2021-08-09,280.15,5.0,6.0,280.15,56.029999999999994,0,1,0
2180,Customer_2180,52,Female,Chicago,2021-05-25,516.96,4.0,7.0,516.96,129.24,2,1,2
2181,Customer_2181,32,Female,New York,2023-05-08,1222.79,5.0,13.0,1222.79,244.558,2,0,2
2182,Customer_2182,35,Female,Los Angeles,2022-05-25,1468.39,10.0,19.0,1468.39,146.839,1,0,1
2183,Customer_2183,38,Male,Houston,2022-01-11,409.04,5.0,5.0,409.04,81.808,0,1,0
2184,Customer_2184,29,Male,Houston,2021-01-05,1859.14,6.0,16.0,1859.14,309.8566666666667,1,0,1
2185,Customer_2185,37,Female,New York,2022-01-23,421.94,5.0,9.0,421.94,84.388,0,1,0
2186,Customer_2186,33,Male,Phoenix,2022-07-22,1764.31,9.0,19.0,1764.31,196.03444444444443,1,0,1
2187,Customer_2187,34,Male,Chicago,2023-09-11,254.19,2.0,4.0,254.19,127.095,0,1,0
2188,Customer_2188,37,Male,Los Angeles,2022-07-14,345.45,1.0,3.0,345.45000000000005,345.45000000000005,2,1,2
2189,Customer_2189,21,Male,Chicago,2021-12-31,209.43,3.0,3.0,209.43,69.81,0,1,0
2190,Customer_2190,35,Female,Chicago,2022-02-21,333.96,1.0,2.0,333.96,333.96,2,1,2
2191,Customer_2191,37,Female,Chicago,2021-01-21,378.82,4.0,6.0,378.82,94.705,0,1,0
2192,Customer_2192,36,Male,Chicago,2022-09-06,254.18,1.0,2.0,254.18,254.18,2,1,2
2193,Customer_2193,33,Male,Chicago,2022-06-01,1695.03,6.0,18.0,1695.03,282.505,1,0,1
2194,Customer_2194,48,Male,New York,2022-10-23,314.33,4.0,7.0,314.33000000000004,78.58250000000001,0,1,0
2195,Customer_2195,31,Female,Houston,2021-11-26,23.83,1.0,1.0,23.83,23.83,0,1,0
2196,Customer_2196,38,Female,Chicago,2022-01-13,410.0,1.0,5.0,410.0,410.0,2,1,2
2197,Customer_2197,49,Male,New York,2021-06-09,1128.07,5.0,9.0,1128.07,225.61399999999998,2,0,2
2198,Customer_2198,34,Male,Houston,2022-10-20,0.0,0.0,0.0,0.0,0.0,0,1,0
2199,Customer_2199,37,Male,Phoenix,2021-12-20,1463.94,8.0,17.0,1463.94,182.9925,1,0,1
2200,Customer_2200,34,Male,Phoenix,2021-03-20,319.38,1.0,3.0,319.38,319.38,2,1,2
2201,Customer_2201,49,Male,Los Angeles,2021-06-01,309.51,2.0,3.0,309.51,154.755,0,1,0
2202,Customer_2202,32,Female,New York,2022-06-01,377.92,2.0,7.0,377.91999999999996,188.95999999999998,2,1,2
2203,Customer_2203,49,Female,Chicago,2022-01-18,136.33,2.0,2.0,136.32999999999998,68.16499999999999,0,1,0
2204,Customer_2204,34,Male,New York,2022-11-24,336.69,2.0,3.0,336.69,168.345,0,1,0
2205,Customer_2205,26,Male,Phoenix,2021-12-18,0.0,0.0,0.0,0.0,0.0,0,1,0
2206,Customer_2206,42,Female,New York,2023-08-09,264.64,3.0,3.0,264.64,88.21333333333332,0,1,0
2207,Customer_2207,32,Female,Los Angeles,2021-05-13,482.83,3.0,6.0,482.83,160.94333333333333,2,1,2
2208,Customer_2208,42,Male,Los Angeles,2022-09-26,433.26,3.0,5.0,433.26,144.42,0,1,0
2209,Customer_2209,18,Female,Los Angeles,2021-06-18,1108.83,3.0,11.0,1108.83,369.60999999999996,2,0,2
2210,Customer_2210,35,Female,Houston,2023-05-16,0.0,0.0,0.0,0.0,0.0,0,1,0
2211,Customer_2211,30,Male,Los Angeles,2022-01-26,123.13,2.0,2.0,123.13000000000001,61.565000000000005,0,1,0
2212,Customer_2212,23,Male,New York,2023-03-31,584.18,3.0,4.0,584.1800000000001,194.7266666666667,2,1,2
2213,Customer_2213,29,Male,Los Angeles,2021-04-08,1957.26,11.0,18.0,1957.26,177.93272727272728,1,0,1
2214,Customer_2214,29,Female,Chicago,2023-09-19,980.15,7.0,13.0,980.15,140.02142857142857,2,0,2
2215,Customer_2215,34,Male,New York,2023-02-19,404.16,3.0,5.0,404.15999999999997,134.72,0,1,0
2216,Customer_2216,20,Female,Chicago,2021-12-06,765.86,4.0,11.0,765.86,191.465,2,1,2
2217,Customer_2217,38,Female,Chicago,2021-05-12,784.75,3.0,7.0,784.75,261.5833333333333,2,1,2
2218,Customer_2218,50,Male,Houston,2021-07-29,153.29,1.0,1.0,153.29,153.29,0,1,0
2219,Customer_2219,38,Male,Phoenix,2023-10-26,1967.97,9.0,17.0,1967.97,218.66333333333333,1,0,1
2220,Customer_2220,44,Male,Phoenix,2022-01-12,0.0,0.0,0.0,0.0,0.0,0,1,0
2221,Customer_2221,47,Male,Phoenix,2022-10-02,552.02,4.0,8.0,552.02,138.005,2,1,2
2222,Customer_2222,49,Male,New York,2023-12-14,280.54,3.0,5.0,280.53999999999996,93.51333333333332,0,1,0
2223,Customer_2223,56,Female,New York,2022-03-17,318.47,2.0,3.0,318.47,159.235,0,1,0
2224,Customer_2224,30,Female,Los Angeles,2021-08-29,189.6,1.0,1.0,189.6,189.6,0,1,0
2225,Customer_2225,27,Female,Phoenix,2022-05-16,3972.34,19.0,39.0,3972.34,209.0705263157895,1,0,1
2226,Customer_2226,44,Female,Phoenix,2021-01-23,1991.19,12.0,26.0,1991.19,165.9325,1,0,1
2227,Customer_2227,43,Male,Phoenix,2022-09-24,334.56,2.0,4.0,334.56,167.28,0,1,0
2228,Customer_2228,44,Female,New York,2023-10-14,243.47,4.0,6.0,243.47000000000003,60.86750000000001,0,1,0
2229,Customer_2229,56,Male,Phoenix,2021-06-24,585.41,4.0,7.0,585.41,146.3525,2,1,2
2230,Customer_2230,35,Male,Los Angeles,2021-07-17,289.55,3.0,4.0,289.55,96.51666666666667,0,1,0
2231,Customer_2231,40,Male,New York,2021-04-09,1204.99,4.0,8.0,1204.99,301.2475,2,0,2
2232,Customer_2232,24,Female,Los Angeles,2023-01-15,1428.34,9.0,16.0,1428.34,158.70444444444445,1,0,1
2233,Customer_2233,58,Male,New York,2022-03-29,0.0,0.0,0.0,0.0,0.0,0,1,0
2234,Customer_2234,31,Female,Chicago,2023-09-01,0.0,0.0,0.0,0.0,0.0,0,1,0
2235,Customer_2235,32,Female,Los Angeles,2022-05-14,410.73,6.0,10.0,410.73,68.455,2,1,2
2236,Customer_2236,31,Male,Chicago,2021-05-21,0.0,0.0,0.0,0.0,0.0,0,1,0
2237,Customer_2237,28,Female,Chicago,2023-02-12,0.0,0.0,0.0,0.0,0.0,0,1,0
2238,Customer_2238,27,Female,Phoenix,2021-06-24,1155.0,6.0,11.0,1155.0,192.5,2,0,2
2239,Customer_2239,29,Male,Chicago,2022-02-24,528.44,4.0,5.0,528.4399999999999,132.10999999999999,2,1,2
2240,Customer_2240,20,Female,Los Angeles,2022-11-07,773.48,4.0,7.0,773.48,193.37,2,1,2
2241,Customer_2241,26,Male,Houston,2022-06-16,1141.78,6.0,16.0,1141.78,190.29666666666665,2,0,2
2242,Customer_2242,56,Male,Phoenix,2023-07-07,1453.75,8.0,13.0,1453.75,181.71875,2,0,2
2243,Customer_2243,43,Male,New York,2021-12-27,2088.35,12.0,25.0,2088.35,174.02916666666667,1,0,1
2244,Customer_2244,45,Female,Chicago,2022-03-22,333.23,2.0,7.0,333.23,166.615,2,1,2
2245,Customer_2245,48,Female,Los Angeles,2022-07-10,0.0,0.0,0.0,0.0,0.0,0,1,0
2246,Customer_2246,55,Male,New York,2022-12-09,1653.48,14.0,21.0,1653.48,118.10571428571428,1,0,1
2247,Customer_2247,18,Female,Chicago,2022-07-15,550.48,3.0,8.0,550.48,183.49333333333334,2,1,2
2248,Customer_2248,21,Male,Phoenix,2023-09-24,0.0,0.0,0.0,0.0,0.0,0,1,0
2249,Customer_2249,26,Male,New York,2021-02-28,1225.29,9.0,17.0,1225.29,136.14333333333332,1,0,1
2250,Customer_2250,30,Male,Houston,2023-06-04,660.68,8.0,13.0,660.6800000000001,82.58500000000001,2,0,2
2251,Customer_2251,32,Female,Phoenix,2023-08-25,691.13,4.0,8.0,691.13,172.7825,2,1,2
2252,Customer_2252,30,Female,Phoenix,2023-08-03,0.0,0.0,0.0,0.0,0.0,0,1,0
2253,Customer_2253,37,Male,Los Angeles,2021-09-20,90.39,1.0,1.0,90.39,90.39,0,1,0
2254,Customer_2254,35,Female,Phoenix,2021-07-15,870.02,7.0,15.0,870.02,124.28857142857143,2,0,2
2255,Customer_2255,27,Female,Los Angeles,2021-12-20,254.82,2.0,2.0,254.82,127.41,0,1,0
2256,Customer_2256,18,Male,Chicago,2023-06-05,952.15,7.0,12.0,952.15,136.02142857142857,2,0,2
2257,Customer_2257,24,Male,New York,2023-07-30,287.76,2.0,2.0,287.76,143.88,0,1,0
2258,Customer_2258,29,Male,New York,2023-07-04,867.78,6.0,12.0,867.78,144.63,2,0,2
2259,Customer_2259,32,Male,Houston,2021-02-16,139.36,1.0,4.0,139.36,139.36,0,1,0
2260,Customer_2260,23,Female,Los Angeles,2023-01-23,342.52,1.0,2.0,342.52,342.52,2,1,2
2261,Customer_2261,30,Male,Los Angeles,2021-08-18,1911.03,14.0,26.0,1911.03,136.50214285714284,1,0,1
2262,Customer_2262,23,Male,New York,2023-01-27,769.27,8.0,13.0,769.27,96.15875,2,0,2
2263,Customer_2263,34,Female,Chicago,2021-11-12,585.04,3.0,9.0,585.04,195.01333333333332,2,1,2
2264,Customer_2264,23,Female,New York,2023-02-01,2087.98,10.0,22.0,2087.98,208.798,1,0,1
2265,Customer_2265,26,Male,Houston,2021-03-03,0.0,0.0,0.0,0.0,0.0,0,1,0
2266,Customer_2266,21,Male,New York,2021-08-26,0.0,0.0,0.0,0.0,0.0,0,1,0
2267,Customer_2267,33,Male,New York,2021-03-19,0.0,0.0,0.0,0.0,0.0,0,1,0
2268,Customer_2268,25,Male,Los Angeles,2023-01-04,0.0,0.0,0.0,0.0,0.0,0,1,0
2269,Customer_2269,45,Female,Chicago,2022-07-13,409.86,4.0,5.0,409.86,102.465,0,1,0
2270,Customer_2270,39,Female,Los Angeles,2023-08-02,820.79,6.0,9.0,820.7900000000001,136.79833333333335,2,1,2
2271,Customer_2271,34,Male,Los Angeles,2022-10-12,0.0,0.0,0.0,0.0,0.0,0,1,0
2272,Customer_2272,26,Male,Phoenix,2023-11-14,3077.33,14.0,27.0,3077.33,219.80928571428572,1,0,1
2273,Customer_2273,39,Male,Chicago,2023-11-19,381.93,2.0,5.0,381.92999999999995,190.96499999999997,2,1,2
2274,Customer_2274,43,Male,New York,2021-12-17,51.5,1.0,1.0,51.5,51.5,0,1,0
2275,Customer_2275,37,Female,Los Angeles,2023-07-02,61.53,1.0,1.0,61.53,61.53,0,1,0
2276,Customer_2276,53,Female,Phoenix,2021-12-16,792.85,3.0,8.0,792.8499999999999,264.2833333333333,2,1,2
2277,Customer_2277,40,Male,Los Angeles,2022-04-21,1311.27,5.0,15.0,1311.27,262.254,2,0,2
2278,Customer_2278,45,Male,New York,2021-10-19,1447.86,3.0,11.0,1447.8600000000001,482.62000000000006,2,0,2
2279,Customer_2279,36,Male,Houston,2023-06-07,33.74,1.0,1.0,33.74,33.74,0,1,0
2280,Customer_2280,42,Male,Chicago,2022-04-13,1032.79,4.0,11.0,1032.79,258.1975,2,0,2
2281,Customer_2281,26,Male,Chicago,2021-11-02,724.36,5.0,11.0,724.36,144.872,2,1,2
2282,Customer_2282,30,Female,New York,2022-04-23,1374.96,5.0,14.0,1374.96,274.992,2,0,2
2283,Customer_2283,39,Female,New York,2022-03-25,0.0,0.0,0.0,0.0,0.0,0,1,0
2284,Customer_2284,39,Female,Chicago,2021-08-18,0.0,0.0,0.0,0.0,0.0,0,1,0
2285,Customer_2285,41,Male,New York,2023-12-01,1081.65,7.0,14.0,1081.65,154.52142857142857,2,0,2
2286,Customer_2286,47,Female,Chicago,2023-03-04,429.01,2.0,3.0,429.01,214.505,2,1,2
2287,Customer_2287,19,Female,Chicago,2022-11-05,550.84,2.0,6.0,550.8399999999999,275.41999999999996,2,1,2
2288,Customer_2288,24,Male,Los Angeles,2023-04-04,1094.19,9.0,17.0,1094.19,121.57666666666667,1,0,1
2289,Customer_2289,38,Female,Phoenix,2023-04-16,164.47,2.0,3.0,164.47,82.235,0,1,0
2290,Customer_2290,27,Male,Houston,2023-11-11,0.0,0.0,0.0,0.0,0.0,0,1,0
2291,Customer_2291,70,Female,Houston,2021-12-13,370.49,3.0,6.0,370.49,123.49666666666667,0,1,0
2292,Customer_2292,41,Female,New York,2021-01-10,380.56,4.0,8.0,380.55999999999995,95.13999999999999,0,1,0
2293,Customer_2293,34,Male,New York,2021-03-28,360.72,1.0,3.0,360.71999999999997,360.71999999999997,2,1,2
2294,Customer_2294,29,Female,Chicago,2022-06-29,1929.18,11.0,21.0,1929.18,175.38,1,0,1
2295,Customer_2295,30,Female,New York,2023-05-23,149.86,4.0,5.0,149.86,37.465,0,1,0
2296,Customer_2296,35,Male,Phoenix,2022-12-16,980.48,7.0,12.0,980.48,140.06857142857143,2,0,2
2297,Customer_2297,36,Male,New York,2021-01-04,682.08,1.0,4.0,682.08,682.08,2,1,2
2298,Customer_2298,30,Female,Chicago,2023-11-13,731.6,9.0,11.0,731.6,81.28888888888889,2,0,2
2299,Customer_2299,32,Male,Los Angeles,2023-06-20,688.25,4.0,8.0,688.25,172.0625,2,1,2
2300,Customer_2300,50,Female,Chicago,2021-09-30,933.12,7.0,11.0,933.12,133.30285714285714,2,0,2
2301,Customer_2301,50,Female,New York,2023-05-31,905.61,8.0,15.0,905.61,113.20125,2,0,2
2302,Customer_2302,38,Male,Los Angeles,2023-07-25,745.98,5.0,7.0,745.98,149.196,2,1,2
2303,Customer_2303,20,Male,Los Angeles,2021-01-02,887.26,5.0,11.0,887.26,177.452,2,1,2
2304,Customer_2304,41,Male,Phoenix,2021-05-29,137.84,2.0,4.0,137.83999999999997,68.91999999999999,0,1,0
2305,Customer_2305,52,Male,New York,2023-08-06,107.74,1.0,2.0,107.74,107.74,0,1,0
2306,Customer_2306,50,Male,Phoenix,2021-06-01,0.0,0.0,0.0,0.0,0.0,0,1,0
2307,Customer_2307,43,Female,Houston,2021-11-02,62.8,1.0,2.0,62.8,62.8,0,1,0
2308,Customer_2308,51,Female,Los Angeles,2023-06-01,135.06,1.0,3.0,135.06,135.06,0,1,0
2309,Customer_2309,36,Male,Houston,2022-04-20,0.0,0.0,0.0,0.0,0.0,0,1,0
2310,Customer_2310,42,Female,New York,2023-03-18,82.08,1.0,4.0,82.08,82.08,0,1,0
2311,Customer_2311,28,Female,Phoenix,2023-12-31,1587.11,9.0,19.0,1587.11,176.34555555555553,1,0,1
2312,Customer_2312,38,Female,Chicago,2021-02-02,0.0,0.0,0.0,0.0,0.0,0,1,0
2313,Customer_2313,50,Female,Los Angeles,2023-02-17,2861.23,11.0,27.0,2861.23,260.1118181818182,1,0,1
2314,Customer_2314,29,Male,Los Angeles,2023-03-06,513.29,3.0,8.0,513.29,171.09666666666666,2,1,2
2315,Customer_2315,26,Male,New York,2022-01-02,56.2,1.0,2.0,56.2,56.2,0,1,0
2316,Customer_2316,36,Male,Phoenix,2021-09-19,608.19,5.0,9.0,608.1899999999999,121.63799999999999,2,1,2
2317,Customer_2317,33,Female,New York,2022-10-08,0.0,0.0,0.0,0.0,0.0,0,1,0
2318,Customer_2318,42,Female,Chicago,2022-06-22,592.77,5.0,7.0,592.77,118.554,2,1,2
2319,Customer_2319,30,Female,Los Angeles,2023-12-03,583.15,5.0,7.0,583.15,116.63,2,1,2
2320,Customer_2320,54,Female,Phoenix,2021-01-16,1735.57,8.0,17.0,1735.57,216.94625,1,0,1
2321,Customer_2321,21,Male,New York,2021-04-15,847.56,3.0,7.0,847.56,282.52,2,1,2
2322,Customer_2322,49,Male,Chicago,2023-03-02,913.14,7.0,16.0,913.1400000000001,130.44857142857146,2,0,2
2323,Customer_2323,27,Male,Chicago,2022-12-21,22.4,1.0,1.0,22.4,22.4,0,1,0
2324,Customer_2324,18,Female,Houston,2023-12-19,405.69,4.0,4.0,405.69,101.4225,0,1,0
2325,Customer_2325,38,Male,New York,2023-10-06,673.14,2.0,5.0,673.14,336.57,2,1,2
2326,Customer_2326,32,Male,New York,2021-02-17,109.19,2.0,4.0,109.19,54.595,0,1,0
2327,Customer_2327,23,Male,New York,2022-10-22,1449.33,9.0,18.0,1449.33,161.03666666666666,1,0,1
2328,Customer_2328,18,Male,Houston,2023-03-12,1919.83,14.0,25.0,1919.83,137.13071428571428,1,0,1
2329,Customer_2329,35,Female,New York,2021-04-24,576.32,6.0,9.0,576.3199999999999,96.05333333333333,2,1,2
2330,Customer_2330,46,Female,Chicago,2021-10-23,2835.02,19.0,40.0,2835.02,149.21157894736842,1,0,1
2331,Customer_2331,41,Female,New York,2022-03-14,879.03,3.0,6.0,879.03,293.01,2,1,2
2332,Customer_2332,36,Male,Phoenix,2021-09-23,0.0,0.0,0.0,0.0,0.0,0,1,0
2333,Customer_2333,40,Female,Phoenix,2021-06-11,230.02,3.0,7.0,230.01999999999998,76.67333333333333,0,1,0
2334,Customer_2334,35,Female,Chicago,2022-05-19,0.0,0.0,0.0,0.0,0.0,0,1,0
2335,Customer_2335,19,Female,Los Angeles,2023-11-26,1214.38,5.0,10.0,1214.38,242.87600000000003,2,0,2
2336,Customer_2336,19,Female,New York,2022-08-10,139.24,1.0,1.0,139.24,139.24,0,1,0
2337,Customer_2337,33,Male,New York,2022-04-03,53.04,1.0,1.0,53.04,53.04,0,1,0
2338,Customer_2338,33,Male,Los Angeles,2023-10-03,3294.88,15.0,37.0,3294.88,219.65866666666668,1,0,1
2339,Customer_2339,44,Female,Chicago,2021-09-29,356.8,2.0,4.0,356.79999999999995,178.39999999999998,0,1,0
2340,Customer_2340,43,Female,Chicago,2022-04-25,777.21,5.0,12.0,777.2099999999999,155.44199999999998,2,1,2
2341,Customer_2341,42,Female,Phoenix,2023-08-15,261.43,2.0,6.0,261.42999999999995,130.71499999999997,0,1,0
2342,Customer_2342,32,Female,Los Angeles,2021-06-08,2609.18,12.0,23.0,2609.18,217.43166666666664,1,0,1
2343,Customer_2343,20,Female,Houston,2023-01-25,1670.2,8.0,19.0,1670.2,208.775,1,0,1
2344,Customer_2344,40,Female,Chicago,2021-07-23,1840.93,7.0,19.0,1840.93,262.99,1,0,1
2345,Customer_2345,41,Female,Chicago,2023-03-06,831.26,3.0,8.0,831.26,277.08666666666664,2,1,2
2346,Customer_2346,18,Male,Los Angeles,2022-05-27,168.66,3.0,3.0,168.66000000000003,56.220000000000006,0,1,0
2347,Customer_2347,26,Male,Los Angeles,2021-04-26,2131.92,7.0,21.0,2131.92,304.56,1,0,1
2348,Customer_2348,27,Female,Chicago,2022-01-27,100.95,1.0,1.0,100.95,100.95,0,1,0
2349,Customer_2349,36,Female,Houston,2022-11-19,294.12,5.0,6.0,294.12,58.824,0,1,0
2350,Customer_2350,26,Male,Phoenix,2023-07-19,234.64,1.0,2.0,234.64,234.64,2,1,2
2351,Customer_2351,35,Female,Los Angeles,2022-12-27,465.92,3.0,6.0,465.91999999999996,155.30666666666664,2,1,2
2352,Customer_2352,33,Male,New York,2022-01-04,494.41,4.0,7.0,494.41,123.6025,2,1,2
2353,Customer_2353,33,Male,Chicago,2022-07-23,1502.17,4.0,9.0,1502.17,375.5425,2,0,2
2354,Customer_2354,27,Female,Chicago,2023-06-20,353.22,4.0,5.0,353.22,88.305,0,1,0
2355,Customer_2355,28,Female,New York,2023-01-11,732.89,8.0,17.0,732.89,91.61125,2,0,2
2356,Customer_2356,23,Male,Houston,2021-11-23,411.43,3.0,5.0,411.43,137.14333333333335,0,1,0
2357,Customer_2357,39,Female,Phoenix,2021-02-06,1346.59,8.0,17.0,1346.59,168.32375,1,0,1
2358,Customer_2358,41,Male,Phoenix,2023-09-13,306.59,3.0,5.0,306.59000000000003,102.19666666666667,0,1,0
2359,Customer_2359,27,Male,New York,2022-01-15,2584.22,16.0,30.0,2584.22,161.51375,1,0,1
2360,Customer_2360,52,Male,Phoenix,2023-03-07,500.07,3.0,5.0,500.07,166.69,2,1,2
2361,Customer_2361,32,Female,Houston,2022-01-04,98.82,1.0,3.0,98.82,98.82,0,1,0
2362,Customer_2362,52,Male,Los Angeles,2021-08-12,381.25,3.0,4.0,381.25,127.08333333333333,0,1,0
2363,Customer_2363,28,Female,Chicago,2023-03-25,562.08,2.0,4.0,562.08,281.04,2,1,2
2364,Customer_2364,18,Male,Houston,2022-12-25,1089.44,12.0,17.0,1089.44,90.78666666666668,1,0,1
2365,Customer_2365,39,Male,Chicago,2022-12-04,2315.32,15.0,27.0,2315.32,154.35466666666667,1,0,1
2366,Customer_2366,38,Female,Los Angeles,2021-03-04,180.32,1.0,2.0,180.32,180.32,0,1,0
2367,Customer_2367,35,Male,Chicago,2021-04-09,1601.69,4.0,15.0,1601.69,400.4225,2,0,2
2368,Customer_2368,28,Male,Chicago,2023-02-16,187.31,2.0,4.0,187.31,93.655,0,1,0
2369,Customer_2369,35,Female,New York,2021-03-16,2426.54,18.0,35.0,2426.54,134.80777777777777,1,0,1
2370,Customer_2370,29,Female,Phoenix,2021-07-03,485.76,1.0,3.0,485.76,485.76,2,1,2
2371,Customer_2371,32,Female,Houston,2023-12-17,1456.2,5.0,13.0,1456.2,291.24,2,0,2
2372,Customer_2372,44,Female,Chicago,2022-04-14,55.05,1.0,1.0,55.05,55.05,0,1,0
2373,Customer_2373,37,Female,New York,2021-05-20,2118.78,12.0,23.0,2118.7799999999997,176.56499999999997,1,0,1
2374,Customer_2374,42,Male,Chicago,2021-12-25,86.23,1.0,1.0,86.23,86.23,0,1,0
2375,Customer_2375,32,Female,New York,2023-09-07,483.25,3.0,7.0,483.25,161.08333333333334,2,1,2
2376,Customer_2376,31,Female,New York,2021-10-27,208.12,1.0,2.0,208.12,208.12,0,1,0
2377,Customer_2377,22,Male,Chicago,2022-03-02,426.43,5.0,12.0,426.43,85.286,2,1,2
2378,Customer_2378,31,Female,Los Angeles,2023-09-22,321.57,1.0,3.0,321.57,321.57,2,1,2
2379,Customer_2379,18,Male,Chicago,2021-06-10,2860.06,15.0,29.0,2860.06,190.67066666666668,1,0,1
2380,Customer_2380,29,Female,New York,2022-02-05,221.17,3.0,4.0,221.17000000000002,73.72333333333334,0,1,0
2381,Customer_2381,34,Female,Los Angeles,2023-01-11,1015.31,4.0,8.0,1015.3100000000001,253.82750000000001,2,1,2
2382,Customer_2382,41,Male,New York,2023-05-12,0.0,0.0,0.0,0.0,0.0,0,1,0
2383,Customer_2383,32,Male,Phoenix,2022-05-09,1691.24,8.0,17.0,1691.24,211.405,1,0,1
2384,Customer_2384,39,Male,Chicago,2022-05-04,134.18,3.0,3.0,134.18,44.72666666666667,0,1,0
2385,Customer_2385,18,Male,Houston,2022-06-10,0.0,0.0,0.0,0.0,0.0,0,1,0
2386,Customer_2386,34,Male,Los Angeles,2023-01-07,910.84,10.0,13.0,910.8399999999999,91.08399999999999,2,0,2
2387,Customer_2387,18,Female,New York,2021-12-24,260.68,4.0,6.0,260.68,65.17,0,1,0
2388,Customer_2388,22,Female,Phoenix,2022-07-19,0.0,0.0,0.0,0.0,0.0,0,1,0
2389,Customer_2389,33,Male,Los Angeles,2023-10-27,0.0,0.0,0.0,0.0,0.0,0,1,0
2390,Customer_2390,49,Male,Los Angeles,2021-03-31,0.0,0.0,0.0,0.0,0.0,0,1,0
2391,Customer_2391,39,Male,Chicago,2021-03-05,1048.03,9.0,16.0,1048.03,116.44777777777777,1,0,1
2392,Customer_2392,35,Female,New York,2023-11-23,3078.14,22.0,36.0,3078.14,139.91545454545454,1,0,1
2393,Customer_2393,35,Female,Houston,2021-09-10,0.0,0.0,0.0,0.0,0.0,0,1,0
2394,Customer_2394,27,Male,Chicago,2021-04-17,1163.14,6.0,16.0,1163.14,193.85666666666668,2,0,2
2395,Customer_2395,29,Female,Los Angeles,2023-07-19,1147.24,7.0,12.0,1147.24,163.89142857142858,2,0,2
2396,Customer_2396,40,Male,New York,2022-05-29,310.51,2.0,4.0,310.51,155.255,0,1,0
2397,Customer_2397,20,Male,New York,2021-05-16,234.84,1.0,4.0,234.84,234.84,2,1,2
2398,Customer_2398,42,Female,Phoenix,2022-09-21,0.0,0.0,0.0,0.0,0.0,0,1,0
2399,Customer_2399,31,Male,Houston,2022-02-13,120.33,2.0,3.0,120.33000000000001,60.165000000000006,0,1,0
2400,Customer_2400,44,Male,New York,2021-05-01,1066.27,4.0,10.0,1066.27,266.5675,2,0,2
2401,Customer_2401,46,Female,New York,2023-03-11,653.55,3.0,7.0,653.55,217.85,2,1,2
2402,Customer_2402,18,Male,Houston,2023-04-04,35.15,1.0,1.0,35.15,35.15,0,1,0
2403,Customer_2403,29,Female,Chicago,2022-05-20,257.26,2.0,4.0,257.26,128.63,0,1,0
2404,Customer_2404,26,Male,Los Angeles,2021-01-07,262.62,2.0,5.0,262.62,131.31,0,1,0
2405,Customer_2405,18,Female,Los Angeles,2023-08-02,845.42,4.0,9.0,845.4200000000001,211.35500000000002,2,1,2
2406,Customer_2406,24,Male,New York,2021-07-10,750.69,6.0,11.0,750.69,125.11500000000001,2,1,2
2407,Customer_2407,62,Female,Chicago,2022-04-02,463.59,6.0,10.0,463.59,77.265,2,1,2
2408,Customer_2408,42,Female,Phoenix,2022-01-21,316.57,2.0,2.0,316.57000000000005,158.28500000000003,0,1,0
2409,Customer_2409,56,Male,New York,2023-03-14,699.79,8.0,11.0,699.79,87.47375,2,0,2
2410,Customer_2410,44,Female,Chicago,2023-05-16,0.0,0.0,0.0,0.0,0.0,0,1,0
2411,Customer_2411,27,Female,Los Angeles,2023-10-20,0.0,0.0,0.0,0.0,0.0,0,1,0
2412,Customer_2412,31,Male,Los Angeles,2021-10-05,494.75,5.0,7.0,494.75,98.95,2,1,2
2413,Customer_2413,41,Male,Los Angeles,2023-04-07,2233.34,16.0,25.0,2233.34,139.58375,1,0,1
2414,Customer_2414,40,Male,Houston,2023-08-03,84.73,1.0,1.0,84.73,84.73,0,1,0
2415,Customer_2415,29,Male,Chicago,2021-02-21,202.05,2.0,7.0,202.05,101.025,0,1,0
2416,Customer_2416,18,Female,Chicago,2022-01-31,362.34,5.0,7.0,362.34,72.46799999999999,0,1,0
2417,Customer_2417,70,Female,Los Angeles,2023-02-18,297.37,4.0,9.0,297.37,74.3425,0,1,0
2418,Customer_2418,33,Female,New York,2022-11-25,561.2,4.0,7.0,561.1999999999999,140.29999999999998,2,1,2
2419,Customer_2419,31,Male,New York,2021-07-30,1236.96,7.0,13.0,1236.96,176.70857142857145,2,0,2
2420,Customer_2420,36,Male,Houston,2023-06-09,247.02,1.0,2.0,247.02,247.02,2,1,2
2421,Customer_2421,32,Male,New York,2021-09-27,1513.41,7.0,16.0,1513.41,216.20142857142858,1,0,1
2422,Customer_2422,36,Male,Houston,2022-06-29,194.38,1.0,2.0,194.38,194.38,0,1,0
2423,Customer_2423,49,Female,Los Angeles,2023-10-04,0.0,0.0,0.0,0.0,0.0,0,1,0
2424,Customer_2424,34,Female,Los Angeles,2023-04-25,1911.0,10.0,22.0,1911.0,191.1,1,0,1
2425,Customer_2425,22,Female,Los Angeles,2023-10-13,327.28,2.0,3.0,327.28,163.64,0,1,0
2426,Customer_2426,33,Male,Los Angeles,2022-02-02,392.24,2.0,4.0,392.24,196.12,2,1,2
2427,Customer_2427,30,Female,New York,2023-03-25,2504.95,14.0,30.0,2504.9500000000003,178.925,1,0,1
2428,Customer_2428,51,Male,Los Angeles,2022-10-01,1269.51,10.0,18.0,1269.51,126.951,1,0,1
2429,Customer_2429,48,Female,Chicago,2022-05-08,654.68,1.0,4.0,654.68,654.68,2,1,2
2430,Customer_2430,36,Female,Chicago,2023-08-09,940.76,5.0,12.0,940.76,188.152,2,0,2
2431,Customer_2431,21,Female,Los Angeles,2021-05-08,285.84,2.0,4.0,285.84,142.92,0,1,0
2432,Customer_2432,22,Male,Los Angeles,2021-03-15,99.46,2.0,3.0,99.46000000000001,49.730000000000004,0,1,0
2433,Customer_2433,35,Male,New York,2022-03-28,975.97,7.0,15.0,975.97,139.42428571428573,2,0,2
2434,Customer_2434,39,Female,New York,2022-03-14,264.97,5.0,7.0,264.96999999999997,52.99399999999999,0,1,0
2435,Customer_2435,31,Female,New York,2022-03-24,417.68,3.0,4.0,417.68,139.22666666666666,0,1,0
2436,Customer_2436,30,Male,Phoenix,2022-07-13,904.21,4.0,10.0,904.21,226.0525,2,1,2
2437,Customer_2437,28,Female,New York,2023-08-28,370.08,2.0,4.0,370.08000000000004,185.04000000000002,2,1,2
2438,Customer_2438,35,Male,New York,2023-07-26,522.39,4.0,6.0,522.39,130.5975,2,1,2
2439,Customer_2439,18,Male,Los Angeles,2021-10-10,320.85,1.0,5.0,320.85,320.85,2,1,2
2440,Customer_2440,23,Female,New York,2023-01-30,1216.66,7.0,15.0,1216.6599999999999,173.8085714285714,2,0,2
2441,Customer_2441,28,Female,Chicago,2021-03-27,123.13,2.0,2.0,123.13,61.565,0,1,0
2442,Customer_2442,48,Male,New York,2021-06-13,959.73,4.0,8.0,959.73,239.9325,2,1,2
2443,Customer_2443,26,Female,New York,2023-05-27,144.13,3.0,4.0,144.13,48.04333333333333,0,1,0
2444,Customer_2444,37,Female,Chicago,2023-12-17,61.64,1.0,2.0,61.64,61.64,0,1,0
2445,Customer_2445,37,Male,Los Angeles,2021-07-25,1157.97,5.0,14.0,1157.97,231.594,2,0,2
2446,Customer_2446,49,Male,Houston,2021-05-28,1450.23,8.0,16.0,1450.23,181.27875,1,0,1
2447,Customer_2447,49,Male,Chicago,2023-03-02,597.04,4.0,7.0,597.04,149.26,2,1,2
2448,Customer_2448,34,Male,Los Angeles,2023-11-11,456.04,2.0,6.0,456.03999999999996,228.01999999999998,2,1,2
2449,Customer_2449,30,Female,Chicago,2023-08-05,43.42,1.0,2.0,43.42,43.42,0,1,0
2450,Customer_2450,28,Female,New York,2022-07-11,0.0,0.0,0.0,0.0,0.0,0,1,0
2451,Customer_2451,32,Male,Chicago,2023-01-31,458.54,2.0,4.0,458.53999999999996,229.26999999999998,2,1,2
2452,Customer_2452,30,Male,Los Angeles,2021-01-30,357.44,1.0,4.0,357.44,357.44,2,1,2
2453,Customer_2453,41,Female,Los Angeles,2021-08-13,191.13,3.0,3.0,191.13,63.71,0,1,0
2454,Customer_2454,40,Male,Chicago,2022-03-05,0.0,0.0,0.0,0.0,0.0,0,1,0
2455,Customer_2455,42,Female,Phoenix,2022-06-13,327.49,4.0,7.0,327.49,81.8725,0,1,0
2456,Customer_2456,49,Female,Phoenix,2023-11-18,1267.38,7.0,11.0,1267.38,181.05428571428573,2,0,2
2457,Customer_2457,55,Female,Chicago,2021-05-06,0.0,0.0,0.0,0.0,0.0,0,1,0
2458,Customer_2458,36,Female,Los Angeles,2023-03-24,1289.92,7.0,12.0,1289.92,184.27428571428572,2,0,2
2459,Customer_2459,47,Female,New York,2022-05-14,201.96,3.0,8.0,201.96,67.32000000000001,0,1,0
2460,Customer_2460,31,Female,Los Angeles,2022-10-16,800.66,6.0,13.0,800.6600000000001,133.44333333333336,2,0,2
2461,Customer_2461,48,Female,Chicago,2021-05-18,35.74,1.0,1.0,35.74,35.74,0,1,0
2462,Customer_2462,47,Male,Los Angeles,2023-09-21,1400.32,6.0,15.0,1400.3200000000002,233.38666666666668,2,0,2
2463,Customer_2463,46,Male,Phoenix,2023-01-11,813.62,5.0,12.0,813.62,162.724,2,1,2
2464,Customer_2464,36,Male,Los Angeles,2021-08-02,968.76,6.0,9.0,968.76,161.46,2,1,2
2465,Customer_2465,28,Male,Los Angeles,2021-10-18,1187.77,8.0,18.0,1187.77,148.47125,1,0,1
2466,Customer_2466,20,Female,Los Angeles,2023-08-02,736.32,5.0,11.0,736.32,147.264,2,1,2
2467,Customer_2467,35,Female,Houston,2022-01-06,316.58,3.0,6.0,316.58,105.52666666666666,0,1,0
2468,Customer_2468,52,Male,Chicago,2022-06-14,24.02,1.0,1.0,24.02,24.02,0,1,0
2469,Customer_2469,32,Female,Chicago,2022-11-23,1615.85,10.0,19.0,1615.8500000000001,161.585,1,0,1
2470,Customer_2470,44,Male,Los Angeles,2022-07-03,215.37,3.0,3.0,215.37,71.79,0,1,0
2471,Customer_2471,44,Female,Houston,2023-02-13,186.01,2.0,2.0,186.01000000000002,93.00500000000001,0,1,0
2472,Customer_2472,32,Male,New York,2023-10-14,193.21,2.0,4.0,193.20999999999998,96.60499999999999,0,1,0
2473,Customer_2473,49,Female,Phoenix,2022-02-23,1365.54,7.0,18.0,1365.54,195.07714285714286,1,0,1
2474,Customer_2474,18,Male,Chicago,2021-12-27,101.23,1.0,1.0,101.23,101.23,0,1,0
2475,Customer_2475,22,Male,Los Angeles,2023-07-09,2125.8,9.0,29.0,2125.7999999999997,236.19999999999996,1,0,1
2476,Customer_2476,25,Male,Chicago,2022-07-21,0.0,0.0,0.0,0.0,0.0,0,1,0
2477,Customer_2477,26,Female,Chicago,2022-12-19,901.91,6.0,12.0,901.91,150.31833333333333,2,0,2
2478,Customer_2478,39,Male,New York,2022-12-28,1233.63,4.0,14.0,1233.63,308.4075,2,0,2
2479,Customer_2479,38,Male,Phoenix,2022-01-02,317.7,3.0,4.0,317.7,105.89999999999999,0,1,0
2480,Customer_2480,39,Male,Los Angeles,2022-02-06,512.8,5.0,8.0,512.8,102.55999999999999,2,1,2
2481,Customer_2481,42,Male,Los Angeles,2021-04-13,54.08,1.0,4.0,54.08,54.08,0,1,0
2482,Customer_2482,25,Male,New York,2023-02-26,1172.97,6.0,11.0,1172.97,195.495,2,0,2
2483,Customer_2483,22,Female,Los Angeles,2021-11-21,1303.16,7.0,14.0,1303.16,186.1657142857143,2,0,2
2484,Customer_2484,39,Male,Chicago,2022-01-08,688.65,5.0,9.0,688.65,137.73,2,1,2
2485,Customer_2485,28,Male,Los Angeles,2021-12-04,0.0,0.0,0.0,0.0,0.0,0,1,0
2486,Customer_2486,18,Male,Houston,2023-06-10,1268.96,10.0,18.0,1268.96,126.896,1,0,1
2487,Customer_2487,46,Female,Los Angeles,2023-11-23,322.19,3.0,4.0,322.19,107.39666666666666,0,1,0
2488,Customer_2488,50,Female,Phoenix,2023-12-28,714.9,4.0,9.0,714.9,178.725,2,1,2
2489,Customer_2489,52,Male,Chicago,2023-09-24,187.0,2.0,4.0,187.0,93.5,0,1,0
2490,Customer_2490,37,Male,Houston,2021-02-01,39.34,1.0,1.0,39.34,39.34,0,1,0
2491,Customer_2491,42,Female,New York,2023-07-16,651.97,3.0,7.0,651.97,217.32333333333335,2,1,2
2492,Customer_2492,50,Male,Los Angeles,2022-09-12,848.73,7.0,11.0,848.73,121.24714285714286,2,0,2
2493,Customer_2493,28,Female,Los Angeles,2023-05-28,901.1,8.0,12.0,901.1,112.6375,2,0,2
2494,Customer_2494,47,Female,Chicago,2021-06-24,973.35,5.0,11.0,973.35,194.67000000000002,2,0,2
2495,Customer_2495,38,Female,Phoenix,2021-01-15,1424.69,6.0,14.0,1424.69,237.44833333333335,2,0,2
2496,Customer_2496,45,Female,New York,2023-12-11,2440.01,11.0,24.0,2440.01,221.81909090909093,1,0,1
2497,Customer_2497,37,Male,New York,2021-04-17,2134.96,12.0,24.0,2134.96,177.91333333333333,1,0,1
2498,Customer_2498,49,Female,Phoenix,2022-04-14,446.75,3.0,4.0,446.75,148.91666666666666,0,1,0
2499,Customer_2499,37,Male,New York,2021-07-21,0.0,0.0,0.0,0.0,0.0,0,1,0
2500,Customer_2500,19,Male,Chicago,2023-12-01,0.0,0.0,0.0,0.0,0.0,0,1,0
2501,Customer_2501,51,Male,Chicago,2023-07-06,310.1,4.0,7.0,310.09999999999997,77.52499999999999,0,1,0
2502,Customer_2502,25,Male,Houston,2021-12-02,551.85,2.0,7.0,551.85,275.925,2,1,2
2503,Customer_2503,49,Female,New York,2021-04-15,355.23,2.0,4.0,355.23,177.615,0,1,0
2504,Customer_2504,34,Male,New York,2021-07-22,544.06,3.0,7.0,544.06,181.35333333333332,2,1,2
2505,Customer_2505,48,Male,Chicago,2021-03-06,735.68,4.0,10.0,735.68,183.92,2,1,2
2506,Customer_2506,47,Female,Phoenix,2022-07-07,67.74,1.0,1.0,67.74,67.74,0,1,0
2507,Customer_2507,40,Male,Los Angeles,2021-08-12,38.33,1.0,1.0,38.33,38.33,0,1,0
2508,Customer_2508,41,Male,Los Angeles,2022-01-15,332.27,2.0,3.0,332.27,166.135,0,1,0
2509,Customer_2509,40,Male,Chicago,2021-09-12,357.46,2.0,3.0,357.46000000000004,178.73000000000002,0,1,0
2510,Customer_2510,18,Male,Phoenix,2021-06-20,719.18,4.0,8.0,719.1800000000001,179.79500000000002,2,1,2
2511,Customer_2511,36,Male,Houston,2022-09-05,551.98,4.0,6.0,551.98,137.995,2,1,2
2512,Customer_2512,23,Female,Phoenix,2022-10-14,783.68,4.0,8.0,783.68,195.92,2,1,2
2513,Customer_2513,37,Male,New York,2022-12-19,1766.09,4.0,12.0,1766.0900000000001,441.52250000000004,2,0,2
2514,Customer_2514,22,Male,New York,2023-04-12,711.84,7.0,12.0,711.84,101.69142857142857,2,1,2
2515,Customer_2515,22,Female,Chicago,2023-03-30,2212.93,13.0,28.0,2212.9300000000003,170.22538461538463,1,0,1
2516,Customer_2516,53,Female,Houston,2021-03-14,602.01,5.0,7.0,602.01,120.402,2,1,2
2517,Customer_2517,47,Female,Los Angeles,2023-12-20,697.86,3.0,9.0,697.86,232.62,2,1,2
2518,Customer_2518,35,Male,New York,2022-03-31,263.41,3.0,7.0,263.40999999999997,87.80333333333333,0,1,0
2519,Customer_2519,37,Male,Houston,2021-12-02,69.6,1.0,1.0,69.6,69.6,0,1,0
2520,Customer_2520,32,Female,New York,2022-10-30,220.43,2.0,4.0,220.43,110.215,0,1,0
2521,Customer_2521,41,Male,Los Angeles,2021-01-14,1050.18,4.0,11.0,1050.18,262.545,2,0,2
2522,Customer_2522,28,Female,Chicago,2021-01-27,157.82,2.0,2.0,157.82,78.91,0,1,0
2523,Customer_2523,46,Male,Chicago,2023-12-10,1457.03,5.0,17.0,1457.03,291.406,2,0,2
2524,Customer_2524,32,Male,Houston,2021-07-06,1358.66,7.0,13.0,1358.6599999999999,194.0942857142857,2,0,2
2525,Customer_2525,30,Male,Los Angeles,2023-12-17,373.51,2.0,3.0,373.51,186.755,0,1,0
2526,Customer_2526,35,Female,Chicago,2023-02-10,621.38,6.0,9.0,621.38,103.56333333333333,2,1,2
2527,Customer_2527,28,Female,Chicago,2022-10-29,1216.97,4.0,10.0,1216.97,304.2425,2,0,2
2528,Customer_2528,39,Female,Chicago,2023-09-17,802.88,5.0,9.0,802.88,160.576,2,1,2
2529,Customer_2529,29,Female,Chicago,2023-11-24,689.8,6.0,11.0,689.8000000000001,114.96666666666668,2,1,2
2530,Customer_2530,40,Male,Los Angeles,2022-06-22,426.35,4.0,8.0,426.35,106.5875,0,1,0
2531,Customer_2531,48,Male,New York,2023-07-25,825.09,9.0,18.0,825.09,91.67666666666668,1,0,1
2532,Customer_2532,27,Male,New York,2022-01-06,492.33,3.0,7.0,492.33000000000004,164.11,2,1,2
2533,Customer_2533,34,Male,New York,2021-03-27,1426.2,10.0,23.0,1426.2,142.62,1,0,1
2534,Customer_2534,40,Male,Chicago,2021-06-09,1096.6,9.0,17.0,1096.6000000000001,121.84444444444446,1,0,1
2535,Customer_2535,30,Male,Houston,2022-03-01,154.33,1.0,1.0,154.33,154.33,0,1,0
2536,Customer_2536,40,Male,Houston,2021-10-02,1529.9,10.0,24.0,1529.9,152.99,1,0,1
2537,Customer_2537,41,Male,Houston,2021-09-15,878.5,4.0,10.0,878.5,219.625,2,1,2
2538,Customer_2538,47,Female,Los Angeles,2023-08-21,663.96,4.0,7.0,663.96,165.99,2,1,2
2539,Customer_2539,28,Female,Los Angeles,2023-09-01,163.78,3.0,3.0,163.78,54.593333333333334,0,1,0
2540,Customer_2540,25,Female,Los Angeles,2022-06-11,1239.97,7.0,14.0,1239.97,177.13857142857142,2,0,2
2541,Customer_2541,32,Male,New York,2022-06-17,694.09,3.0,5.0,694.09,231.36333333333334,2,1,2
2542,Customer_2542,24,Male,New York,2023-12-19,1501.3,6.0,13.0,1501.3,250.21666666666667,2,0,2
2543,Customer_2543,41,Female,Chicago,2021-04-23,590.91,3.0,5.0,590.9100000000001,196.97000000000003,2,1,2
2544,Customer_2544,22,Male,Phoenix,2021-09-14,0.0,0.0,0.0,0.0,0.0,0,1,0
2545,Customer_2545,61,Male,New York,2021-11-25,0.0,0.0,0.0,0.0,0.0,0,1,0
2546,Customer_2546,49,Female,New York,2023-02-16,3594.45,13.0,31.0,3594.45,276.49615384615385,1,0,1
2547,Customer_2547,35,Female,Houston,2021-02-20,854.71,7.0,10.0,854.71,122.10142857142857,2,0,2
2548,Customer_2548,45,Male,Los Angeles,2021-08-09,489.39,5.0,9.0,489.39,97.878,2,1,2
2549,Customer_2549,18,Male,Houston,2023-02-22,638.12,3.0,7.0,638.1200000000001,212.7066666666667,2,1,2
2550,Customer_2550,63,Male,Houston,2022-08-19,824.36,5.0,8.0,824.36,164.872,2,1,2
2551,Customer_2551,29,Male,Phoenix,2021-08-10,439.95,3.0,6.0,439.95000000000005,146.65,2,1,2
2552,Customer_2552,34,Male,Los Angeles,2023-08-01,248.37,1.0,3.0,248.37,248.37,2,1,2
2553,Customer_2553,18,Male,Chicago,2023-12-14,566.95,2.0,5.0,566.9499999999999,283.47499999999997,2,1,2
2554,Customer_2554,40,Male,Los Angeles,2021-07-17,1130.95,10.0,20.0,1130.95,113.095,1,0,1
2555,Customer_2555,23,Male,Chicago,2021-05-08,810.3,7.0,14.0,810.3,115.75714285714285,2,0,2
2556,Customer_2556,36,Female,Los Angeles,2023-10-30,278.67,2.0,3.0,278.67,139.335,0,1,0
2557,Customer_2557,29,Female,New York,2023-09-14,0.0,0.0,0.0,0.0,0.0,0,1,0
2558,Customer_2558,23,Female,Chicago,2021-08-15,1001.57,3.0,7.0,1001.5699999999999,333.8566666666666,2,1,2
2559,Customer_2559,26,Male,Chicago,2022-07-12,1116.08,3.0,10.0,1116.08,372.02666666666664,2,0,2
2560,Customer_2560,37,Male,Houston,2023-11-06,72.33,1.0,1.0,72.33,72.33,0,1,0
2561,Customer_2561,21,Male,Houston,2021-08-03,1644.07,12.0,25.0,1644.07,137.00583333333333,1,0,1
2562,Customer_2562,27,Female,Chicago,2023-05-05,779.86,4.0,9.0,779.8599999999999,194.96499999999997,2,1,2
2563,Customer_2563,42,Female,New York,2022-03-01,362.73,3.0,4.0,362.73,120.91000000000001,0,1,0
2564,Customer_2564,64,Female,Houston,2021-11-14,445.21,3.0,4.0,445.21,148.40333333333334,0,1,0
2565,Customer_2565,40,Female,Chicago,2021-12-26,2172.7,15.0,31.0,2172.7,144.84666666666666,1,0,1
2566,Customer_2566,25,Male,Phoenix,2023-07-25,250.67,3.0,7.0,250.67,83.55666666666666,0,1,0
2567,Customer_2567,31,Female,Phoenix,2023-08-16,120.06,2.0,2.0,120.06,60.03,0,1,0
2568,Customer_2568,35,Female,New York,2023-07-09,203.4,2.0,6.0,203.39999999999998,101.69999999999999,0,1,0
2569,Customer_2569,31,Male,Houston,2023-06-21,932.49,4.0,8.0,932.49,233.1225,2,1,2
2570,Customer_2570,45,Female,New York,2021-07-17,72.13,1.0,1.0,72.13,72.13,0,1,0
2571,Customer_2571,37,Female,Los Angeles,2022-02-02,539.28,1.0,3.0,539.28,539.28,2,1,2
2572,Customer_2572,45,Male,Chicago,2022-08-13,636.39,5.0,13.0,636.39,127.27799999999999,2,1,2
2573,Customer_2573,32,Female,New York,2021-08-30,0.0,0.0,0.0,0.0,0.0,0,1,0
2574,Customer_2574,50,Male,Houston,2022-03-05,925.76,8.0,12.0,925.76,115.72,2,0,2
2575,Customer_2575,33,Male,New York,2022-09-03,822.59,6.0,9.0,822.59,137.09833333333333,2,1,2
2576,Customer_2576,24,Male,New York,2021-01-06,518.55,3.0,4.0,518.55,172.85,2,1,2
2577,Customer_2577,59,Female,Chicago,2022-12-11,312.23,3.0,5.0,312.23,104.07666666666667,0,1,0
2578,Customer_2578,18,Male,Houston,2021-12-26,672.56,6.0,11.0,672.56,112.09333333333332,2,1,2
2579,Customer_2579,27,Female,Phoenix,2023-11-10,451.71,1.0,3.0,451.71,451.71,2,1,2
2580,Customer_2580,28,Female,Houston,2022-05-18,2075.71,8.0,18.0,2075.71,259.46375,1,0,1
2581,Customer_2581,63,Female,Houston,2021-08-15,2383.63,9.0,23.0,2383.63,264.84777777777776,1,0,1
2582,Customer_2582,55,Male,Los Angeles,2021-04-19,748.22,3.0,9.0,748.22,249.40666666666667,2,1,2
2583,Customer_2583,51,Female,New York,2023-01-13,620.77,4.0,7.0,620.77,155.1925,2,1,2
2584,Customer_2584,31,Female,New York,2023-03-22,2094.86,15.0,28.0,2094.86,139.65733333333336,1,0,1
2585,Customer_2585,62,Male,Chicago,2023-02-25,0.0,0.0,0.0,0.0,0.0,0,1,0
2586,Customer_2586,39,Female,Houston,2021-08-16,199.07,2.0,5.0,199.07,99.535,0,1,0
2587,Customer_2587,46,Female,Los Angeles,2023-05-02,469.13,3.0,4.0,469.13,156.37666666666667,2,1,2
2588,Customer_2588,37,Female,Houston,2023-04-08,936.2,8.0,14.0,936.2,117.025,2,0,2
2589,Customer_2589,34,Female,Chicago,2022-01-14,361.6,1.0,2.0,361.6,361.6,2,1,2
2590,Customer_2590,32,Female,New York,2022-01-20,796.65,6.0,9.0,796.65,132.775,2,1,2
2591,Customer_2591,33,Female,New York,2021-04-23,437.79,3.0,4.0,437.79,145.93,0,1,0
2592,Customer_2592,42,Male,Houston,2021-10-18,1084.14,5.0,11.0,1084.14,216.82800000000003,2,0,2
2593,Customer_2593,39,Female,Houston,2021-10-18,959.1,7.0,12.0,959.1,137.0142857142857,2,0,2
2594,Customer_2594,35,Female,Phoenix,2022-11-08,1377.13,11.0,15.0,1377.13,125.19363636363637,1,0,1
2595,Customer_2595,52,Male,New York,2021-03-01,1108.31,7.0,12.0,1108.31,158.32999999999998,2,0,2
2596,Customer_2596,18,Female,Phoenix,2021-04-16,3053.02,14.0,35.0,3053.02,218.07285714285715,1,0,1
2597,Customer_2597,41,Male,New York,2022-09-15,177.81,2.0,4.0,177.81,88.905,0,1,0
2598,Customer_2598,43,Female,New York,2021-03-30,110.62,1.0,1.0,110.62,110.62,0,1,0
2599,Customer_2599,48,Female,Phoenix,2023-01-12,297.64,4.0,4.0,297.64,74.41,0,1,0
2600,Customer_2600,34,Female,Los Angeles,2023-06-19,596.79,2.0,5.0,596.79,298.395,2,1,2
2601,Customer_2601,37,Female,Chicago,2022-03-21,1162.03,10.0,13.0,1162.03,116.203,1,0,1
2602,Customer_2602,46,Female,New York,2023-10-04,2253.16,13.0,26.0,2253.16,173.32,1,0,1
2603,Customer_2603,51,Female,Chicago,2021-11-02,296.58,3.0,4.0,296.58000000000004,98.86000000000001,0,1,0
2604,Customer_2604,32,Female,Phoenix,2022-09-07,217.29,4.0,5.0,217.29000000000002,54.322500000000005,0,1,0
2605,Customer_2605,38,Female,Los Angeles,2021-07-21,1424.78,5.0,11.0,1424.78,284.956,2,0,2
2606,Customer_2606,53,Female,Houston,2023-08-02,757.17,5.0,8.0,757.17,151.434,2,1,2
2607,Customer_2607,18,Female,New York,2023-11-13,0.0,0.0,0.0,0.0,0.0,0,1,0
2608,Customer_2608,27,Female,Chicago,2022-04-16,357.76,5.0,9.0,357.76,71.55199999999999,0,1,0
2609,Customer_2609,51,Female,Los Angeles,2023-09-06,2739.52,13.0,29.0,2739.52,210.7323076923077,1,0,1
2610,Customer_2610,47,Male,New York,2021-11-05,0.0,0.0,0.0,0.0,0.0,0,1,0
2611,Customer_2611,41,Female,Los Angeles,2023-01-03,1767.21,10.0,24.0,1767.21,176.721,1,0,1
2612,Customer_2612,30,Male,New York,2022-06-20,408.28,1.0,4.0,408.28,408.28,2,1,2
2613,Customer_2613,25,Male,Phoenix,2022-01-11,1203.39,5.0,11.0,1203.3899999999999,240.67799999999997,2,0,2
2614,Customer_2614,28,Female,Los Angeles,2022-05-14,503.43,3.0,5.0,503.42999999999995,167.80999999999997,2,1,2
2615,Customer_2615,52,Male,New York,2022-09-28,1055.17,8.0,18.0,1055.17,131.89625,1,0,1
2616,Customer_2616,28,Male,Los Angeles,2021-05-22,470.88,4.0,5.0,470.88,117.72,0,1,0
2617,Customer_2617,36,Female,Los Angeles,2023-12-12,134.7,3.0,3.0,134.70000000000002,44.900000000000006,0,1,0
2618,Customer_2618,27,Female,Houston,2023-12-30,189.44,1.0,2.0,189.44,189.44,0,1,0
2619,Customer_2619,44,Male,Phoenix,2021-09-17,1551.83,12.0,20.0,1551.83,129.31916666666666,1,0,1
2620,Customer_2620,29,Male,Los Angeles,2022-01-13,0.0,0.0,0.0,0.0,0.0,0,1,0
2621,Customer_2621,34,Female,Phoenix,2023-11-29,921.64,4.0,11.0,921.64,230.41,2,1,2
2622,Customer_2622,18,Female,Chicago,2021-12-14,633.72,6.0,12.0,633.72,105.62,2,1,2
2623,Customer_2623,18,Female,New York,2023-04-08,745.64,2.0,5.0,745.64,372.82,2,1,2
2624,Customer_2624,35,Female,Houston,2022-05-21,1535.7,9.0,17.0,1535.6999999999998,170.63333333333333,1,0,1
2625,Customer_2625,20,Male,Chicago,2022-01-17,1359.56,8.0,17.0,1359.56,169.945,1,0,1
2626,Customer_2626,58,Female,Chicago,2022-03-01,1173.86,7.0,14.0,1173.8600000000001,167.69428571428574,2,0,2
2627,Customer_2627,18,Female,Phoenix,2021-11-18,863.79,4.0,7.0,863.79,215.9475,2,1,2
2628,Customer_2628,26,Male,Los Angeles,2021-09-07,589.07,7.0,10.0,589.07,84.15285714285714,2,1,2
2629,Customer_2629,35,Female,Phoenix,2021-06-29,1440.22,8.0,18.0,1440.22,180.0275,1,0,1
2630,Customer_2630,31,Female,Houston,2023-10-01,1073.52,10.0,19.0,1073.52,107.352,1,0,1
2631,Customer_2631,23,Male,Chicago,2021-01-29,2184.58,14.0,26.0,2184.58,156.04142857142855,1,0,1
2632,Customer_2632,24,Male,Chicago,2023-01-08,669.19,3.0,8.0,669.19,223.06333333333336,2,1,2
2633,Customer_2633,24,Female,Los Angeles,2021-07-06,400.41,1.0,3.0,400.40999999999997,400.40999999999997,2,1,2
2634,Customer_2634,32,Male,Phoenix,2021-02-24,1779.36,11.0,21.0,1779.3600000000001,161.76000000000002,1,0,1
2635,Customer_2635,56,Female,Chicago,2023-05-28,23.5,1.0,1.0,23.5,23.5,0,1,0
2636,Customer_2636,36,Female,New York,2022-05-29,1120.01,7.0,11.0,1120.01,160.00142857142856,2,0,2
2637,Customer_2637,48,Male,Los Angeles,2021-01-17,1054.61,9.0,15.0,1054.6100000000001,117.1788888888889,2,0,2
2638,Customer_2638,41,Female,Chicago,2021-03-29,304.99,4.0,6.0,304.99,76.2475,0,1,0
2639,Customer_2639,47,Female,New York,2023-12-18,1551.48,11.0,20.0,1551.4799999999998,141.04363636363635,1,0,1
2640,Customer_2640,18,Female,New York,2022-12-05,210.75,1.0,5.0,210.75,210.75,2,1,2
2641,Customer_2641,32,Female,Los Angeles,2022-12-26,51.11,1.0,1.0,51.11,51.11,0,1,0
2642,Customer_2642,49,Female,Los Angeles,2023-12-06,1563.75,11.0,20.0,1563.75,142.1590909090909,1,0,1
2643,Customer_2643,29,Female,Los Angeles,2023-06-14,749.05,2.0,7.0,749.05,374.525,2,1,2
2644,Customer_2644,54,Female,Los Angeles,2022-03-28,1552.01,5.0,13.0,1552.01,310.402,2,0,2
2645,Customer_2645,51,Female,New York,2022-03-03,974.64,5.0,12.0,974.64,194.928,2,0,2
2646,Customer_2646,30,Male,Houston,2021-04-28,539.89,5.0,9.0,539.89,107.978,2,1,2
2647,Customer_2647,29,Male,Chicago,2022-11-19,113.1,1.0,3.0,113.10000000000001,113.10000000000001,0,1,0
2648,Customer_2648,24,Male,New York,2023-10-19,0.0,0.0,0.0,0.0,0.0,0,1,0
2649,Customer_2649,28,Male,Los Angeles,2022-08-03,189.94,1.0,2.0,189.94,189.94,0,1,0
2650,Customer_2650,21,Female,Chicago,2021-09-08,748.01,6.0,7.0,748.01,124.66833333333334,2,1,2
2651,Customer_2651,40,Female,New York,2022-02-07,956.98,5.0,10.0,956.98,191.39600000000002,2,1,2
2652,Customer_2652,19,Male,New York,2023-07-10,0.0,0.0,0.0,0.0,0.0,0,1,0
2653,Customer_2653,42,Male,New York,2021-07-19,528.43,5.0,8.0,528.4300000000001,105.686,2,1,2
2654,Customer_2654,42,Male,Houston,2023-12-11,0.0,0.0,0.0,0.0,0.0,0,1,0
2655,Customer_2655,18,Female,Houston,2023-07-03,811.77,5.0,9.0,811.77,162.35399999999998,2,1,2
2656,Customer_2656,52,Female,Houston,2021-11-16,1022.04,5.0,10.0,1022.0400000000001,204.40800000000002,2,0,2
2657,Customer_2657,41,Female,Houston,2021-07-18,2851.04,14.0,30.0,2851.04,203.6457142857143,1,0,1
2658,Customer_2658,43,Female,Chicago,2021-05-25,1642.18,15.0,22.0,1642.18,109.47866666666667,1,0,1
2659,Customer_2659,27,Male,Chicago,2023-12-19,0.0,0.0,0.0,0.0,0.0,0,1,0
2660,Customer_2660,42,Male,Chicago,2021-05-23,354.12,3.0,6.0,354.12,118.04,0,1,0
2661,Customer_2661,47,Female,New York,2023-11-16,744.35,8.0,15.0,744.35,93.04375,2,0,2
2662,Customer_2662,34,Male,Chicago,2022-06-10,81.14,1.0,1.0,81.14,81.14,0,1,0
2663,Customer_2663,57,Male,Houston,2021-05-02,93.92,1.0,2.0,93.92,93.92,0,1,0
2664,Customer_2664,35,Female,Chicago,2021-09-22,670.78,8.0,13.0,670.78,83.8475,2,0,2
2665,Customer_2665,48,Female,Los Angeles,2023-10-28,57.17,2.0,2.0,57.17,28.585,0,1,0
2666,Customer_2666,38,Female,Los Angeles,2023-01-01,691.84,6.0,9.0,691.84,115.30666666666667,2,1,2
2667,Customer_2667,41,Female,Chicago,2022-01-31,67.58,1.0,2.0,67.58,67.58,0,1,0
2668,Customer_2668,18,Female,Houston,2023-07-02,207.65,2.0,2.0,207.64999999999998,103.82499999999999,0,1,0
2669,Customer_2669,39,Female,Phoenix,2021-04-18,339.67,3.0,5.0,339.67,113.22333333333334,0,1,0
2670,Customer_2670,27,Female,Los Angeles,2023-05-09,344.03,2.0,3.0,344.03000000000003,172.01500000000001,0,1,0
2671,Customer_2671,26,Female,Houston,2022-09-28,310.86,4.0,8.0,310.86,77.715,0,1,0
2672,Customer_2672,54,Male,Chicago,2023-07-22,276.15,2.0,6.0,276.15,138.075,0,1,0
2673,Customer_2673,33,Female,Phoenix,2023-02-08,527.91,4.0,8.0,527.91,131.9775,2,1,2
2674,Customer_2674,24,Male,Chicago,2023-10-30,731.6,2.0,6.0,731.5999999999999,365.79999999999995,2,1,2
2675,Customer_2675,31,Female,Chicago,2021-02-05,2200.9,16.0,29.0,2200.9,137.55625,1,0,1
2676,Customer_2676,21,Male,Chicago,2023-10-25,1383.76,5.0,10.0,1383.76,276.752,2,0,2
2677,Customer_2677,51,Female,Houston,2022-02-17,1524.95,10.0,26.0,1524.95,152.495,1,0,1
2678,Customer_2678,27,Female,Phoenix,2022-04-28,72.14,1.0,2.0,72.14,72.14,0,1,0
2679,Customer_2679,41,Male,New York,2023-07-01,732.21,3.0,8.0,732.2099999999999,244.06999999999996,2,1,2
2680,Customer_2680,50,Male,New York,2022-08-26,275.78,2.0,4.0,275.78000000000003,137.89000000000001,0,1,0
2681,Customer_2681,29,Male,Phoenix,2023-12-18,217.49,2.0,2.0,217.49,108.745,0,1,0
2682,Customer_2682,41,Female,Chicago,2021-06-21,3665.35,15.0,33.0,3665.35,244.35666666666665,1,0,1
2683,Customer_2683,24,Female,Chicago,2021-09-17,1035.57,7.0,9.0,1035.5700000000002,147.93857142857146,2,0,2
2684,Customer_2684,62,Male,Chicago,2021-01-25,1891.74,8.0,17.0,1891.74,236.4675,1,0,1
2685,Customer_2685,45,Male,New York,2021-07-17,743.63,6.0,13.0,743.63,123.93833333333333,2,1,2
2686,Customer_2686,33,Male,Houston,2022-08-02,91.05,2.0,2.0,91.05000000000001,45.525000000000006,0,1,0
2687,Customer_2687,26,Male,Houston,2022-02-27,359.23,2.0,3.0,359.23,179.615,0,1,0
2688,Customer_2688,34,Female,Los Angeles,2023-03-03,800.76,5.0,12.0,800.76,160.152,2,1,2
2689,Customer_2689,31,Male,Los Angeles,2021-01-06,88.08,1.0,3.0,88.08,88.08,0,1,0
2690,Customer_2690,56,Female,Houston,2021-03-13,1022.44,4.0,12.0,1022.44,255.61,2,0,2
2691,Customer_2691,22,Female,New York,2023-07-18,180.91,3.0,4.0,180.91,60.303333333333335,0,1,0
2692,Customer_2692,36,Female,Phoenix,2022-03-08,886.63,7.0,12.0,886.63,126.66142857142857,2,0,2
2693,Customer_2693,35,Female,Los Angeles,2023-08-21,1773.59,12.0,26.0,1773.5900000000001,147.79916666666668,1,0,1
2694,Customer_2694,34,Female,Chicago,2022-01-15,580.07,4.0,11.0,580.0699999999999,145.01749999999998,2,1,2
2695,Customer_2695,34,Female,Phoenix,2022-07-04,954.17,5.0,10.0,954.17,190.834,2,1,2
2696,Customer_2696,34,Male,Houston,2023-03-19,448.45,2.0,5.0,448.45,224.225,2,1,2
2697,Customer_2697,45,Female,Los Angeles,2021-02-25,374.85,4.0,7.0,374.85,93.7125,0,1,0
2698,Customer_2698,42,Male,Houston,2022-09-07,1080.74,7.0,15.0,1080.74,154.39142857142858,2,0,2
2699,Customer_2699,40,Female,Los Angeles,2021-08-04,791.35,6.0,9.0,791.35,131.89166666666668,2,1,2
2700,Customer_2700,18,Female,Los Angeles,2021-01-21,1135.16,6.0,9.0,1135.16,189.19333333333336,2,0,2
2701,Customer_2701,38,Male,Phoenix,2021-07-29,132.86,2.0,2.0,132.86,66.43,0,1,0
2702,Customer_2702,18,Female,Houston,2021-10-18,346.2,2.0,6.0,346.2,173.1,2,1,2
2703,Customer_2703,42,Female,Chicago,2022-12-16,411.72,2.0,5.0,411.72,205.86,2,1,2
2704,Customer_2704,51,Female,Los Angeles,2023-04-15,232.0,1.0,2.0,232.0,232.0,2,1,2
2705,Customer_2705,25,Female,New York,2021-07-07,2264.66,12.0,28.0,2264.6600000000003,188.7216666666667,1,0,1
2706,Customer_2706,32,Male,New York,2021-07-10,2988.3,19.0,31.0,2988.2999999999997,157.27894736842103,1,0,1
2707,Customer_2707,28,Female,Chicago,2022-02-11,1129.05,5.0,11.0,1129.0500000000002,225.81000000000003,2,0,2
2708,Customer_2708,49,Male,Houston,2021-08-02,1833.02,10.0,21.0,1833.02,183.302,1,0,1
2709,Customer_2709,36,Female,Chicago,2022-07-08,1039.59,7.0,10.0,1039.59,148.51285714285714,2,0,2
2710,Customer_2710,54,Male,Houston,2023-08-18,1509.33,11.0,20.0,1509.33,137.2118181818182,1,0,1
2711,Customer_2711,40,Male,New York,2022-08-16,0.0,0.0,0.0,0.0,0.0,0,1,0
2712,Customer_2712,38,Male,Los Angeles,2021-02-10,1896.34,12.0,21.0,1896.3400000000001,158.02833333333334,1,0,1
2713,Customer_2713,36,Female,New York,2022-01-05,0.0,0.0,0.0,0.0,0.0,0,1,0
2714,Customer_2714,44,Female,Los Angeles,2021-01-20,1557.45,10.0,22.0,1557.4499999999998,155.74499999999998,1,0,1
2715,Customer_2715,18,Female,New York,2023-10-30,0.0,0.0,0.0,0.0,0.0,0,1,0
2716,Customer_2716,36,Male,Phoenix,2023-04-05,465.93,1.0,3.0,465.93,465.93,2,1,2
2717,Customer_2717,34,Male,New York,2021-01-18,2103.11,11.0,24.0,2103.11,191.1918181818182,1,0,1
2718,Customer_2718,43,Male,Phoenix,2023-01-18,210.46,3.0,6.0,210.45999999999998,70.15333333333332,0,1,0
2719,Customer_2719,33,Female,Los Angeles,2021-11-15,637.75,6.0,7.0,637.75,106.29166666666667,2,1,2
2720,Customer_2720,24,Male,Phoenix,2023-05-11,1068.48,3.0,7.0,1068.48,356.16,2,1,2
2721,Customer_2721,35,Male,Chicago,2023-08-26,1050.99,6.0,8.0,1050.99,175.165,2,1,2
2722,Customer_2722,23,Female,Phoenix,2021-09-09,391.23,3.0,3.0,391.23,130.41,0,1,0
2723,Customer_2723,18,Female,New York,2021-12-06,264.15,2.0,6.0,264.15,132.075,0,1,0
2724,Customer_2724,43,Male,Houston,2023-01-21,653.76,2.0,5.0,653.76,326.88,2,1,2
2725,Customer_2725,41,Male,Phoenix,2023-08-26,878.64,4.0,11.0,878.64,219.66,2,1,2
2726,Customer_2726,40,Male,New York,2022-04-07,261.64,2.0,4.0,261.64,130.82,0,1,0
2727,Customer_2727,49,Female,New York,2022-09-23,0.0,0.0,0.0,0.0,0.0,0,1,0
2728,Customer_2728,28,Male,Los Angeles,2022-02-05,1529.52,8.0,19.0,1529.52,191.19,1,0,1
2729,Customer_2729,19,Female,Phoenix,2022-01-06,2063.36,12.0,28.0,2063.36,171.9466666666667,1,0,1
2730,Customer_2730,34,Female,Chicago,2021-10-09,463.08,3.0,4.0,463.08000000000004,154.36,0,1,0
2731,Customer_2731,31,Female,Chicago,2022-01-25,99.16,1.0,1.0,99.16,99.16,0,1,0
2732,Customer_2732,26,Male,New York,2021-12-03,0.0,0.0,0.0,0.0,0.0,0,1,0
2733,Customer_2733,34,Male,New York,2021-09-30,274.5,1.0,5.0,274.5,274.5,2,1,2
2734,Customer_2734,28,Male,Houston,2023-10-17,792.42,5.0,8.0,792.4200000000001,158.484,2,1,2
2735,Customer_2735,18,Female,New York,2022-10-02,2291.66,16.0,30.0,2291.66,143.22875,1,0,1
2736,Customer_2736,30,Male,Chicago,2023-03-29,817.46,5.0,11.0,817.46,163.49200000000002,2,1,2
2737,Customer_2737,22,Female,Phoenix,2021-01-06,61.3,1.0,1.0,61.3,61.3,0,1,0
2738,Customer_2738,38,Male,New York,2022-08-09,636.84,5.0,11.0,636.84,127.36800000000001,2,1,2
2739,Customer_2739,28,Female,Chicago,2023-12-16,0.0,0.0,0.0,0.0,0.0,0,1,0
2740,Customer_2740,47,Female,New York,2023-04-02,832.22,3.0,7.0,832.22,277.4066666666667,2,1,2
2741,Customer_2741,53,Female,Chicago,2021-08-26,2399.34,8.0,20.0,2399.34,299.9175,1,0,1
2742,Customer_2742,42,Female,New York,2022-05-05,695.69,5.0,10.0,695.6899999999999,139.13799999999998,2,1,2
2743,Customer_2743,18,Male,Houston,2023-11-12,368.17,3.0,3.0,368.17,122.72333333333334,0,1,0
2744,Customer_2744,52,Female,Los Angeles,2022-03-17,153.21,1.0,1.0,153.21,153.21,0,1,0
2745,Customer_2745,52,Female,Los Angeles,2023-12-01,325.02,2.0,3.0,325.02,162.51,0,1,0
2746,Customer_2746,35,Male,Chicago,2023-05-08,179.56,2.0,2.0,179.56,89.78,0,1,0
2747,Customer_2747,50,Female,New York,2021-09-15,355.44,1.0,2.0,355.44,355.44,2,1,2
2748,Customer_2748,29,Male,Houston,2021-02-17,1354.29,11.0,21.0,1354.29,123.11727272727272,1,0,1
2749,Customer_2749,18,Male,Los Angeles,2022-05-18,854.33,4.0,10.0,854.3299999999999,213.58249999999998,2,1,2
2750,Customer_2750,27,Male,Chicago,2021-05-19,592.69,4.0,7.0,592.69,148.1725,2,1,2
2751,Customer_2751,54,Female,New York,2022-05-24,318.23,2.0,4.0,318.23,159.115,0,1,0
2752,Customer_2752,19,Male,Houston,2022-10-16,1007.73,7.0,12.0,1007.73,143.96142857142857,2,0,2
2753,Customer_2753,35,Male,New York,2022-04-06,442.36,3.0,7.0,442.35999999999996,147.45333333333332,2,1,2
2754,Customer_2754,35,Female,Los Angeles,2022-11-01,398.58,2.0,3.0,398.58000000000004,199.29000000000002,2,1,2
2755,Customer_2755,29,Female,New York,2023-11-29,680.8,5.0,9.0,680.8,136.16,2,1,2
2756,Customer_2756,30,Male,Houston,2022-03-09,0.0,0.0,0.0,0.0,0.0,0,1,0
2757,Customer_2757,36,Male,Los Angeles,2022-04-30,1141.07,8.0,18.0,1141.07,142.63375,1,0,1
2758,Customer_2758,29,Male,Phoenix,2023-12-18,233.18,3.0,5.0,233.17999999999998,77.72666666666666,0,1,0
2759,Customer_2759,19,Male,Phoenix,2022-05-11,1151.98,11.0,15.0,1151.98,104.72545454545455,1,0,1
2760,Customer_2760,37,Male,New York,2023-05-25,425.88,2.0,4.0,425.88,212.94,2,1,2
2761,Customer_2761,47,Female,Chicago,2022-08-24,412.79,3.0,6.0,412.79,137.59666666666666,0,1,0
2762,Customer_2762,45,Female,New York,2022-10-17,266.34,2.0,5.0,266.34000000000003,133.17000000000002,0,1,0
2763,Customer_2763,26,Female,Los Angeles,2022-08-30,334.1,2.0,5.0,334.09999999999997,167.04999999999998,0,1,0
2764,Customer_2764,21,Male,Houston,2021-06-05,805.09,6.0,12.0,805.09,134.18166666666667,2,1,2
2765,Customer_2765,32,Female,Chicago,2021-07-20,0.0,0.0,0.0,0.0,0.0,0,1,0
2766,Customer_2766,52,Male,Chicago,2023-10-19,388.77,4.0,8.0,388.77,97.1925,0,1,0
2767,Customer_2767,42,Male,Los Angeles,2022-05-14,644.61,3.0,5.0,644.61,214.87,2,1,2
2768,Customer_2768,43,Male,Los Angeles,2022-05-03,602.87,4.0,7.0,602.87,150.7175,2,1,2
2769,Customer_2769,45,Female,New York,2021-06-09,394.67,2.0,3.0,394.66999999999996,197.33499999999998,2,1,2
2770,Customer_2770,40,Male,Houston,2023-12-30,376.25,2.0,4.0,376.25,188.125,2,1,2
2771,Customer_2771,36,Female,Chicago,2023-04-11,705.25,3.0,6.0,705.25,235.08333333333334,2,1,2
2772,Customer_2772,42,Male,Houston,2023-08-30,1853.93,8.0,17.0,1853.9299999999998,231.74124999999998,1,0,1
2773,Customer_2773,29,Female,New York,2022-03-07,2184.7,10.0,22.0,2184.7,218.46999999999997,1,0,1
2774,Customer_2774,19,Female,Los Angeles,2021-04-27,328.61,3.0,6.0,328.61,109.53666666666668,0,1,0
2775,Customer_2775,43,Male,Los Angeles,2022-11-28,968.07,4.0,10.0,968.07,242.0175,2,1,2
2776,Customer_2776,49,Female,New York,2021-07-22,522.6,6.0,10.0,522.6,87.10000000000001,2,1,2
2777,Customer_2777,23,Female,Los Angeles,2023-08-20,277.25,3.0,3.0,277.25,92.41666666666667,0,1,0
2778,Customer_2778,44,Male,Houston,2022-04-07,838.49,6.0,11.0,838.49,139.74833333333333,2,1,2
2779,Customer_2779,53,Male,Phoenix,2023-08-02,69.2,1.0,5.0,69.2,69.2,0,1,0
2780,Customer_2780,35,Male,Chicago,2022-12-01,328.9,4.0,6.0,328.9,82.225,0,1,0
2781,Customer_2781,26,Male,Los Angeles,2021-07-20,1194.31,6.0,12.0,1194.31,199.05166666666665,2,0,2
2782,Customer_2782,36,Male,New York,2022-05-31,443.74,4.0,4.0,443.74,110.935,0,1,0
2783,Customer_2783,29,Female,Phoenix,2022-08-29,1709.48,10.0,18.0,1709.48,170.948,1,0,1
2784,Customer_2784,28,Female,New York,2023-01-14,0.0,0.0,0.0,0.0,0.0,0,1,0
2785,Customer_2785,40,Female,Phoenix,2023-05-25,1495.46,11.0,18.0,1495.46,135.9509090909091,1,0,1
2786,Customer_2786,18,Male,Chicago,2021-12-13,574.88,3.0,4.0,574.88,191.62666666666667,2,1,2
2787,Customer_2787,19,Male,Los Angeles,2021-12-15,570.14,4.0,6.0,570.14,142.535,2,1,2
2788,Customer_2788,35,Female,Phoenix,2023-05-08,0.0,0.0,0.0,0.0,0.0,0,1,0
2789,Customer_2789,35,Female,New York,2022-01-29,0.0,0.0,0.0,0.0,0.0,0,1,0
2790,Customer_2790,39,Male,Chicago,2023-09-21,40.75,1.0,1.0,40.75,40.75,0,1,0
2791,Customer_2791,56,Female,Chicago,2023-09-05,804.04,6.0,15.0,804.04,134.00666666666666,2,0,2
2792,Customer_2792,36,Male,New York,2021-06-16,1512.69,7.0,17.0,1512.69,216.09857142857143,1,0,1
2793,Customer_2793,42,Female,Los Angeles,2023-09-03,2532.41,13.0,33.0,2532.41,194.80076923076922,1,0,1
2794,Customer_2794,24,Male,Chicago,2022-03-28,467.12,4.0,5.0,467.12,116.78,0,1,0
2795,Customer_2795,43,Female,Houston,2023-05-10,70.85,1.0,1.0,70.85,70.85,0,1,0
2796,Customer_2796,29,Male,New York,2021-07-29,1139.27,3.0,10.0,1139.27,379.75666666666666,2,0,2
2797,Customer_2797,36,Male,Phoenix,2023-02-07,297.51,1.0,3.0,297.51,297.51,2,1,2
2798,Customer_2798,34,Male,New York,2021-08-02,0.0,0.0,0.0,0.0,0.0,0,1,0
2799,Customer_2799,46,Male,New York,2023-08-31,549.72,3.0,9.0,549.72,183.24,2,1,2
2800,Customer_2800,21,Male,Los Angeles,2021-10-31,736.15,3.0,7.0,736.15,245.38333333333333,2,1,2
2801,Customer_2801,18,Male,New York,2023-05-07,850.69,6.0,11.0,850.69,141.78166666666667,2,1,2
2802,Customer_2802,33,Female,New York,2023-05-11,1550.48,13.0,20.0,1550.48,119.26769230769231,1,0,1
2803,Customer_2803,40,Male,Phoenix,2023-03-19,650.01,5.0,9.0,650.01,130.002,2,1,2
2804,Customer_2804,37,Male,Los Angeles,2021-04-30,533.85,7.0,13.0,533.85,76.26428571428572,2,1,2
2805,Customer_2805,49,Female,New York,2022-03-03,97.2,1.0,2.0,97.2,97.2,0,1,0
2806,Customer_2806,40,Male,New York,2023-08-03,2494.76,15.0,31.0,2494.76,166.31733333333335,1,0,1
2807,Customer_2807,29,Male,Houston,2021-11-26,403.22,5.0,7.0,403.21999999999997,80.64399999999999,0,1,0
2808,Customer_2808,18,Male,Phoenix,2022-09-27,877.55,4.0,10.0,877.55,219.3875,2,1,2
2809,Customer_2809,32,Female,Los Angeles,2022-07-18,346.72,2.0,5.0,346.72,173.36,0,1,0
2810,Customer_2810,46,Female,New York,2021-06-29,999.11,9.0,12.0,999.11,111.01222222222222,2,0,2
2811,Customer_2811,31,Male,New York,2021-10-17,555.79,3.0,7.0,555.79,185.26333333333332,2,1,2
2812,Customer_2812,35,Male,New York,2021-07-06,376.26,4.0,8.0,376.26,94.065,0,1,0
2813,Customer_2813,40,Female,New York,2022-05-01,0.0,0.0,0.0,0.0,0.0,0,1,0
2814,Customer_2814,24,Male,Los Angeles,2023-02-12,341.93,3.0,4.0,341.93,113.97666666666667,0,1,0
2815,Customer_2815,42,Male,New York,2023-11-24,1949.48,7.0,27.0,1949.48,278.4971428571429,1,0,1
2816,Customer_2816,53,Female,Chicago,2021-07-01,112.0,1.0,1.0,112.0,112.0,0,1,0
2817,Customer_2817,33,Male,Los Angeles,2021-05-26,360.61,2.0,5.0,360.61,180.305,2,1,2
2818,Customer_2818,23,Female,Phoenix,2023-12-04,834.91,5.0,8.0,834.91,166.982,2,1,2
2819,Customer_2819,34,Female,Phoenix,2022-05-14,165.62,1.0,1.0,165.62,165.62,0,1,0
2820,Customer_2820,18,Female,Chicago,2023-03-14,354.44,4.0,6.0,354.43999999999994,88.60999999999999,0,1,0
2821,Customer_2821,39,Male,Los Angeles,2022-06-15,329.9,2.0,3.0,329.9,164.95,0,1,0
2822,Customer_2822,40,Female,Los Angeles,2021-07-30,1381.96,6.0,12.0,1381.96,230.32666666666668,2,0,2
2823,Customer_2823,53,Female,Los Angeles,2023-06-12,634.81,3.0,8.0,634.81,211.60333333333332,2,1,2
2824,Customer_2824,33,Female,Houston,2021-01-05,972.45,4.0,11.0,972.45,243.1125,2,0,2
2825,Customer_2825,39,Male,Los Angeles,2021-11-07,1096.49,8.0,15.0,1096.49,137.06125,2,0,2
2826,Customer_2826,26,Male,Phoenix,2021-06-11,1065.73,4.0,12.0,1065.73,266.4325,2,0,2
2827,Customer_2827,31,Female,Phoenix,2021-08-04,185.92,3.0,6.0,185.92000000000002,61.973333333333336,0,1,0
2828,Customer_2828,18,Female,Los Angeles,2023-02-25,1607.76,13.0,23.0,1607.7600000000002,123.67384615384617,1,0,1
2829,Customer_2829,33,Male,Chicago,2023-04-16,266.21,4.0,4.0,266.21000000000004,66.55250000000001,0,1,0
2830,Customer_2830,32,Female,New York,2021-09-09,123.42,1.0,2.0,123.42,123.42,0,1,0
2831,Customer_2831,38,Female,New York,2023-11-28,1120.59,7.0,10.0,1120.5900000000001,160.08428571428573,2,0,2
2832,Customer_2832,28,Female,Los Angeles,2021-08-16,140.2,1.0,2.0,140.2,140.2,0,1,0
2833,Customer_2833,36,Female,New York,2023-06-28,896.06,6.0,9.0,896.0600000000001,149.34333333333333,2,1,2
2834,Customer_2834,31,Female,Phoenix,2021-10-12,601.8,3.0,5.0,601.8,200.6,2,1,2
2835,Customer_2835,31,Female,New York,2022-10-11,1588.25,15.0,27.0,1588.25,105.88333333333334,1,0,1
2836,Customer_2836,36,Female,Los Angeles,2022-01-01,617.97,7.0,9.0,617.97,88.28142857142858,2,1,2
2837,Customer_2837,35,Male,Chicago,2023-12-28,667.35,4.0,14.0,667.3499999999999,166.83749999999998,2,1,2
2838,Customer_2838,43,Female,Houston,2021-07-11,433.4,4.0,7.0,433.4,108.35,0,1,0
2839,Customer_2839,34,Male,Los Angeles,2022-10-06,0.0,0.0,0.0,0.0,0.0,0,1,0
2840,Customer_2840,31,Male,Phoenix,2023-06-26,1188.76,6.0,13.0,1188.76,198.12666666666667,2,0,2
2841,Customer_2841,33,Female,Chicago,2023-01-01,0.0,0.0,0.0,0.0,0.0,0,1,0
2842,Customer_2842,27,Male,Los Angeles,2021-01-26,3039.42,16.0,36.0,3039.42,189.96375,1,0,1
2843,Customer_2843,31,Female,New York,2022-12-13,389.67,3.0,3.0,389.66999999999996,129.89,0,1,0
2844,Customer_2844,57,Male,Los Angeles,2022-09-07,534.0,4.0,7.0,534.0,133.5,2,1,2
2845,Customer_2845,25,Female,Houston,2021-07-12,552.27,3.0,5.0,552.27,184.09,2,1,2
2846,Customer_2846,32,Female,Chicago,2022-01-16,279.49,5.0,5.0,279.49,55.898,0,1,0
2847,Customer_2847,31,Female,Houston,2023-10-23,604.59,3.0,5.0,604.59,201.53,2,1,2
2848,Customer_2848,32,Male,Chicago,2023-12-05,322.99,2.0,3.0,322.99,161.495,0,1,0
2849,Customer_2849,31,Female,New York,2023-07-28,852.29,7.0,19.0,852.29,121.75571428571428,2,0,2
2850,Customer_2850,38,Male,New York,2021-01-03,909.55,5.0,9.0,909.55,181.91,2,1,2
2851,Customer_2851,18,Female,Los Angeles,2023-07-19,493.54,3.0,6.0,493.54,164.51333333333335,2,1,2
2852,Customer_2852,46,Male,Houston,2021-10-05,0.0,0.0,0.0,0.0,0.0,0,1,0
2853,Customer_2853,42,Female,Houston,2021-06-25,1011.54,4.0,10.0,1011.54,252.885,2,1,2
2854,Customer_2854,21,Male,Los Angeles,2021-10-09,1155.71,10.0,18.0,1155.71,115.571,1,0,1
2855,Customer_2855,18,Female,Chicago,2022-04-04,155.68,2.0,4.0,155.68,77.84,0,1,0
2856,Customer_2856,24,Female,Los Angeles,2023-08-09,587.37,2.0,4.0,587.3700000000001,293.68500000000006,2,1,2
2857,Customer_2857,32,Female,Los Angeles,2021-12-07,276.19,2.0,3.0,276.19,138.095,0,1,0
2858,Customer_2858,63,Female,New York,2022-11-28,651.35,8.0,13.0,651.35,81.41875,2,0,2
2859,Customer_2859,41,Male,New York,2022-12-27,479.19,5.0,7.0,479.19,95.838,0,1,0
2860,Customer_2860,18,Female,New York,2021-05-01,649.56,2.0,4.0,649.5600000000001,324.78000000000003,2,1,2
2861,Customer_2861,27,Male,New York,2022-07-29,65.24,1.0,1.0,65.24,65.24,0,1,0
2862,Customer_2862,34,Female,New York,2021-10-03,448.66,4.0,8.0,448.65999999999997,112.16499999999999,2,1,2
2863,Customer_2863,38,Male,New York,2023-08-27,3006.36,14.0,32.0,3006.36,214.74,1,0,1
2864,Customer_2864,21,Female,Chicago,2023-09-14,271.81,2.0,2.0,271.81,135.905,0,1,0
2865,Customer_2865,34,Female,Los Angeles,2021-01-29,0.0,0.0,0.0,0.0,0.0,0,1,0
2866,Customer_2866,27,Male,Phoenix,2022-11-16,1349.56,9.0,20.0,1349.56,149.95111111111112,1,0,1
2867,Customer_2867,23,Female,New York,2021-11-17,598.42,4.0,5.0,598.4200000000001,149.60500000000002,2,1,2
2868,Customer_2868,38,Female,Los Angeles,2022-10-05,57.6,1.0,2.0,57.6,57.6,0,1,0
2869,Customer_2869,44,Male,Los Angeles,2021-12-18,537.22,3.0,9.0,537.22,179.07333333333335,2,1,2
2870,Customer_2870,44,Male,New York,2022-06-16,1152.61,9.0,20.0,1152.61,128.06777777777776,1,0,1
2871,Customer_2871,41,Female,Houston,2021-10-21,1841.22,8.0,18.0,1841.22,230.1525,1,0,1
2872,Customer_2872,30,Female,New York,2022-04-03,180.06,2.0,2.0,180.06,90.03,0,1,0
2873,Customer_2873,43,Male,Phoenix,2023-01-17,545.16,5.0,10.0,545.16,109.032,2,1,2
2874,Customer_2874,38,Female,Phoenix,2023-01-03,259.22,3.0,3.0,259.22,86.40666666666668,0,1,0
2875,Customer_2875,36,Female,Chicago,2023-12-20,1313.28,12.0,19.0,1313.28,109.44,1,0,1
2876,Customer_2876,28,Female,Chicago,2022-06-27,369.54,5.0,10.0,369.54,73.908,0,1,0
2877,Customer_2877,30,Male,Chicago,2022-01-15,383.17,3.0,5.0,383.17,127.72333333333334,0,1,0
2878,Customer_2878,36,Male,Los Angeles,2021-11-20,84.12,1.0,1.0,84.12,84.12,0,1,0
2879,Customer_2879,62,Female,Chicago,2023-12-22,1013.5,4.0,10.0,1013.5,253.375,2,1,2
2880,Customer_2880,38,Female,New York,2023-08-03,671.89,6.0,8.0,671.89,111.98166666666667,2,1,2
2881,Customer_2881,28,Female,New York,2023-04-23,187.88,1.0,2.0,187.88,187.88,0,1,0
2882,Customer_2882,26,Male,Los Angeles,2021-12-28,1218.67,8.0,22.0,1218.67,152.33375,1,0,1
2883,Customer_2883,30,Female,Chicago,2021-02-22,339.26,3.0,4.0,339.26,113.08666666666666,0,1,0
2884,Customer_2884,59,Female,Phoenix,2022-02-06,1041.38,6.0,16.0,1041.38,173.56333333333336,2,0,2
2885,Customer_2885,31,Male,New York,2022-11-12,697.27,6.0,9.0,697.27,116.21166666666666,2,1,2
2886,Customer_2886,45,Female,Houston,2023-09-20,306.76,2.0,2.0,306.76,153.38,0,1,0
2887,Customer_2887,31,Male,New York,2023-05-19,529.85,5.0,9.0,529.85,105.97,2,1,2
2888,Customer_2888,38,Female,Los Angeles,2022-12-08,773.9,6.0,11.0,773.9,128.98333333333332,2,1,2
2889,Customer_2889,44,Female,Los Angeles,2022-01-14,231.2,2.0,2.0,231.2,115.6,0,1,0
2890,Customer_2890,29,Female,Los Angeles,2022-10-08,550.78,6.0,10.0,550.78,91.79666666666667,2,1,2
2891,Customer_2891,28,Male,New York,2023-07-22,232.68,2.0,4.0,232.68,116.34,0,1,0
2892,Customer_2892,53,Male,Chicago,2021-03-22,22.37,1.0,1.0,22.37,22.37,0,1,0
2893,Customer_2893,46,Male,Houston,2023-01-01,1741.5,13.0,30.0,1741.5,133.96153846153845,1,0,1
2894,Customer_2894,44,Female,Los Angeles,2022-05-29,1172.42,10.0,19.0,1172.42,117.242,1,0,1
2895,Customer_2895,44,Male,Chicago,2023-07-10,185.19,2.0,4.0,185.19,92.595,0,1,0
2896,Customer_2896,40,Female,Houston,2023-02-02,446.83,3.0,4.0,446.83,148.94333333333333,0,1,0
2897,Customer_2897,57,Female,Houston,2022-05-09,590.18,7.0,9.0,590.1800000000001,84.31142857142858,2,1,2
2898,Customer_2898,35,Male,Chicago,2023-07-30,739.58,3.0,6.0,739.58,246.52666666666667,2,1,2
2899,Customer_2899,41,Female,Los Angeles,2023-11-27,263.26,2.0,3.0,263.26,131.63,0,1,0
2900,Customer_2900,19,Female,Phoenix,2023-01-11,753.97,6.0,11.0,753.9699999999999,125.66166666666665,2,1,2
2901,Customer_2901,26,Female,Chicago,2021-11-21,114.44,1.0,1.0,114.44,114.44,0,1,0
2902,Customer_2902,22,Female,New York,2023-12-16,950.08,5.0,9.0,950.08,190.01600000000002,2,1,2
2903,Customer_2903,49,Female,Los Angeles,2021-11-10,642.08,3.0,6.0,642.08,214.02666666666667,2,1,2
2904,Customer_2904,18,Male,Houston,2021-04-13,765.55,1.0,5.0,765.5500000000001,765.5500000000001,2,0,2
2905,Customer_2905,31,Female,New York,2022-03-15,343.69,2.0,4.0,343.69000000000005,171.84500000000003,0,1,0
2906,Customer_2906,18,Male,Phoenix,2023-03-28,280.72,2.0,8.0,280.72,140.36,0,1,0
2907,Customer_2907,26,Male,New York,2023-01-17,380.67,2.0,3.0,380.66999999999996,190.33499999999998,2,1,2
2908,Customer_2908,30,Female,Houston,2021-02-07,1127.71,7.0,15.0,1127.71,161.10142857142858,2,0,2
2909,Customer_2909,50,Female,Los Angeles,2023-03-24,1134.42,4.0,11.0,1134.4199999999998,283.60499999999996,2,0,2
2910,Customer_2910,39,Female,Chicago,2023-10-14,0.0,0.0,0.0,0.0,0.0,0,1,0
2911,Customer_2911,26,Male,Phoenix,2021-06-04,78.51,2.0,2.0,78.51,39.255,0,1,0
2912,Customer_2912,47,Female,Los Angeles,2023-11-22,1979.98,11.0,20.0,1979.98,179.99818181818182,1,0,1
2913,Customer_2913,35,Male,Chicago,2022-05-04,137.27,1.0,1.0,137.27,137.27,0,1,0
2914,Customer_2914,35,Female,New York,2023-11-07,563.12,4.0,6.0,563.12,140.78,2,1,2
2915,Customer_2915,22,Male,New York,2021-08-28,331.71,5.0,5.0,331.71,66.342,0,1,0
2916,Customer_2916,24,Female,New York,2021-12-12,845.95,1.0,5.0,845.95,845.95,2,0,2
2917,Customer_2917,26,Female,Houston,2021-01-16,344.4,1.0,4.0,344.4,344.4,2,1,2
2918,Customer_2918,36,Male,New York,2022-08-10,0.0,0.0,0.0,0.0,0.0,0,1,0
2919,Customer_2919,36,Male,New York,2023-08-08,366.31,2.0,4.0,366.31,183.155,2,1,2
2920,Customer_2920,52,Female,Los Angeles,2021-09-17,2607.93,15.0,36.0,2607.93,173.862,1,0,1
2921,Customer_2921,39,Male,Chicago,2021-12-27,310.38,2.0,3.0,310.38,155.19,0,1,0
2922,Customer_2922,18,Female,Houston,2022-04-05,2720.9,10.0,21.0,2720.9,272.09000000000003,1,0,1
2923,Customer_2923,38,Male,New York,2023-07-20,219.68,3.0,3.0,219.68,73.22666666666667,0,1,0
2924,Customer_2924,19,Male,New York,2023-12-23,886.24,4.0,9.0,886.24,221.56,2,1,2
2925,Customer_2925,24,Female,Phoenix,2021-04-10,248.83,3.0,5.0,248.83,82.94333333333334,0,1,0
2926,Customer_2926,26,Female,Los Angeles,2023-01-25,661.46,4.0,6.0,661.46,165.365,2,1,2
2927,Customer_2927,28,Female,Phoenix,2021-10-22,1296.63,5.0,13.0,1296.63,259.326,2,0,2
2928,Customer_2928,20,Male,Phoenix,2023-07-18,971.38,3.0,8.0,971.38,323.79333333333335,2,1,2
2929,Customer_2929,37,Male,Houston,2021-11-24,1534.61,9.0,16.0,1534.6100000000001,170.51222222222225,1,0,1
2930,Customer_2930,19,Female,New York,2023-02-03,0.0,0.0,0.0,0.0,0.0,0,1,0
2931,Customer_2931,39,Female,Houston,2023-12-02,540.95,5.0,9.0,540.95,108.19000000000001,2,1,2
2932,Customer_2932,60,Male,Houston,2021-08-30,213.39,3.0,6.0,213.39,71.13,0,1,0
2933,Customer_2933,20,Male,Chicago,2023-11-18,443.67,3.0,7.0,443.66999999999996,147.89,2,1,2
2934,Customer_2934,32,Male,Los Angeles,2022-04-04,882.6,4.0,6.0,882.6,220.65,2,1,2
2935,Customer_2935,18,Female,Los Angeles,2022-10-29,0.0,0.0,0.0,0.0,0.0,0,1,0
2936,Customer_2936,32,Female,New York,2021-08-08,0.0,0.0,0.0,0.0,0.0,0,1,0
2937,Customer_2937,42,Female,Chicago,2023-05-09,0.0,0.0,0.0,0.0,0.0,0,1,0
2938,Customer_2938,43,Male,Chicago,2021-09-21,1067.8,6.0,18.0,1067.8,177.96666666666667,2,0,2
2939,Customer_2939,36,Female,Los Angeles,2021-05-01,26.66,1.0,2.0,26.66,26.66,0,1,0
2940,Customer_2940,45,Male,Chicago,2023-12-06,542.46,5.0,12.0,542.46,108.492,2,1,2
2941,Customer_2941,63,Female,Los Angeles,2022-03-11,353.26,4.0,6.0,353.26,88.315,0,1,0
2942,Customer_2942,54,Male,Chicago,2022-04-29,1042.84,8.0,13.0,1042.8400000000001,130.35500000000002,2,0,2
2943,Customer_2943,29,Male,Phoenix,2021-10-07,1076.4,6.0,12.0,1076.4,179.4,2,0,2
2944,Customer_2944,19,Male,New York,2023-11-12,123.39,2.0,3.0,123.39,61.695,0,1,0
2945,Customer_2945,31,Female,Los Angeles,2022-12-15,40.34,1.0,1.0,40.34,40.34,0,1,0
2946,Customer_2946,25,Female,New York,2021-03-09,0.0,0.0,0.0,0.0,0.0,0,1,0
2947,Customer_2947,40,Female,Chicago,2023-01-13,1383.05,8.0,14.0,1383.05,172.88125,2,0,2
2948,Customer_2948,22,Male,Houston,2023-12-18,455.16,4.0,6.0,455.16,113.79,0,1,0
2949,Customer_2949,34,Male,Phoenix,2023-10-19,458.34,5.0,8.0,458.34000000000003,91.668,0,1,0
2950,Customer_2950,44,Male,Los Angeles,2021-10-18,627.27,6.0,9.0,627.27,104.545,2,1,2
2951,Customer_2951,34,Male,Phoenix,2021-06-18,314.85,2.0,2.0,314.85,157.425,0,1,0
2952,Customer_2952,25,Male,New York,2022-07-10,2442.67,14.0,25.0,2442.67,174.47642857142858,1,0,1
2953,Customer_2953,48,Female,Chicago,2021-12-19,1489.13,11.0,26.0,1489.1299999999999,135.37545454545455,1,0,1
2954,Customer_2954,18,Male,New York,2021-10-10,687.72,4.0,7.0,687.72,171.93,2,1,2
2955,Customer_2955,31,Female,Phoenix,2023-12-26,605.94,4.0,8.0,605.94,151.485,2,1,2
2956,Customer_2956,35,Female,Chicago,2022-04-01,369.03,5.0,8.0,369.03,73.806,0,1,0
2957,Customer_2957,35,Female,Chicago,2023-08-17,1328.98,9.0,18.0,1328.98,147.66444444444446,1,0,1
2958,Customer_2958,37,Female,Houston,2023-10-02,721.66,2.0,6.0,721.6600000000001,360.83000000000004,2,1,2
2959,Customer_2959,42,Female,New York,2022-04-22,0.0,0.0,0.0,0.0,0.0,0,1,0
2960,Customer_2960,35,Male,New York,2021-10-12,897.6,3.0,7.0,897.6,299.2,2,1,2
2961,Customer_2961,31,Female,Phoenix,2021-01-31,549.69,5.0,9.0,549.69,109.93800000000002,2,1,2
2962,Customer_2962,31,Male,Los Angeles,2022-03-24,451.92,2.0,6.0,451.91999999999996,225.95999999999998,2,1,2
2963,Customer_2963,28,Female,New York,2021-08-02,331.32,4.0,6.0,331.32,82.83,0,1,0
2964,Customer_2964,44,Female,Los Angeles,2023-11-15,1151.84,6.0,12.0,1151.8400000000001,191.97333333333336,2,0,2
2965,Customer_2965,28,Female,Chicago,2022-02-01,1071.45,8.0,14.0,1071.45,133.93125,2,0,2
2966,Customer_2966,44,Female,New York,2021-12-03,319.71,3.0,6.0,319.71000000000004,106.57000000000001,0,1,0
2967,Customer_2967,35,Male,Los Angeles,2023-07-25,74.08,1.0,1.0,74.08,74.08,0,1,0
2968,Customer_2968,29,Female,New York,2023-08-26,85.95,3.0,4.0,85.95,28.650000000000002,0,1,0
2969,Customer_2969,42,Male,Los Angeles,2023-05-05,587.85,5.0,10.0,587.85,117.57000000000001,2,1,2
2970,Customer_2970,27,Female,Phoenix,2023-06-22,106.31,1.0,1.0,106.31,106.31,0,1,0
2971,Customer_2971,42,Male,Phoenix,2022-11-03,1470.89,7.0,17.0,1470.89,210.12714285714287,1,0,1
2972,Customer_2972,37,Male,Chicago,2023-02-08,104.04,1.0,3.0,104.03999999999999,104.03999999999999,0,1,0
2973,Customer_2973,28,Male,New York,2022-09-15,568.23,2.0,4.0,568.23,284.115,2,1,2
2974,Customer_2974,41,Female,Phoenix,2022-07-13,312.76,2.0,5.0,312.76,156.38,0,1,0
2975,Customer_2975,41,Female,Chicago,2022-07-02,89.37,1.0,1.0,89.37,89.37,0,1,0
2976,Customer_2976,48,Female,New York,2023-07-12,969.89,5.0,9.0,969.89,193.978,2,1,2
2977,Customer_2977,46,Male,Phoenix,2022-07-08,66.82,1.0,2.0,66.82,66.82,0,1,0
2978,Customer_2978,40,Female,Houston,2022-04-24,338.76,3.0,4.0,338.76,112.92,0,1,0
2979,Customer_2979,23,Female,Houston,2023-04-24,1076.2,8.0,10.0,1076.2,134.525,2,0,2
2980,Customer_2980,62,Male,Houston,2021-03-11,901.88,5.0,7.0,901.88,180.376,2,1,2
2981,Customer_2981,20,Female,New York,2022-05-20,42.77,1.0,1.0,42.77,42.77,0,1,0
2982,Customer_2982,45,Male,New York,2021-04-20,455.9,2.0,3.0,455.90000000000003,227.95000000000002,2,1,2
2983,Customer_2983,40,Female,Houston,2022-02-01,4484.28,32.0,62.0,4484.280000000001,140.13375000000002,1,0,1
2984,Customer_2984,22,Female,New York,2021-12-17,353.96,1.0,2.0,353.96,353.96,2,1,2
2985,Customer_2985,34,Male,Los Angeles,2023-09-22,1841.81,13.0,24.0,1841.81,141.6776923076923,1,0,1
2986,Customer_2986,34,Female,Houston,2023-02-28,1386.86,11.0,15.0,1386.86,126.0781818181818,1,0,1
2987,Customer_2987,49,Male,Houston,2022-02-25,1185.75,11.0,15.0,1185.75,107.79545454545455,1,0,1
2988,Customer_2988,27,Female,Los Angeles,2023-07-11,244.78,2.0,3.0,244.78,122.39,0,1,0
2989,Customer_2989,32,Female,Houston,2021-04-21,868.34,3.0,10.0,868.3399999999999,289.44666666666666,2,1,2
2990,Customer_2990,18,Male,Houston,2021-07-28,2023.78,16.0,35.0,2023.78,126.48625,1,0,1
2991,Customer_2991,54,Male,Chicago,2023-07-20,99.56,1.0,1.0,99.56,99.56,0,1,0
2992,Customer_2992,23,Male,New York,2022-03-01,973.77,7.0,16.0,973.77,139.10999999999999,2,0,2
2993,Customer_2993,39,Female,Los Angeles,2021-11-24,795.38,3.0,5.0,795.3800000000001,265.1266666666667,2,1,2
2994,Customer_2994,34,Male,Los Angeles,2021-01-11,673.47,6.0,7.0,673.47,112.245,2,1,2
2995,Customer_2995,34,Female,New York,2023-05-06,33.67,1.0,1.0,33.67,33.67,0,1,0
2996,Customer_2996,44,Female,Los Angeles,2021-09-11,0.0,0.0,0.0,0.0,0.0,0,1,0
2997,Customer_2997,53,Male,New York,2021-05-09,614.68,4.0,8.0,614.68,153.67,2,1,2
2998,Customer_2998,38,Female,Los Angeles,2021-04-10,237.19,3.0,3.0,237.19,79.06333333333333,0,1,0
2999,Customer_2999,42,Male,Phoenix,2021-10-17,971.9,8.0,12.0,971.9000000000001,121.48750000000001,2,0,2
3000,Customer_3000,39,Female,New York,2022-10-08,1594.08,9.0,20.0,1594.08,177.12,1,0,1
3001,Customer_3001,46,Female,Houston,2022-10-27,489.68,2.0,6.0,489.67999999999995,244.83999999999997,2,1,2
3002,Customer_3002,30,Male,Houston,2022-11-29,263.13,2.0,3.0,263.13,131.565,0,1,0
3003,Customer_3003,47,Male,New York,2021-07-02,2007.86,7.0,19.0,2007.8600000000001,286.83714285714285,1,0,1
3004,Customer_3004,47,Male,Phoenix,2021-12-17,501.44,1.0,4.0,501.44,501.44,2,1,2
3005,Customer_3005,47,Male,Chicago,2022-12-09,174.8,1.0,2.0,174.8,174.8,0,1,0
3006,Customer_3006,28,Male,Los Angeles,2022-11-09,576.83,3.0,5.0,576.8299999999999,192.27666666666664,2,1,2
3007,Customer_3007,33,Male,Houston,2023-03-13,805.78,5.0,9.0,805.78,161.156,2,1,2
3008,Customer_3008,38,Male,Los Angeles,2021-12-06,430.69,5.0,7.0,430.69,86.138,0,1,0
3009,Customer_3009,20,Female,Houston,2021-04-21,989.78,4.0,8.0,989.78,247.445,2,1,2
3010,Customer_3010,53,Female,New York,2021-09-18,178.03,1.0,1.0,178.03,178.03,0,1,0
3011,Customer_3011,35,Female,Houston,2022-01-06,1163.69,4.0,11.0,1163.69,290.9225,2,0,2
3012,Customer_3012,38,Male,Los Angeles,2022-08-27,511.3,3.0,4.0,511.3,170.43333333333334,2,1,2
3013,Customer_3013,29,Male,Chicago,2022-03-25,875.72,6.0,8.0,875.72,145.95333333333335,2,1,2
3014,Customer_3014,20,Female,New York,2023-05-11,326.26,3.0,3.0,326.26,108.75333333333333,0,1,0
3015,Customer_3015,28,Male,Houston,2023-12-07,90.44,1.0,2.0,90.44,90.44,0,1,0
3016,Customer_3016,37,Male,Houston,2022-10-18,1380.65,4.0,13.0,1380.65,345.1625,2,0,2
3017,Customer_3017,42,Female,Chicago,2021-05-29,1396.71,9.0,13.0,1396.71,155.19,1,0,1
3018,Customer_3018,37,Male,Chicago,2021-12-16,62.4,1.0,1.0,62.4,62.4,0,1,0
3019,Customer_3019,39,Male,Los Angeles,2021-11-19,1770.66,10.0,27.0,1770.6599999999999,177.06599999999997,1,0,1
3020,Customer_3020,31,Female,Phoenix,2023-05-15,1460.93,9.0,15.0,1460.93,162.32555555555555,1,0,1
3021,Customer_3021,40,Male,Chicago,2023-10-02,911.42,5.0,14.0,911.42,182.284,2,0,2
3022,Customer_3022,51,Female,Houston,2022-02-02,955.26,5.0,10.0,955.26,191.052,2,1,2
3023,Customer_3023,43,Male,Houston,2022-10-08,376.48,4.0,7.0,376.48,94.12,0,1,0
3024,Customer_3024,44,Male,Los Angeles,2022-02-17,844.69,5.0,11.0,844.69,168.93800000000002,2,1,2
3025,Customer_3025,38,Male,New York,2021-02-06,470.13,6.0,9.0,470.13,78.355,2,1,2
3026,Customer_3026,18,Female,Los Angeles,2021-07-06,366.35,2.0,3.0,366.35,183.175,0,1,0
3027,Customer_3027,24,Male,Houston,2022-02-24,181.12,3.0,4.0,181.12,60.373333333333335,0,1,0
3028,Customer_3028,40,Male,New York,2022-12-26,166.03,2.0,4.0,166.03000000000003,83.01500000000001,0,1,0
3029,Customer_3029,35,Female,Chicago,2021-07-06,1053.86,3.0,7.0,1053.86,351.28666666666663,2,1,2
3030,Customer_3030,40,Male,Houston,2022-04-16,976.67,6.0,15.0,976.6700000000001,162.77833333333334,2,0,2
3031,Customer_3031,53,Female,Los Angeles,2023-03-21,1537.53,9.0,17.0,1537.53,170.83666666666667,1,0,1
3032,Customer_3032,43,Male,Chicago,2021-11-26,2247.12,11.0,25.0,2247.12,204.28363636363636,1,0,1
3033,Customer_3033,49,Female,New York,2023-08-16,635.62,5.0,10.0,635.62,127.124,2,1,2
3034,Customer_3034,36,Female,New York,2021-11-16,0.0,0.0,0.0,0.0,0.0,0,1,0
3035,Customer_3035,26,Female,Houston,2022-04-20,1673.49,9.0,20.0,1673.49,185.94333333333333,1,0,1
3036,Customer_3036,34,Male,New York,2023-04-06,365.69,2.0,5.0,365.69,182.845,2,1,2
3037,Customer_3037,26,Female,Los Angeles,2022-05-29,996.46,5.0,10.0,996.46,199.292,2,0,2
3038,Customer_3038,52,Male,Phoenix,2021-11-30,97.94,1.0,1.0,97.94,97.94,0,1,0
3039,Customer_3039,44,Female,Los Angeles,2023-12-31,338.49,3.0,6.0,338.49,112.83,0,1,0
3040,Customer_3040,41,Female,Phoenix,2022-04-10,104.73,1.0,1.0,104.73,104.73,0,1,0
3041,Customer_3041,49,Male,Phoenix,2022-12-25,305.69,3.0,4.0,305.69,101.89666666666666,0,1,0
3042,Customer_3042,18,Male,Los Angeles,2021-01-08,1042.77,7.0,13.0,1042.77,148.96714285714285,2,0,2
3043,Customer_3043,41,Female,New York,2021-06-13,822.46,4.0,9.0,822.46,205.615,2,1,2
3044,Customer_3044,21,Male,Houston,2023-02-20,234.32,2.0,2.0,234.32,117.16,0,1,0
3045,Customer_3045,35,Male,Los Angeles,2021-12-24,299.27,3.0,6.0,299.27,99.75666666666666,0,1,0
3046,Customer_3046,32,Male,New York,2021-03-22,132.44,1.0,2.0,132.44,132.44,0,1,0
3047,Customer_3047,42,Female,Houston,2023-02-13,2222.45,10.0,23.0,2222.45,222.24499999999998,1,0,1
3048,Customer_3048,38,Female,New York,2023-07-10,978.27,6.0,14.0,978.27,163.045,2,0,2
3049,Customer_3049,50,Male,Phoenix,2023-06-18,1685.76,8.0,20.0,1685.76,210.72,1,0,1
3050,Customer_3050,28,Female,New York,2023-07-11,1884.57,17.0,25.0,1884.5700000000002,110.85705882352943,1,0,1
3051,Customer_3051,43,Male,New York,2023-12-07,189.34,2.0,4.0,189.34,94.67,0,1,0
3052,Customer_3052,37,Male,New York,2023-04-05,88.33,1.0,1.0,88.33,88.33,0,1,0
3053,Customer_3053,18,Male,Phoenix,2023-10-15,404.25,2.0,3.0,404.25,202.125,2,1,2
3054,Customer_3054,25,Male,Houston,2022-11-11,204.81,2.0,3.0,204.81,102.405,0,1,0
3055,Customer_3055,33,Male,Houston,2023-11-13,932.88,8.0,12.0,932.88,116.61,2,0,2
3056,Customer_3056,47,Female,Los Angeles,2022-03-14,561.13,2.0,5.0,561.13,280.565,2,1,2
3057,Customer_3057,40,Male,Los Angeles,2023-08-04,122.66,3.0,3.0,122.66,40.88666666666666,0,1,0
3058,Customer_3058,22,Female,New York,2023-02-15,2875.83,9.0,28.0,2875.83,319.53666666666663,1,0,1
3059,Customer_3059,33,Female,Chicago,2022-11-07,296.37,5.0,6.0,296.37,59.274,0,1,0
3060,Customer_3060,57,Male,Chicago,2021-01-10,505.5,3.0,7.0,505.5,168.5,2,1,2
3061,Customer_3061,36,Male,Chicago,2021-06-07,2896.0,11.0,28.0,2896.0,263.27272727272725,1,0,1
3062,Customer_3062,31,Male,Los Angeles,2023-05-18,759.65,5.0,9.0,759.6499999999999,151.92999999999998,2,1,2
3063,Customer_3063,40,Male,Phoenix,2023-02-23,647.8,4.0,9.0,647.8,161.95,2,1,2
3064,Customer_3064,43,Female,New York,2021-11-16,576.48,3.0,8.0,576.48,192.16,2,1,2
3065,Customer_3065,30,Female,Phoenix,2021-05-01,1553.86,9.0,19.0,1553.86,172.6511111111111,1,0,1
3066,Customer_3066,41,Male,New York,2021-05-19,0.0,0.0,0.0,0.0,0.0,0,1,0
3067,Customer_3067,31,Female,Chicago,2022-11-05,202.14,3.0,7.0,202.14,67.38,0,1,0
3068,Customer_3068,43,Female,Los Angeles,2021-02-13,699.79,6.0,7.0,699.79,116.63166666666666,2,1,2
3069,Customer_3069,37,Female,Los Angeles,2023-03-27,1772.05,8.0,19.0,1772.05,221.50625,1,0,1
3070,Customer_3070,40,Female,Chicago,2021-04-08,186.95,3.0,4.0,186.95,62.31666666666666,0,1,0
3071,Customer_3071,27,Female,Los Angeles,2021-08-27,657.1,4.0,8.0,657.0999999999999,164.27499999999998,2,1,2
3072,Customer_3072,26,Female,Los Angeles,2022-04-20,968.74,6.0,9.0,968.74,161.45666666666668,2,1,2
3073,Customer_3073,45,Female,Houston,2022-06-08,53.82,1.0,1.0,53.82,53.82,0,1,0
3074,Customer_3074,34,Female,Houston,2022-07-11,982.55,4.0,12.0,982.55,245.6375,2,0,2
3075,Customer_3075,38,Male,Houston,2021-01-09,2054.21,10.0,25.0,2054.21,205.421,1,0,1
3076,Customer_3076,32,Female,New York,2023-12-14,330.62,4.0,4.0,330.62,82.655,0,1,0
3077,Customer_3077,45,Female,Chicago,2022-09-08,95.87,1.0,1.0,95.87,95.87,0,1,0
3078,Customer_3078,28,Male,Chicago,2021-06-01,366.12,2.0,6.0,366.12,183.06,2,1,2
3079,Customer_3079,34,Female,Los Angeles,2022-02-14,517.64,3.0,6.0,517.64,172.54666666666665,2,1,2
3080,Customer_3080,44,Male,Chicago,2021-01-10,862.71,4.0,8.0,862.7099999999999,215.67749999999998,2,1,2
3081,Customer_3081,48,Male,Los Angeles,2023-08-15,824.97,6.0,12.0,824.9699999999999,137.49499999999998,2,0,2
3082,Customer_3082,29,Female,New York,2022-07-06,2368.35,10.0,21.0,2368.35,236.83499999999998,1,0,1
3083,Customer_3083,57,Female,New York,2022-07-10,139.72,2.0,3.0,139.72,69.86,0,1,0
3084,Customer_3084,38,Male,New York,2023-05-30,374.37,4.0,8.0,374.37,93.5925,0,1,0
3085,Customer_3085,24,Male,Houston,2021-09-25,154.74,2.0,2.0,154.74,77.37,0,1,0
3086,Customer_3086,39,Female,Chicago,2023-10-11,154.56,3.0,6.0,154.56,51.52,0,1,0
3087,Customer_3087,31,Male,Phoenix,2022-10-29,409.06,2.0,5.0,409.06,204.53,2,1,2
3088,Customer_3088,40,Female,Houston,2022-03-27,496.53,4.0,9.0,496.53,124.1325,2,1,2
3089,Customer_3089,35,Male,New York,2022-08-17,243.29,2.0,2.0,243.29000000000002,121.64500000000001,0,1,0
3090,Customer_3090,36,Female,Phoenix,2022-02-02,38.37,1.0,1.0,38.37,38.37,0,1,0
3091,Customer_3091,25,Male,Phoenix,2023-07-10,438.79,3.0,6.0,438.78999999999996,146.26333333333332,2,1,2
3092,Customer_3092,46,Male,Los Angeles,2023-12-12,441.75,4.0,6.0,441.75,110.4375,0,1,0
3093,Customer_3093,22,Male,Chicago,2023-12-19,395.9,2.0,6.0,395.90000000000003,197.95000000000002,2,1,2
3094,Customer_3094,23,Female,Phoenix,2021-10-21,142.86,1.0,1.0,142.86,142.86,0,1,0
3095,Customer_3095,39,Female,Chicago,2023-02-27,430.08,3.0,5.0,430.08000000000004,143.36,0,1,0
3096,Customer_3096,53,Female,Phoenix,2023-08-10,212.97,2.0,2.0,212.97,106.485,0,1,0
3097,Customer_3097,31,Female,New York,2023-05-19,496.91,2.0,7.0,496.90999999999997,248.45499999999998,2,1,2
3098,Customer_3098,43,Female,New York,2021-04-20,0.0,0.0,0.0,0.0,0.0,0,1,0
3099,Customer_3099,47,Male,Los Angeles,2021-04-17,127.33,1.0,1.0,127.33,127.33,0,1,0
3100,Customer_3100,44,Female,Chicago,2023-10-10,921.88,4.0,9.0,921.88,230.47,2,1,2
3101,Customer_3101,32,Female,Houston,2021-10-24,310.68,3.0,4.0,310.68,103.56,0,1,0
3102,Customer_3102,23,Male,Phoenix,2023-04-19,158.86,2.0,2.0,158.86,79.43,0,1,0
3103,Customer_3103,18,Male,Los Angeles,2023-09-12,266.62,2.0,4.0,266.62,133.31,0,1,0
3104,Customer_3104,32,Male,New York,2023-04-25,93.31,1.0,1.0,93.31,93.31,0,1,0
3105,Customer_3105,48,Male,Houston,2021-03-20,684.46,7.0,10.0,684.46,97.78,2,1,2
3106,Customer_3106,23,Female,Chicago,2022-12-31,1116.01,9.0,18.0,1116.01,124.00111111111111,1,0,1
3107,Customer_3107,43,Female,New York,2021-12-05,461.08,5.0,5.0,461.08,92.216,0,1,0
3108,Customer_3108,25,Male,Chicago,2021-02-26,94.6,2.0,3.0,94.60000000000001,47.300000000000004,0,1,0
3109,Customer_3109,36,Male,Houston,2023-07-09,0.0,0.0,0.0,0.0,0.0,0,1,0
3110,Customer_3110,43,Female,Houston,2021-05-27,362.06,2.0,4.0,362.05999999999995,181.02999999999997,0,1,0
3111,Customer_3111,28,Male,Chicago,2023-01-16,581.1,2.0,4.0,581.1,290.55,2,1,2
3112,Customer_3112,37,Female,Los Angeles,2023-11-07,72.71,1.0,1.0,72.71,72.71,0,1,0
3113,Customer_3113,30,Female,Phoenix,2022-01-03,163.42,2.0,2.0,163.42,81.71,0,1,0
3114,Customer_3114,43,Male,Chicago,2022-12-10,1139.38,6.0,12.0,1139.38,189.89666666666668,2,0,2
3115,Customer_3115,38,Male,Los Angeles,2021-09-05,1545.73,10.0,25.0,1545.73,154.573,1,0,1
3116,Customer_3116,36,Male,Los Angeles,2021-05-30,1286.06,9.0,18.0,1286.06,142.89555555555555,1,0,1
3117,Customer_3117,52,Female,Houston,2022-12-15,871.82,7.0,14.0,871.8199999999999,124.54571428571428,2,0,2
3118,Customer_3118,42,Male,New York,2021-08-05,687.62,2.0,5.0,687.62,343.81,2,1,2
3119,Customer_3119,27,Female,New York,2023-10-27,375.84,3.0,4.0,375.84000000000003,125.28000000000002,0,1,0
3120,Customer_3120,34,Female,Chicago,2022-11-01,134.45,2.0,2.0,134.45,67.225,0,1,0
3121,Customer_3121,34,Male,Los Angeles,2023-05-11,877.85,6.0,12.0,877.8499999999999,146.3083333333333,2,0,2
3122,Customer_3122,36,Male,Chicago,2021-10-31,0.0,0.0,0.0,0.0,0.0,0,1,0
3123,Customer_3123,63,Male,New York,2022-02-07,227.83,3.0,3.0,227.83,75.94333333333334,0,1,0
3124,Customer_3124,39,Male,Chicago,2023-05-10,112.22,2.0,2.0,112.22,56.11,0,1,0
3125,Customer_3125,18,Male,Los Angeles,2022-01-15,398.28,2.0,4.0,398.28,199.14,2,1,2
3126,Customer_3126,29,Male,New York,2022-03-28,346.05,6.0,9.0,346.05,57.675000000000004,0,1,0
3127,Customer_3127,18,Female,New York,2022-11-25,455.9,3.0,5.0,455.90000000000003,151.96666666666667,2,1,2
3128,Customer_3128,31,Female,Phoenix,2021-05-25,611.91,6.0,9.0,611.9100000000001,101.98500000000001,2,1,2
3129,Customer_3129,18,Female,Phoenix,2021-02-19,1131.79,8.0,14.0,1131.79,141.47375,2,0,2
3130,Customer_3130,25,Female,New York,2021-12-09,52.27,2.0,2.0,52.269999999999996,26.134999999999998,0,1,0
3131,Customer_3131,18,Male,Houston,2023-06-01,535.75,5.0,10.0,535.75,107.15,2,1,2
3132,Customer_3132,39,Female,Chicago,2023-06-09,317.02,4.0,7.0,317.02,79.255,0,1,0
3133,Customer_3133,35,Female,Phoenix,2023-11-03,1090.55,7.0,11.0,1090.55,155.79285714285714,2,0,2
3134,Customer_3134,38,Female,Los Angeles,2023-02-01,1210.52,5.0,14.0,1210.52,242.10399999999998,2,0,2
3135,Customer_3135,34,Male,Houston,2023-04-28,1749.49,8.0,18.0,1749.49,218.68625,1,0,1
3136,Customer_3136,20,Female,New York,2023-07-13,541.37,2.0,7.0,541.37,270.685,2,1,2
3137,Customer_3137,41,Male,Los Angeles,2021-07-08,211.1,5.0,5.0,211.1,42.22,0,1,0
3138,Customer_3138,56,Female,Phoenix,2023-12-10,229.21,2.0,6.0,229.20999999999998,114.60499999999999,0,1,0
3139,Customer_3139,40,Female,Chicago,2022-02-14,449.57,3.0,6.0,449.57,149.85666666666665,2,1,2
3140,Customer_3140,30,Male,Los Angeles,2021-08-15,876.89,6.0,9.0,876.8899999999999,146.1483333333333,2,1,2
3141,Customer_3141,19,Male,New York,2021-08-01,687.84,4.0,7.0,687.84,171.96,2,1,2
3142,Customer_3142,25,Female,Houston,2023-10-02,630.13,3.0,6.0,630.13,210.04333333333332,2,1,2
3143,Customer_3143,40,Male,Chicago,2022-02-23,0.0,0.0,0.0,0.0,0.0,0,1,0
3144,Customer_3144,47,Male,Los Angeles,2023-07-08,825.97,4.0,10.0,825.97,206.4925,2,1,2
3145,Customer_3145,38,Female,Phoenix,2023-02-16,235.05,3.0,3.0,235.04999999999998,78.35,0,1,0
3146,Customer_3146,44,Male,New York,2021-08-09,535.63,5.0,9.0,535.63,107.126,2,1,2
3147,Customer_3147,43,Male,Los Angeles,2021-06-25,621.78,3.0,6.0,621.78,207.26,2,1,2
3148,Customer_3148,41,Male,Phoenix,2022-08-07,0.0,0.0,0.0,0.0,0.0,0,1,0
3149,Customer_3149,28,Male,Los Angeles,2022-06-19,601.08,7.0,10.0,601.0799999999999,85.86857142857141,2,1,2
3150,Customer_3150,37,Male,Los Angeles,2022-12-26,259.11,3.0,4.0,259.11,86.37,0,1,0
3151,Customer_3151,26,Male,Chicago,2021-11-20,777.22,4.0,8.0,777.2199999999999,194.30499999999998,2,1,2
3152,Customer_3152,35,Male,Houston,2021-03-26,2684.8,13.0,26.0,2684.8,206.52307692307693,1,0,1
3153,Customer_3153,39,Male,New York,2023-10-17,2477.54,18.0,36.0,2477.54,137.64111111111112,1,0,1
3154,Customer_3154,53,Male,Phoenix,2023-06-06,353.34,2.0,6.0,353.34000000000003,176.67000000000002,2,1,2
3155,Customer_3155,21,Male,Houston,2021-04-22,334.88,2.0,3.0,334.88,167.44,0,1,0
3156,Customer_3156,40,Male,New York,2022-09-20,1319.48,6.0,12.0,1319.48,219.91333333333333,2,0,2
3157,Customer_3157,51,Female,Houston,2023-08-07,100.39,1.0,1.0,100.39,100.39,0,1,0
3158,Customer_3158,43,Male,Los Angeles,2023-01-20,270.99,2.0,4.0,270.99,135.495,0,1,0
3159,Customer_3159,44,Male,Los Angeles,2021-02-21,723.6,6.0,10.0,723.6,120.60000000000001,2,1,2
3160,Customer_3160,41,Female,Houston,2021-03-25,546.74,7.0,9.0,546.74,78.10571428571428,2,1,2
3161,Customer_3161,49,Male,Phoenix,2022-12-13,257.71,3.0,5.0,257.71,85.90333333333332,0,1,0
3162,Customer_3162,23,Female,New York,2023-01-01,1380.37,6.0,15.0,1380.37,230.06166666666664,2,0,2
3163,Customer_3163,20,Female,Los Angeles,2023-01-11,796.65,5.0,8.0,796.65,159.32999999999998,2,1,2
3164,Customer_3164,35,Male,Chicago,2023-04-09,198.0,2.0,5.0,198.0,99.0,0,1,0
3165,Customer_3165,18,Female,Los Angeles,2022-03-01,1288.53,7.0,16.0,1288.53,184.07571428571427,2,0,2
3166,Customer_3166,49,Male,Los Angeles,2023-11-11,1205.86,8.0,15.0,1205.86,150.7325,2,0,2
3167,Customer_3167,48,Male,New York,2021-02-25,168.04,1.0,4.0,168.04,168.04,0,1,0
3168,Customer_3168,30,Female,Houston,2023-03-23,0.0,0.0,0.0,0.0,0.0,0,1,0
3169,Customer_3169,31,Female,Los Angeles,2023-03-18,572.92,3.0,5.0,572.9200000000001,190.97333333333336,2,1,2
3170,Customer_3170,34,Female,New York,2023-10-06,396.26,4.0,8.0,396.26,99.065,0,1,0
3171,Customer_3171,36,Male,Houston,2022-10-17,228.36,1.0,3.0,228.36,228.36,2,1,2
3172,Customer_3172,36,Male,Houston,2023-10-04,1056.23,5.0,14.0,1056.23,211.246,2,0,2
3173,Customer_3173,41,Male,Chicago,2023-06-27,265.72,3.0,5.0,265.71999999999997,88.57333333333332,0,1,0
3174,Customer_3174,33,Female,Los Angeles,2021-01-08,712.52,5.0,7.0,712.52,142.504,2,1,2
3175,Customer_3175,45,Male,Chicago,2021-05-04,436.96,2.0,4.0,436.96000000000004,218.48000000000002,2,1,2
3176,Customer_3176,40,Male,Los Angeles,2023-09-17,42.67,1.0,1.0,42.67,42.67,0,1,0
3177,Customer_3177,28,Male,New York,2023-04-15,0.0,0.0,0.0,0.0,0.0,0,1,0
3178,Customer_3178,50,Female,Houston,2023-02-05,668.36,3.0,8.0,668.3599999999999,222.78666666666663,2,1,2
3179,Customer_3179,20,Male,New York,2021-01-31,702.58,6.0,9.0,702.58,117.09666666666668,2,1,2
3180,Customer_3180,34,Male,New York,2022-01-13,255.64,1.0,2.0,255.64,255.64,2,1,2
3181,Customer_3181,46,Male,New York,2021-11-26,271.63,3.0,5.0,271.63,90.54333333333334,0,1,0
3182,Customer_3182,27,Female,New York,2021-10-09,184.64,1.0,4.0,184.64,184.64,0,1,0
3183,Customer_3183,38,Male,New York,2023-11-02,801.04,2.0,6.0,801.04,400.52,2,1,2
3184,Customer_3184,41,Male,Phoenix,2022-10-01,1670.21,9.0,20.0,1670.21,185.57888888888888,1,0,1
3185,Customer_3185,26,Female,Los Angeles,2023-05-22,17.56,1.0,2.0,17.56,17.56,0,1,0
3186,Customer_3186,34,Male,New York,2022-11-30,737.39,8.0,12.0,737.39,92.17375,2,0,2
3187,Customer_3187,33,Male,New York,2021-03-10,1582.01,6.0,12.0,1582.01,263.66833333333335,2,0,2
3188,Customer_3188,29,Female,Phoenix,2023-04-21,427.69,4.0,5.0,427.69000000000005,106.92250000000001,0,1,0
3189,Customer_3189,60,Female,Chicago,2021-01-23,198.48,2.0,5.0,198.48000000000002,99.24000000000001,0,1,0
3190,Customer_3190,27,Male,Los Angeles,2021-12-03,172.45,2.0,3.0,172.45000000000002,86.22500000000001,0,1,0
3191,Customer_3191,46,Female,Phoenix,2022-03-03,485.99,2.0,6.0,485.99,242.995,2,1,2
3192,Customer_3192,31,Male,Los Angeles,2023-04-25,108.16,2.0,2.0,108.16,54.08,0,1,0
3193,Customer_3193,23,Female,Los Angeles,2021-07-28,385.8,4.0,6.0,385.8,96.45,0,1,0
3194,Customer_3194,36,Male,New York,2021-08-03,380.29,5.0,6.0,380.29,76.058,0,1,0
3195,Customer_3195,42,Female,Los Angeles,2022-09-27,401.01,3.0,7.0,401.01,133.67,0,1,0
3196,Customer_3196,45,Male,Los Angeles,2022-02-27,201.29,2.0,2.0,201.29,100.645,0,1,0
3197,Customer_3197,52,Male,Houston,2021-03-14,1217.32,4.0,11.0,1217.32,304.33,2,0,2
3198,Customer_3198,67,Male,Los Angeles,2023-04-03,67.14,1.0,1.0,67.14,67.14,0,1,0
3199,Customer_3199,38,Male,Chicago,2023-02-25,748.12,4.0,9.0,748.12,187.03,2,1,2
3200,Customer_3200,28,Female,New York,2023-07-27,396.15,4.0,8.0,396.15,99.0375,0,1,0
3201,Customer_3201,40,Male,New York,2023-12-01,147.47,2.0,2.0,147.47,73.735,0,1,0
3202,Customer_3202,32,Female,Los Angeles,2021-10-16,1084.43,8.0,13.0,1084.43,135.55375,2,0,2
3203,Customer_3203,45,Female,Phoenix,2022-07-09,513.93,3.0,5.0,513.9300000000001,171.31000000000003,2,1,2
3204,Customer_3204,21,Female,Los Angeles,2022-03-15,741.66,6.0,13.0,741.66,123.61,2,1,2
3205,Customer_3205,61,Female,Chicago,2021-01-28,60.7,2.0,3.0,60.7,30.35,0,1,0
3206,Customer_3206,44,Male,Los Angeles,2021-09-27,434.16,4.0,6.0,434.15999999999997,108.53999999999999,0,1,0
3207,Customer_3207,18,Male,New York,2021-03-15,625.82,3.0,7.0,625.8199999999999,208.60666666666665,2,1,2
3208,Customer_3208,27,Female,New York,2022-11-05,349.12,4.0,6.0,349.12,87.28,0,1,0
3209,Customer_3209,44,Female,Los Angeles,2021-09-03,808.81,2.0,5.0,808.81,404.405,2,1,2
3210,Customer_3210,48,Male,New York,2022-02-14,1831.24,8.0,25.0,1831.24,228.905,1,0,1
3211,Customer_3211,21,Female,New York,2022-05-13,243.98,1.0,2.0,243.98,243.98,2,1,2
3212,Customer_3212,43,Female,Houston,2023-10-09,0.0,0.0,0.0,0.0,0.0,0,1,0
3213,Customer_3213,18,Female,New York,2021-07-30,353.77,4.0,7.0,353.77000000000004,88.44250000000001,0,1,0
3214,Customer_3214,34,Male,Chicago,2023-03-03,0.0,0.0,0.0,0.0,0.0,0,1,0
3215,Customer_3215,47,Male,Los Angeles,2021-12-26,212.85,2.0,4.0,212.85000000000002,106.42500000000001,0,1,0
3216,Customer_3216,29,Female,Chicago,2022-08-05,57.92,1.0,1.0,57.92,57.92,0,1,0
3217,Customer_3217,18,Female,Chicago,2023-11-10,0.0,0.0,0.0,0.0,0.0,0,1,0
3218,Customer_3218,37,Male,Los Angeles,2022-02-27,509.59,5.0,9.0,509.59000000000003,101.918,2,1,2
3219,Customer_3219,28,Male,Los Angeles,2021-05-01,214.95,1.0,3.0,214.95000000000002,214.95000000000002,0,1,0
3220,Customer_3220,42,Female,Houston,2021-06-22,191.89,2.0,5.0,191.89,95.945,0,1,0
3221,Customer_3221,25,Male,Phoenix,2021-02-03,701.23,5.0,6.0,701.23,140.246,2,1,2
3222,Customer_3222,27,Female,New York,2023-07-07,476.26,3.0,5.0,476.26000000000005,158.75333333333336,2,1,2
3223,Customer_3223,18,Female,New York,2021-03-12,449.26,2.0,5.0,449.26,224.63,2,1,2
3224,Customer_3224,37,Male,Phoenix,2022-06-29,0.0,0.0,0.0,0.0,0.0,0,1,0
3225,Customer_3225,33,Female,Los Angeles,2023-02-13,191.35,3.0,4.0,191.35,63.78333333333333,0,1,0
3226,Customer_3226,22,Male,Chicago,2023-02-23,883.58,5.0,9.0,883.58,176.716,2,1,2
3227,Customer_3227,37,Female,Los Angeles,2023-08-26,657.49,3.0,7.0,657.49,219.16333333333333,2,1,2
3228,Customer_3228,46,Female,New York,2022-06-19,908.01,6.0,9.0,908.01,151.335,2,1,2
3229,Customer_3229,33,Male,Chicago,2021-01-14,723.33,7.0,10.0,723.3299999999999,103.33285714285714,2,1,2
3230,Customer_3230,38,Female,Chicago,2021-09-28,122.8,1.0,2.0,122.8,122.8,0,1,0
3231,Customer_3231,38,Male,New York,2023-12-13,336.64,3.0,3.0,336.64,112.21333333333332,0,1,0
3232,Customer_3232,22,Female,Los Angeles,2022-04-08,474.42,3.0,4.0,474.41999999999996,158.14,2,1,2
3233,Customer_3233,58,Female,Houston,2022-06-07,2441.57,11.0,27.0,2441.57,221.9609090909091,1,0,1
3234,Customer_3234,30,Female,Chicago,2023-02-09,62.12,1.0,1.0,62.12,62.12,0,1,0
3235,Customer_3235,42,Male,New York,2023-05-05,856.9,6.0,11.0,856.9,142.81666666666666,2,1,2
3236,Customer_3236,43,Female,Chicago,2023-03-03,0.0,0.0,0.0,0.0,0.0,0,1,0
3237,Customer_3237,33,Male,Houston,2022-03-19,129.91,1.0,1.0,129.91,129.91,0,1,0
3238,Customer_3238,42,Female,Houston,2021-09-08,409.05,5.0,5.0,409.04999999999995,81.80999999999999,0,1,0
3239,Customer_3239,38,Male,Chicago,2021-06-09,586.53,5.0,7.0,586.53,117.306,2,1,2
3240,Customer_3240,19,Female,New York,2021-02-05,929.21,6.0,13.0,929.21,154.86833333333334,2,0,2
3241,Customer_3241,31,Male,Houston,2023-05-30,963.36,4.0,8.0,963.3600000000001,240.84000000000003,2,1,2
3242,Customer_3242,28,Male,Houston,2022-01-28,1749.28,8.0,20.0,1749.28,218.66,1,0,1
3243,Customer_3243,30,Male,New York,2021-02-13,373.45,2.0,4.0,373.45000000000005,186.72500000000002,2,1,2
3244,Customer_3244,21,Male,Los Angeles,2021-11-11,969.75,4.0,9.0,969.75,242.4375,2,1,2
3245,Customer_3245,47,Male,Los Angeles,2022-02-12,1292.88,11.0,18.0,1292.8799999999999,117.53454545454544,1,0,1
3246,Customer_3246,53,Male,Chicago,2023-06-14,1405.69,9.0,20.0,1405.69,156.1877777777778,1,0,1
3247,Customer_3247,46,Female,New York,2021-07-25,1743.32,12.0,22.0,1743.3200000000002,145.27666666666667,1,0,1
3248,Customer_3248,49,Female,Chicago,2021-02-10,1600.02,10.0,20.0,1600.02,160.002,1,0,1
3249,Customer_3249,31,Male,Phoenix,2022-08-11,420.92,4.0,8.0,420.92,105.23,0,1,0
3250,Customer_3250,28,Male,Houston,2022-12-15,151.86,1.0,2.0,151.86,151.86,0,1,0
3251,Customer_3251,26,Male,Phoenix,2023-06-17,169.94,2.0,3.0,169.94,84.97,0,1,0
3252,Customer_3252,42,Female,Phoenix,2021-04-05,2228.19,11.0,27.0,2228.19,202.56272727272727,1,0,1
3253,Customer_3253,37,Female,New York,2022-06-24,147.78,1.0,3.0,147.78,147.78,0,1,0
3254,Customer_3254,34,Female,Chicago,2021-02-28,361.04,4.0,4.0,361.04,90.26,0,1,0
3255,Customer_3255,49,Male,Los Angeles,2023-05-04,342.77,4.0,6.0,342.77,85.6925,0,1,0
3256,Customer_3256,39,Female,Phoenix,2022-05-24,1374.91,10.0,14.0,1374.91,137.491,1,0,1
3257,Customer_3257,26,Female,Los Angeles,2022-05-28,87.51,2.0,2.0,87.51,43.755,0,1,0
3258,Customer_3258,28,Female,Phoenix,2023-03-10,0.0,0.0,0.0,0.0,0.0,0,1,0
3259,Customer_3259,43,Female,Chicago,2023-11-12,277.15,4.0,7.0,277.15,69.2875,0,1,0
3260,Customer_3260,46,Male,Houston,2023-01-08,412.79,2.0,4.0,412.79,206.395,2,1,2
3261,Customer_3261,41,Female,New York,2022-11-30,1033.96,6.0,12.0,1033.96,172.32666666666668,2,0,2
3262,Customer_3262,56,Male,New York,2023-06-06,0.0,0.0,0.0,0.0,0.0,0,1,0
3263,Customer_3263,53,Female,Houston,2022-04-16,1471.81,7.0,15.0,1471.81,210.25857142857143,2,0,2
3264,Customer_3264,40,Female,New York,2021-10-11,826.58,5.0,10.0,826.58,165.316,2,1,2
3265,Customer_3265,26,Female,Houston,2022-01-07,45.3,1.0,2.0,45.3,45.3,0,1,0
3266,Customer_3266,21,Female,New York,2023-11-17,0.0,0.0,0.0,0.0,0.0,0,1,0
3267,Customer_3267,31,Female,Chicago,2023-05-05,104.68,3.0,4.0,104.68,34.89333333333334,0,1,0
3268,Customer_3268,43,Female,Los Angeles,2021-05-09,42.44,1.0,2.0,42.44,42.44,0,1,0
3269,Customer_3269,55,Male,Chicago,2022-05-22,1209.54,5.0,13.0,1209.54,241.908,2,0,2
3270,Customer_3270,40,Female,Houston,2022-08-01,0.0,0.0,0.0,0.0,0.0,0,1,0
3271,Customer_3271,48,Male,Los Angeles,2022-04-18,134.72,1.0,1.0,134.72,134.72,0,1,0
3272,Customer_3272,32,Male,New York,2023-10-05,323.31,2.0,7.0,323.31,161.655,2,1,2
3273,Customer_3273,42,Male,New York,2022-10-30,516.98,3.0,5.0,516.98,172.32666666666668,2,1,2
3274,Customer_3274,44,Female,Chicago,2021-11-16,1588.5,13.0,21.0,1588.5,122.1923076923077,1,0,1
3275,Customer_3275,18,Female,Chicago,2021-02-27,373.98,3.0,5.0,373.98,124.66000000000001,0,1,0
3276,Customer_3276,30,Female,Houston,2021-09-30,619.91,5.0,9.0,619.91,123.982,2,1,2
3277,Customer_3277,45,Female,Chicago,2023-09-09,361.38,4.0,5.0,361.38,90.345,0,1,0
3278,Customer_3278,38,Male,Los Angeles,2021-02-10,202.38,1.0,3.0,202.38,202.38,0,1,0
3279,Customer_3279,22,Female,Los Angeles,2023-01-08,1290.65,10.0,18.0,1290.65,129.065,1,0,1
3280,Customer_3280,18,Female,New York,2023-11-13,650.73,3.0,7.0,650.73,216.91,2,1,2
3281,Customer_3281,31,Male,Los Angeles,2022-12-10,76.69,2.0,2.0,76.69,38.345,0,1,0
3282,Customer_3282,34,Male,Phoenix,2021-08-24,2941.34,18.0,30.0,2941.34,163.4077777777778,1,0,1
3283,Customer_3283,25,Male,Phoenix,2021-05-06,859.28,7.0,11.0,859.2800000000001,122.75428571428573,2,0,2
3284,Customer_3284,37,Female,Los Angeles,2023-02-17,21.73,1.0,1.0,21.73,21.73,0,1,0
3285,Customer_3285,41,Female,Chicago,2023-04-16,0.0,0.0,0.0,0.0,0.0,0,1,0
3286,Customer_3286,42,Female,Houston,2021-05-20,363.51,3.0,5.0,363.51,121.17,0,1,0
3287,Customer_3287,18,Female,Los Angeles,2023-05-29,2293.07,14.0,27.0,2293.07,163.7907142857143,1,0,1
3288,Customer_3288,21,Female,New York,2022-01-29,243.36,1.0,3.0,243.36,243.36,2,1,2
3289,Customer_3289,32,Female,New York,2023-04-08,737.21,5.0,8.0,737.21,147.442,2,1,2
3290,Customer_3290,41,Female,Chicago,2021-05-07,380.82,3.0,5.0,380.82000000000005,126.94000000000001,0,1,0
3291,Customer_3291,40,Female,Phoenix,2023-04-17,0.0,0.0,0.0,0.0,0.0,0,1,0
3292,Customer_3292,40,Female,Houston,2022-06-09,294.02,3.0,5.0,294.02,98.00666666666666,0,1,0
3293,Customer_3293,31,Male,New York,2021-05-26,62.42,1.0,2.0,62.42,62.42,0,1,0
3294,Customer_3294,31,Male,New York,2023-01-05,26.09,1.0,1.0,26.09,26.09,0,1,0
3295,Customer_3295,27,Male,Houston,2022-12-29,1010.58,6.0,12.0,1010.5799999999999,168.42999999999998,2,0,2
3296,Customer_3296,43,Female,Houston,2021-06-18,2267.02,8.0,23.0,2267.02,283.3775,1,0,1
3297,Customer_3297,25,Female,Chicago,2021-10-27,0.0,0.0,0.0,0.0,0.0,0,1,0
3298,Customer_3298,44,Female,Chicago,2023-07-27,0.0,0.0,0.0,0.0,0.0,0,1,0
3299,Customer_3299,37,Male,New York,2022-06-06,304.36,3.0,5.0,304.36,101.45333333333333,0,1,0
3300,Customer_3300,35,Male,Houston,2021-04-15,1079.89,5.0,9.0,1079.8899999999999,215.97799999999998,2,0,2
3301,Customer_3301,28,Female,Houston,2022-09-10,1682.68,9.0,22.0,1682.6799999999998,186.96444444444444,1,0,1
3302,Customer_3302,20,Male,Los Angeles,2023-08-27,506.01,3.0,8.0,506.01,168.67,2,1,2
3303,Customer_3303,28,Female,Houston,2022-05-21,715.35,3.0,6.0,715.35,238.45000000000002,2,1,2
3304,Customer_3304,31,Male,New York,2021-10-29,232.42,2.0,6.0,232.42000000000002,116.21000000000001,0,1,0
3305,Customer_3305,18,Male,New York,2022-10-15,0.0,0.0,0.0,0.0,0.0,0,1,0
3306,Customer_3306,33,Male,New York,2021-03-05,1866.84,6.0,14.0,1866.8400000000001,311.14000000000004,2,0,2
3307,Customer_3307,45,Male,New York,2022-08-13,358.2,3.0,8.0,358.2,119.39999999999999,0,1,0
3308,Customer_3308,41,Male,Los Angeles,2021-08-20,732.91,2.0,5.0,732.9100000000001,366.45500000000004,2,1,2
3309,Customer_3309,30,Female,Los Angeles,2021-11-15,0.0,0.0,0.0,0.0,0.0,0,1,0
3310,Customer_3310,36,Male,Chicago,2023-04-09,2460.7,13.0,22.0,2460.7,189.28461538461536,1,0,1
3311,Customer_3311,29,Female,Chicago,2021-04-02,723.67,8.0,11.0,723.6700000000001,90.45875000000001,2,0,2
3312,Customer_3312,37,Male,Los Angeles,2023-08-19,23.98,1.0,1.0,23.98,23.98,0,1,0
3313,Customer_3313,52,Male,New York,2021-03-05,345.31,4.0,7.0,345.31,86.3275,0,1,0
3314,Customer_3314,46,Male,Chicago,2023-04-24,0.0,0.0,0.0,0.0,0.0,0,1,0
3315,Customer_3315,41,Female,Los Angeles,2021-08-07,129.62,1.0,1.0,129.62,129.62,0,1,0
3316,Customer_3316,30,Male,Los Angeles,2022-12-05,0.0,0.0,0.0,0.0,0.0,0,1,0
3317,Customer_3317,43,Male,Phoenix,2022-09-11,1582.58,8.0,16.0,1582.58,197.8225,1,0,1
3318,Customer_3318,18,Male,Houston,2021-09-04,1764.35,6.0,13.0,1764.35,294.05833333333334,2,0,2
3319,Customer_3319,32,Female,Phoenix,2023-08-22,1464.42,8.0,19.0,1464.42,183.0525,1,0,1
3320,Customer_3320,41,Female,Chicago,2023-10-11,924.36,3.0,9.0,924.3599999999999,308.11999999999995,2,1,2
3321,Customer_3321,43,Female,New York,2021-02-26,133.83,3.0,3.0,133.83,44.61000000000001,0,1,0
3322,Customer_3322,42,Female,Houston,2023-12-05,894.3,6.0,12.0,894.3,149.04999999999998,2,0,2
3323,Customer_3323,38,Male,New York,2023-11-28,104.18,2.0,3.0,104.18,52.09,0,1,0
3324,Customer_3324,33,Female,Los Angeles,2021-07-01,1567.13,11.0,20.0,1567.1299999999999,142.46636363636364,1,0,1
3325,Customer_3325,41,Male,New York,2021-06-13,647.38,2.0,4.0,647.38,323.69,2,1,2
3326,Customer_3326,25,Female,Houston,2023-01-27,676.85,4.0,5.0,676.85,169.2125,2,1,2
3327,Customer_3327,26,Female,New York,2021-05-06,404.72,2.0,9.0,404.71999999999997,202.35999999999999,2,1,2
3328,Customer_3328,36,Male,Phoenix,2021-09-24,2099.81,13.0,25.0,2099.81,161.52384615384614,1,0,1
3329,Customer_3329,37,Male,Phoenix,2021-12-20,587.28,2.0,6.0,587.28,293.64,2,1,2
3330,Customer_3330,18,Female,Los Angeles,2022-09-02,1257.79,7.0,13.0,1257.7900000000002,179.68428571428575,2,0,2
3331,Customer_3331,40,Male,Houston,2022-04-14,1709.5,15.0,27.0,1709.5,113.96666666666667,1,0,1
3332,Customer_3332,44,Male,Chicago,2023-03-12,39.28,1.0,2.0,39.28,39.28,0,1,0
3333,Customer_3333,34,Female,Houston,2021-05-13,670.51,6.0,9.0,670.51,111.75166666666667,2,1,2
3334,Customer_3334,61,Male,Los Angeles,2023-10-09,167.65,1.0,1.0,167.65,167.65,0,1,0
3335,Customer_3335,27,Male,Houston,2023-04-29,0.0,0.0,0.0,0.0,0.0,0,1,0
3336,Customer_3336,31,Male,Los Angeles,2023-10-17,818.21,4.0,9.0,818.21,204.5525,2,1,2
3337,Customer_3337,31,Female,Phoenix,2021-11-14,467.68,4.0,7.0,467.68,116.92,2,1,2
3338,Customer_3338,34,Male,Chicago,2022-12-12,127.04,2.0,4.0,127.03999999999999,63.519999999999996,0,1,0
3339,Customer_3339,31,Female,Los Angeles,2022-03-27,1677.62,10.0,21.0,1677.62,167.762,1,0,1
3340,Customer_3340,20,Female,Houston,2022-09-25,372.84,3.0,6.0,372.84000000000003,124.28000000000002,0,1,0
3341,Customer_3341,29,Female,Houston,2021-05-22,605.65,4.0,7.0,605.65,151.4125,2,1,2
3342,Customer_3342,34,Female,Chicago,2023-10-01,582.84,1.0,4.0,582.84,582.84,2,1,2
3343,Customer_3343,49,Male,New York,2023-05-09,817.11,7.0,14.0,817.11,116.73,2,0,2
3344,Customer_3344,59,Male,Los Angeles,2022-07-23,1383.78,9.0,22.0,1383.78,153.75333333333333,1,0,1
3345,Customer_3345,50,Male,Phoenix,2021-10-31,172.92,1.0,4.0,172.92,172.92,0,1,0
3346,Customer_3346,26,Female,Houston,2022-10-19,1254.93,7.0,17.0,1254.93,179.2757142857143,2,0,2
3347,Customer_3347,27,Female,Houston,2022-10-06,815.62,6.0,9.0,815.62,135.93666666666667,2,1,2
3348,Customer_3348,33,Female,New York,2022-08-16,397.68,2.0,4.0,397.68,198.84,2,1,2
3349,Customer_3349,55,Male,Los Angeles,2021-01-30,742.09,4.0,8.0,742.09,185.5225,2,1,2
3350,Customer_3350,33,Female,Chicago,2022-11-26,95.12,1.0,4.0,95.12,95.12,0,1,0
3351,Customer_3351,20,Male,Houston,2021-06-07,1579.87,5.0,15.0,1579.87,315.974,2,0,2
3352,Customer_3352,29,Male,New York,2021-05-26,1689.17,12.0,21.0,1689.17,140.76416666666668,1,0,1
3353,Customer_3353,43,Female,Phoenix,2021-12-06,1400.86,9.0,17.0,1400.8600000000001,155.65111111111113,1,0,1
3354,Customer_3354,43,Male,Chicago,2023-05-16,180.78,2.0,2.0,180.78,90.39,0,1,0
3355,Customer_3355,33,Female,New York,2021-04-02,863.05,9.0,14.0,863.0500000000001,95.89444444444445,2,0,2
3356,Customer_3356,43,Male,Los Angeles,2021-11-25,334.85,5.0,6.0,334.85,66.97,0,1,0
3357,Customer_3357,18,Male,Los Angeles,2021-06-21,590.63,6.0,8.0,590.63,98.43833333333333,2,1,2
3358,Customer_3358,36,Female,Chicago,2022-12-03,222.6,2.0,3.0,222.6,111.3,0,1,0
3359,Customer_3359,44,Female,New York,2023-11-21,317.15,4.0,4.0,317.15000000000003,79.28750000000001,0,1,0
3360,Customer_3360,26,Male,New York,2022-09-13,1157.47,7.0,12.0,1157.47,165.35285714285715,2,0,2
3361,Customer_3361,26,Male,Houston,2021-09-29,536.12,3.0,7.0,536.12,178.70666666666668,2,1,2
3362,Customer_3362,18,Female,New York,2023-09-16,557.72,4.0,7.0,557.72,139.43,2,1,2
3363,Customer_3363,52,Male,New York,2021-03-18,217.75,4.0,6.0,217.75,54.4375,0,1,0
3364,Customer_3364,27,Male,Los Angeles,2021-05-31,329.95,4.0,5.0,329.95,82.4875,0,1,0
3365,Customer_3365,38,Male,Chicago,2021-05-22,0.0,0.0,0.0,0.0,0.0,0,1,0
3366,Customer_3366,42,Female,Houston,2021-08-19,690.04,6.0,13.0,690.04,115.00666666666666,2,1,2
3367,Customer_3367,52,Male,Los Angeles,2023-08-12,340.52,2.0,6.0,340.52,170.26,2,1,2
3368,Customer_3368,33,Male,Houston,2021-05-08,778.6,7.0,9.0,778.6,111.22857142857143,2,1,2
3369,Customer_3369,29,Female,Chicago,2023-05-10,2861.72,20.0,39.0,2861.7200000000003,143.086,1,0,1
3370,Customer_3370,37,Female,New York,2022-11-27,1361.92,8.0,15.0,1361.92,170.24,1,0,1
3371,Customer_3371,49,Male,New York,2022-05-12,1233.21,4.0,10.0,1233.21,308.3025,2,0,2
3372,Customer_3372,33,Female,Los Angeles,2023-03-21,990.31,12.0,20.0,990.31,82.52583333333332,1,0,1
3373,Customer_3373,24,Male,Los Angeles,2021-05-11,1852.01,10.0,24.0,1852.01,185.201,1,0,1
3374,Customer_3374,18,Female,Houston,2021-09-26,486.43,4.0,7.0,486.43,121.6075,2,1,2
3375,Customer_3375,22,Female,Chicago,2022-09-10,878.17,7.0,13.0,878.1700000000001,125.45285714285716,2,0,2
3376,Customer_3376,45,Male,Los Angeles,2023-08-20,2057.9,10.0,24.0,2057.9,205.79000000000002,1,0,1
3377,Customer_3377,31,Female,New York,2023-12-11,489.35,3.0,4.0,489.35,163.11666666666667,2,1,2
3378,Customer_3378,28,Female,New York,2023-03-20,348.83,4.0,6.0,348.83,87.2075,0,1,0
3379,Customer_3379,27,Female,Chicago,2023-10-26,69.41,1.0,1.0,69.41,69.41,0,1,0
3380,Customer_3380,36,Male,Los Angeles,2022-10-10,443.72,5.0,10.0,443.72,88.744,2,1,2
3381,Customer_3381,32,Female,Chicago,2023-01-08,405.54,5.0,5.0,405.54,81.108,0,1,0
3382,Customer_3382,32,Female,New York,2022-05-17,706.11,5.0,7.0,706.11,141.222,2,1,2
3383,Customer_3383,50,Male,Chicago,2022-02-13,3928.49,24.0,46.0,3928.49,163.68708333333333,1,0,1
3384,Customer_3384,52,Female,Phoenix,2023-03-31,40.65,1.0,1.0,40.65,40.65,0,1,0
3385,Customer_3385,18,Male,Los Angeles,2023-06-22,527.94,3.0,5.0,527.9399999999999,175.98,2,1,2
3386,Customer_3386,39,Female,Chicago,2021-07-08,0.0,0.0,0.0,0.0,0.0,0,1,0
3387,Customer_3387,26,Male,Phoenix,2023-09-08,894.71,5.0,11.0,894.71,178.942,2,1,2
3388,Customer_3388,32,Female,Los Angeles,2023-03-26,59.38,1.0,1.0,59.38,59.38,0,1,0
3389,Customer_3389,38,Male,Chicago,2022-01-18,243.47,3.0,6.0,243.47000000000003,81.15666666666668,0,1,0
3390,Customer_3390,33,Female,New York,2023-04-30,590.92,6.0,12.0,590.92,98.48666666666666,2,1,2
3391,Customer_3391,38,Female,Chicago,2022-05-05,1208.56,7.0,15.0,1208.56,172.65142857142857,2,0,2
3392,Customer_3392,42,Female,New York,2022-03-02,603.21,4.0,7.0,603.21,150.8025,2,1,2
3393,Customer_3393,38,Female,Phoenix,2021-09-07,44.94,1.0,1.0,44.94,44.94,0,1,0
3394,Customer_3394,28,Female,Houston,2023-12-21,414.5,4.0,7.0,414.5,103.625,0,1,0
3395,Customer_3395,28,Female,Houston,2023-10-17,478.01,3.0,7.0,478.01,159.33666666666667,2,1,2
3396,Customer_3396,19,Male,Houston,2022-11-15,166.74,2.0,2.0,166.74,83.37,0,1,0
3397,Customer_3397,26,Female,Chicago,2021-11-15,938.16,7.0,13.0,938.16,134.02285714285713,2,0,2
3398,Customer_3398,57,Female,Los Angeles,2023-10-17,623.69,4.0,11.0,623.69,155.9225,2,1,2
3399,Customer_3399,26,Male,Phoenix,2021-08-13,1733.21,11.0,16.0,1733.21,157.56454545454545,1,0,1
3400,Customer_3400,22,Male,Phoenix,2022-02-27,135.72,1.0,2.0,135.72,135.72,0,1,0
3401,Customer_3401,39,Female,Chicago,2023-06-27,703.04,6.0,11.0,703.04,117.17333333333333,2,1,2
3402,Customer_3402,34,Female,Phoenix,2021-03-20,0.0,0.0,0.0,0.0,0.0,0,1,0
3403,Customer_3403,33,Female,Chicago,2023-05-05,389.82,2.0,4.0,389.82,194.91,2,1,2
3404,Customer_3404,50,Male,Chicago,2023-10-01,2827.15,9.0,25.0,2827.15,314.1277777777778,1,0,1
3405,Customer_3405,41,Male,Los Angeles,2021-12-31,114.84,1.0,1.0,114.84,114.84,0,1,0
3406,Customer_3406,29,Female,New York,2021-01-22,1022.05,3.0,7.0,1022.05,340.68333333333334,2,1,2
3407,Customer_3407,30,Male,New York,2022-07-02,194.71,4.0,6.0,194.70999999999998,48.677499999999995,0,1,0
3408,Customer_3408,29,Male,New York,2021-11-26,1108.22,6.0,12.0,1108.22,184.70333333333335,2,0,2
3409,Customer_3409,45,Male,Chicago,2021-02-25,533.28,3.0,6.0,533.28,177.76,2,1,2
3410,Customer_3410,32,Male,Los Angeles,2023-07-14,285.42,3.0,7.0,285.42,95.14,0,1,0
3411,Customer_3411,18,Female,Los Angeles,2021-09-18,2849.51,14.0,30.0,2849.51,203.5364285714286,1,0,1
3412,Customer_3412,34,Female,Phoenix,2022-03-11,195.5,2.0,4.0,195.5,97.75,0,1,0
3413,Customer_3413,18,Female,Los Angeles,2022-06-22,1578.83,8.0,18.0,1578.8300000000002,197.35375000000002,1,0,1
3414,Customer_3414,59,Female,Los Angeles,2022-06-19,805.75,5.0,12.0,805.75,161.15,2,1,2
3415,Customer_3415,24,Male,New York,2022-01-16,485.93,6.0,10.0,485.93,80.98833333333333,2,1,2
3416,Customer_3416,33,Male,New York,2021-04-13,805.99,5.0,9.0,805.99,161.198,2,1,2
3417,Customer_3417,38,Female,Houston,2021-01-29,393.96,1.0,3.0,393.96,393.96,2,1,2
3418,Customer_3418,32,Female,Chicago,2023-12-17,82.53,1.0,1.0,82.53,82.53,0,1,0
3419,Customer_3419,32,Female,Houston,2023-12-22,0.0,0.0,0.0,0.0,0.0,0,1,0
3420,Customer_3420,40,Male,New York,2023-08-13,221.76,1.0,3.0,221.76,221.76,2,1,2
3421,Customer_3421,52,Female,Chicago,2023-12-08,162.15,3.0,3.0,162.15,54.050000000000004,0,1,0
3422,Customer_3422,43,Female,Los Angeles,2022-07-01,46.8,1.0,2.0,46.8,46.8,0,1,0
3423,Customer_3423,51,Female,New York,2021-11-23,412.87,5.0,10.0,412.87,82.574,2,1,2
3424,Customer_3424,23,Female,New York,2021-09-23,1885.49,9.0,22.0,1885.4899999999998,209.49888888888887,1,0,1
3425,Customer_3425,38,Male,New York,2022-12-30,778.4,6.0,9.0,778.4,129.73333333333332,2,1,2
3426,Customer_3426,37,Male,Los Angeles,2023-12-04,1224.1,9.0,18.0,1224.1,136.0111111111111,1,0,1
3427,Customer_3427,39,Female,New York,2021-08-07,380.62,5.0,8.0,380.62,76.124,0,1,0
3428,Customer_3428,50,Male,Phoenix,2021-05-06,0.0,0.0,0.0,0.0,0.0,0,1,0
3429,Customer_3429,33,Male,Los Angeles,2023-06-01,86.22,1.0,2.0,86.22,86.22,0,1,0
3430,Customer_3430,31,Male,New York,2021-11-15,0.0,0.0,0.0,0.0,0.0,0,1,0
3431,Customer_3431,41,Female,New York,2021-03-26,1095.1,4.0,13.0,1095.1,273.775,2,0,2
3432,Customer_3432,18,Female,Chicago,2023-12-01,0.0,0.0,0.0,0.0,0.0,0,1,0
3433,Customer_3433,32,Female,New York,2022-12-24,302.94,3.0,6.0,302.94,100.98,0,1,0
3434,Customer_3434,34,Male,Phoenix,2021-12-28,496.58,5.0,10.0,496.58,99.316,2,1,2
3435,Customer_3435,25,Female,Phoenix,2022-01-02,0.0,0.0,0.0,0.0,0.0,0,1,0
3436,Customer_3436,47,Female,New York,2023-09-15,964.11,10.0,15.0,964.11,96.411,1,0,1
3437,Customer_3437,23,Female,Los Angeles,2023-12-30,866.42,7.0,9.0,866.4200000000001,123.77428571428572,2,1,2
3438,Customer_3438,34,Male,New York,2022-08-11,896.37,9.0,18.0,896.37,99.59666666666666,1,0,1
3439,Customer_3439,38,Female,Chicago,2023-08-21,1046.61,8.0,20.0,1046.6100000000001,130.82625000000002,1,0,1
3440,Customer_3440,50,Male,Los Angeles,2022-05-04,2023.32,10.0,24.0,2023.32,202.332,1,0,1
3441,Customer_3441,35,Male,Los Angeles,2023-04-11,622.96,4.0,10.0,622.96,155.74,2,1,2
3442,Customer_3442,45,Female,New York,2022-10-28,0.0,0.0,0.0,0.0,0.0,0,1,0
3443,Customer_3443,43,Male,Chicago,2023-05-26,613.81,3.0,10.0,613.81,204.60333333333332,2,1,2
3444,Customer_3444,36,Female,Los Angeles,2021-12-27,1081.95,10.0,15.0,1081.95,108.19500000000001,1,0,1
3445,Customer_3445,23,Male,New York,2021-12-24,225.12,2.0,3.0,225.12,112.56,0,1,0
3446,Customer_3446,19,Female,Houston,2023-01-06,1689.39,11.0,20.0,1689.39,153.5809090909091,1,0,1
3447,Customer_3447,36,Male,Chicago,2021-03-05,1021.34,8.0,12.0,1021.34,127.6675,2,0,2
3448,Customer_3448,29,Male,Phoenix,2021-06-30,1380.87,9.0,14.0,1380.87,153.42999999999998,1,0,1
3449,Customer_3449,45,Male,New York,2022-08-10,641.43,3.0,5.0,641.4300000000001,213.81000000000003,2,1,2
3450,Customer_3450,43,Male,Houston,2021-07-08,579.98,6.0,10.0,579.98,96.66333333333334,2,1,2
3451,Customer_3451,33,Female,Houston,2022-08-03,333.32,4.0,4.0,333.32,83.33,0,1,0
3452,Customer_3452,22,Male,New York,2021-06-19,90.16,1.0,4.0,90.16,90.16,0,1,0
3453,Customer_3453,41,Male,Houston,2021-11-18,214.77,2.0,5.0,214.77,107.385,0,1,0
3454,Customer_3454,24,Male,Los Angeles,2021-10-11,208.8,3.0,5.0,208.8,69.60000000000001,0,1,0
3455,Customer_3455,27,Female,Phoenix,2022-01-01,2643.98,12.0,27.0,2643.98,220.33166666666668,1,0,1
3456,Customer_3456,24,Male,New York,2021-04-21,993.97,4.0,10.0,993.97,248.4925,2,1,2
3457,Customer_3457,33,Male,Chicago,2021-03-19,1413.41,6.0,17.0,1413.4099999999999,235.5683333333333,2,0,2
3458,Customer_3458,48,Male,Los Angeles,2021-09-10,410.05,3.0,5.0,410.04999999999995,136.6833333333333,0,1,0
3459,Customer_3459,35,Female,Phoenix,2021-08-24,575.49,6.0,10.0,575.49,95.915,2,1,2
3460,Customer_3460,30,Male,Los Angeles,2021-04-03,1086.7,4.0,14.0,1086.7,271.675,2,0,2
3461,Customer_3461,18,Female,Phoenix,2023-11-24,294.04,2.0,5.0,294.04,147.02,0,1,0
3462,Customer_3462,41,Male,Phoenix,2021-08-10,76.4,1.0,1.0,76.4,76.4,0,1,0
3463,Customer_3463,26,Female,Los Angeles,2023-06-15,365.52,4.0,9.0,365.52,91.38,0,1,0
3464,Customer_3464,36,Male,Houston,2023-08-19,457.21,4.0,8.0,457.21000000000004,114.30250000000001,2,1,2
3465,Customer_3465,31,Male,Phoenix,2023-09-12,0.0,0.0,0.0,0.0,0.0,0,1,0
3466,Customer_3466,44,Female,Los Angeles,2023-04-23,1859.56,13.0,23.0,1859.56,143.0430769230769,1,0,1
3467,Customer_3467,33,Male,Los Angeles,2021-09-09,1115.14,5.0,11.0,1115.1399999999999,223.02799999999996,2,0,2
3468,Customer_3468,34,Female,Chicago,2021-05-22,1250.31,5.0,12.0,1250.31,250.06199999999998,2,0,2
3469,Customer_3469,40,Male,Los Angeles,2021-11-07,29.16,1.0,1.0,29.16,29.16,0,1,0
3470,Customer_3470,58,Male,New York,2022-08-05,341.47,2.0,5.0,341.47,170.735,0,1,0
3471,Customer_3471,45,Male,New York,2021-12-12,862.4,8.0,13.0,862.4,107.8,2,0,2
3472,Customer_3472,34,Male,Los Angeles,2021-10-29,536.62,3.0,7.0,536.62,178.87333333333333,2,1,2
3473,Customer_3473,35,Male,Los Angeles,2022-05-22,2359.12,8.0,19.0,2359.12,294.89,1,0,1
3474,Customer_3474,29,Female,New York,2021-09-04,1141.76,9.0,10.0,1141.76,126.86222222222221,2,0,2
3475,Customer_3475,25,Female,Phoenix,2022-05-03,128.79,2.0,2.0,128.79,64.395,0,1,0
3476,Customer_3476,29,Male,Houston,2023-07-17,146.24,2.0,2.0,146.24,73.12,0,1,0
3477,Customer_3477,27,Male,New York,2023-03-02,129.64,1.0,2.0,129.64,129.64,0,1,0
3478,Customer_3478,42,Male,Chicago,2023-07-01,760.78,6.0,10.0,760.78,126.79666666666667,2,1,2
3479,Customer_3479,23,Male,Chicago,2021-06-03,318.31,3.0,5.0,318.30999999999995,106.10333333333331,0,1,0
3480,Customer_3480,50,Female,Phoenix,2023-08-02,100.29,1.0,1.0,100.29,100.29,0,1,0
3481,Customer_3481,43,Male,New York,2022-08-18,1019.91,5.0,11.0,1019.91,203.982,2,0,2
3482,Customer_3482,35,Female,New York,2021-03-03,654.07,3.0,7.0,654.0699999999999,218.0233333333333,2,1,2
3483,Customer_3483,35,Male,Phoenix,2023-05-20,137.72,1.0,1.0,137.72,137.72,0,1,0
3484,Customer_3484,29,Female,Phoenix,2023-12-19,486.47,2.0,5.0,486.47,243.235,2,1,2
3485,Customer_3485,38,Female,Houston,2022-04-11,405.42,4.0,9.0,405.42,101.355,0,1,0
3486,Customer_3486,47,Female,Houston,2021-11-07,739.47,3.0,5.0,739.47,246.49,2,1,2
3487,Customer_3487,27,Female,New York,2023-12-22,838.15,5.0,7.0,838.15,167.63,2,1,2
3488,Customer_3488,18,Male,Chicago,2023-03-27,0.0,0.0,0.0,0.0,0.0,0,1,0
3489,Customer_3489,43,Female,New York,2021-04-13,438.32,3.0,10.0,438.32,146.10666666666665,2,1,2
3490,Customer_3490,39,Female,New York,2021-01-28,0.0,0.0,0.0,0.0,0.0,0,1,0
3491,Customer_3491,23,Female,Houston,2022-05-23,3737.67,20.0,47.0,3737.67,186.8835,1,0,1
3492,Customer_3492,27,Female,New York,2021-05-14,206.82,1.0,2.0,206.82,206.82,0,1,0
3493,Customer_3493,26,Female,Los Angeles,2021-02-28,600.99,2.0,5.0,600.99,300.495,2,1,2
3494,Customer_3494,27,Female,Phoenix,2021-03-11,317.02,1.0,2.0,317.02,317.02,2,1,2
3495,Customer_3495,31,Male,New York,2021-07-04,422.45,3.0,5.0,422.44999999999993,140.81666666666663,0,1,0
3496,Customer_3496,32,Male,Phoenix,2022-07-26,2127.08,9.0,18.0,2127.08,236.3422222222222,1,0,1
3497,Customer_3497,28,Male,Phoenix,2021-06-17,1653.55,6.0,14.0,1653.55,275.59166666666664,2,0,2
3498,Customer_3498,27,Female,Chicago,2022-08-01,610.06,2.0,4.0,610.06,305.03,2,1,2
3499,Customer_3499,32,Female,New York,2021-07-01,152.24,1.0,2.0,152.24,152.24,0,1,0
3500,Customer_3500,37,Male,Los Angeles,2021-03-12,0.0,0.0,0.0,0.0,0.0,0,1,0
3501,Customer_3501,32,Female,Los Angeles,2022-07-10,1034.95,6.0,10.0,1034.95,172.49166666666667,2,0,2
3502,Customer_3502,48,Female,Los Angeles,2023-05-02,1439.25,9.0,19.0,1439.25,159.91666666666666,1,0,1
3503,Customer_3503,41,Female,Los Angeles,2023-12-17,743.17,9.0,14.0,743.17,82.57444444444444,2,0,2
3504,Customer_3504,18,Female,Phoenix,2022-11-14,1533.64,9.0,22.0,1533.64,170.40444444444447,1,0,1
3505,Customer_3505,41,Female,New York,2021-11-14,1364.9,6.0,17.0,1364.9,227.48333333333335,2,0,2
3506,Customer_3506,42,Female,Houston,2023-04-09,568.34,3.0,10.0,568.34,189.4466666666667,2,1,2
3507,Customer_3507,30,Male,New York,2021-04-04,1238.88,2.0,9.0,1238.88,619.44,2,0,2
3508,Customer_3508,19,Male,Chicago,2021-09-24,307.78,5.0,8.0,307.78000000000003,61.556000000000004,0,1,0
3509,Customer_3509,35,Male,Phoenix,2022-09-06,2113.59,7.0,19.0,2113.59,301.9414285714286,1,0,1
3510,Customer_3510,35,Male,Los Angeles,2022-05-17,284.74,2.0,3.0,284.74,142.37,0,1,0
3511,Customer_3511,23,Male,New York,2022-08-01,584.79,3.0,10.0,584.79,194.92999999999998,2,1,2
3512,Customer_3512,19,Male,Chicago,2022-09-24,40.12,1.0,2.0,40.12,40.12,0,1,0
3513,Customer_3513,34,Male,Houston,2021-10-06,1095.98,10.0,20.0,1095.98,109.598,1,0,1
3514,Customer_3514,32,Female,Houston,2023-01-24,1210.08,3.0,8.0,1210.08,403.35999999999996,2,0,2
3515,Customer_3515,30,Female,Los Angeles,2021-08-30,364.54,3.0,6.0,364.53999999999996,121.51333333333332,0,1,0
3516,Customer_3516,34,Female,Los Angeles,2023-02-22,785.81,3.0,7.0,785.8100000000001,261.93666666666667,2,1,2
3517,Customer_3517,23,Male,Phoenix,2023-08-20,864.03,3.0,8.0,864.03,288.01,2,1,2
3518,Customer_3518,30,Male,Phoenix,2023-09-12,255.69,3.0,4.0,255.69,85.23,0,1,0
3519,Customer_3519,41,Female,Los Angeles,2021-01-04,140.88,1.0,1.0,140.88,140.88,0,1,0
3520,Customer_3520,31,Male,Houston,2021-11-16,252.39,2.0,3.0,252.39,126.195,0,1,0
3521,Customer_3521,18,Female,Los Angeles,2023-10-29,756.13,6.0,8.0,756.1299999999999,126.02166666666665,2,1,2
3522,Customer_3522,30,Male,Los Angeles,2023-12-12,306.8,3.0,4.0,306.79999999999995,102.26666666666665,0,1,0
3523,Customer_3523,23,Female,New York,2023-10-21,219.32,2.0,3.0,219.32,109.66,0,1,0
3524,Customer_3524,38,Female,Los Angeles,2023-02-18,485.3,7.0,12.0,485.3,69.32857142857144,2,1,2
3525,Customer_3525,39,Female,Chicago,2023-04-07,1798.47,15.0,32.0,1798.47,119.898,1,0,1
3526,Customer_3526,18,Female,New York,2021-10-07,0.0,0.0,0.0,0.0,0.0,0,1,0
3527,Customer_3527,43,Female,Los Angeles,2023-09-12,186.06,3.0,3.0,186.06,62.02,0,1,0
3528,Customer_3528,23,Female,Houston,2021-01-28,344.36,4.0,5.0,344.36,86.09,0,1,0
3529,Customer_3529,52,Male,Houston,2023-03-21,1207.23,5.0,9.0,1207.23,241.446,2,0,2
3530,Customer_3530,34,Male,Chicago,2021-09-29,279.59,2.0,3.0,279.59000000000003,139.79500000000002,0,1,0
3531,Customer_3531,21,Female,Phoenix,2021-07-09,203.83,2.0,3.0,203.82999999999998,101.91499999999999,0,1,0
3532,Customer_3532,22,Male,New York,2022-06-30,2799.37,15.0,34.0,2799.37,186.62466666666666,1,0,1
3533,Customer_3533,39,Male,Chicago,2021-10-21,432.66,4.0,7.0,432.66,108.165,0,1,0
3534,Customer_3534,31,Female,Houston,2023-04-28,248.92,1.0,2.0,248.92,248.92,2,1,2
3535,Customer_3535,34,Female,Chicago,2023-02-10,740.15,4.0,5.0,740.15,185.0375,2,1,2
3536,Customer_3536,53,Female,Los Angeles,2023-02-08,899.35,4.0,10.0,899.35,224.8375,2,1,2
3537,Customer_3537,27,Female,New York,2021-02-22,616.66,7.0,7.0,616.6600000000001,88.09428571428573,2,1,2
3538,Customer_3538,36,Male,Phoenix,2022-11-15,450.44,3.0,4.0,450.44,150.14666666666668,0,1,0
3539,Customer_3539,51,Female,Chicago,2023-12-07,1207.02,7.0,13.0,1207.02,172.43142857142857,2,0,2
3540,Customer_3540,38,Male,Phoenix,2023-10-08,904.33,4.0,9.0,904.33,226.0825,2,1,2
3541,Customer_3541,18,Male,Chicago,2022-12-04,235.67,2.0,3.0,235.67,117.835,0,1,0
3542,Customer_3542,41,Female,Houston,2023-06-02,150.66,1.0,1.0,150.66,150.66,0,1,0
3543,Customer_3543,22,Male,Houston,2022-04-10,0.0,0.0,0.0,0.0,0.0,0,1,0
3544,Customer_3544,50,Female,Chicago,2022-07-07,209.65,2.0,4.0,209.65,104.825,0,1,0
3545,Customer_3545,26,Male,Los Angeles,2023-07-06,913.3,6.0,15.0,913.3,152.21666666666667,2,0,2
3546,Customer_3546,68,Female,Chicago,2023-10-05,438.53,3.0,7.0,438.53,146.17666666666665,2,1,2
3547,Customer_3547,51,Male,Houston,2021-07-13,0.0,0.0,0.0,0.0,0.0,0,1,0
3548,Customer_3548,26,Male,Los Angeles,2021-03-07,98.46,2.0,3.0,98.46000000000001,49.230000000000004,0,1,0
3549,Customer_3549,35,Female,Los Angeles,2022-07-09,492.54,2.0,3.0,492.53999999999996,246.26999999999998,2,1,2
3550,Customer_3550,43,Male,New York,2022-08-24,428.82,4.0,6.0,428.81999999999994,107.20499999999998,0,1,0
3551,Customer_3551,44,Male,Phoenix,2023-11-16,3881.3,16.0,33.0,3881.3,242.58125,1,0,1
3552,Customer_3552,40,Male,New York,2022-04-21,1202.89,5.0,8.0,1202.8899999999999,240.57799999999997,2,0,2
3553,Customer_3553,49,Male,Chicago,2022-07-27,3949.16,14.0,33.0,3949.1600000000003,282.08285714285716,1,0,1
3554,Customer_3554,34,Male,Los Angeles,2023-02-01,501.22,4.0,5.0,501.22,125.305,0,1,0
3555,Customer_3555,31,Female,Los Angeles,2023-06-06,1022.67,6.0,12.0,1022.6700000000001,170.44500000000002,2,0,2
3556,Customer_3556,31,Female,Houston,2023-04-10,74.81,1.0,1.0,74.81,74.81,0,1,0
3557,Customer_3557,44,Male,New York,2021-03-23,399.28,4.0,4.0,399.28,99.82,0,1,0
3558,Customer_3558,39,Female,Chicago,2022-12-01,0.0,0.0,0.0,0.0,0.0,0,1,0
3559,Customer_3559,38,Male,Houston,2021-02-13,754.93,4.0,8.0,754.9300000000001,188.73250000000002,2,1,2
3560,Customer_3560,44,Male,Houston,2023-04-04,411.72,2.0,6.0,411.72,205.86,2,1,2
3561,Customer_3561,18,Female,New York,2022-09-02,974.43,10.0,19.0,974.43,97.443,1,0,1
3562,Customer_3562,38,Female,Phoenix,2022-12-21,2788.43,15.0,27.0,2788.43,185.89533333333333,1,0,1
3563,Customer_3563,37,Male,Chicago,2022-11-22,183.16,2.0,4.0,183.16,91.58,0,1,0
3564,Customer_3564,53,Female,Phoenix,2022-11-30,287.68,2.0,4.0,287.68,143.84,0,1,0
3565,Customer_3565,18,Male,Chicago,2023-04-17,42.78,1.0,2.0,42.78,42.78,0,1,0
3566,Customer_3566,52,Female,Chicago,2021-04-20,115.78,2.0,3.0,115.78,57.89,0,1,0
3567,Customer_3567,36,Male,Phoenix,2021-08-07,2134.44,8.0,16.0,2134.44,266.805,1,0,1
3568,Customer_3568,40,Female,Phoenix,2022-04-08,496.84,5.0,9.0,496.84000000000003,99.36800000000001,2,1,2
3569,Customer_3569,53,Male,Los Angeles,2023-05-10,321.33,3.0,6.0,321.33000000000004,107.11000000000001,0,1,0
3570,Customer_3570,41,Female,Los Angeles,2022-05-30,897.88,6.0,9.0,897.8799999999999,149.64666666666665,2,1,2
3571,Customer_3571,39,Male,Los Angeles,2022-09-29,900.43,5.0,9.0,900.4300000000001,180.086,2,1,2
3572,Customer_3572,38,Female,Los Angeles,2022-09-19,562.79,3.0,9.0,562.79,187.59666666666666,2,1,2
3573,Customer_3573,30,Male,Los Angeles,2021-03-11,355.0,2.0,6.0,355.0,177.5,2,1,2
3574,Customer_3574,35,Male,Los Angeles,2022-04-04,0.0,0.0,0.0,0.0,0.0,0,1,0
3575,Customer_3575,27,Female,Phoenix,2021-04-07,1710.87,8.0,17.0,1710.87,213.85875,1,0,1
3576,Customer_3576,35,Female,New York,2021-08-12,771.28,6.0,14.0,771.28,128.54666666666665,2,0,2
3577,Customer_3577,18,Female,Houston,2023-04-11,811.05,7.0,12.0,811.05,115.86428571428571,2,0,2
3578,Customer_3578,40,Male,New York,2022-10-03,637.16,3.0,10.0,637.1600000000001,212.38666666666668,2,1,2
3579,Customer_3579,34,Male,Los Angeles,2022-05-11,1005.58,3.0,9.0,1005.58,335.1933333333333,2,1,2
3580,Customer_3580,31,Male,New York,2023-11-28,0.0,0.0,0.0,0.0,0.0,0,1,0
3581,Customer_3581,37,Female,Los Angeles,2023-02-08,439.82,3.0,9.0,439.82,146.60666666666665,2,1,2
3582,Customer_3582,19,Female,Houston,2023-01-30,591.16,3.0,7.0,591.16,197.0533333333333,2,1,2
3583,Customer_3583,56,Male,Phoenix,2022-05-03,138.12,1.0,1.0,138.12,138.12,0,1,0
3584,Customer_3584,34,Female,New York,2022-07-10,861.74,3.0,7.0,861.74,287.24666666666667,2,1,2
3585,Customer_3585,33,Male,Los Angeles,2023-09-19,519.94,4.0,6.0,519.94,129.985,2,1,2
3586,Customer_3586,24,Female,Chicago,2022-05-04,178.82,1.0,1.0,178.82,178.82,0,1,0
3587,Customer_3587,35,Male,Phoenix,2021-02-26,0.0,0.0,0.0,0.0,0.0,0,1,0
3588,Customer_3588,50,Female,Houston,2022-05-27,297.77,2.0,3.0,297.77,148.885,0,1,0
3589,Customer_3589,46,Female,Chicago,2021-04-14,315.51,3.0,5.0,315.51,105.17,0,1,0
3590,Customer_3590,44,Male,Houston,2022-07-11,1192.85,6.0,11.0,1192.8500000000001,198.80833333333337,2,0,2
3591,Customer_3591,41,Male,Houston,2021-03-01,1543.46,5.0,13.0,1543.46,308.692,2,0,2
3592,Customer_3592,31,Male,New York,2023-01-05,1258.31,11.0,20.0,1258.31,114.39181818181818,1,0,1
3593,Customer_3593,19,Female,Los Angeles,2022-01-06,1773.49,11.0,22.0,1773.49,161.22636363636363,1,0,1
3594,Customer_3594,33,Female,Phoenix,2021-01-26,0.0,0.0,0.0,0.0,0.0,0,1,0
3595,Customer_3595,32,Male,Houston,2022-01-28,253.69,3.0,4.0,253.69,84.56333333333333,0,1,0
3596,Customer_3596,47,Male,Chicago,2022-08-29,484.32,6.0,7.0,484.32,80.72,0,1,0
3597,Customer_3597,38,Female,Chicago,2021-04-20,27.58,1.0,1.0,27.58,27.58,0,1,0
3598,Customer_3598,53,Female,Los Angeles,2023-02-12,190.75,3.0,5.0,190.75,63.583333333333336,0,1,0
3599,Customer_3599,48,Female,Chicago,2021-09-11,129.86,3.0,4.0,129.86,43.28666666666667,0,1,0
3600,Customer_3600,30,Male,Chicago,2023-07-06,50.88,1.0,1.0,50.88,50.88,0,1,0
3601,Customer_3601,18,Female,Los Angeles,2023-02-05,121.58,1.0,2.0,121.58,121.58,0,1,0
3602,Customer_3602,50,Female,Houston,2022-06-22,525.36,5.0,8.0,525.36,105.072,2,1,2
3603,Customer_3603,50,Female,Phoenix,2022-09-07,143.68,1.0,1.0,143.68,143.68,0,1,0
3604,Customer_3604,20,Female,New York,2022-08-10,0.0,0.0,0.0,0.0,0.0,0,1,0
3605,Customer_3605,52,Female,Los Angeles,2022-08-20,1670.19,7.0,16.0,1670.19,238.59857142857143,1,0,1
3606,Customer_3606,39,Female,Los Angeles,2021-04-23,1183.31,8.0,12.0,1183.31,147.91375,2,0,2
3607,Customer_3607,37,Female,Houston,2022-07-23,598.4,5.0,7.0,598.4,119.67999999999999,2,1,2
3608,Customer_3608,53,Male,New York,2023-08-13,519.41,4.0,5.0,519.4100000000001,129.85250000000002,2,1,2
3609,Customer_3609,50,Female,Chicago,2023-06-15,1706.26,9.0,17.0,1706.26,189.58444444444444,1,0,1
3610,Customer_3610,42,Male,Phoenix,2023-02-01,329.48,2.0,3.0,329.47999999999996,164.73999999999998,0,1,0
3611,Customer_3611,40,Male,Los Angeles,2023-07-27,611.63,3.0,7.0,611.63,203.87666666666667,2,1,2
3612,Customer_3612,42,Male,Phoenix,2022-10-15,333.8,2.0,5.0,333.8,166.9,0,1,0
3613,Customer_3613,31,Male,Phoenix,2021-03-25,818.36,6.0,10.0,818.36,136.39333333333335,2,1,2
3614,Customer_3614,34,Female,New York,2022-12-20,910.58,7.0,15.0,910.5799999999999,130.08285714285714,2,0,2
3615,Customer_3615,25,Female,New York,2023-05-18,1131.99,7.0,13.0,1131.99,161.71285714285713,2,0,2
3616,Customer_3616,31,Male,Phoenix,2023-08-07,968.92,9.0,18.0,968.9200000000001,107.65777777777778,1,0,1
3617,Customer_3617,31,Male,Phoenix,2021-10-29,885.46,7.0,11.0,885.46,126.49428571428572,2,0,2
3618,Customer_3618,28,Male,New York,2022-07-22,803.22,7.0,10.0,803.22,114.74571428571429,2,1,2
3619,Customer_3619,37,Male,New York,2022-06-25,621.97,6.0,9.0,621.97,103.66166666666668,2,1,2
3620,Customer_3620,31,Male,New York,2021-04-02,0.0,0.0,0.0,0.0,0.0,0,1,0
3621,Customer_3621,41,Female,Phoenix,2022-10-16,1126.64,6.0,11.0,1126.64,187.77333333333334,2,0,2
3622,Customer_3622,18,Female,New York,2022-09-06,1062.66,6.0,10.0,1062.66,177.11,2,0,2
3623,Customer_3623,34,Male,Chicago,2021-03-12,1183.21,6.0,13.0,1183.21,197.20166666666668,2,0,2
3624,Customer_3624,36,Male,Houston,2022-10-31,894.61,4.0,10.0,894.61,223.6525,2,1,2
3625,Customer_3625,32,Female,New York,2021-03-22,1089.93,6.0,11.0,1089.93,181.655,2,0,2
3626,Customer_3626,33,Male,Chicago,2022-08-18,329.76,2.0,3.0,329.76,164.88,0,1,0
3627,Customer_3627,18,Female,Los Angeles,2021-08-06,28.64,1.0,1.0,28.64,28.64,0,1,0
3628,Customer_3628,39,Male,Phoenix,2023-06-03,569.92,2.0,6.0,569.92,284.96,2,1,2
3629,Customer_3629,42,Female,Los Angeles,2023-01-19,385.86,4.0,6.0,385.86,96.465,0,1,0
3630,Customer_3630,40,Female,Houston,2021-05-05,328.76,3.0,5.0,328.76,109.58666666666666,0,1,0
3631,Customer_3631,46,Male,Houston,2021-07-20,2203.67,8.0,20.0,2203.67,275.45875,1,0,1
3632,Customer_3632,37,Female,New York,2023-10-23,364.1,2.0,6.0,364.1,182.05,2,1,2
3633,Customer_3633,40,Male,New York,2022-07-28,50.52,2.0,2.0,50.519999999999996,25.259999999999998,0,1,0
3634,Customer_3634,37,Male,Los Angeles,2023-11-10,153.44,1.0,1.0,153.44,153.44,0,1,0
3635,Customer_3635,43,Male,Los Angeles,2023-09-10,769.97,4.0,7.0,769.97,192.4925,2,1,2
3636,Customer_3636,18,Female,Houston,2022-12-23,661.55,4.0,10.0,661.55,165.3875,2,1,2
3637,Customer_3637,25,Female,Houston,2023-08-10,809.96,3.0,8.0,809.9599999999999,269.9866666666666,2,1,2
3638,Customer_3638,52,Female,Los Angeles,2021-06-29,1176.65,5.0,13.0,1176.6499999999999,235.32999999999998,2,0,2
3639,Customer_3639,18,Male,Chicago,2023-12-22,1832.34,10.0,18.0,1832.34,183.23399999999998,1,0,1
3640,Customer_3640,33,Male,Chicago,2021-09-30,567.23,3.0,7.0,567.23,189.07666666666668,2,1,2
3641,Customer_3641,48,Male,Houston,2023-03-18,317.0,1.0,2.0,317.0,317.0,2,1,2
3642,Customer_3642,34,Male,Los Angeles,2023-02-02,0.0,0.0,0.0,0.0,0.0,0,1,0
3643,Customer_3643,31,Male,Los Angeles,2023-10-31,308.27,3.0,3.0,308.27,102.75666666666666,0,1,0
3644,Customer_3644,36,Male,Los Angeles,2022-11-30,37.33,1.0,1.0,37.33,37.33,0,1,0
3645,Customer_3645,31,Female,Chicago,2023-07-10,418.04,2.0,4.0,418.04,209.02,2,1,2
3646,Customer_3646,35,Male,Los Angeles,2022-09-14,893.93,3.0,7.0,893.93,297.97666666666663,2,1,2
3647,Customer_3647,27,Female,Los Angeles,2022-06-24,779.81,5.0,8.0,779.81,155.962,2,1,2
3648,Customer_3648,47,Male,New York,2023-09-13,646.08,4.0,6.0,646.0799999999999,161.51999999999998,2,1,2
3649,Customer_3649,51,Male,Houston,2022-04-05,1143.96,6.0,11.0,1143.96,190.66,2,0,2
3650,Customer_3650,34,Male,New York,2023-12-21,976.06,6.0,11.0,976.0600000000001,162.67666666666668,2,0,2
3651,Customer_3651,20,Female,New York,2023-12-18,287.56,3.0,3.0,287.56,95.85333333333334,0,1,0
3652,Customer_3652,29,Female,Los Angeles,2021-10-27,16.68,1.0,2.0,16.68,16.68,0,1,0
3653,Customer_3653,33,Female,New York,2022-05-12,1145.65,8.0,13.0,1145.6499999999999,143.20624999999998,2,0,2
3654,Customer_3654,41,Female,Chicago,2022-08-14,268.39,2.0,2.0,268.39,134.195,0,1,0
3655,Customer_3655,24,Female,Los Angeles,2021-12-07,632.76,4.0,7.0,632.76,158.19,2,1,2
3656,Customer_3656,27,Male,Los Angeles,2022-02-07,0.0,0.0,0.0,0.0,0.0,0,1,0
3657,Customer_3657,41,Male,Chicago,2021-10-15,735.3,1.0,5.0,735.3,735.3,2,1,2
3658,Customer_3658,45,Female,New York,2023-09-16,792.43,5.0,11.0,792.4300000000001,158.48600000000002,2,1,2
3659,Customer_3659,28,Female,New York,2021-08-02,714.2,5.0,10.0,714.2,142.84,2,1,2
3660,Customer_3660,20,Female,Phoenix,2022-06-16,1552.32,6.0,14.0,1552.32,258.71999999999997,2,0,2
3661,Customer_3661,70,Male,Los Angeles,2023-05-20,8.71,1.0,1.0,8.71,8.71,0,1,0
3662,Customer_3662,44,Female,Los Angeles,2023-01-12,961.61,11.0,20.0,961.61,87.41909090909091,1,0,1
3663,Customer_3663,32,Male,New York,2021-07-30,897.44,8.0,11.0,897.44,112.18,2,0,2
3664,Customer_3664,45,Female,Chicago,2021-06-20,181.64,1.0,2.0,181.64,181.64,0,1,0
3665,Customer_3665,34,Male,Chicago,2022-06-22,810.52,5.0,10.0,810.52,162.10399999999998,2,1,2
3666,Customer_3666,45,Male,Chicago,2023-03-13,0.0,0.0,0.0,0.0,0.0,0,1,0
3667,Customer_3667,37,Female,Houston,2022-11-07,445.74,1.0,3.0,445.74,445.74,2,1,2
3668,Customer_3668,36,Male,New York,2022-01-25,0.0,0.0,0.0,0.0,0.0,0,1,0
3669,Customer_3669,34,Female,Los Angeles,2022-02-25,155.87,2.0,2.0,155.87,77.935,0,1,0
3670,Customer_3670,19,Male,Houston,2021-03-03,647.18,3.0,6.0,647.18,215.72666666666666,2,1,2
3671,Customer_3671,56,Female,Phoenix,2021-03-27,1107.47,3.0,9.0,1107.47,369.1566666666667,2,0,2
3672,Customer_3672,25,Male,New York,2023-10-10,1412.73,11.0,18.0,1412.73,128.43,1,0,1
3673,Customer_3673,20,Male,Chicago,2022-05-06,940.6,5.0,8.0,940.5999999999999,188.11999999999998,2,1,2
3674,Customer_3674,33,Male,New York,2023-06-15,0.0,0.0,0.0,0.0,0.0,0,1,0
3675,Customer_3675,24,Male,New York,2021-03-01,1824.47,11.0,22.0,1824.47,165.8609090909091,1,0,1
3676,Customer_3676,34,Female,Los Angeles,2022-04-22,262.99,4.0,4.0,262.99,65.7475,0,1,0
3677,Customer_3677,43,Female,New York,2021-11-16,1163.01,4.0,11.0,1163.0100000000002,290.75250000000005,2,0,2
3678,Customer_3678,46,Female,Houston,2022-11-21,110.43,1.0,1.0,110.43,110.43,0,1,0
3679,Customer_3679,44,Female,Chicago,2021-02-21,1207.73,4.0,10.0,1207.73,301.9325,2,0,2
3680,Customer_3680,32,Male,New York,2022-10-19,766.11,7.0,12.0,766.11,109.44428571428571,2,0,2
3681,Customer_3681,36,Female,New York,2023-04-08,1222.95,9.0,15.0,1222.95,135.88333333333333,1,0,1
3682,Customer_3682,39,Male,Houston,2021-04-29,319.74,4.0,7.0,319.74,79.935,0,1,0
3683,Customer_3683,18,Male,New York,2022-12-22,1076.75,7.0,11.0,1076.75,153.82142857142858,2,0,2
3684,Customer_3684,41,Male,Chicago,2022-05-21,348.25,2.0,5.0,348.25,174.125,0,1,0
3685,Customer_3685,19,Female,Los Angeles,2022-09-29,0.0,0.0,0.0,0.0,0.0,0,1,0
3686,Customer_3686,57,Male,Chicago,2021-06-02,1301.44,8.0,15.0,1301.44,162.68,2,0,2
3687,Customer_3687,31,Male,Los Angeles,2023-11-08,222.19,3.0,3.0,222.19,74.06333333333333,0,1,0
3688,Customer_3688,33,Female,New York,2023-12-24,90.15,2.0,2.0,90.15,45.075,0,1,0
3689,Customer_3689,27,Male,New York,2022-05-12,791.09,5.0,11.0,791.09,158.21800000000002,2,1,2
3690,Customer_3690,28,Male,New York,2021-03-20,180.44,3.0,5.0,180.44,60.14666666666667,0,1,0
3691,Customer_3691,60,Female,Los Angeles,2021-02-28,708.35,5.0,8.0,708.35,141.67000000000002,2,1,2
3692,Customer_3692,45,Female,Chicago,2023-02-02,1047.61,6.0,14.0,1047.6100000000001,174.6016666666667,2,0,2
3693,Customer_3693,18,Female,Los Angeles,2023-04-06,42.54,1.0,2.0,42.54,42.54,0,1,0
3694,Customer_3694,52,Female,New York,2023-12-21,596.92,4.0,8.0,596.92,149.23,2,1,2
3695,Customer_3695,48,Female,Chicago,2021-09-01,719.45,4.0,10.0,719.45,179.8625,2,1,2
3696,Customer_3696,32,Female,Chicago,2021-07-27,777.94,4.0,8.0,777.94,194.485,2,1,2
3697,Customer_3697,38,Female,Phoenix,2023-05-06,427.81,4.0,6.0,427.81,106.9525,0,1,0
3698,Customer_3698,35,Female,Chicago,2022-08-23,26.28,1.0,1.0,26.28,26.28,0,1,0
3699,Customer_3699,57,Male,Chicago,2022-10-07,175.41,2.0,2.0,175.41000000000003,87.70500000000001,0,1,0
3700,Customer_3700,26,Male,Chicago,2021-02-08,235.12,1.0,4.0,235.12,235.12,2,1,2
3701,Customer_3701,37,Male,Phoenix,2022-04-23,313.54,2.0,5.0,313.53999999999996,156.76999999999998,0,1,0
3702,Customer_3702,30,Female,Houston,2021-01-20,139.18,2.0,4.0,139.18,69.59,0,1,0
3703,Customer_3703,19,Female,Los Angeles,2021-08-09,1536.76,7.0,15.0,1536.76,219.53714285714287,2,0,2
3704,Customer_3704,59,Female,New York,2021-10-02,1065.93,5.0,8.0,1065.93,213.186,2,1,2
3705,Customer_3705,22,Female,Los Angeles,2022-04-08,2532.36,14.0,31.0,2532.36,180.88285714285715,1,0,1
3706,Customer_3706,37,Female,Chicago,2021-09-08,107.88,2.0,5.0,107.88,53.94,0,1,0
3707,Customer_3707,18,Male,Houston,2021-07-31,72.57,2.0,2.0,72.57000000000001,36.285000000000004,0,1,0
3708,Customer_3708,31,Female,Chicago,2022-11-18,191.44,1.0,2.0,191.44,191.44,0,1,0
3709,Customer_3709,40,Male,New York,2022-02-23,1057.96,8.0,14.0,1057.96,132.245,2,0,2
3710,Customer_3710,26,Male,Houston,2022-05-22,0.0,0.0,0.0,0.0,0.0,0,1,0
3711,Customer_3711,41,Female,Houston,2022-10-08,424.79,4.0,5.0,424.78999999999996,106.19749999999999,0,1,0
3712,Customer_3712,32,Female,Los Angeles,2023-05-19,350.85,3.0,5.0,350.85,116.95,0,1,0
3713,Customer_3713,48,Male,Chicago,2022-05-07,460.49,7.0,14.0,460.49,65.78428571428572,2,1,2
3714,Customer_3714,50,Female,Los Angeles,2021-10-22,1616.73,9.0,18.0,1616.73,179.63666666666666,1,0,1
3715,Customer_3715,29,Female,Phoenix,2022-04-02,1275.92,3.0,10.0,1275.9199999999998,425.3066666666666,2,0,2
3716,Customer_3716,36,Male,Houston,2023-01-10,1033.97,4.0,11.0,1033.97,258.4925,2,0,2
3717,Customer_3717,37,Female,Chicago,2022-02-28,2137.43,12.0,24.0,2137.4300000000003,178.1191666666667,1,0,1
3718,Customer_3718,42,Male,Houston,2023-10-05,0.0,0.0,0.0,0.0,0.0,0,1,0
3719,Customer_3719,35,Male,Phoenix,2021-10-19,0.0,0.0,0.0,0.0,0.0,0,1,0
3720,Customer_3720,37,Female,Chicago,2021-06-05,191.04,3.0,3.0,191.04000000000002,63.68000000000001,0,1,0
3721,Customer_3721,32,Female,Los Angeles,2021-12-16,1485.88,9.0,17.0,1485.88,165.0977777777778,1,0,1
3722,Customer_3722,36,Female,Houston,2021-08-31,1968.62,10.0,21.0,1968.62,196.862,1,0,1
3723,Customer_3723,49,Female,New York,2023-08-30,304.28,2.0,4.0,304.28,152.14,0,1,0
3724,Customer_3724,42,Female,Los Angeles,2021-09-15,517.28,7.0,9.0,517.28,73.89714285714285,2,1,2
3725,Customer_3725,43,Male,Phoenix,2022-08-08,2002.37,12.0,26.0,2002.3700000000001,166.86416666666668,1,0,1
3726,Customer_3726,43,Female,Houston,2021-02-04,333.9,5.0,6.0,333.9,66.78,0,1,0
3727,Customer_3727,33,Female,Los Angeles,2022-03-06,601.52,6.0,10.0,601.52,100.25333333333333,2,1,2
3728,Customer_3728,39,Male,New York,2021-04-05,683.31,5.0,10.0,683.31,136.66199999999998,2,1,2
3729,Customer_3729,23,Male,Los Angeles,2021-08-08,2585.28,14.0,30.0,2585.2799999999997,184.66285714285712,1,0,1
3730,Customer_3730,49,Male,Los Angeles,2021-10-28,2117.31,12.0,29.0,2117.31,176.4425,1,0,1
3731,Customer_3731,18,Female,New York,2023-11-27,1530.0,7.0,15.0,1530.0,218.57142857142858,2,0,2
3732,Customer_3732,34,Male,Houston,2023-02-14,1541.03,8.0,15.0,1541.03,192.62875,1,0,1
3733,Customer_3733,48,Male,Los Angeles,2022-02-04,313.84,1.0,2.0,313.84,313.84,2,1,2
3734,Customer_3734,20,Female,Los Angeles,2022-11-21,466.19,4.0,6.0,466.19,116.5475,0,1,0
3735,Customer_3735,39,Female,Los Angeles,2023-09-20,1153.26,6.0,13.0,1153.26,192.21,2,0,2
3736,Customer_3736,28,Male,Phoenix,2021-05-14,153.85,2.0,3.0,153.85000000000002,76.92500000000001,0,1,0
3737,Customer_3737,31,Female,Los Angeles,2022-10-23,156.94,1.0,1.0,156.94,156.94,0,1,0
3738,Customer_3738,45,Female,New York,2021-09-15,865.35,6.0,8.0,865.35,144.225,2,1,2
3739,Customer_3739,37,Female,New York,2023-11-29,0.0,0.0,0.0,0.0,0.0,0,1,0
3740,Customer_3740,18,Female,Chicago,2021-11-01,586.0,1.0,4.0,586.0,586.0,2,1,2
3741,Customer_3741,24,Male,Chicago,2022-06-10,889.63,4.0,7.0,889.63,222.4075,2,1,2
3742,Customer_3742,46,Male,Los Angeles,2022-02-11,471.94,4.0,7.0,471.93999999999994,117.98499999999999,2,1,2
3743,Customer_3743,40,Male,Los Angeles,2023-06-05,75.07,2.0,2.0,75.07,37.535,0,1,0
3744,Customer_3744,54,Female,New York,2022-01-13,1517.62,6.0,15.0,1517.62,252.93666666666664,2,0,2
3745,Customer_3745,54,Female,Chicago,2022-04-14,0.0,0.0,0.0,0.0,0.0,0,1,0
3746,Customer_3746,31,Female,Chicago,2023-05-23,115.81,2.0,2.0,115.81,57.905,0,1,0
3747,Customer_3747,63,Female,New York,2023-09-17,657.22,6.0,10.0,657.22,109.53666666666668,2,1,2
3748,Customer_3748,35,Female,New York,2021-01-11,940.69,7.0,15.0,940.69,134.3842857142857,2,0,2
3749,Customer_3749,24,Male,New York,2022-11-06,220.38,2.0,3.0,220.38,110.19,0,1,0
3750,Customer_3750,28,Female,New York,2022-11-26,604.73,3.0,6.0,604.73,201.57666666666668,2,1,2
3751,Customer_3751,18,Male,Chicago,2023-08-31,555.95,3.0,6.0,555.9499999999999,185.31666666666663,2,1,2
3752,Customer_3752,53,Female,New York,2021-01-09,545.6,6.0,8.0,545.6,90.93333333333334,2,1,2
3753,Customer_3753,53,Female,Los Angeles,2021-01-28,344.57,3.0,6.0,344.57,114.85666666666667,0,1,0
3754,Customer_3754,24,Female,New York,2023-04-03,115.99,1.0,1.0,115.99,115.99,0,1,0
3755,Customer_3755,32,Male,Phoenix,2022-11-17,357.27,2.0,5.0,357.27,178.635,2,1,2
3756,Customer_3756,36,Male,Phoenix,2022-05-26,898.56,5.0,13.0,898.5600000000001,179.71200000000002,2,0,2
3757,Customer_3757,24,Male,New York,2022-05-17,1216.99,8.0,19.0,1216.99,152.12375,1,0,1
3758,Customer_3758,18,Female,Los Angeles,2022-08-05,0.0,0.0,0.0,0.0,0.0,0,1,0
3759,Customer_3759,33,Female,New York,2023-02-17,826.33,7.0,16.0,826.33,118.04714285714286,2,0,2
3760,Customer_3760,31,Male,Chicago,2022-10-23,195.67,2.0,3.0,195.67000000000002,97.83500000000001,0,1,0
3761,Customer_3761,31,Female,New York,2021-01-03,310.33,4.0,6.0,310.33,77.5825,0,1,0
3762,Customer_3762,37,Male,Houston,2021-02-12,0.0,0.0,0.0,0.0,0.0,0,1,0
3763,Customer_3763,51,Female,Chicago,2023-02-14,129.24,1.0,1.0,129.24,129.24,0,1,0
3764,Customer_3764,32,Female,Phoenix,2021-02-11,431.39,5.0,6.0,431.39,86.27799999999999,0,1,0
3765,Customer_3765,37,Female,New York,2022-12-31,0.0,0.0,0.0,0.0,0.0,0,1,0
3766,Customer_3766,43,Female,Houston,2022-10-10,0.0,0.0,0.0,0.0,0.0,0,1,0
3767,Customer_3767,41,Male,Houston,2022-10-19,1450.22,10.0,21.0,1450.22,145.022,1,0,1
3768,Customer_3768,28,Female,New York,2023-05-31,30.42,1.0,1.0,30.42,30.42,0,1,0
3769,Customer_3769,36,Female,Los Angeles,2022-05-25,1026.75,5.0,11.0,1026.75,205.35,2,0,2
3770,Customer_3770,41,Female,New York,2021-02-06,344.98,3.0,5.0,344.98,114.99333333333334,0,1,0
3771,Customer_3771,23,Female,Los Angeles,2023-04-03,2511.8,11.0,27.0,2511.8,228.34545454545457,1,0,1
3772,Customer_3772,49,Male,Los Angeles,2022-08-02,1578.58,8.0,19.0,1578.5800000000002,197.32250000000002,1,0,1
3773,Customer_3773,51,Male,Chicago,2023-04-17,0.0,0.0,0.0,0.0,0.0,0,1,0
3774,Customer_3774,27,Male,Los Angeles,2022-06-01,696.37,4.0,9.0,696.37,174.0925,2,1,2
3775,Customer_3775,37,Male,Phoenix,2023-02-24,175.5,1.0,2.0,175.5,175.5,0,1,0
3776,Customer_3776,42,Female,New York,2023-10-18,26.15,1.0,1.0,26.15,26.15,0,1,0
3777,Customer_3777,29,Male,Phoenix,2023-05-29,222.83,3.0,4.0,222.83,74.27666666666667,0,1,0
3778,Customer_3778,40,Female,New York,2023-12-18,633.31,3.0,6.0,633.31,211.10333333333332,2,1,2
3779,Customer_3779,37,Female,Houston,2023-08-17,351.35,3.0,4.0,351.35,117.11666666666667,0,1,0
3780,Customer_3780,19,Male,Los Angeles,2021-06-04,439.51,4.0,6.0,439.51000000000005,109.87750000000001,0,1,0
3781,Customer_3781,40,Female,New York,2021-04-23,312.24,2.0,6.0,312.24,156.12,0,1,0
3782,Customer_3782,23,Male,Phoenix,2023-04-16,330.48,2.0,2.0,330.48,165.24,0,1,0
3783,Customer_3783,45,Female,Los Angeles,2022-08-24,771.22,4.0,7.0,771.22,192.805,2,1,2
3784,Customer_3784,28,Male,Chicago,2022-03-18,1424.92,7.0,17.0,1424.92,203.56,1,0,1
3785,Customer_3785,33,Male,Chicago,2021-08-16,1386.18,11.0,20.0,1386.18,126.01636363636364,1,0,1
3786,Customer_3786,50,Male,Chicago,2023-05-24,851.07,6.0,19.0,851.0699999999999,141.845,2,0,2
3787,Customer_3787,40,Male,Chicago,2022-11-02,98.77,1.0,1.0,98.77,98.77,0,1,0
3788,Customer_3788,23,Male,Houston,2022-11-26,2052.08,8.0,19.0,2052.08,256.51,1,0,1
3789,Customer_3789,24,Female,New York,2023-05-19,882.44,5.0,10.0,882.4399999999999,176.488,2,1,2
3790,Customer_3790,28,Female,Chicago,2023-10-25,36.07,1.0,1.0,36.07,36.07,0,1,0
3791,Customer_3791,39,Female,Phoenix,2021-05-01,2205.26,9.0,20.0,2205.26,245.0288888888889,1,0,1
3792,Customer_3792,39,Male,New York,2023-01-12,85.38,1.0,1.0,85.38,85.38,0,1,0
3793,Customer_3793,26,Female,New York,2022-11-25,252.6,1.0,5.0,252.60000000000002,252.60000000000002,2,1,2
3794,Customer_3794,22,Male,Houston,2021-09-14,1078.16,4.0,12.0,1078.1599999999999,269.53999999999996,2,0,2
3795,Customer_3795,38,Female,Los Angeles,2021-02-12,1911.39,11.0,18.0,1911.3899999999999,173.76272727272726,1,0,1
3796,Customer_3796,33,Female,Los Angeles,2023-05-20,437.7,3.0,5.0,437.7,145.9,0,1,0
3797,Customer_3797,59,Male,New York,2023-07-05,242.5,2.0,4.0,242.5,121.25,0,1,0
3798,Customer_3798,35,Female,Chicago,2022-08-11,0.0,0.0,0.0,0.0,0.0,0,1,0
3799,Customer_3799,55,Female,New York,2023-07-02,1385.94,5.0,13.0,1385.94,277.188,2,0,2
3800,Customer_3800,22,Female,Chicago,2022-08-17,124.41,2.0,3.0,124.41,62.205,0,1,0
3801,Customer_3801,18,Male,Houston,2023-10-31,745.93,4.0,9.0,745.93,186.4825,2,1,2
3802,Customer_3802,23,Male,Los Angeles,2023-03-03,189.4,2.0,4.0,189.4,94.7,0,1,0
3803,Customer_3803,48,Female,Chicago,2021-07-31,575.33,3.0,4.0,575.33,191.77666666666667,2,1,2
3804,Customer_3804,54,Female,Phoenix,2023-07-11,1648.47,9.0,17.0,1648.47,183.16333333333333,1,0,1
3805,Customer_3805,26,Female,Houston,2021-12-02,1699.97,10.0,17.0,1699.97,169.997,1,0,1
3806,Customer_3806,30,Male,Houston,2023-10-26,519.44,4.0,7.0,519.44,129.86,2,1,2
3807,Customer_3807,22,Male,Los Angeles,2023-07-11,0.0,0.0,0.0,0.0,0.0,0,1,0
3808,Customer_3808,18,Female,Houston,2021-03-24,38.18,1.0,1.0,38.18,38.18,0,1,0
3809,Customer_3809,43,Female,New York,2023-10-27,80.35,1.0,5.0,80.35,80.35,0,1,0
3810,Customer_3810,37,Female,New York,2021-06-01,992.2,2.0,6.0,992.1999999999999,496.09999999999997,2,1,2
3811,Customer_3811,35,Male,New York,2021-03-19,1049.3,8.0,12.0,1049.3000000000002,131.16250000000002,2,0,2
3812,Customer_3812,20,Male,Los Angeles,2022-02-16,0.0,0.0,0.0,0.0,0.0,0,1,0
3813,Customer_3813,53,Female,Houston,2022-01-16,741.51,5.0,10.0,741.51,148.302,2,1,2
3814,Customer_3814,29,Female,Los Angeles,2023-08-06,908.76,6.0,12.0,908.76,151.46,2,0,2
3815,Customer_3815,41,Female,Chicago,2023-03-01,424.58,2.0,5.0,424.58000000000004,212.29000000000002,2,1,2
3816,Customer_3816,19,Male,Houston,2021-11-09,207.36,2.0,2.0,207.36,103.68,0,1,0
3817,Customer_3817,33,Female,Chicago,2023-05-14,160.87,1.0,1.0,160.87,160.87,0,1,0
3818,Customer_3818,38,Male,Los Angeles,2022-01-30,153.78,1.0,1.0,153.78,153.78,0,1,0
3819,Customer_3819,39,Male,Chicago,2022-06-27,0.0,0.0,0.0,0.0,0.0,0,1,0
3820,Customer_3820,37,Female,Los Angeles,2021-01-04,2554.82,15.0,30.0,2554.82,170.32133333333334,1,0,1
3821,Customer_3821,40,Female,New York,2021-04-19,2507.33,15.0,26.0,2507.33,167.15533333333332,1,0,1
3822,Customer_3822,23,Female,Phoenix,2023-07-07,915.52,6.0,8.0,915.52,152.58666666666667,2,1,2
3823,Customer_3823,37,Male,New York,2023-06-05,2080.21,14.0,29.0,2080.21,148.58642857142857,1,0,1
3824,Customer_3824,36,Male,New York,2021-04-03,1864.62,13.0,21.0,1864.62,143.4323076923077,1,0,1
3825,Customer_3825,38,Male,Phoenix,2021-07-11,1333.36,5.0,13.0,1333.3600000000001,266.672,2,0,2
3826,Customer_3826,36,Male,Los Angeles,2021-11-29,0.0,0.0,0.0,0.0,0.0,0,1,0
3827,Customer_3827,21,Female,Chicago,2022-09-19,164.11,3.0,5.0,164.11,54.70333333333334,0,1,0
3828,Customer_3828,21,Male,Los Angeles,2023-09-13,244.15,2.0,4.0,244.14999999999998,122.07499999999999,0,1,0
3829,Customer_3829,18,Male,Los Angeles,2022-07-27,2200.46,12.0,23.0,2200.46,183.37166666666667,1,0,1
3830,Customer_3830,44,Female,Los Angeles,2021-12-22,935.46,5.0,14.0,935.46,187.092,2,0,2
3831,Customer_3831,44,Male,Los Angeles,2022-08-14,1447.04,7.0,14.0,1447.04,206.72,2,0,2
3832,Customer_3832,44,Male,Los Angeles,2021-07-15,362.27,3.0,4.0,362.27,120.75666666666666,0,1,0
3833,Customer_3833,38,Male,Houston,2021-09-19,1255.98,9.0,20.0,1255.98,139.55333333333334,1,0,1
3834,Customer_3834,18,Male,Chicago,2021-11-18,1304.09,6.0,14.0,1304.09,217.34833333333333,2,0,2
3835,Customer_3835,24,Male,Phoenix,2022-02-24,1989.64,5.0,15.0,1989.64,397.928,2,0,2
3836,Customer_3836,37,Male,New York,2021-11-28,1991.25,10.0,20.0,1991.25,199.125,1,0,1
3837,Customer_3837,36,Female,Chicago,2022-11-12,1101.4,8.0,13.0,1101.4,137.675,2,0,2
3838,Customer_3838,33,Female,Chicago,2021-01-07,651.68,4.0,7.0,651.6800000000001,162.92000000000002,2,1,2
3839,Customer_3839,39,Male,Phoenix,2022-06-18,1723.55,6.0,13.0,1723.5500000000002,287.2583333333334,2,0,2
3840,Customer_3840,35,Female,New York,2021-03-13,719.56,4.0,10.0,719.56,179.89,2,1,2
3841,Customer_3841,36,Female,Chicago,2022-09-10,711.09,3.0,7.0,711.09,237.03,2,1,2
3842,Customer_3842,28,Female,Phoenix,2021-05-19,0.0,0.0,0.0,0.0,0.0,0,1,0
3843,Customer_3843,46,Female,New York,2022-06-26,284.99,3.0,4.0,284.99,94.99666666666667,0,1,0
3844,Customer_3844,30,Male,Phoenix,2021-11-20,1689.83,8.0,15.0,1689.83,211.22875,1,0,1
3845,Customer_3845,20,Male,New York,2023-08-07,745.91,3.0,9.0,745.9100000000001,248.63666666666668,2,1,2
3846,Customer_3846,27,Female,Houston,2022-08-24,603.38,3.0,5.0,603.38,201.12666666666667,2,1,2
3847,Customer_3847,31,Female,Phoenix,2021-03-14,640.56,5.0,8.0,640.5600000000001,128.11200000000002,2,1,2
3848,Customer_3848,46,Female,Chicago,2023-04-20,578.25,3.0,7.0,578.25,192.75,2,1,2
3849,Customer_3849,35,Male,Los Angeles,2023-09-15,2038.36,12.0,25.0,2038.3600000000001,169.86333333333334,1,0,1
3850,Customer_3850,33,Male,New York,2023-10-29,0.0,0.0,0.0,0.0,0.0,0,1,0
3851,Customer_3851,21,Female,Phoenix,2022-02-15,3036.17,20.0,39.0,3036.17,151.8085,1,0,1
3852,Customer_3852,44,Male,Chicago,2021-09-15,857.28,5.0,10.0,857.28,171.456,2,1,2
3853,Customer_3853,28,Male,New York,2022-10-13,480.24,2.0,6.0,480.24,240.12,2,1,2
3854,Customer_3854,34,Male,Houston,2023-12-06,1504.68,7.0,17.0,1504.68,214.95428571428573,1,0,1
3855,Customer_3855,51,Male,Chicago,2021-05-06,565.06,4.0,6.0,565.06,141.265,2,1,2
3856,Customer_3856,41,Female,New York,2023-11-11,512.16,1.0,3.0,512.16,512.16,2,1,2
3857,Customer_3857,18,Male,New York,2022-06-28,71.0,2.0,2.0,71.0,35.5,0,1,0
3858,Customer_3858,18,Female,New York,2022-03-31,0.0,0.0,0.0,0.0,0.0,0,1,0
3859,Customer_3859,34,Male,Chicago,2022-10-24,1736.66,9.0,22.0,1736.6599999999999,192.9622222222222,1,0,1
3860,Customer_3860,22,Male,Chicago,2023-11-11,0.0,0.0,0.0,0.0,0.0,0,1,0
3861,Customer_3861,42,Male,Chicago,2023-07-07,2472.67,12.0,23.0,2472.67,206.05583333333334,1,0,1
3862,Customer_3862,35,Male,Houston,2023-12-25,311.98,1.0,2.0,311.98,311.98,2,1,2
3863,Customer_3863,37,Female,Phoenix,2021-03-29,203.24,3.0,4.0,203.24,67.74666666666667,0,1,0
3864,Customer_3864,27,Male,Chicago,2023-12-03,1355.13,6.0,15.0,1355.1299999999999,225.855,2,0,2
3865,Customer_3865,54,Male,New York,2022-05-31,169.67,1.0,1.0,169.67,169.67,0,1,0
3866,Customer_3866,66,Male,Houston,2022-05-15,372.83,3.0,4.0,372.83000000000004,124.27666666666669,0,1,0
3867,Customer_3867,32,Female,Los Angeles,2021-11-22,450.46,5.0,6.0,450.46000000000004,90.09200000000001,0,1,0
3868,Customer_3868,39,Female,Chicago,2022-07-07,1417.95,9.0,14.0,1417.95,157.55,1,0,1
3869,Customer_3869,36,Female,Chicago,2023-06-07,186.4,1.0,2.0,186.4,186.4,0,1,0
3870,Customer_3870,32,Male,Los Angeles,2023-09-23,555.16,3.0,5.0,555.16,185.0533333333333,2,1,2
3871,Customer_3871,26,Male,Phoenix,2023-09-20,322.42,3.0,3.0,322.42,107.47333333333334,0,1,0
3872,Customer_3872,23,Female,New York,2023-07-18,0.0,0.0,0.0,0.0,0.0,0,1,0
3873,Customer_3873,23,Female,Houston,2023-07-10,0.0,0.0,0.0,0.0,0.0,0,1,0
3874,Customer_3874,39,Male,New York,2021-11-04,86.37,1.0,1.0,86.37,86.37,0,1,0
3875,Customer_3875,29,Male,Phoenix,2022-10-19,900.57,6.0,14.0,900.5699999999999,150.095,2,0,2
3876,Customer_3876,18,Male,New York,2022-04-15,1061.92,6.0,10.0,1061.92,176.98666666666668,2,0,2
3877,Customer_3877,40,Male,New York,2022-09-17,239.14,1.0,2.0,239.14,239.14,2,1,2
3878,Customer_3878,35,Female,Los Angeles,2021-10-18,291.56,3.0,4.0,291.56,97.18666666666667,0,1,0
3879,Customer_3879,50,Female,Los Angeles,2021-09-06,66.58,1.0,1.0,66.58,66.58,0,1,0
3880,Customer_3880,39,Male,New York,2021-11-20,1587.3,8.0,17.0,1587.3,198.4125,1,0,1
3881,Customer_3881,19,Male,Chicago,2022-08-27,432.32,2.0,3.0,432.32,216.16,2,1,2
3882,Customer_3882,18,Male,Los Angeles,2021-02-28,735.64,5.0,10.0,735.64,147.128,2,1,2
3883,Customer_3883,27,Male,New York,2023-10-18,0.0,0.0,0.0,0.0,0.0,0,1,0
3884,Customer_3884,28,Male,Los Angeles,2021-09-26,378.32,4.0,4.0,378.32,94.58,0,1,0
3885,Customer_3885,45,Female,Houston,2021-04-04,60.9,1.0,1.0,60.9,60.9,0,1,0
3886,Customer_3886,35,Female,Houston,2022-11-18,232.6,5.0,7.0,232.60000000000002,46.52,0,1,0
3887,Customer_3887,47,Female,Houston,2022-05-30,929.75,6.0,12.0,929.7500000000001,154.95833333333334,2,0,2
3888,Customer_3888,20,Female,Houston,2022-06-17,183.38,2.0,4.0,183.38,91.69,0,1,0
3889,Customer_3889,46,Male,Los Angeles,2022-02-06,0.0,0.0,0.0,0.0,0.0,0,1,0
3890,Customer_3890,43,Male,New York,2023-08-25,1176.91,5.0,14.0,1176.91,235.382,2,0,2
3891,Customer_3891,18,Female,Los Angeles,2022-12-22,132.52,1.0,2.0,132.52,132.52,0,1,0
3892,Customer_3892,50,Female,Houston,2023-05-27,767.24,5.0,10.0,767.24,153.448,2,1,2
3893,Customer_3893,36,Male,Phoenix,2022-08-31,2411.98,13.0,31.0,2411.98,185.53692307692307,1,0,1
3894,Customer_3894,39,Female,Chicago,2021-04-03,186.35,2.0,2.0,186.35,93.175,0,1,0
3895,Customer_3895,25,Male,New York,2022-07-28,1201.62,8.0,15.0,1201.6200000000001,150.20250000000001,2,0,2
3896,Customer_3896,49,Male,New York,2023-08-29,3199.25,18.0,35.0,3199.25,177.73611111111111,1,0,1
3897,Customer_3897,22,Male,Los Angeles,2022-03-13,984.49,11.0,17.0,984.49,89.49909090909091,1,0,1
3898,Customer_3898,44,Female,Chicago,2023-10-31,0.0,0.0,0.0,0.0,0.0,0,1,0
3899,Customer_3899,44,Female,New York,2022-04-01,691.01,5.0,6.0,691.01,138.202,2,1,2
3900,Customer_3900,24,Male,Phoenix,2022-02-19,0.0,0.0,0.0,0.0,0.0,0,1,0
3901,Customer_3901,57,Male,Los Angeles,2022-12-05,456.35,5.0,5.0,456.35,91.27000000000001,0,1,0
3902,Customer_3902,38,Female,Phoenix,2023-06-01,475.11,6.0,9.0,475.11,79.185,2,1,2
3903,Customer_3903,42,Male,Houston,2023-02-01,1005.35,6.0,15.0,1005.35,167.55833333333334,2,0,2
3904,Customer_3904,18,Female,Houston,2021-09-22,455.37,3.0,7.0,455.37,151.79,2,1,2
3905,Customer_3905,58,Male,Chicago,2022-05-22,1102.54,4.0,8.0,1102.54,275.635,2,1,2
3906,Customer_3906,22,Female,Chicago,2022-10-08,2342.9,10.0,28.0,2342.9,234.29000000000002,1,0,1
3907,Customer_3907,46,Male,Chicago,2023-06-16,235.93,2.0,6.0,235.93,117.965,0,1,0
3908,Customer_3908,24,Female,Chicago,2023-05-11,201.3,1.0,3.0,201.29999999999998,201.29999999999998,0,1,0
3909,Customer_3909,28,Female,Chicago,2022-11-20,0.0,0.0,0.0,0.0,0.0,0,1,0
3910,Customer_3910,44,Female,Phoenix,2023-05-17,1286.93,4.0,11.0,1286.9299999999998,321.73249999999996,2,0,2
3911,Customer_3911,46,Female,Houston,2023-11-20,1598.03,6.0,16.0,1598.03,266.3383333333333,2,0,2
3912,Customer_3912,21,Male,Houston,2022-05-02,0.0,0.0,0.0,0.0,0.0,0,1,0
3913,Customer_3913,47,Male,Phoenix,2021-01-28,0.0,0.0,0.0,0.0,0.0,0,1,0
3914,Customer_3914,46,Female,New York,2021-10-15,757.99,6.0,10.0,757.99,126.33166666666666,2,1,2
3915,Customer_3915,25,Female,New York,2022-08-04,257.53,3.0,7.0,257.53,85.84333333333332,0,1,0
3916,Customer_3916,53,Male,Chicago,2023-08-08,825.58,6.0,9.0,825.5799999999999,137.59666666666666,2,1,2
3917,Customer_3917,19,Male,Chicago,2021-09-09,324.43,2.0,6.0,324.42999999999995,162.21499999999997,0,1,0
3918,Customer_3918,28,Male,Houston,2023-07-16,195.55,3.0,4.0,195.55,65.18333333333334,0,1,0
3919,Customer_3919,40,Female,Los Angeles,2021-04-20,147.84,3.0,3.0,147.84,49.28,0,1,0
3920,Customer_3920,26,Female,Chicago,2022-10-06,1405.19,7.0,16.0,1405.19,200.74142857142857,2,0,2
3921,Customer_3921,38,Male,Chicago,2022-02-02,936.99,4.0,10.0,936.9899999999999,234.24749999999997,2,1,2
3922,Customer_3922,38,Female,New York,2021-10-03,296.62,1.0,2.0,296.62,296.62,2,1,2
3923,Customer_3923,33,Male,Chicago,2022-11-20,1944.55,9.0,22.0,1944.55,216.0611111111111,1,0,1
3924,Customer_3924,44,Female,Houston,2021-09-04,645.7,5.0,8.0,645.7,129.14000000000001,2,1,2
3925,Customer_3925,32,Male,New York,2023-11-08,2338.04,6.0,20.0,2338.04,389.67333333333335,1,0,1
3926,Customer_3926,38,Female,Chicago,2022-02-12,0.0,0.0,0.0,0.0,0.0,0,1,0
3927,Customer_3927,48,Male,Chicago,2021-05-05,3442.57,22.0,42.0,3442.57,156.48045454545456,1,0,1
3928,Customer_3928,44,Female,New York,2021-06-02,913.52,4.0,6.0,913.52,228.38,2,1,2
3929,Customer_3929,44,Male,New York,2022-10-20,1955.79,6.0,16.0,1955.7900000000002,325.96500000000003,1,0,1
3930,Customer_3930,22,Female,Phoenix,2021-01-20,36.7,1.0,1.0,36.7,36.7,0,1,0
3931,Customer_3931,41,Male,Los Angeles,2021-09-04,583.8,6.0,8.0,583.8,97.3,2,1,2
3932,Customer_3932,25,Male,New York,2023-10-30,1300.17,7.0,14.0,1300.17,185.73857142857145,2,0,2
3933,Customer_3933,21,Male,New York,2022-06-15,685.05,3.0,9.0,685.05,228.35,2,1,2
3934,Customer_3934,34,Male,Chicago,2021-04-13,1277.78,7.0,21.0,1277.78,182.54,1,0,1
3935,Customer_3935,25,Male,Chicago,2022-08-20,459.07,3.0,4.0,459.07,153.02333333333334,0,1,0
3936,Customer_3936,44,Male,Chicago,2021-12-17,0.0,0.0,0.0,0.0,0.0,0,1,0
3937,Customer_3937,44,Female,New York,2021-08-22,681.67,2.0,5.0,681.6700000000001,340.83500000000004,2,1,2
3938,Customer_3938,18,Male,Phoenix,2021-02-06,4189.54,20.0,46.0,4189.54,209.477,1,0,1
3939,Customer_3939,26,Female,Los Angeles,2021-10-19,606.28,3.0,6.0,606.28,202.09333333333333,2,1,2
3940,Customer_3940,19,Female,Los Angeles,2021-01-17,2147.12,17.0,33.0,2147.12,126.30117647058823,1,0,1
3941,Customer_3941,30,Female,Los Angeles,2021-03-31,192.04,2.0,4.0,192.04000000000002,96.02000000000001,0,1,0
3942,Customer_3942,40,Female,Los Angeles,2022-11-08,529.6,3.0,4.0,529.6,176.53333333333333,2,1,2
3943,Customer_3943,32,Male,Phoenix,2023-09-04,1019.74,8.0,12.0,1019.74,127.4675,2,0,2
3944,Customer_3944,29,Male,Phoenix,2021-09-10,921.22,8.0,11.0,921.22,115.1525,2,0,2
3945,Customer_3945,49,Male,Los Angeles,2023-03-28,647.72,4.0,7.0,647.72,161.93,2,1,2
3946,Customer_3946,18,Female,Phoenix,2021-07-03,268.43,3.0,5.0,268.43,89.47666666666667,0,1,0
3947,Customer_3947,49,Female,Houston,2021-10-17,0.0,0.0,0.0,0.0,0.0,0,1,0
3948,Customer_3948,29,Female,Phoenix,2023-01-31,4437.17,34.0,55.0,4437.17,130.505,1,0,1
3949,Customer_3949,34,Female,New York,2021-06-07,825.68,7.0,11.0,825.68,117.9542857142857,2,0,2
3950,Customer_3950,29,Female,Chicago,2023-07-12,686.85,1.0,5.0,686.85,686.85,2,1,2
3951,Customer_3951,52,Female,Los Angeles,2022-11-22,221.38,2.0,4.0,221.38,110.69,0,1,0
3952,Customer_3952,21,Female,Houston,2022-01-28,750.96,3.0,7.0,750.96,250.32000000000002,2,1,2
3953,Customer_3953,35,Male,New York,2023-11-10,570.9,3.0,5.0,570.9,190.29999999999998,2,1,2
3954,Customer_3954,41,Male,Chicago,2022-03-07,2962.94,17.0,32.0,2962.94,174.2905882352941,1,0,1
3955,Customer_3955,18,Male,Los Angeles,2023-09-24,140.7,1.0,1.0,140.7,140.7,0,1,0
3956,Customer_3956,25,Male,Los Angeles,2023-10-02,223.1,2.0,2.0,223.1,111.55,0,1,0
3957,Customer_3957,33,Male,Chicago,2023-12-28,966.8,6.0,11.0,966.8,161.13333333333333,2,0,2
3958,Customer_3958,25,Female,Phoenix,2021-04-12,907.58,8.0,11.0,907.58,113.4475,2,0,2
3959,Customer_3959,26,Male,Chicago,2022-10-14,1244.59,8.0,15.0,1244.59,155.57375,2,0,2
3960,Customer_3960,31,Male,Phoenix,2023-06-12,453.59,3.0,6.0,453.59000000000003,151.1966666666667,2,1,2
3961,Customer_3961,42,Female,Los Angeles,2022-08-08,806.64,7.0,11.0,806.64,115.23428571428572,2,0,2
3962,Customer_3962,31,Female,Chicago,2021-07-26,0.0,0.0,0.0,0.0,0.0,0,1,0
3963,Customer_3963,47,Male,Los Angeles,2021-08-01,76.66,1.0,1.0,76.66,76.66,0,1,0
3964,Customer_3964,24,Female,New York,2021-03-20,227.44,2.0,2.0,227.44,113.72,0,1,0
3965,Customer_3965,21,Male,Chicago,2021-05-13,0.0,0.0,0.0,0.0,0.0,0,1,0
3966,Customer_3966,56,Male,Chicago,2023-11-15,582.43,4.0,7.0,582.4300000000001,145.60750000000002,2,1,2
3967,Customer_3967,28,Female,Chicago,2022-04-17,3464.5,16.0,36.0,3464.5,216.53125,1,0,1
3968,Customer_3968,21,Female,Houston,2021-10-17,133.74,2.0,3.0,133.74,66.87,0,1,0
3969,Customer_3969,18,Female,Chicago,2023-10-04,0.0,0.0,0.0,0.0,0.0,0,1,0
3970,Customer_3970,47,Female,New York,2023-12-28,879.54,5.0,10.0,879.5400000000001,175.90800000000002,2,1,2
3971,Customer_3971,31,Female,New York,2022-09-26,781.95,3.0,7.0,781.95,260.65000000000003,2,1,2
3972,Customer_3972,32,Male,Chicago,2022-02-26,1132.83,8.0,16.0,1132.83,141.60375,2,0,2
3973,Customer_3973,33,Female,Los Angeles,2022-07-12,332.28,2.0,3.0,332.28,166.14,0,1,0
3974,Customer_3974,46,Female,New York,2022-08-04,22.78,1.0,1.0,22.78,22.78,0,1,0
3975,Customer_3975,33,Female,Los Angeles,2022-06-23,1016.14,8.0,17.0,1016.14,127.0175,2,0,2
3976,Customer_3976,61,Male,Chicago,2022-04-07,1516.56,6.0,11.0,1516.56,252.76,2,0,2
3977,Customer_3977,36,Female,Los Angeles,2023-10-03,137.36,1.0,2.0,137.36,137.36,0,1,0
3978,Customer_3978,47,Female,Houston,2021-10-28,467.86,3.0,5.0,467.86000000000007,155.95333333333335,2,1,2
3979,Customer_3979,44,Male,Chicago,2023-10-23,123.75,1.0,1.0,123.75,123.75,0,1,0
3980,Customer_3980,35,Male,Los Angeles,2023-11-10,2082.2,9.0,21.0,2082.2,231.35555555555553,1,0,1
3981,Customer_3981,29,Female,Houston,2023-08-12,75.26,1.0,2.0,75.26,75.26,0,1,0
3982,Customer_3982,39,Male,Chicago,2023-09-13,39.62,1.0,1.0,39.62,39.62,0,1,0
3983,Customer_3983,41,Female,Chicago,2023-03-17,0.0,0.0,0.0,0.0,0.0,0,1,0
3984,Customer_3984,29,Female,Chicago,2021-09-14,545.04,4.0,8.0,545.04,136.26,2,1,2
3985,Customer_3985,37,Female,New York,2022-03-29,1701.09,5.0,14.0,1701.0900000000001,340.218,2,0,2
3986,Customer_3986,49,Female,Houston,2022-03-14,0.0,0.0,0.0,0.0,0.0,0,1,0
3987,Customer_3987,58,Male,Los Angeles,2022-02-02,439.63,3.0,5.0,439.63,146.54333333333332,0,1,0
3988,Customer_3988,44,Female,Phoenix,2022-10-11,440.16,2.0,3.0,440.15999999999997,220.07999999999998,2,1,2
3989,Customer_3989,55,Female,Houston,2021-08-10,242.9,2.0,4.0,242.9,121.45,0,1,0
3990,Customer_3990,28,Male,Chicago,2021-05-16,1642.82,10.0,18.0,1642.82,164.28199999999998,1,0,1
3991,Customer_3991,43,Male,Los Angeles,2022-09-18,1477.79,8.0,15.0,1477.79,184.72375,1,0,1
3992,Customer_3992,50,Female,New York,2023-02-15,116.24,1.0,1.0,116.24,116.24,0,1,0
3993,Customer_3993,25,Male,Los Angeles,2022-08-08,170.78,1.0,2.0,170.78,170.78,0,1,0
3994,Customer_3994,30,Female,Chicago,2022-04-30,753.44,5.0,8.0,753.44,150.68800000000002,2,1,2
3995,Customer_3995,54,Male,Los Angeles,2023-11-08,343.21,3.0,7.0,343.21000000000004,114.40333333333335,0,1,0
3996,Customer_3996,24,Male,Chicago,2023-05-27,1185.13,3.0,8.0,1185.13,395.04333333333335,2,0,2
3997,Customer_3997,20,Male,New York,2022-05-16,441.03,7.0,9.0,441.03,63.00428571428571,2,1,2
3998,Customer_3998,52,Female,Phoenix,2021-04-03,404.48,3.0,4.0,404.48,134.82666666666668,0,1,0
3999,Customer_3999,48,Female,New York,2021-10-06,121.05,1.0,1.0,121.05,121.05,0,1,0
4000,Customer_4000,40,Female,Phoenix,2023-09-09,340.69,2.0,7.0,340.69000000000005,170.34500000000003,2,1,2
4001,Customer_4001,34,Female,Phoenix,2022-09-13,674.41,3.0,5.0,674.41,224.8033333333333,2,1,2
4002,Customer_4002,30,Female,Chicago,2022-04-21,767.41,3.0,9.0,767.41,255.8033333333333,2,1,2
4003,Customer_4003,38,Male,Houston,2023-06-01,1561.6,9.0,15.0,1561.6,173.5111111111111,1,0,1
4004,Customer_4004,52,Female,Los Angeles,2022-11-03,704.32,5.0,8.0,704.32,140.864,2,1,2
4005,Customer_4005,38,Female,Chicago,2023-03-12,0.0,0.0,0.0,0.0,0.0,0,1,0
4006,Customer_4006,59,Male,Los Angeles,2021-06-20,937.96,9.0,12.0,937.96,104.21777777777778,2,0,2
4007,Customer_4007,25,Female,Los Angeles,2022-01-07,370.96,2.0,6.0,370.96000000000004,185.48000000000002,2,1,2
4008,Customer_4008,35,Male,Chicago,2023-01-02,123.15,1.0,1.0,123.15,123.15,0,1,0
4009,Customer_4009,31,Female,Chicago,2021-07-04,1670.45,10.0,19.0,1670.45,167.04500000000002,1,0,1
4010,Customer_4010,23,Female,Chicago,2023-07-28,440.65,2.0,5.0,440.65000000000003,220.32500000000002,2,1,2
4011,Customer_4011,33,Female,Los Angeles,2023-04-15,1183.99,8.0,14.0,1183.99,147.99875,2,0,2
4012,Customer_4012,40,Female,Los Angeles,2021-07-28,1043.5,8.0,14.0,1043.5,130.4375,2,0,2
4013,Customer_4013,41,Male,New York,2023-09-21,261.74,2.0,2.0,261.74,130.87,0,1,0
4014,Customer_4014,59,Female,New York,2023-03-11,193.31,2.0,3.0,193.31,96.655,0,1,0
4015,Customer_4015,40,Male,Los Angeles,2022-01-04,521.19,3.0,5.0,521.1899999999999,173.73,2,1,2
4016,Customer_4016,48,Female,New York,2022-12-25,339.7,3.0,5.0,339.7,113.23333333333333,0,1,0
4017,Customer_4017,36,Female,New York,2023-10-02,0.0,0.0,0.0,0.0,0.0,0,1,0
4018,Customer_4018,53,Male,Houston,2023-04-17,1516.38,9.0,17.0,1516.38,168.48666666666668,1,0,1
4019,Customer_4019,61,Female,New York,2021-09-21,844.86,7.0,11.0,844.86,120.69428571428571,2,0,2
4020,Customer_4020,41,Male,Chicago,2022-11-13,681.1,7.0,9.0,681.1,97.3,2,1,2
4021,Customer_4021,24,Male,Los Angeles,2023-07-02,286.04,1.0,4.0,286.04,286.04,2,1,2
4022,Customer_4022,29,Male,Phoenix,2021-03-11,228.59,3.0,3.0,228.59,76.19666666666667,0,1,0
4023,Customer_4023,38,Male,Chicago,2022-03-08,47.75,1.0,1.0,47.75,47.75,0,1,0
4024,Customer_4024,40,Female,Los Angeles,2023-12-14,500.5,2.0,7.0,500.5,250.25,2,1,2
4025,Customer_4025,43,Female,Chicago,2021-06-19,0.0,0.0,0.0,0.0,0.0,0,1,0
4026,Customer_4026,40,Female,Los Angeles,2021-02-05,250.25,2.0,3.0,250.25,125.125,0,1,0
4027,Customer_4027,35,Male,Chicago,2021-09-16,483.39,1.0,3.0,483.39,483.39,2,1,2
4028,Customer_4028,28,Male,New York,2021-09-08,214.35,4.0,4.0,214.35000000000002,53.587500000000006,0,1,0
4029,Customer_4029,39,Female,Phoenix,2021-01-13,82.66,1.0,2.0,82.66,82.66,0,1,0
4030,Customer_4030,55,Male,Los Angeles,2022-11-02,1278.06,4.0,9.0,1278.06,319.515,2,0,2
4031,Customer_4031,46,Female,Los Angeles,2022-06-25,843.95,6.0,12.0,843.95,140.65833333333333,2,0,2
4032,Customer_4032,41,Male,Houston,2021-02-26,19.93,1.0,1.0,19.93,19.93,0,1,0
4033,Customer_4033,46,Female,Los Angeles,2023-10-01,0.0,0.0,0.0,0.0,0.0,0,1,0
4034,Customer_4034,31,Male,Houston,2022-03-13,0.0,0.0,0.0,0.0,0.0,0,1,0
4035,Customer_4035,29,Male,Los Angeles,2023-02-17,547.99,4.0,7.0,547.99,136.9975,2,1,2
4036,Customer_4036,27,Female,Houston,2021-08-18,2783.47,12.0,26.0,2783.47,231.95583333333332,1,0,1
4037,Customer_4037,34,Female,New York,2023-04-11,393.64,3.0,9.0,393.64,131.21333333333334,2,1,2
4038,Customer_4038,30,Female,Houston,2023-04-21,93.36,1.0,1.0,93.36,93.36,0,1,0
4039,Customer_4039,48,Female,Houston,2022-09-12,325.48,1.0,2.0,325.48,325.48,2,1,2
4040,Customer_4040,30,Female,New York,2021-12-23,458.57,6.0,10.0,458.57,76.42833333333333,2,1,2
4041,Customer_4041,26,Male,New York,2021-12-18,1084.99,6.0,14.0,1084.99,180.83166666666668,2,0,2
4042,Customer_4042,56,Male,Los Angeles,2023-05-15,0.0,0.0,0.0,0.0,0.0,0,1,0
4043,Customer_4043,30,Male,Phoenix,2022-09-14,759.85,1.0,5.0,759.85,759.85,2,0,2
4044,Customer_4044,37,Female,Los Angeles,2022-09-27,167.57,1.0,1.0,167.57,167.57,0,1,0
4045,Customer_4045,40,Male,Los Angeles,2023-08-23,3124.47,14.0,29.0,3124.47,223.17642857142854,1,0,1
4046,Customer_4046,22,Male,New York,2022-09-20,24.94,1.0,1.0,24.94,24.94,0,1,0
4047,Customer_4047,49,Female,Los Angeles,2021-10-20,2550.8,12.0,27.0,2550.8,212.5666666666667,1,0,1
4048,Customer_4048,42,Male,Chicago,2023-04-09,123.63,1.0,1.0,123.63,123.63,0,1,0
4049,Customer_4049,52,Male,Phoenix,2021-08-22,1575.7,9.0,22.0,1575.7,175.07777777777778,1,0,1
4050,Customer_4050,28,Female,Chicago,2022-06-21,0.0,0.0,0.0,0.0,0.0,0,1,0
4051,Customer_4051,36,Female,Houston,2023-03-16,433.67,3.0,8.0,433.67,144.55666666666667,2,1,2
4052,Customer_4052,35,Female,Chicago,2022-06-23,1532.01,12.0,21.0,1532.01,127.6675,1,0,1
4053,Customer_4053,38,Female,New York,2023-05-02,348.07,3.0,4.0,348.07,116.02333333333333,0,1,0
4054,Customer_4054,19,Male,Los Angeles,2021-06-27,421.39,3.0,3.0,421.39,140.46333333333334,0,1,0
4055,Customer_4055,36,Male,Chicago,2022-07-10,46.61,1.0,1.0,46.61,46.61,0,1,0
4056,Customer_4056,19,Male,Phoenix,2023-08-06,1016.19,7.0,11.0,1016.19,145.17000000000002,2,0,2
4057,Customer_4057,39,Female,Phoenix,2023-04-03,651.76,5.0,7.0,651.76,130.352,2,1,2
4058,Customer_4058,18,Female,New York,2021-08-16,1161.58,5.0,12.0,1161.58,232.31599999999997,2,0,2
4059,Customer_4059,18,Male,New York,2021-09-11,992.31,6.0,12.0,992.31,165.385,2,0,2
4060,Customer_4060,44,Male,New York,2022-11-06,680.87,4.0,9.0,680.8699999999999,170.21749999999997,2,1,2
4061,Customer_4061,29,Female,Phoenix,2021-01-06,162.11,1.0,1.0,162.11,162.11,0,1,0
4062,Customer_4062,24,Female,Phoenix,2021-02-16,3751.21,14.0,45.0,3751.21,267.94357142857143,1,0,1
4063,Customer_4063,49,Male,Houston,2023-06-02,529.72,3.0,6.0,529.72,176.57333333333335,2,1,2
4064,Customer_4064,39,Female,Los Angeles,2022-08-03,1096.4,6.0,14.0,1096.4,182.73333333333335,2,0,2
4065,Customer_4065,45,Female,Chicago,2021-09-11,471.15,6.0,9.0,471.15,78.52499999999999,2,1,2
4066,Customer_4066,33,Male,Los Angeles,2021-02-28,1272.58,7.0,16.0,1272.5800000000002,181.7971428571429,2,0,2
4067,Customer_4067,64,Female,Los Angeles,2022-07-14,2904.02,12.0,27.0,2904.02,242.00166666666667,1,0,1
4068,Customer_4068,28,Female,Chicago,2023-10-12,1361.0,7.0,15.0,1361.0,194.42857142857142,2,0,2
4069,Customer_4069,54,Female,New York,2021-09-22,77.18,1.0,2.0,77.18,77.18,0,1,0
4070,Customer_4070,34,Female,New York,2021-09-03,149.77,2.0,3.0,149.77,74.885,0,1,0
4071,Customer_4071,18,Male,Phoenix,2022-03-13,414.8,2.0,4.0,414.8,207.4,2,1,2
4072,Customer_4072,40,Female,Houston,2022-11-19,255.71,3.0,5.0,255.71000000000004,85.23666666666668,0,1,0
4073,Customer_4073,38,Female,Los Angeles,2022-04-21,0.0,0.0,0.0,0.0,0.0,0,1,0
4074,Customer_4074,23,Male,Chicago,2023-07-27,1336.0,9.0,18.0,1336.0,148.44444444444446,1,0,1
4075,Customer_4075,25,Male,Los Angeles,2023-05-28,601.8,6.0,11.0,601.8,100.3,2,1,2
4076,Customer_4076,35,Male,Houston,2022-10-19,100.05,2.0,5.0,100.05000000000001,50.025000000000006,0,1,0
4077,Customer_4077,39,Female,Houston,2022-07-01,853.99,6.0,9.0,853.99,142.33166666666668,2,1,2
4078,Customer_4078,18,Female,Houston,2022-02-19,1235.26,6.0,13.0,1235.26,205.87666666666667,2,0,2
4079,Customer_4079,47,Male,Houston,2022-02-02,586.89,4.0,11.0,586.89,146.7225,2,1,2
4080,Customer_4080,30,Male,New York,2021-06-17,1162.58,10.0,13.0,1162.58,116.258,1,0,1
4081,Customer_4081,20,Female,Los Angeles,2023-03-14,354.14,5.0,10.0,354.14,70.828,0,1,0
4082,Customer_4082,45,Female,Los Angeles,2021-08-18,1650.79,10.0,22.0,1650.79,165.079,1,0,1
4083,Customer_4083,35,Female,Los Angeles,2022-12-04,903.49,2.0,7.0,903.49,451.745,2,1,2
4084,Customer_4084,48,Male,Houston,2021-05-24,125.24,1.0,1.0,125.24,125.24,0,1,0
4085,Customer_4085,40,Male,Los Angeles,2021-03-09,349.42,4.0,6.0,349.42,87.355,0,1,0
4086,Customer_4086,35,Female,New York,2023-10-15,469.12,5.0,5.0,469.12,93.824,0,1,0
4087,Customer_4087,33,Female,Los Angeles,2021-04-08,825.43,8.0,10.0,825.43,103.17875,2,0,2
4088,Customer_4088,40,Male,Phoenix,2021-01-07,416.45,2.0,3.0,416.45,208.225,2,1,2
4089,Customer_4089,30,Male,New York,2023-03-26,424.81,3.0,6.0,424.81,141.60333333333332,0,1,0
4090,Customer_4090,26,Female,Chicago,2021-06-26,1483.2,5.0,13.0,1483.2,296.64,2,0,2
4091,Customer_4091,42,Male,Los Angeles,2021-10-26,1353.51,6.0,12.0,1353.5100000000002,225.58500000000004,2,0,2
4092,Customer_4092,33,Male,New York,2021-08-17,926.04,7.0,14.0,926.04,132.29142857142855,2,0,2
4093,Customer_4093,35,Female,Chicago,2023-06-15,2123.21,13.0,20.0,2123.21,163.32384615384615,1,0,1
4094,Customer_4094,47,Male,Houston,2022-09-23,196.56,3.0,5.0,196.56,65.52,0,1,0
4095,Customer_4095,34,Female,Chicago,2021-09-27,1158.01,5.0,9.0,1158.01,231.602,2,0,2
4096,Customer_4096,35,Male,Phoenix,2021-03-22,918.24,6.0,10.0,918.24,153.04,2,1,2
4097,Customer_4097,28,Male,Los Angeles,2023-03-31,863.89,5.0,12.0,863.89,172.778,2,1,2
4098,Customer_4098,40,Male,New York,2022-05-16,681.88,2.0,5.0,681.88,340.94,2,1,2
4099,Customer_4099,39,Male,Phoenix,2022-12-07,751.63,4.0,10.0,751.63,187.9075,2,1,2
4100,Customer_4100,45,Female,Los Angeles,2023-09-17,1367.98,8.0,15.0,1367.98,170.9975,1,0,1
4101,Customer_4101,29,Male,Chicago,2022-12-04,496.41,2.0,5.0,496.40999999999997,248.20499999999998,2,1,2
4102,Customer_4102,30,Male,Houston,2021-04-16,1411.47,9.0,15.0,1411.47,156.83,1,0,1
4103,Customer_4103,44,Female,Los Angeles,2022-10-03,631.0,2.0,6.0,631.0,315.5,2,1,2
4104,Customer_4104,38,Male,Houston,2022-09-01,368.48,4.0,8.0,368.48,92.12,0,1,0
4105,Customer_4105,25,Male,New York,2023-09-23,665.55,6.0,10.0,665.55,110.925,2,1,2
4106,Customer_4106,49,Female,Los Angeles,2023-10-06,1646.19,11.0,23.0,1646.19,149.65363636363637,1,0,1
4107,Customer_4107,18,Male,New York,2022-01-17,0.0,0.0,0.0,0.0,0.0,0,1,0
4108,Customer_4108,44,Male,Houston,2023-04-18,36.71,2.0,2.0,36.71,18.355,0,1,0
4109,Customer_4109,21,Female,New York,2021-04-14,0.0,0.0,0.0,0.0,0.0,0,1,0
4110,Customer_4110,56,Male,Houston,2022-10-26,432.18,4.0,6.0,432.18,108.045,0,1,0
4111,Customer_4111,18,Female,Phoenix,2023-12-15,285.78,3.0,5.0,285.78,95.25999999999999,0,1,0
4112,Customer_4112,48,Female,Chicago,2021-05-01,372.48,4.0,6.0,372.48,93.12,0,1,0
4113,Customer_4113,34,Female,Chicago,2023-10-24,1337.69,4.0,12.0,1337.69,334.4225,2,0,2
4114,Customer_4114,31,Male,Los Angeles,2022-02-11,68.03,1.0,1.0,68.03,68.03,0,1,0
4115,Customer_4115,37,Male,Los Angeles,2022-11-07,0.0,0.0,0.0,0.0,0.0,0,1,0
4116,Customer_4116,42,Female,Chicago,2022-03-17,184.88,2.0,5.0,184.88,92.44,0,1,0
4117,Customer_4117,25,Female,Chicago,2022-03-08,524.16,1.0,3.0,524.16,524.16,2,1,2
4118,Customer_4118,26,Male,Phoenix,2023-06-28,70.38,2.0,2.0,70.38,35.19,0,1,0
4119,Customer_4119,42,Female,Phoenix,2021-03-02,1590.22,12.0,18.0,1590.22,132.51833333333335,1,0,1
4120,Customer_4120,18,Male,Phoenix,2022-12-27,408.54,3.0,5.0,408.53999999999996,136.17999999999998,0,1,0
4121,Customer_4121,29,Male,Phoenix,2023-07-28,73.41,1.0,3.0,73.41,73.41,0,1,0
4122,Customer_4122,68,Female,Los Angeles,2023-05-19,1636.16,6.0,16.0,1636.16,272.6933333333333,2,0,2
4123,Customer_4123,24,Male,Chicago,2023-11-14,0.0,0.0,0.0,0.0,0.0,0,1,0
4124,Customer_4124,48,Female,Phoenix,2022-02-10,0.0,0.0,0.0,0.0,0.0,0,1,0
4125,Customer_4125,29,Male,Los Angeles,2022-09-05,611.99,3.0,6.0,611.99,203.99666666666667,2,1,2
4126,Customer_4126,41,Male,Phoenix,2021-08-03,181.59,3.0,4.0,181.59,60.53,0,1,0
4127,Customer_4127,42,Male,Los Angeles,2021-09-19,1091.3,3.0,9.0,1091.2999999999997,363.7666666666666,2,0,2
4128,Customer_4128,47,Female,Chicago,2023-07-04,1091.46,7.0,15.0,1091.46,155.92285714285714,2,0,2
4129,Customer_4129,33,Male,Houston,2021-05-03,717.64,4.0,10.0,717.64,179.41,2,1,2
4130,Customer_4130,57,Female,Phoenix,2023-02-03,679.63,4.0,9.0,679.63,169.9075,2,1,2
4131,Customer_4131,29,Female,New York,2021-11-16,718.46,4.0,10.0,718.46,179.615,2,1,2
4132,Customer_4132,38,Female,Houston,2021-06-07,139.76,1.0,2.0,139.76,139.76,0,1,0
4133,Customer_4133,38,Male,Chicago,2023-12-25,340.7,1.0,2.0,340.7,340.7,2,1,2
4134,Customer_4134,23,Male,Los Angeles,2022-01-04,0.0,0.0,0.0,0.0,0.0,0,1,0
4135,Customer_4135,32,Male,Houston,2023-05-20,640.2,4.0,6.0,640.2,160.05,2,1,2
4136,Customer_4136,37,Male,Chicago,2023-10-25,1242.4,9.0,20.0,1242.3999999999999,138.04444444444442,1,0,1
4137,Customer_4137,30,Female,Chicago,2022-11-17,68.94,1.0,3.0,68.94,68.94,0,1,0
4138,Customer_4138,62,Male,Los Angeles,2023-07-03,1021.64,10.0,19.0,1021.64,102.164,1,0,1
4139,Customer_4139,26,Female,Chicago,2023-12-20,188.58,2.0,2.0,188.57999999999998,94.28999999999999,0,1,0
4140,Customer_4140,48,Male,Chicago,2023-12-05,353.5,3.0,4.0,353.5,117.83333333333333,0,1,0
4141,Customer_4141,44,Male,Los Angeles,2022-08-07,0.0,0.0,0.0,0.0,0.0,0,1,0
4142,Customer_4142,35,Male,New York,2022-06-27,1389.59,8.0,15.0,1389.59,173.69875,1,0,1
4143,Customer_4143,25,Male,Phoenix,2021-06-05,723.38,3.0,7.0,723.3800000000001,241.1266666666667,2,1,2
4144,Customer_4144,27,Female,Chicago,2023-06-07,987.69,5.0,11.0,987.6899999999999,197.53799999999998,2,0,2
4145,Customer_4145,29,Female,Houston,2023-01-22,100.36,1.0,1.0,100.36,100.36,0,1,0
4146,Customer_4146,18,Male,Los Angeles,2021-03-05,805.05,1.0,5.0,805.05,805.05,2,0,2
4147,Customer_4147,24,Female,Los Angeles,2022-02-25,134.07,3.0,5.0,134.07,44.69,0,1,0
4148,Customer_4148,19,Female,Los Angeles,2021-11-19,2042.03,8.0,21.0,2042.03,255.25375,1,0,1
4149,Customer_4149,50,Female,Los Angeles,2022-07-01,0.0,0.0,0.0,0.0,0.0,0,1,0
4150,Customer_4150,42,Male,Chicago,2021-09-08,1419.93,8.0,17.0,1419.93,177.49125,1,0,1
4151,Customer_4151,44,Female,Chicago,2023-05-16,246.86,3.0,8.0,246.86,82.28666666666668,0,1,0
4152,Customer_4152,41,Female,Chicago,2022-05-25,833.22,5.0,12.0,833.22,166.644,2,1,2
4153,Customer_4153,37,Male,New York,2022-03-17,1934.15,11.0,21.0,1934.1499999999999,175.83181818181816,1,0,1
4154,Customer_4154,51,Male,Chicago,2022-03-30,159.09,2.0,4.0,159.09,79.545,0,1,0
4155,Customer_4155,28,Female,New York,2022-10-06,971.56,7.0,13.0,971.5600000000001,138.79428571428573,2,0,2
4156,Customer_4156,36,Female,New York,2023-03-28,122.25,3.0,4.0,122.25,40.75,0,1,0
4157,Customer_4157,43,Female,Phoenix,2022-11-10,411.92,4.0,7.0,411.92,102.98,0,1,0
4158,Customer_4158,20,Female,Chicago,2021-10-01,1544.55,10.0,17.0,1544.55,154.45499999999998,1,0,1
4159,Customer_4159,69,Female,Chicago,2021-03-01,554.42,2.0,4.0,554.42,277.21,2,1,2
4160,Customer_4160,35,Male,Los Angeles,2021-12-08,3356.49,19.0,39.0,3356.4900000000002,176.65736842105264,1,0,1
4161,Customer_4161,37,Male,Phoenix,2021-04-23,66.2,2.0,2.0,66.19999999999999,33.099999999999994,0,1,0
4162,Customer_4162,49,Male,Chicago,2021-03-09,433.81,3.0,6.0,433.81,144.60333333333332,2,1,2
4163,Customer_4163,45,Female,Houston,2022-04-12,108.59,2.0,2.0,108.59,54.295,0,1,0
4164,Customer_4164,35,Male,Los Angeles,2023-05-08,739.99,2.0,5.0,739.99,369.995,2,1,2
4165,Customer_4165,36,Female,Phoenix,2021-09-20,38.02,1.0,1.0,38.02,38.02,0,1,0
4166,Customer_4166,18,Male,Houston,2022-02-28,25.69,1.0,1.0,25.69,25.69,0,1,0
4167,Customer_4167,29,Male,Phoenix,2022-12-21,1075.79,5.0,8.0,1075.79,215.158,2,1,2
4168,Customer_4168,41,Female,New York,2022-07-17,1207.84,6.0,12.0,1207.84,201.30666666666664,2,0,2
4169,Customer_4169,40,Male,Los Angeles,2023-09-10,1137.79,9.0,16.0,1137.79,126.4211111111111,1,0,1
4170,Customer_4170,48,Female,Los Angeles,2023-07-08,1246.09,8.0,16.0,1246.0900000000001,155.76125000000002,1,0,1
4171,Customer_4171,34,Male,Los Angeles,2021-10-15,832.0,5.0,10.0,832.0,166.4,2,1,2
4172,Customer_4172,20,Female,Phoenix,2022-03-01,1033.76,11.0,18.0,1033.76,93.97818181818182,1,0,1
4173,Customer_4173,47,Female,New York,2022-07-08,650.11,5.0,8.0,650.11,130.022,2,1,2
4174,Customer_4174,51,Male,New York,2023-01-29,0.0,0.0,0.0,0.0,0.0,0,1,0
4175,Customer_4175,45,Female,Los Angeles,2021-09-01,393.64,3.0,5.0,393.64,131.21333333333334,0,1,0
4176,Customer_4176,33,Male,New York,2023-09-27,602.2,1.0,4.0,602.2,602.2,2,1,2
4177,Customer_4177,46,Female,New York,2021-11-24,305.76,1.0,3.0,305.76,305.76,2,1,2
4178,Customer_4178,70,Male,Houston,2022-12-16,0.0,0.0,0.0,0.0,0.0,0,1,0
4179,Customer_4179,36,Male,Chicago,2023-03-12,0.0,0.0,0.0,0.0,0.0,0,1,0
4180,Customer_4180,21,Female,New York,2022-09-23,190.42,2.0,3.0,190.42000000000002,95.21000000000001,0,1,0
4181,Customer_4181,29,Female,Los Angeles,2023-12-17,357.63,3.0,7.0,357.63,119.21,0,1,0
4182,Customer_4182,42,Female,Los Angeles,2023-08-18,1137.75,4.0,10.0,1137.75,284.4375,2,0,2
4183,Customer_4183,18,Female,New York,2023-08-18,691.1,5.0,8.0,691.0999999999999,138.21999999999997,2,1,2
4184,Customer_4184,37,Female,Houston,2023-12-12,1204.33,8.0,12.0,1204.33,150.54125,2,0,2
4185,Customer_4185,39,Male,Houston,2023-01-23,2509.54,16.0,31.0,2509.54,156.84625,1,0,1
4186,Customer_4186,52,Male,Houston,2021-11-20,0.0,0.0,0.0,0.0,0.0,0,1,0
4187,Customer_4187,49,Male,Houston,2021-06-04,0.0,0.0,0.0,0.0,0.0,0,1,0
4188,Customer_4188,45,Male,New York,2021-02-28,1677.18,14.0,24.0,1677.18,119.79857142857144,1,0,1
4189,Customer_4189,18,Male,Phoenix,2021-07-20,652.92,3.0,9.0,652.92,217.64,2,1,2
4190,Customer_4190,45,Male,Houston,2021-10-22,183.95,2.0,3.0,183.95,91.975,0,1,0
4191,Customer_4191,43,Female,Phoenix,2023-09-25,69.35,2.0,3.0,69.35,34.675,0,1,0
4192,Customer_4192,38,Male,New York,2022-09-02,1863.46,10.0,20.0,1863.46,186.346,1,0,1
4193,Customer_4193,18,Male,Phoenix,2021-12-15,44.48,1.0,1.0,44.48,44.48,0,1,0
4194,Customer_4194,26,Male,Houston,2023-08-21,1072.13,7.0,18.0,1072.13,153.1614285714286,2,0,2
4195,Customer_4195,22,Female,Houston,2022-01-17,170.9,2.0,5.0,170.9,85.45,0,1,0
4196,Customer_4196,18,Female,New York,2022-05-07,105.84,3.0,3.0,105.84,35.28,0,1,0
4197,Customer_4197,35,Female,Houston,2021-11-27,379.94,4.0,6.0,379.94000000000005,94.98500000000001,0,1,0
4198,Customer_4198,26,Male,Phoenix,2023-05-25,3343.1,14.0,37.0,3343.1,238.79285714285714,1,0,1
4199,Customer_4199,64,Male,Houston,2021-06-07,739.2,4.0,8.0,739.1999999999999,184.79999999999998,2,1,2
4200,Customer_4200,33,Female,Chicago,2022-03-08,1304.7,8.0,17.0,1304.7,163.0875,1,0,1
4201,Customer_4201,49,Male,Phoenix,2022-09-11,1544.03,10.0,19.0,1544.0299999999997,154.40299999999996,1,0,1
4202,Customer_4202,18,Female,Los Angeles,2022-09-11,619.13,3.0,7.0,619.13,206.37666666666667,2,1,2
4203,Customer_4203,29,Female,Chicago,2022-09-18,531.4,1.0,4.0,531.4,531.4,2,1,2
4204,Customer_4204,36,Female,Chicago,2022-03-11,170.74,3.0,5.0,170.74,56.913333333333334,0,1,0
4205,Customer_4205,25,Male,Phoenix,2023-03-07,171.24,1.0,1.0,171.24,171.24,0,1,0
4206,Customer_4206,30,Male,New York,2023-07-21,85.33,1.0,1.0,85.33,85.33,0,1,0
4207,Customer_4207,33,Female,Chicago,2022-07-26,214.56,2.0,4.0,214.56,107.28,0,1,0
4208,Customer_4208,32,Male,Houston,2021-09-23,0.0,0.0,0.0,0.0,0.0,0,1,0
4209,Customer_4209,55,Female,Houston,2021-04-12,0.0,0.0,0.0,0.0,0.0,0,1,0
4210,Customer_4210,39,Male,Chicago,2023-12-23,77.13,1.0,1.0,77.13,77.13,0,1,0
4211,Customer_4211,40,Male,Phoenix,2023-09-24,749.34,7.0,11.0,749.34,107.04857142857144,2,1,2
4212,Customer_4212,41,Male,Phoenix,2022-12-10,653.59,5.0,10.0,653.5899999999999,130.718,2,1,2
4213,Customer_4213,42,Female,New York,2023-10-12,0.0,0.0,0.0,0.0,0.0,0,1,0
4214,Customer_4214,34,Male,Los Angeles,2023-04-04,588.59,7.0,11.0,588.59,84.08428571428571,2,1,2
4215,Customer_4215,31,Male,New York,2021-08-10,32.83,1.0,1.0,32.83,32.83,0,1,0
4216,Customer_4216,37,Female,Los Angeles,2023-07-04,99.22,2.0,3.0,99.22,49.61,0,1,0
4217,Customer_4217,48,Male,Chicago,2022-03-12,1056.69,6.0,10.0,1056.69,176.115,2,0,2
4218,Customer_4218,47,Female,Phoenix,2022-10-02,353.93,3.0,5.0,353.93,117.97666666666667,0,1,0
4219,Customer_4219,32,Male,Houston,2023-08-03,0.0,0.0,0.0,0.0,0.0,0,1,0
4220,Customer_4220,43,Female,New York,2021-11-30,618.67,5.0,10.0,618.67,123.734,2,1,2
4221,Customer_4221,33,Male,New York,2023-06-26,0.0,0.0,0.0,0.0,0.0,0,1,0
4222,Customer_4222,35,Male,Chicago,2021-12-17,172.23,2.0,2.0,172.23000000000002,86.11500000000001,0,1,0
4223,Customer_4223,30,Female,Chicago,2022-07-24,316.1,2.0,3.0,316.1,158.05,0,1,0
4224,Customer_4224,33,Female,Los Angeles,2022-12-29,367.32,3.0,4.0,367.32,122.44,0,1,0
4225,Customer_4225,50,Female,Phoenix,2021-04-25,2328.97,13.0,24.0,2328.9700000000003,179.15153846153848,1,0,1
4226,Customer_4226,36,Female,Phoenix,2023-06-28,423.19,3.0,8.0,423.19000000000005,141.06333333333336,2,1,2
4227,Customer_4227,36,Female,Los Angeles,2022-01-02,243.12,4.0,5.0,243.12,60.78,0,1,0
4228,Customer_4228,19,Male,Phoenix,2023-03-15,2389.39,8.0,24.0,2389.39,298.67375,1,0,1
4229,Customer_4229,32,Female,Los Angeles,2023-06-15,546.15,5.0,8.0,546.15,109.22999999999999,2,1,2
4230,Customer_4230,32,Female,Houston,2023-08-27,0.0,0.0,0.0,0.0,0.0,0,1,0
4231,Customer_4231,26,Male,Chicago,2022-01-13,638.27,3.0,5.0,638.27,212.75666666666666,2,1,2
4232,Customer_4232,35,Female,New York,2023-10-09,968.46,8.0,15.0,968.46,121.0575,2,0,2
4233,Customer_4233,30,Male,Phoenix,2021-04-28,0.0,0.0,0.0,0.0,0.0,0,1,0
4234,Customer_4234,36,Male,Los Angeles,2023-10-11,489.63,2.0,5.0,489.63,244.815,2,1,2
4235,Customer_4235,36,Male,Houston,2022-06-11,865.96,5.0,10.0,865.96,173.192,2,1,2
4236,Customer_4236,24,Male,Los Angeles,2023-03-25,354.1,4.0,9.0,354.1,88.525,0,1,0
4237,Customer_4237,31,Male,New York,2021-07-25,0.0,0.0,0.0,0.0,0.0,0,1,0
4238,Customer_4238,36,Female,New York,2023-03-27,52.03,1.0,1.0,52.03,52.03,0,1,0
4239,Customer_4239,48,Female,Chicago,2021-03-07,278.46,1.0,2.0,278.46,278.46,2,1,2
4240,Customer_4240,38,Female,Houston,2021-01-04,0.0,0.0,0.0,0.0,0.0,0,1,0
4241,Customer_4241,28,Male,Los Angeles,2021-01-03,1069.6,6.0,9.0,1069.6,178.26666666666665,2,0,2
4242,Customer_4242,39,Female,Houston,2021-11-21,797.15,9.0,14.0,797.15,88.57222222222222,2,0,2
4243,Customer_4243,54,Male,Houston,2022-08-28,246.17,2.0,3.0,246.17,123.085,0,1,0
4244,Customer_4244,45,Male,Houston,2023-03-07,1026.86,3.0,9.0,1026.8600000000001,342.2866666666667,2,1,2
4245,Customer_4245,41,Male,Chicago,2022-06-19,0.0,0.0,0.0,0.0,0.0,0,1,0
4246,Customer_4246,43,Male,Phoenix,2022-08-22,673.69,5.0,9.0,673.69,134.738,2,1,2
4247,Customer_4247,51,Female,Chicago,2023-12-11,1408.46,8.0,14.0,1408.46,176.0575,2,0,2
4248,Customer_4248,47,Male,Los Angeles,2023-04-12,784.98,9.0,11.0,784.98,87.22,2,0,2
4249,Customer_4249,41,Male,New York,2023-12-03,506.26,3.0,6.0,506.26,168.75333333333333,2,1,2
4250,Customer_4250,47,Female,Los Angeles,2021-12-13,1307.78,5.0,11.0,1307.7800000000002,261.55600000000004,2,0,2
4251,Customer_4251,23,Female,New York,2023-12-18,1070.09,7.0,13.0,1070.09,152.86999999999998,2,0,2
4252,Customer_4252,18,Male,Chicago,2021-02-28,349.93,3.0,4.0,349.93,116.64333333333333,0,1,0
4253,Customer_4253,37,Male,New York,2022-11-11,80.41,1.0,1.0,80.41,80.41,0,1,0
4254,Customer_4254,36,Male,Los Angeles,2022-05-26,2078.62,10.0,22.0,2078.62,207.862,1,0,1
4255,Customer_4255,29,Male,Houston,2021-07-26,222.31,3.0,3.0,222.31,74.10333333333334,0,1,0
4256,Customer_4256,44,Male,Los Angeles,2021-04-21,3221.52,11.0,32.0,3221.52,292.86545454545455,1,0,1
4257,Customer_4257,18,Female,New York,2021-01-23,679.31,2.0,5.0,679.31,339.655,2,1,2
4258,Customer_4258,29,Female,New York,2023-02-26,1893.48,13.0,25.0,1893.48,145.6523076923077,1,0,1
4259,Customer_4259,30,Female,Houston,2023-11-01,0.0,0.0,0.0,0.0,0.0,0,1,0
4260,Customer_4260,18,Female,New York,2022-07-26,381.75,2.0,5.0,381.75,190.875,2,1,2
4261,Customer_4261,51,Male,Los Angeles,2023-01-17,150.26,1.0,2.0,150.26,150.26,0,1,0
4262,Customer_4262,20,Male,Chicago,2022-05-30,161.93,1.0,1.0,161.93,161.93,0,1,0
4263,Customer_4263,29,Male,Houston,2021-05-24,2630.91,12.0,28.0,2630.91,219.24249999999998,1,0,1
4264,Customer_4264,45,Female,Chicago,2023-09-19,1233.65,11.0,22.0,1233.65,112.15,1,0,1
4265,Customer_4265,42,Male,Houston,2023-03-20,1656.31,6.0,12.0,1656.31,276.0516666666667,2,0,2
4266,Customer_4266,23,Male,New York,2021-10-21,1460.63,14.0,22.0,1460.63,104.3307142857143,1,0,1
4267,Customer_4267,43,Male,Los Angeles,2021-11-21,605.78,5.0,9.0,605.78,121.15599999999999,2,1,2
4268,Customer_4268,38,Male,Los Angeles,2021-07-12,1850.15,9.0,18.0,1850.15,205.57222222222222,1,0,1
4269,Customer_4269,61,Female,New York,2022-04-05,1266.41,7.0,15.0,1266.41,180.9157142857143,2,0,2
4270,Customer_4270,39,Female,Los Angeles,2023-12-08,658.9,3.0,10.0,658.9000000000001,219.63333333333335,2,1,2
4271,Customer_4271,33,Female,Los Angeles,2022-06-10,837.85,5.0,8.0,837.85,167.57,2,1,2
4272,Customer_4272,26,Female,Chicago,2023-07-08,214.58,2.0,3.0,214.57999999999998,107.28999999999999,0,1,0
4273,Customer_4273,27,Female,Chicago,2021-01-29,227.48,3.0,7.0,227.48,75.82666666666667,0,1,0
4274,Customer_4274,26,Male,Los Angeles,2022-06-22,0.0,0.0,0.0,0.0,0.0,0,1,0
4275,Customer_4275,50,Male,Houston,2021-05-23,131.32,1.0,2.0,131.32,131.32,0,1,0
4276,Customer_4276,35,Male,Los Angeles,2022-09-19,339.78,1.0,3.0,339.78000000000003,339.78000000000003,2,1,2
4277,Customer_4277,41,Male,Los Angeles,2023-04-21,467.37,6.0,9.0,467.37,77.895,2,1,2
4278,Customer_4278,52,Female,Chicago,2021-08-06,528.95,3.0,5.0,528.95,176.3166666666667,2,1,2
4279,Customer_4279,18,Male,New York,2022-08-16,36.73,1.0,1.0,36.73,36.73,0,1,0
4280,Customer_4280,49,Female,New York,2022-12-14,232.89,2.0,6.0,232.89000000000001,116.44500000000001,0,1,0
4281,Customer_4281,36,Female,Los Angeles,2021-03-08,239.64,1.0,2.0,239.64,239.64,2,1,2
4282,Customer_4282,40,Female,Phoenix,2023-01-31,108.96,1.0,1.0,108.96,108.96,0,1,0
4283,Customer_4283,26,Female,Houston,2021-05-24,124.72,2.0,2.0,124.72,62.36,0,1,0
4284,Customer_4284,27,Female,New York,2022-04-10,199.79,3.0,5.0,199.79,66.59666666666666,0,1,0
4285,Customer_4285,40,Female,Houston,2021-04-06,609.62,5.0,10.0,609.62,121.924,2,1,2
4286,Customer_4286,61,Female,Houston,2022-02-12,383.38,2.0,4.0,383.38,191.69,2,1,2
4287,Customer_4287,46,Male,Chicago,2023-03-15,635.23,6.0,7.0,635.23,105.87166666666667,2,1,2
4288,Customer_4288,49,Female,Houston,2023-01-27,1788.37,16.0,27.0,1788.3700000000001,111.77312500000001,1,0,1
4289,Customer_4289,33,Female,Los Angeles,2022-12-14,682.59,8.0,12.0,682.5899999999999,85.32374999999999,2,0,2
4290,Customer_4290,28,Female,New York,2021-10-05,1211.67,6.0,11.0,1211.67,201.94500000000002,2,0,2
4291,Customer_4291,26,Male,Chicago,2021-12-27,126.64,1.0,1.0,126.64,126.64,0,1,0
4292,Customer_4292,30,Female,Chicago,2021-07-31,858.66,8.0,13.0,858.66,107.3325,2,0,2
4293,Customer_4293,18,Female,Chicago,2023-02-17,157.66,3.0,5.0,157.66,52.553333333333335,0,1,0
4294,Customer_4294,27,Female,Chicago,2021-01-21,0.0,0.0,0.0,0.0,0.0,0,1,0
4295,Customer_4295,29,Female,Phoenix,2022-12-30,175.79,2.0,3.0,175.79000000000002,87.89500000000001,0,1,0
4296,Customer_4296,33,Female,Phoenix,2022-09-08,1296.57,4.0,10.0,1296.57,324.1425,2,0,2
4297,Customer_4297,36,Female,Phoenix,2022-01-06,238.93,2.0,3.0,238.93,119.465,0,1,0
4298,Customer_4298,39,Female,Houston,2022-09-16,768.23,2.0,7.0,768.23,384.115,2,1,2
4299,Customer_4299,35,Female,Phoenix,2022-09-24,0.0,0.0,0.0,0.0,0.0,0,1,0
4300,Customer_4300,29,Female,New York,2023-01-31,1463.4,9.0,21.0,1463.4,162.60000000000002,1,0,1
4301,Customer_4301,18,Male,Los Angeles,2023-04-27,103.16,3.0,5.0,103.16,34.38666666666666,0,1,0
4302,Customer_4302,29,Male,Chicago,2023-08-06,527.46,4.0,6.0,527.46,131.865,2,1,2
4303,Customer_4303,24,Female,Houston,2021-07-07,265.86,2.0,2.0,265.86,132.93,0,1,0
4304,Customer_4304,40,Female,Chicago,2022-05-16,385.93,3.0,3.0,385.92999999999995,128.64333333333332,0,1,0
4305,Customer_4305,45,Male,Houston,2023-05-26,663.07,8.0,13.0,663.0699999999999,82.88374999999999,2,0,2
4306,Customer_4306,45,Female,New York,2022-01-10,66.72,1.0,2.0,66.72,66.72,0,1,0
4307,Customer_4307,43,Female,Los Angeles,2022-03-10,1590.52,8.0,18.0,1590.52,198.815,1,0,1
4308,Customer_4308,34,Male,Houston,2022-05-14,285.26,2.0,4.0,285.26,142.63,0,1,0
4309,Customer_4309,29,Female,New York,2021-01-06,0.0,0.0,0.0,0.0,0.0,0,1,0
4310,Customer_4310,27,Female,Los Angeles,2022-09-09,237.93,2.0,3.0,237.93,118.965,0,1,0
4311,Customer_4311,18,Female,Los Angeles,2022-12-12,585.55,4.0,9.0,585.55,146.3875,2,1,2
4312,Customer_4312,46,Male,Los Angeles,2022-04-20,1634.16,5.0,16.0,1634.1599999999999,326.832,2,0,2
4313,Customer_4313,33,Female,Houston,2022-07-28,71.96,2.0,4.0,71.96000000000001,35.980000000000004,0,1,0
4314,Customer_4314,21,Male,Los Angeles,2023-03-07,0.0,0.0,0.0,0.0,0.0,0,1,0
4315,Customer_4315,26,Male,Chicago,2022-05-23,294.84,2.0,5.0,294.84000000000003,147.42000000000002,0,1,0
4316,Customer_4316,25,Female,New York,2022-08-15,230.01,2.0,4.0,230.01,115.005,0,1,0
4317,Customer_4317,35,Female,Houston,2021-06-24,274.94,1.0,2.0,274.94,274.94,2,1,2
4318,Customer_4318,47,Female,Los Angeles,2022-11-23,804.81,5.0,9.0,804.81,160.962,2,1,2
4319,Customer_4319,31,Female,Chicago,2023-02-27,895.83,5.0,11.0,895.83,179.166,2,1,2
4320,Customer_4320,18,Female,Houston,2022-07-26,158.11,3.0,4.0,158.11,52.70333333333334,0,1,0
4321,Customer_4321,33,Male,New York,2021-07-05,875.0,7.0,21.0,875.0,125.0,2,0,2
4322,Customer_4322,33,Male,Phoenix,2022-08-10,1113.33,9.0,14.0,1113.33,123.70333333333332,2,0,2
4323,Customer_4323,33,Male,Chicago,2022-05-29,386.3,3.0,8.0,386.3,128.76666666666668,0,1,0
4324,Customer_4324,28,Female,Los Angeles,2022-10-16,756.3,4.0,11.0,756.3,189.075,2,1,2
4325,Customer_4325,37,Male,New York,2022-07-10,1092.32,5.0,11.0,1092.32,218.464,2,0,2
4326,Customer_4326,36,Male,Phoenix,2021-10-22,1261.09,7.0,15.0,1261.09,180.15571428571428,2,0,2
4327,Customer_4327,35,Male,Houston,2021-02-13,393.08,2.0,3.0,393.08,196.54,2,1,2
4328,Customer_4328,40,Female,New York,2022-06-23,930.23,3.0,8.0,930.23,310.07666666666665,2,1,2
4329,Customer_4329,30,Male,Los Angeles,2021-02-08,361.74,3.0,5.0,361.74,120.58,0,1,0
4330,Customer_4330,30,Female,Houston,2021-10-16,474.82,5.0,7.0,474.82,94.964,0,1,0
4331,Customer_4331,50,Female,Houston,2021-09-05,486.54,3.0,5.0,486.53999999999996,162.17999999999998,2,1,2
4332,Customer_4332,41,Female,Houston,2021-12-25,195.27,3.0,4.0,195.27,65.09,0,1,0
4333,Customer_4333,44,Male,Los Angeles,2021-07-28,0.0,0.0,0.0,0.0,0.0,0,1,0
4334,Customer_4334,48,Male,Houston,2021-05-04,243.56,1.0,2.0,243.56,243.56,2,1,2
4335,Customer_4335,41,Female,Los Angeles,2023-09-02,615.36,1.0,4.0,615.36,615.36,2,1,2
4336,Customer_4336,45,Female,New York,2022-02-07,384.19,3.0,5.0,384.19000000000005,128.06333333333336,0,1,0
4337,Customer_4337,18,Female,Chicago,2021-10-11,222.6,4.0,4.0,222.60000000000002,55.650000000000006,0,1,0
4338,Customer_4338,37,Female,Phoenix,2022-10-25,939.38,9.0,17.0,939.38,104.37555555555555,1,0,1
4339,Customer_4339,33,Female,Los Angeles,2022-07-30,643.3,5.0,7.0,643.3,128.66,2,1,2
4340,Customer_4340,53,Female,Los Angeles,2021-08-29,578.42,3.0,6.0,578.4200000000001,192.8066666666667,2,1,2
4341,Customer_4341,45,Male,Houston,2021-06-16,203.1,2.0,2.0,203.10000000000002,101.55000000000001,0,1,0
4342,Customer_4342,28,Female,Chicago,2022-07-15,831.27,6.0,11.0,831.27,138.545,2,1,2
4343,Customer_4343,39,Female,Houston,2021-05-28,116.46,1.0,3.0,116.46000000000001,116.46000000000001,0,1,0
4344,Customer_4344,37,Female,Houston,2022-12-02,804.95,5.0,11.0,804.95,160.99,2,1,2
4345,Customer_4345,40,Male,New York,2022-09-15,1143.69,4.0,8.0,1143.69,285.9225,2,0,2
4346,Customer_4346,24,Male,Phoenix,2021-09-22,279.06,2.0,4.0,279.06,139.53,0,1,0
4347,Customer_4347,39,Male,Houston,2022-05-16,1197.74,4.0,12.0,1197.74,299.435,2,0,2
4348,Customer_4348,32,Female,Phoenix,2021-10-06,1727.34,8.0,19.0,1727.34,215.9175,1,0,1
4349,Customer_4349,38,Male,Chicago,2023-01-19,411.51,1.0,3.0,411.51,411.51,2,1,2
4350,Customer_4350,27,Female,Phoenix,2023-06-22,165.46,1.0,1.0,165.46,165.46,0,1,0
4351,Customer_4351,29,Male,New York,2021-06-08,0.0,0.0,0.0,0.0,0.0,0,1,0
4352,Customer_4352,48,Male,Los Angeles,2023-12-20,139.14,1.0,1.0,139.14,139.14,0,1,0
4353,Customer_4353,23,Male,Phoenix,2022-05-14,752.37,3.0,7.0,752.37,250.79,2,1,2
4354,Customer_4354,24,Male,New York,2022-05-03,296.11,3.0,8.0,296.11,98.70333333333333,0,1,0
4355,Customer_4355,34,Male,New York,2022-04-10,1300.37,10.0,18.0,1300.3700000000001,130.037,1,0,1
4356,Customer_4356,27,Female,Houston,2021-08-16,855.19,4.0,8.0,855.19,213.7975,2,1,2
4357,Customer_4357,25,Male,Houston,2022-10-28,385.23,3.0,5.0,385.23,128.41,0,1,0
4358,Customer_4358,36,Female,New York,2023-04-02,0.0,0.0,0.0,0.0,0.0,0,1,0
4359,Customer_4359,18,Male,Phoenix,2023-03-10,187.2,2.0,2.0,187.20000000000002,93.60000000000001,0,1,0
4360,Customer_4360,24,Female,Houston,2023-01-23,947.57,9.0,15.0,947.57,105.28555555555556,2,0,2
4361,Customer_4361,58,Female,Chicago,2021-09-19,554.51,3.0,9.0,554.51,184.83666666666667,2,1,2
4362,Customer_4362,40,Female,Houston,2023-05-10,0.0,0.0,0.0,0.0,0.0,0,1,0
4363,Customer_4363,27,Female,Los Angeles,2021-12-30,566.68,4.0,9.0,566.68,141.67,2,1,2
4364,Customer_4364,40,Female,New York,2021-04-08,248.69,2.0,3.0,248.69,124.345,0,1,0
4365,Customer_4365,41,Male,Los Angeles,2023-11-02,1836.54,13.0,22.0,1836.54,141.2723076923077,1,0,1
4366,Customer_4366,46,Female,Chicago,2023-02-23,309.03,2.0,3.0,309.03,154.515,0,1,0
4367,Customer_4367,34,Female,Chicago,2022-08-06,571.8,5.0,7.0,571.8000000000001,114.36000000000001,2,1,2
4368,Customer_4368,46,Male,Houston,2023-07-16,43.81,1.0,1.0,43.81,43.81,0,1,0
4369,Customer_4369,18,Female,Houston,2021-05-15,321.46,3.0,6.0,321.46,107.15333333333332,0,1,0
4370,Customer_4370,23,Male,Chicago,2021-09-16,1764.97,7.0,18.0,1764.97,252.13857142857142,1,0,1
4371,Customer_4371,37,Male,Houston,2023-07-05,30.6,1.0,1.0,30.6,30.6,0,1,0
4372,Customer_4372,39,Male,New York,2022-06-01,638.59,4.0,9.0,638.59,159.6475,2,1,2
4373,Customer_4373,25,Male,New York,2021-05-31,1850.89,12.0,22.0,1850.8899999999999,154.2408333333333,1,0,1
4374,Customer_4374,38,Female,Phoenix,2023-05-18,1379.9,10.0,19.0,1379.9,137.99,1,0,1
4375,Customer_4375,28,Male,New York,2023-09-01,350.42,4.0,6.0,350.41999999999996,87.60499999999999,0,1,0
4376,Customer_4376,32,Female,New York,2021-05-22,486.51,4.0,4.0,486.51,121.6275,0,1,0
4377,Customer_4377,46,Female,Houston,2021-09-08,515.58,3.0,3.0,515.58,171.86,2,1,2
4378,Customer_4378,45,Male,Los Angeles,2023-08-16,2490.17,16.0,28.0,2490.17,155.635625,1,0,1
4379,Customer_4379,24,Female,Phoenix,2023-06-26,304.04,4.0,4.0,304.04,76.01,0,1,0
4380,Customer_4380,23,Male,Los Angeles,2022-10-06,798.29,6.0,8.0,798.29,133.04833333333332,2,1,2
4381,Customer_4381,30,Male,New York,2023-12-07,1313.38,11.0,20.0,1313.38,119.39818181818183,1,0,1
4382,Customer_4382,35,Male,Los Angeles,2021-04-04,1754.77,15.0,22.0,1754.77,116.98466666666667,1,0,1
4383,Customer_4383,28,Male,Chicago,2023-01-31,1530.49,12.0,19.0,1530.49,127.54083333333334,1,0,1
4384,Customer_4384,46,Female,Los Angeles,2021-12-22,181.49,3.0,3.0,181.49,60.49666666666667,0,1,0
4385,Customer_4385,39,Female,Chicago,2022-06-16,52.8,1.0,1.0,52.8,52.8,0,1,0
4386,Customer_4386,39,Male,Phoenix,2022-11-23,264.64,1.0,2.0,264.64,264.64,2,1,2
4387,Customer_4387,21,Female,Phoenix,2022-10-10,2104.85,11.0,20.0,2104.85,191.35,1,0,1
4388,Customer_4388,48,Male,Los Angeles,2022-12-03,292.96,4.0,5.0,292.96,73.24,0,1,0
4389,Customer_4389,18,Male,Los Angeles,2022-12-25,736.2,5.0,8.0,736.2,147.24,2,1,2
4390,Customer_4390,44,Male,Chicago,2023-07-06,154.9,1.0,5.0,154.9,154.9,0,1,0
4391,Customer_4391,45,Female,Phoenix,2021-03-05,0.0,0.0,0.0,0.0,0.0,0,1,0
4392,Customer_4392,30,Female,Phoenix,2023-07-15,467.32,3.0,4.0,467.32000000000005,155.77333333333334,2,1,2
4393,Customer_4393,49,Female,New York,2022-12-28,0.0,0.0,0.0,0.0,0.0,0,1,0
4394,Customer_4394,34,Female,Houston,2023-02-05,149.22,2.0,3.0,149.22,74.61,0,1,0
4395,Customer_4395,36,Male,Los Angeles,2023-07-12,1388.44,9.0,18.0,1388.44,154.2711111111111,1,0,1
4396,Customer_4396,39,Female,New York,2022-10-15,1449.01,5.0,12.0,1449.01,289.802,2,0,2
4397,Customer_4397,70,Female,New York,2023-06-24,115.4,1.0,2.0,115.4,115.4,0,1,0
4398,Customer_4398,50,Female,Los Angeles,2023-11-07,383.62,2.0,4.0,383.62,191.81,2,1,2
4399,Customer_4399,43,Male,Chicago,2022-08-30,537.19,3.0,5.0,537.1899999999999,179.0633333333333,2,1,2
4400,Customer_4400,25,Male,New York,2023-01-16,351.32,3.0,3.0,351.32,117.10666666666667,0,1,0
4401,Customer_4401,37,Female,Houston,2023-07-29,803.43,5.0,11.0,803.4300000000001,160.686,2,1,2
4402,Customer_4402,26,Female,Los Angeles,2021-03-29,0.0,0.0,0.0,0.0,0.0,0,1,0
4403,Customer_4403,44,Female,Chicago,2022-07-17,1068.52,8.0,12.0,1068.52,133.565,2,0,2
4404,Customer_4404,37,Female,Los Angeles,2022-03-18,613.37,6.0,8.0,613.37,102.22833333333334,2,1,2
4405,Customer_4405,23,Male,New York,2023-10-29,1777.64,9.0,20.0,1777.6399999999999,197.51555555555555,1,0,1
4406,Customer_4406,36,Male,Los Angeles,2022-07-13,1355.37,9.0,20.0,1355.3700000000001,150.5966666666667,1,0,1
4407,Customer_4407,26,Female,New York,2023-01-23,108.75,2.0,3.0,108.75,54.375,0,1,0
4408,Customer_4408,37,Female,Chicago,2023-06-20,174.9,2.0,6.0,174.89999999999998,87.44999999999999,0,1,0
4409,Customer_4409,26,Male,New York,2022-04-26,3439.82,16.0,31.0,3439.82,214.98875,1,0,1
4410,Customer_4410,35,Female,Chicago,2022-12-04,1382.58,12.0,20.0,1382.58,115.21499999999999,1,0,1
4411,Customer_4411,43,Male,New York,2023-08-01,135.94,2.0,2.0,135.94,67.97,0,1,0
4412,Customer_4412,34,Female,Houston,2023-03-04,671.68,4.0,8.0,671.6800000000001,167.92000000000002,2,1,2
4413,Customer_4413,31,Female,Houston,2021-05-06,578.58,4.0,6.0,578.5799999999999,144.64499999999998,2,1,2
4414,Customer_4414,37,Female,New York,2022-11-21,66.06,1.0,3.0,66.06,66.06,0,1,0
4415,Customer_4415,43,Female,Los Angeles,2022-04-22,757.29,5.0,9.0,757.29,151.458,2,1,2
4416,Customer_4416,23,Male,New York,2022-11-16,724.39,6.0,12.0,724.39,120.73166666666667,2,1,2
4417,Customer_4417,38,Female,Chicago,2022-01-07,430.24,4.0,7.0,430.24,107.56,0,1,0
4418,Customer_4418,49,Female,Los Angeles,2022-06-26,39.92,1.0,1.0,39.92,39.92,0,1,0
4419,Customer_4419,41,Female,Chicago,2022-07-14,131.89,1.0,1.0,131.89,131.89,0,1,0
4420,Customer_4420,36,Female,Chicago,2021-06-28,587.96,6.0,8.0,587.9599999999999,97.99333333333333,2,1,2
4421,Customer_4421,42,Female,Phoenix,2022-07-21,491.3,2.0,4.0,491.29999999999995,245.64999999999998,2,1,2
4422,Customer_4422,40,Female,Chicago,2023-01-18,1740.97,10.0,19.0,1740.97,174.097,1,0,1
4423,Customer_4423,43,Male,Chicago,2023-08-09,151.77,1.0,1.0,151.77,151.77,0,1,0
4424,Customer_4424,18,Female,Los Angeles,2021-10-29,426.7,3.0,7.0,426.7,142.23333333333332,2,1,2
4425,Customer_4425,18,Female,Phoenix,2022-08-09,217.24,3.0,4.0,217.24,72.41333333333334,0,1,0
4426,Customer_4426,46,Male,Houston,2021-02-26,396.44,4.0,8.0,396.44,99.11,0,1,0
4427,Customer_4427,18,Female,Los Angeles,2023-10-21,69.7,1.0,1.0,69.7,69.7,0,1,0
4428,Customer_4428,39,Male,Houston,2022-12-22,2803.55,15.0,29.0,2803.55,186.90333333333334,1,0,1
4429,Customer_4429,31,Female,Los Angeles,2022-02-14,1178.02,7.0,15.0,1178.02,168.28857142857143,2,0,2
4430,Customer_4430,24,Male,Houston,2022-10-08,257.25,4.0,4.0,257.25,64.3125,0,1,0
4431,Customer_4431,39,Male,Houston,2021-03-03,158.66,2.0,2.0,158.66,79.33,0,1,0
4432,Customer_4432,37,Male,New York,2021-09-05,660.0,4.0,6.0,660.0,165.0,2,1,2
4433,Customer_4433,58,Male,Houston,2022-05-12,1047.5,5.0,12.0,1047.5,209.5,2,0,2
4434,Customer_4434,28,Female,Los Angeles,2021-02-25,421.08,3.0,7.0,421.08,140.35999999999999,2,1,2
4435,Customer_4435,51,Male,Los Angeles,2022-04-04,257.35,3.0,5.0,257.35,85.78333333333335,0,1,0
4436,Customer_4436,39,Female,Los Angeles,2023-07-08,330.93,2.0,6.0,330.93,165.465,0,1,0
4437,Customer_4437,28,Female,Houston,2022-07-11,76.26,1.0,3.0,76.26,76.26,0,1,0
4438,Customer_4438,44,Female,New York,2023-08-22,793.89,2.0,6.0,793.89,396.945,2,1,2
4439,Customer_4439,41,Male,New York,2022-03-20,328.51,4.0,5.0,328.51,82.1275,0,1,0
4440,Customer_4440,35,Female,Houston,2023-03-03,334.6,3.0,9.0,334.6,111.53333333333335,0,1,0
4441,Customer_4441,38,Male,New York,2022-05-06,1444.16,10.0,23.0,1444.1599999999999,144.416,1,0,1
4442,Customer_4442,28,Male,New York,2022-08-18,302.84,3.0,3.0,302.84000000000003,100.94666666666667,0,1,0
4443,Customer_4443,26,Male,New York,2022-02-12,1037.01,5.0,12.0,1037.01,207.402,2,0,2
4444,Customer_4444,43,Male,Los Angeles,2021-11-23,244.66,3.0,4.0,244.66,81.55333333333333,0,1,0
4445,Customer_4445,33,Female,Chicago,2023-07-31,203.31,2.0,2.0,203.31,101.655,0,1,0
4446,Customer_4446,34,Female,New York,2023-08-07,596.8,2.0,4.0,596.8,298.4,2,1,2
4447,Customer_4447,38,Female,Phoenix,2022-01-18,2018.86,16.0,27.0,2018.8600000000001,126.17875000000001,1,0,1
4448,Customer_4448,38,Female,Houston,2023-10-11,191.76,4.0,4.0,191.76,47.94,0,1,0
4449,Customer_4449,19,Female,Los Angeles,2021-12-13,944.86,10.0,18.0,944.86,94.486,1,0,1
4450,Customer_4450,49,Female,Los Angeles,2021-09-29,1154.76,5.0,17.0,1154.76,230.952,2,0,2
4451,Customer_4451,36,Female,Los Angeles,2022-01-31,1064.55,5.0,8.0,1064.55,212.91,2,1,2
4452,Customer_4452,33,Male,Chicago,2021-06-03,865.8,6.0,9.0,865.8,144.29999999999998,2,1,2
4453,Customer_4453,40,Male,New York,2023-12-27,2784.44,11.0,24.0,2784.44,253.13090909090909,1,0,1
4454,Customer_4454,38,Female,New York,2023-04-21,0.0,0.0,0.0,0.0,0.0,0,1,0
4455,Customer_4455,43,Male,Phoenix,2021-12-14,190.06,2.0,4.0,190.06,95.03,0,1,0
4456,Customer_4456,41,Female,Los Angeles,2023-12-23,0.0,0.0,0.0,0.0,0.0,0,1,0
4457,Customer_4457,43,Female,Los Angeles,2021-12-22,337.56,3.0,5.0,337.56,112.52,0,1,0
4458,Customer_4458,50,Male,Phoenix,2023-12-01,489.22,2.0,4.0,489.22,244.61,2,1,2
4459,Customer_4459,45,Female,Chicago,2022-01-02,942.68,5.0,11.0,942.6800000000001,188.536,2,1,2
4460,Customer_4460,33,Female,Los Angeles,2023-10-12,841.53,5.0,11.0,841.53,168.30599999999998,2,1,2
4461,Customer_4461,23,Male,Houston,2021-10-04,439.16,1.0,4.0,439.16,439.16,2,1,2
4462,Customer_4462,53,Male,New York,2021-08-09,0.0,0.0,0.0,0.0,0.0,0,1,0
4463,Customer_4463,32,Male,Houston,2021-03-02,1269.95,4.0,8.0,1269.95,317.4875,2,0,2
4464,Customer_4464,30,Male,Chicago,2021-03-16,1221.26,8.0,13.0,1221.26,152.6575,2,0,2
4465,Customer_4465,18,Male,Houston,2022-04-18,651.27,4.0,9.0,651.27,162.8175,2,1,2
4466,Customer_4466,39,Female,Phoenix,2023-10-22,55.16,1.0,2.0,55.16,55.16,0,1,0
4467,Customer_4467,37,Female,Phoenix,2022-02-20,999.1,6.0,13.0,999.1,166.51666666666668,2,0,2
4468,Customer_4468,18,Female,Phoenix,2021-01-17,1436.48,9.0,19.0,1436.48,159.60888888888888,1,0,1
4469,Customer_4469,40,Female,Chicago,2023-12-19,781.68,5.0,12.0,781.6800000000001,156.336,2,1,2
4470,Customer_4470,30,Male,Los Angeles,2021-07-22,726.67,5.0,7.0,726.67,145.334,2,1,2
4471,Customer_4471,65,Female,Los Angeles,2022-04-17,783.21,5.0,11.0,783.21,156.642,2,1,2
4472,Customer_4472,29,Male,Houston,2023-05-29,38.0,1.0,1.0,38.0,38.0,0,1,0
4473,Customer_4473,30,Male,Phoenix,2023-08-23,0.0,0.0,0.0,0.0,0.0,0,1,0
4474,Customer_4474,25,Male,New York,2023-03-29,642.54,3.0,6.0,642.54,214.17999999999998,2,1,2
4475,Customer_4475,49,Male,Phoenix,2022-02-18,265.62,2.0,3.0,265.62,132.81,0,1,0
4476,Customer_4476,31,Male,Houston,2022-05-16,1676.97,9.0,16.0,1676.97,186.33,1,0,1
4477,Customer_4477,27,Female,Phoenix,2021-05-01,699.9,5.0,9.0,699.9,139.98,2,1,2
4478,Customer_4478,43,Male,Phoenix,2022-08-30,836.0,9.0,20.0,836.0,92.88888888888889,1,0,1
4479,Customer_4479,20,Female,Los Angeles,2021-12-16,1083.34,3.0,7.0,1083.34,361.1133333333333,2,1,2
4480,Customer_4480,42,Male,New York,2023-03-31,3452.34,14.0,43.0,3452.34,246.5957142857143,1,0,1
4481,Customer_4481,55,Female,New York,2022-10-16,1416.9,8.0,22.0,1416.9,177.1125,1,0,1
4482,Customer_4482,41,Male,Los Angeles,2023-02-23,459.17,2.0,4.0,459.16999999999996,229.58499999999998,2,1,2
4483,Customer_4483,42,Male,Chicago,2022-05-12,105.34,2.0,2.0,105.34,52.67,0,1,0
4484,Customer_4484,45,Female,Houston,2022-01-27,693.08,5.0,8.0,693.0799999999999,138.61599999999999,2,1,2
4485,Customer_4485,54,Female,Phoenix,2023-07-18,778.51,4.0,8.0,778.51,194.6275,2,1,2
4486,Customer_4486,48,Male,Chicago,2022-04-15,1655.34,13.0,20.0,1655.34,127.33384615384615,1,0,1
4487,Customer_4487,40,Female,New York,2021-12-16,915.86,8.0,13.0,915.86,114.4825,2,0,2
4488,Customer_4488,45,Male,New York,2023-02-14,590.19,3.0,6.0,590.19,196.73000000000002,2,1,2
4489,Customer_4489,25,Male,New York,2021-05-29,416.8,4.0,5.0,416.8,104.2,0,1,0
4490,Customer_4490,44,Female,Los Angeles,2021-09-13,1926.62,11.0,19.0,1926.62,175.1472727272727,1,0,1
4491,Customer_4491,24,Female,Chicago,2021-12-10,1839.21,9.0,18.0,1839.21,204.35666666666668,1,0,1
4492,Customer_4492,31,Female,New York,2022-11-08,885.81,3.0,11.0,885.81,295.27,2,1,2
4493,Customer_4493,18,Male,Los Angeles,2021-04-18,409.81,3.0,6.0,409.81,136.60333333333332,0,1,0
4494,Customer_4494,39,Female,New York,2022-08-18,0.0,0.0,0.0,0.0,0.0,0,1,0
4495,Customer_4495,28,Female,Chicago,2021-01-25,360.26,3.0,10.0,360.26,120.08666666666666,2,1,2
4496,Customer_4496,47,Female,Los Angeles,2021-10-10,0.0,0.0,0.0,0.0,0.0,0,1,0
4497,Customer_4497,39,Male,Chicago,2023-06-06,911.15,6.0,13.0,911.15,151.85833333333332,2,0,2
4498,Customer_4498,47,Male,Los Angeles,2023-07-27,1052.45,7.0,14.0,1052.45,150.35,2,0,2
4499,Customer_4499,23,Male,Phoenix,2022-09-12,209.85,1.0,3.0,209.85000000000002,209.85000000000002,0,1,0
4500,Customer_4500,46,Female,New York,2021-08-26,1192.41,9.0,20.0,1192.41,132.49,1,0,1
4501,Customer_4501,58,Male,Chicago,2023-07-27,1598.38,10.0,18.0,1598.38,159.83800000000002,1,0,1
4502,Customer_4502,43,Male,Houston,2021-11-12,108.96,1.0,2.0,108.96,108.96,0,1,0
4503,Customer_4503,44,Male,Chicago,2023-04-20,223.5,3.0,4.0,223.5,74.5,0,1,0
4504,Customer_4504,37,Male,Phoenix,2022-04-08,244.54,3.0,6.0,244.54,81.51333333333334,0,1,0
4505,Customer_4505,29,Female,Los Angeles,2022-08-15,500.86,3.0,6.0,500.86,166.95333333333335,2,1,2
4506,Customer_4506,43,Female,Los Angeles,2023-04-20,424.25,5.0,7.0,424.25,84.85,0,1,0
4507,Customer_4507,18,Male,New York,2023-09-23,749.03,6.0,9.0,749.03,124.83833333333332,2,1,2
4508,Customer_4508,30,Female,Chicago,2021-05-30,1855.09,11.0,23.0,1855.09,168.64454545454544,1,0,1
4509,Customer_4509,18,Male,Los Angeles,2021-12-18,307.62,2.0,4.0,307.62,153.81,0,1,0
4510,Customer_4510,27,Male,New York,2022-03-18,585.18,6.0,7.0,585.18,97.52999999999999,2,1,2
4511,Customer_4511,42,Female,Chicago,2022-01-30,130.84,1.0,2.0,130.84,130.84,0,1,0
4512,Customer_4512,41,Male,Chicago,2021-01-06,0.0,0.0,0.0,0.0,0.0,0,1,0
4513,Customer_4513,36,Female,New York,2022-06-18,1343.94,7.0,22.0,1343.94,191.99142857142857,1,0,1
4514,Customer_4514,37,Female,Houston,2021-08-08,458.03,4.0,6.0,458.03,114.5075,0,1,0
4515,Customer_4515,18,Male,Chicago,2023-05-21,163.36,2.0,2.0,163.36,81.68,0,1,0
4516,Customer_4516,31,Male,New York,2021-01-12,77.52,1.0,3.0,77.52,77.52,0,1,0
4517,Customer_4517,28,Female,Los Angeles,2023-03-06,266.92,2.0,3.0,266.92,133.46,0,1,0
4518,Customer_4518,28,Female,Houston,2022-12-05,421.39,4.0,7.0,421.39,105.3475,0,1,0
4519,Customer_4519,42,Male,Chicago,2022-04-03,566.27,3.0,6.0,566.27,188.75666666666666,2,1,2
4520,Customer_4520,26,Male,Los Angeles,2021-08-13,613.16,4.0,7.0,613.16,153.29,2,1,2
4521,Customer_4521,28,Male,Los Angeles,2021-12-02,110.04,1.0,1.0,110.04,110.04,0,1,0
4522,Customer_4522,18,Female,Chicago,2021-06-16,872.72,9.0,16.0,872.7199999999999,96.96888888888888,2,0,2
4523,Customer_4523,32,Female,Phoenix,2022-05-13,211.21,4.0,5.0,211.20999999999998,52.802499999999995,0,1,0
4524,Customer_4524,23,Female,Houston,2021-05-28,2078.55,17.0,23.0,2078.55,122.26764705882354,1,0,1
4525,Customer_4525,36,Male,New York,2021-02-05,805.8,4.0,8.0,805.8000000000001,201.45000000000002,2,1,2
4526,Customer_4526,25,Female,Los Angeles,2023-09-17,573.53,6.0,8.0,573.53,95.58833333333332,2,1,2
4527,Customer_4527,36,Female,Phoenix,2021-11-04,270.91,3.0,6.0,270.91,90.30333333333334,0,1,0
4528,Customer_4528,33,Male,New York,2022-10-04,1148.93,5.0,12.0,1148.9299999999998,229.78599999999997,2,0,2
4529,Customer_4529,53,Female,Phoenix,2021-08-28,165.19,1.0,1.0,165.19,165.19,0,1,0
4530,Customer_4530,40,Male,Phoenix,2023-07-06,680.2,2.0,6.0,680.2,340.1,2,1,2
4531,Customer_4531,18,Male,New York,2023-06-24,1427.28,12.0,24.0,1427.28,118.94,1,0,1
4532,Customer_4532,21,Male,Phoenix,2023-05-06,787.92,4.0,11.0,787.92,196.98,2,1,2
4533,Customer_4533,36,Female,Los Angeles,2021-10-31,453.35,2.0,3.0,453.34999999999997,226.67499999999998,2,1,2
4534,Customer_4534,25,Female,Houston,2022-09-09,308.36,2.0,3.0,308.36,154.18,0,1,0
4535,Customer_4535,18,Male,Los Angeles,2022-07-08,254.06,3.0,5.0,254.06,84.68666666666667,0,1,0
4536,Customer_4536,50,Male,Los Angeles,2023-02-05,587.37,6.0,11.0,587.37,97.895,2,1,2
4537,Customer_4537,43,Male,Chicago,2023-06-17,898.24,5.0,11.0,898.24,179.648,2,1,2
4538,Customer_4538,41,Female,Houston,2023-08-30,417.0,2.0,6.0,417.0,208.5,2,1,2
4539,Customer_4539,28,Male,New York,2021-07-14,1051.83,6.0,10.0,1051.8300000000002,175.30500000000004,2,0,2
4540,Customer_4540,40,Male,Chicago,2023-11-29,1030.36,6.0,10.0,1030.36,171.72666666666666,2,0,2
4541,Customer_4541,27,Male,New York,2022-10-08,0.0,0.0,0.0,0.0,0.0,0,1,0
4542,Customer_4542,37,Male,Los Angeles,2021-09-09,1228.57,3.0,10.0,1228.5700000000002,409.52333333333337,2,0,2
4543,Customer_4543,25,Male,Los Angeles,2021-07-26,1071.92,8.0,13.0,1071.92,133.99,2,0,2
4544,Customer_4544,52,Male,Los Angeles,2022-05-15,376.88,6.0,6.0,376.88,62.81333333333333,0,1,0
4545,Customer_4545,18,Female,Los Angeles,2021-01-19,285.28,4.0,5.0,285.28000000000003,71.32000000000001,0,1,0
4546,Customer_4546,49,Female,New York,2023-03-30,2012.91,10.0,20.0,2012.9099999999999,201.291,1,0,1
4547,Customer_4547,35,Female,New York,2022-11-18,574.66,4.0,8.0,574.6600000000001,143.66500000000002,2,1,2
4548,Customer_4548,30,Female,New York,2021-01-20,571.3,4.0,5.0,571.3,142.825,2,1,2
4549,Customer_4549,37,Female,Chicago,2022-03-24,530.94,5.0,9.0,530.94,106.18800000000002,2,1,2
4550,Customer_4550,43,Female,Phoenix,2023-01-09,121.92,1.0,4.0,121.92,121.92,0,1,0
4551,Customer_4551,50,Female,New York,2021-10-21,561.56,1.0,4.0,561.56,561.56,2,1,2
4552,Customer_4552,38,Female,Phoenix,2021-03-06,249.98,1.0,2.0,249.98,249.98,2,1,2
4553,Customer_4553,25,Male,Houston,2022-05-14,803.54,3.0,8.0,803.54,267.84666666666664,2,1,2
4554,Customer_4554,36,Male,Chicago,2021-03-17,876.34,4.0,8.0,876.34,219.085,2,1,2
4555,Customer_4555,55,Female,Chicago,2023-06-20,346.68,4.0,6.0,346.67999999999995,86.66999999999999,0,1,0
4556,Customer_4556,50,Male,Houston,2022-09-27,436.88,3.0,5.0,436.88,145.62666666666667,0,1,0
4557,Customer_4557,45,Male,New York,2021-01-27,808.76,5.0,9.0,808.76,161.752,2,1,2
4558,Customer_4558,44,Female,Chicago,2022-11-11,556.13,4.0,7.0,556.13,139.0325,2,1,2
4559,Customer_4559,43,Female,Houston,2021-03-24,636.35,5.0,7.0,636.35,127.27000000000001,2,1,2
4560,Customer_4560,48,Female,Chicago,2022-05-01,2586.22,18.0,33.0,2586.2200000000003,143.6788888888889,1,0,1
4561,Customer_4561,30,Male,Houston,2021-01-06,466.05,1.0,5.0,466.04999999999995,466.04999999999995,2,1,2
4562,Customer_4562,20,Male,New York,2023-08-27,433.72,3.0,7.0,433.72,144.57333333333335,2,1,2
4563,Customer_4563,36,Female,Houston,2022-01-03,1271.16,10.0,16.0,1271.16,127.11600000000001,1,0,1
4564,Customer_4564,26,Female,Chicago,2022-04-16,450.94,3.0,5.0,450.94,150.31333333333333,2,1,2
4565,Customer_4565,23,Female,Los Angeles,2022-11-20,1296.58,6.0,10.0,1296.5800000000002,216.0966666666667,2,0,2
4566,Customer_4566,27,Female,Los Angeles,2022-01-05,632.02,4.0,10.0,632.02,158.005,2,1,2
4567,Customer_4567,62,Female,Chicago,2021-10-05,97.28,1.0,4.0,97.28,97.28,0,1,0
4568,Customer_4568,36,Female,Phoenix,2021-12-06,1311.22,6.0,15.0,1311.22,218.53666666666666,2,0,2
4569,Customer_4569,39,Male,Chicago,2023-03-26,0.0,0.0,0.0,0.0,0.0,0,1,0
4570,Customer_4570,22,Male,Houston,2022-09-06,0.0,0.0,0.0,0.0,0.0,0,1,0
4571,Customer_4571,18,Female,Los Angeles,2023-03-04,392.18,3.0,4.0,392.18,130.72666666666666,0,1,0
4572,Customer_4572,26,Male,New York,2022-08-26,889.87,5.0,7.0,889.87,177.974,2,1,2
4573,Customer_4573,51,Female,New York,2021-03-08,861.08,3.0,7.0,861.08,287.0266666666667,2,1,2
4574,Customer_4574,39,Female,New York,2021-08-03,284.43,1.0,3.0,284.43,284.43,2,1,2
4575,Customer_4575,42,Female,Los Angeles,2022-02-20,1622.74,14.0,30.0,1622.74,115.91,1,0,1
4576,Customer_4576,43,Male,Los Angeles,2022-07-06,611.09,6.0,11.0,611.09,101.84833333333334,2,1,2
4577,Customer_4577,28,Male,Houston,2022-07-25,1274.29,10.0,17.0,1274.29,127.429,1,0,1
4578,Customer_4578,50,Male,Houston,2022-06-24,0.0,0.0,0.0,0.0,0.0,0,1,0
4579,Customer_4579,28,Female,New York,2023-12-07,169.19,2.0,2.0,169.19,84.595,0,1,0
4580,Customer_4580,50,Male,New York,2021-04-27,1392.43,8.0,18.0,1392.43,174.05375,1,0,1
4581,Customer_4581,40,Female,Los Angeles,2021-05-31,0.0,0.0,0.0,0.0,0.0,0,1,0
4582,Customer_4582,18,Male,Chicago,2023-12-17,46.9,2.0,2.0,46.9,23.45,0,1,0
4583,Customer_4583,27,Female,New York,2023-09-11,865.71,7.0,14.0,865.7099999999999,123.67285714285713,2,0,2
4584,Customer_4584,18,Female,New York,2023-10-01,751.2,8.0,12.0,751.2,93.9,2,0,2
4585,Customer_4585,48,Male,Phoenix,2022-03-10,250.09,3.0,6.0,250.08999999999997,83.36333333333333,0,1,0
4586,Customer_4586,35,Male,Houston,2021-11-16,377.99,5.0,6.0,377.99,75.598,0,1,0
4587,Customer_4587,18,Female,New York,2021-08-30,207.73,3.0,4.0,207.73,69.24333333333333,0,1,0
4588,Customer_4588,39,Male,Los Angeles,2022-04-10,329.66,3.0,5.0,329.66,109.88666666666667,0,1,0
4589,Customer_4589,29,Female,Los Angeles,2021-07-22,156.85,2.0,2.0,156.85000000000002,78.42500000000001,0,1,0
4590,Customer_4590,19,Male,Houston,2022-07-03,238.39,2.0,3.0,238.39,119.195,0,1,0
4591,Customer_4591,53,Male,Chicago,2023-01-28,801.15,7.0,10.0,801.15,114.45,2,1,2
4592,Customer_4592,36,Male,New York,2023-05-08,903.59,4.0,8.0,903.5899999999999,225.89749999999998,2,1,2
4593,Customer_4593,32,Male,Houston,2023-02-25,856.25,4.0,7.0,856.25,214.0625,2,1,2
4594,Customer_4594,31,Male,Los Angeles,2022-06-25,492.13,6.0,9.0,492.13,82.02166666666666,2,1,2
4595,Customer_4595,18,Female,Los Angeles,2022-05-02,508.23,3.0,6.0,508.23,169.41,2,1,2
4596,Customer_4596,21,Male,Los Angeles,2022-07-26,1101.27,10.0,17.0,1101.27,110.127,1,0,1
4597,Customer_4597,49,Female,Chicago,2023-04-20,207.51,2.0,4.0,207.51000000000002,103.75500000000001,0,1,0
4598,Customer_4598,30,Female,Los Angeles,2022-10-23,878.52,6.0,10.0,878.52,146.42,2,1,2
4599,Customer_4599,35,Female,New York,2022-02-09,325.54,3.0,6.0,325.53999999999996,108.51333333333332,0,1,0
4600,Customer_4600,18,Female,Los Angeles,2022-10-19,187.32,1.0,3.0,187.32,187.32,0,1,0
4601,Customer_4601,21,Male,New York,2023-08-07,27.67,1.0,1.0,27.67,27.67,0,1,0
4602,Customer_4602,42,Female,Houston,2021-01-15,216.48,3.0,6.0,216.48,72.16,0,1,0
4603,Customer_4603,39,Male,New York,2023-09-02,863.2,6.0,13.0,863.2,143.86666666666667,2,0,2
4604,Customer_4604,54,Female,New York,2023-11-30,0.0,0.0,0.0,0.0,0.0,0,1,0
4605,Customer_4605,50,Female,Chicago,2021-11-03,1928.2,6.0,16.0,1928.2,321.3666666666667,1,0,1
4606,Customer_4606,32,Female,Houston,2022-12-06,594.39,5.0,6.0,594.39,118.878,2,1,2
4607,Customer_4607,40,Female,Houston,2022-02-01,516.27,5.0,8.0,516.27,103.25399999999999,2,1,2
4608,Customer_4608,32,Female,Chicago,2022-11-09,121.07,2.0,5.0,121.07000000000001,60.535000000000004,0,1,0
4609,Customer_4609,58,Male,New York,2023-08-28,417.56,3.0,4.0,417.56,139.18666666666667,0,1,0
4610,Customer_4610,48,Female,Houston,2023-05-15,139.9,2.0,2.0,139.89999999999998,69.94999999999999,0,1,0
4611,Customer_4611,37,Male,Houston,2021-07-30,258.96,1.0,3.0,258.96,258.96,2,1,2
4612,Customer_4612,37,Female,New York,2022-02-03,154.52,1.0,1.0,154.52,154.52,0,1,0
4613,Customer_4613,51,Female,Phoenix,2021-09-15,947.52,5.0,9.0,947.52,189.504,2,1,2
4614,Customer_4614,41,Male,New York,2021-04-25,849.76,3.0,8.0,849.76,283.25333333333333,2,1,2
4615,Customer_4615,52,Female,Phoenix,2021-11-30,528.32,4.0,10.0,528.3199999999999,132.07999999999998,2,1,2
4616,Customer_4616,18,Female,Phoenix,2021-12-15,0.0,0.0,0.0,0.0,0.0,0,1,0
4617,Customer_4617,40,Female,Houston,2021-08-21,76.28,1.0,1.0,76.28,76.28,0,1,0
4618,Customer_4618,29,Female,Phoenix,2022-03-25,922.78,6.0,11.0,922.78,153.79666666666665,2,0,2
4619,Customer_4619,54,Male,Houston,2023-04-08,842.28,7.0,8.0,842.28,120.32571428571428,2,1,2
4620,Customer_4620,52,Female,New York,2022-08-31,125.22,1.0,1.0,125.22,125.22,0,1,0
4621,Customer_4621,35,Male,Los Angeles,2021-04-08,625.84,4.0,5.0,625.8399999999999,156.45999999999998,2,1,2
4622,Customer_4622,52,Male,New York,2022-07-22,726.56,7.0,11.0,726.56,103.7942857142857,2,1,2
4623,Customer_4623,55,Female,Los Angeles,2022-04-07,1027.32,6.0,12.0,1027.32,171.22,2,0,2
4624,Customer_4624,36,Male,Houston,2022-05-15,1121.81,5.0,11.0,1121.81,224.362,2,0,2
4625,Customer_4625,62,Female,Los Angeles,2022-09-23,258.91,3.0,5.0,258.90999999999997,86.30333333333333,0,1,0
4626,Customer_4626,35,Male,Los Angeles,2023-11-28,468.22,2.0,3.0,468.22,234.11,2,1,2
4627,Customer_4627,33,Female,Chicago,2023-12-11,59.13,1.0,1.0,59.13,59.13,0,1,0
4628,Customer_4628,45,Male,Phoenix,2021-05-07,303.26,2.0,2.0,303.26,151.63,0,1,0
4629,Customer_4629,31,Female,New York,2022-04-22,2055.55,12.0,26.0,2055.55,171.29583333333335,1,0,1
4630,Customer_4630,36,Female,Los Angeles,2022-12-24,548.69,5.0,7.0,548.69,109.73800000000001,2,1,2
4631,Customer_4631,51,Male,New York,2022-03-12,623.61,4.0,6.0,623.61,155.9025,2,1,2
4632,Customer_4632,35,Male,Houston,2021-03-26,696.14,4.0,9.0,696.14,174.035,2,1,2
4633,Customer_4633,18,Female,New York,2023-02-25,178.78,1.0,2.0,178.78,178.78,0,1,0
4634,Customer_4634,39,Female,Chicago,2021-01-27,1114.72,6.0,12.0,1114.72,185.78666666666666,2,0,2
4635,Customer_4635,27,Male,Los Angeles,2023-05-10,1104.39,3.0,8.0,1104.39,368.13000000000005,2,0,2
4636,Customer_4636,45,Male,New York,2021-03-13,71.04,1.0,2.0,71.04,71.04,0,1,0
4637,Customer_4637,43,Male,Phoenix,2022-08-11,853.61,4.0,8.0,853.61,213.4025,2,1,2
4638,Customer_4638,51,Male,New York,2023-10-27,233.4,1.0,4.0,233.4,233.4,2,1,2
4639,Customer_4639,45,Male,Los Angeles,2021-06-01,181.27,3.0,3.0,181.27,60.42333333333334,0,1,0
4640,Customer_4640,47,Male,New York,2022-08-06,0.0,0.0,0.0,0.0,0.0,0,1,0
4641,Customer_4641,28,Female,Chicago,2021-02-26,0.0,0.0,0.0,0.0,0.0,0,1,0
4642,Customer_4642,44,Female,Chicago,2022-03-02,489.02,6.0,7.0,489.02,81.50333333333333,0,1,0
4643,Customer_4643,57,Male,Los Angeles,2021-05-22,2379.69,11.0,23.0,2379.69,216.33545454545455,1,0,1
4644,Customer_4644,27,Male,New York,2022-07-22,94.12,1.0,2.0,94.12,94.12,0,1,0
4645,Customer_4645,55,Female,Los Angeles,2023-11-05,414.28,4.0,7.0,414.28000000000003,103.57000000000001,0,1,0
4646,Customer_4646,29,Female,Houston,2023-10-29,643.53,3.0,6.0,643.53,214.51,2,1,2
4647,Customer_4647,26,Male,Houston,2023-12-13,1125.42,12.0,19.0,1125.4199999999998,93.78499999999998,1,0,1
4648,Customer_4648,38,Female,Chicago,2021-05-17,2282.09,14.0,25.0,2282.09,163.0064285714286,1,0,1
4649,Customer_4649,43,Female,Chicago,2021-06-23,0.0,0.0,0.0,0.0,0.0,0,1,0
4650,Customer_4650,45,Female,New York,2023-05-10,249.93,2.0,5.0,249.92999999999998,124.96499999999999,0,1,0
4651,Customer_4651,24,Female,Los Angeles,2021-08-07,870.45,5.0,8.0,870.45,174.09,2,1,2
4652,Customer_4652,40,Female,New York,2021-09-12,2397.86,14.0,29.0,2397.86,171.2757142857143,1,0,1
4653,Customer_4653,27,Female,New York,2023-03-23,707.87,4.0,6.0,707.87,176.9675,2,1,2
4654,Customer_4654,19,Female,New York,2021-09-27,892.6,7.0,12.0,892.5999999999999,127.5142857142857,2,0,2
4655,Customer_4655,25,Male,Chicago,2021-08-12,0.0,0.0,0.0,0.0,0.0,0,1,0
4656,Customer_4656,27,Female,Chicago,2023-06-02,884.35,6.0,15.0,884.3499999999999,147.39166666666665,2,0,2
4657,Customer_4657,41,Male,Phoenix,2022-08-27,0.0,0.0,0.0,0.0,0.0,0,1,0
4658,Customer_4658,48,Male,New York,2022-12-02,409.81,3.0,5.0,409.80999999999995,136.60333333333332,0,1,0
4659,Customer_4659,19,Female,Chicago,2023-07-09,667.65,7.0,11.0,667.65,95.37857142857142,2,1,2
4660,Customer_4660,39,Male,Houston,2021-03-14,1185.95,7.0,12.0,1185.95,169.42142857142858,2,0,2
4661,Customer_4661,22,Female,Chicago,2023-06-17,2282.13,13.0,25.0,2282.13,175.54846153846154,1,0,1
4662,Customer_4662,42,Male,Los Angeles,2023-08-05,1192.36,9.0,20.0,1192.3600000000001,132.48444444444445,1,0,1
4663,Customer_4663,28,Female,Los Angeles,2022-06-27,2670.61,21.0,36.0,2670.61,127.17190476190477,1,0,1
4664,Customer_4664,23,Male,New York,2022-09-23,171.48,1.0,2.0,171.48,171.48,0,1,0
4665,Customer_4665,44,Male,Los Angeles,2023-03-06,272.84,1.0,4.0,272.84,272.84,2,1,2
4666,Customer_4666,29,Female,Houston,2023-05-28,316.96,2.0,3.0,316.96000000000004,158.48000000000002,0,1,0
4667,Customer_4667,32,Female,New York,2023-01-27,495.35,4.0,8.0,495.34999999999997,123.83749999999999,2,1,2
4668,Customer_4668,18,Male,New York,2022-09-10,1424.12,6.0,17.0,1424.12,237.35333333333332,2,0,2
4669,Customer_4669,45,Male,Houston,2021-07-17,0.0,0.0,0.0,0.0,0.0,0,1,0
4670,Customer_4670,44,Female,Houston,2022-05-08,165.87,2.0,3.0,165.87,82.935,0,1,0
4671,Customer_4671,35,Male,Los Angeles,2021-03-23,426.76,2.0,4.0,426.76,213.38,2,1,2
4672,Customer_4672,18,Female,Houston,2022-01-09,1507.92,9.0,18.0,1507.9199999999998,167.54666666666665,1,0,1
4673,Customer_4673,48,Male,Los Angeles,2022-05-16,235.45,2.0,4.0,235.45,117.725,0,1,0
4674,Customer_4674,28,Female,New York,2021-12-23,1103.22,2.0,6.0,1103.22,551.61,2,0,2
4675,Customer_4675,30,Male,Los Angeles,2022-08-03,328.79,3.0,5.0,328.79,109.59666666666668,0,1,0
4676,Customer_4676,60,Female,Chicago,2021-10-27,595.63,4.0,5.0,595.63,148.9075,2,1,2
4677,Customer_4677,27,Female,Phoenix,2022-10-08,45.22,1.0,1.0,45.22,45.22,0,1,0
4678,Customer_4678,43,Female,New York,2021-04-30,701.49,2.0,6.0,701.4900000000001,350.74500000000006,2,1,2
4679,Customer_4679,41,Female,Chicago,2021-07-05,811.05,6.0,8.0,811.05,135.17499999999998,2,1,2
4680,Customer_4680,39,Female,Los Angeles,2022-08-07,260.07,3.0,4.0,260.07,86.69,0,1,0
4681,Customer_4681,38,Female,Chicago,2021-11-04,381.63,2.0,3.0,381.63,190.815,2,1,2
4682,Customer_4682,39,Male,New York,2021-08-22,138.82,2.0,4.0,138.82,69.41,0,1,0
4683,Customer_4683,38,Female,Los Angeles,2023-11-01,1935.07,17.0,28.0,1935.0700000000002,113.82764705882354,1,0,1
4684,Customer_4684,34,Female,Houston,2021-06-24,0.0,0.0,0.0,0.0,0.0,0,1,0
4685,Customer_4685,52,Female,Chicago,2023-02-12,0.0,0.0,0.0,0.0,0.0,0,1,0
4686,Customer_4686,21,Female,Los Angeles,2022-10-05,517.64,4.0,8.0,517.64,129.41,2,1,2
4687,Customer_4687,46,Female,Los Angeles,2023-06-30,0.0,0.0,0.0,0.0,0.0,0,1,0
4688,Customer_4688,44,Female,Los Angeles,2023-10-23,17.96,1.0,1.0,17.96,17.96,0,1,0
4689,Customer_4689,43,Female,Los Angeles,2023-01-31,104.24,1.0,4.0,104.24,104.24,0,1,0
4690,Customer_4690,47,Female,Houston,2021-07-01,1405.74,11.0,21.0,1405.74,127.79454545454546,1,0,1
4691,Customer_4691,34,Male,Phoenix,2023-07-31,719.54,3.0,7.0,719.54,239.84666666666666,2,1,2
4692,Customer_4692,18,Male,Los Angeles,2021-12-16,1038.76,5.0,14.0,1038.76,207.752,2,0,2
4693,Customer_4693,34,Female,Los Angeles,2022-10-01,1247.48,8.0,16.0,1247.48,155.935,1,0,1
4694,Customer_4694,24,Female,Houston,2021-08-13,389.93,2.0,3.0,389.92999999999995,194.96499999999997,2,1,2
4695,Customer_4695,27,Male,Los Angeles,2021-10-13,95.08,1.0,4.0,95.08,95.08,0,1,0
4696,Customer_4696,21,Female,Chicago,2021-07-12,260.27,2.0,2.0,260.27,130.135,0,1,0
4697,Customer_4697,30,Male,New York,2022-11-02,221.33,3.0,4.0,221.33,73.77666666666667,0,1,0
4698,Customer_4698,28,Female,Houston,2022-11-23,0.0,0.0,0.0,0.0,0.0,0,1,0
4699,Customer_4699,18,Male,Chicago,2022-06-22,193.0,1.0,2.0,193.0,193.0,0,1,0
4700,Customer_4700,43,Male,Houston,2022-09-04,288.54,1.0,2.0,288.54,288.54,2,1,2
4701,Customer_4701,59,Male,Houston,2023-06-20,2124.18,13.0,20.0,2124.18,163.39846153846153,1,0,1
4702,Customer_4702,42,Male,New York,2021-02-20,42.6,1.0,1.0,42.6,42.6,0,1,0
4703,Customer_4703,33,Female,Houston,2021-05-08,355.33,3.0,5.0,355.33,118.44333333333333,0,1,0
4704,Customer_4704,34,Female,Houston,2023-12-06,1176.54,7.0,17.0,1176.54,168.07714285714286,2,0,2
4705,Customer_4705,30,Male,Los Angeles,2021-08-22,449.87,4.0,8.0,449.87,112.4675,2,1,2
4706,Customer_4706,36,Male,New York,2022-03-24,896.02,6.0,10.0,896.02,149.33666666666667,2,1,2
4707,Customer_4707,35,Female,New York,2022-08-07,805.47,5.0,11.0,805.47,161.094,2,1,2
4708,Customer_4708,26,Female,Los Angeles,2022-05-18,1200.27,6.0,15.0,1200.27,200.045,2,0,2
4709,Customer_4709,54,Female,Los Angeles,2022-08-30,1994.21,14.0,31.0,1994.21,142.44357142857143,1,0,1
4710,Customer_4710,19,Female,Chicago,2023-07-11,613.06,3.0,8.0,613.06,204.35333333333332,2,1,2
4711,Customer_4711,43,Male,New York,2021-10-12,0.0,0.0,0.0,0.0,0.0,0,1,0
4712,Customer_4712,34,Female,Phoenix,2023-07-25,1852.51,8.0,19.0,1852.51,231.56375,1,0,1
4713,Customer_4713,56,Female,Los Angeles,2022-06-28,52.92,1.0,2.0,52.92,52.92,0,1,0
4714,Customer_4714,39,Female,New York,2021-12-22,108.75,2.0,2.0,108.75,54.375,0,1,0
4715,Customer_4715,31,Female,Chicago,2023-11-27,2391.55,15.0,29.0,2391.55,159.43666666666667,1,0,1
4716,Customer_4716,32,Female,Chicago,2021-05-18,197.02,1.0,2.0,197.02,197.02,0,1,0
4717,Customer_4717,35,Male,New York,2022-09-04,1364.15,8.0,20.0,1364.15,170.51875,1,0,1
4718,Customer_4718,22,Male,Los Angeles,2022-04-02,0.0,0.0,0.0,0.0,0.0,0,1,0
4719,Customer_4719,27,Male,New York,2021-04-09,1007.39,6.0,11.0,1007.39,167.89833333333334,2,0,2
4720,Customer_4720,18,Female,Houston,2021-02-05,928.07,7.0,10.0,928.07,132.58142857142857,2,0,2
4721,Customer_4721,25,Male,Houston,2022-09-22,475.6,4.0,7.0,475.6,118.9,2,1,2
4722,Customer_4722,36,Male,Los Angeles,2022-11-01,689.04,4.0,8.0,689.04,172.26,2,1,2
4723,Customer_4723,38,Male,Houston,2023-02-26,1260.66,5.0,10.0,1260.6599999999999,252.13199999999998,2,0,2
4724,Customer_4724,18,Female,Houston,2022-11-12,1157.59,8.0,15.0,1157.5900000000001,144.69875000000002,2,0,2
4725,Customer_4725,33,Female,New York,2021-02-24,379.45,3.0,5.0,379.45,126.48333333333333,0,1,0
4726,Customer_4726,41,Female,Phoenix,2023-10-27,1364.6,4.0,15.0,1364.6,341.15,2,0,2
4727,Customer_4727,33,Female,Houston,2023-06-10,0.0,0.0,0.0,0.0,0.0,0,1,0
4728,Customer_4728,28,Female,New York,2023-10-04,841.44,4.0,9.0,841.44,210.36,2,1,2
4729,Customer_4729,30,Female,New York,2023-02-07,535.75,5.0,10.0,535.75,107.15,2,1,2
4730,Customer_4730,29,Female,New York,2023-07-07,1848.18,10.0,20.0,1848.18,184.818,1,0,1
4731,Customer_4731,28,Male,New York,2022-10-26,54.26,1.0,1.0,54.26,54.26,0,1,0
4732,Customer_4732,37,Female,Houston,2023-04-10,460.43,2.0,7.0,460.42999999999995,230.21499999999997,2,1,2
4733,Customer_4733,60,Female,Los Angeles,2021-06-19,528.16,4.0,8.0,528.16,132.04,2,1,2
4734,Customer_4734,27,Male,Houston,2021-09-06,497.07,2.0,6.0,497.06999999999994,248.53499999999997,2,1,2
4735,Customer_4735,32,Male,Houston,2022-10-24,879.56,2.0,6.0,879.56,439.78,2,1,2
4736,Customer_4736,34,Male,Chicago,2021-07-29,2144.96,10.0,19.0,2144.96,214.496,1,0,1
4737,Customer_4737,27,Male,Houston,2023-07-01,444.36,3.0,6.0,444.36,148.12,2,1,2
4738,Customer_4738,47,Male,New York,2023-01-10,0.0,0.0,0.0,0.0,0.0,0,1,0
4739,Customer_4739,18,Male,Los Angeles,2021-05-21,22.04,1.0,1.0,22.04,22.04,0,1,0
4740,Customer_4740,29,Female,Chicago,2022-09-24,911.73,7.0,13.0,911.73,130.24714285714285,2,0,2
4741,Customer_4741,44,Female,New York,2023-03-16,729.93,7.0,7.0,729.9300000000001,104.2757142857143,2,1,2
4742,Customer_4742,32,Female,New York,2021-06-29,164.48,3.0,3.0,164.48,54.82666666666666,0,1,0
4743,Customer_4743,26,Female,Phoenix,2023-07-09,131.95,2.0,3.0,131.95,65.975,0,1,0
4744,Customer_4744,40,Female,Houston,2022-09-29,0.0,0.0,0.0,0.0,0.0,0,1,0
4745,Customer_4745,45,Male,Los Angeles,2023-01-24,348.99,2.0,4.0,348.99,174.495,0,1,0
4746,Customer_4746,37,Male,Houston,2023-09-14,49.49,1.0,1.0,49.49,49.49,0,1,0
4747,Customer_4747,26,Male,Houston,2023-11-07,894.44,6.0,11.0,894.4399999999999,149.07333333333332,2,0,2
4748,Customer_4748,40,Female,Los Angeles,2023-11-06,0.0,0.0,0.0,0.0,0.0,0,1,0
4749,Customer_4749,31,Male,New York,2022-01-20,571.58,4.0,9.0,571.5799999999999,142.89499999999998,2,1,2
4750,Customer_4750,43,Male,Phoenix,2023-06-12,82.8,1.0,2.0,82.8,82.8,0,1,0
4751,Customer_4751,51,Female,Los Angeles,2023-09-14,2540.74,9.0,22.0,2540.74,282.3044444444444,1,0,1
4752,Customer_4752,18,Male,New York,2023-02-08,1033.52,4.0,9.0,1033.52,258.38,2,1,2
4753,Customer_4753,36,Female,Chicago,2023-03-03,2190.55,11.0,26.0,2190.55,199.1409090909091,1,0,1
4754,Customer_4754,18,Female,Houston,2021-02-15,400.42,3.0,5.0,400.42,133.47333333333333,0,1,0
4755,Customer_4755,62,Male,New York,2022-05-19,1259.3,9.0,15.0,1259.3,139.92222222222222,1,0,1
4756,Customer_4756,30,Female,Los Angeles,2023-04-10,1108.81,4.0,9.0,1108.81,277.2025,2,0,2
4757,Customer_4757,43,Female,New York,2022-06-09,0.0,0.0,0.0,0.0,0.0,0,1,0
4758,Customer_4758,35,Male,Phoenix,2023-09-06,354.32,3.0,10.0,354.32,118.10666666666667,2,1,2
4759,Customer_4759,26,Male,New York,2022-07-11,510.24,4.0,5.0,510.24,127.56,0,1,0
4760,Customer_4760,25,Female,Chicago,2021-02-16,0.0,0.0,0.0,0.0,0.0,0,1,0
4761,Customer_4761,52,Female,Phoenix,2022-06-12,956.06,4.0,7.0,956.0600000000001,239.01500000000001,2,1,2
4762,Customer_4762,46,Female,New York,2021-04-17,1019.48,4.0,13.0,1019.48,254.87,2,0,2
4763,Customer_4763,56,Male,Phoenix,2023-10-24,431.61,2.0,5.0,431.61,215.805,2,1,2
4764,Customer_4764,36,Female,Phoenix,2022-09-08,3203.95,19.0,38.0,3203.95,168.62894736842105,1,0,1
4765,Customer_4765,38,Female,Phoenix,2023-08-24,1227.27,10.0,16.0,1227.27,122.727,1,0,1
4766,Customer_4766,32,Male,New York,2023-05-10,527.2,1.0,5.0,527.2,527.2,2,1,2
4767,Customer_4767,32,Male,Chicago,2021-07-20,43.26,1.0,1.0,43.26,43.26,0,1,0
4768,Customer_4768,24,Female,Houston,2021-09-11,198.62,2.0,4.0,198.62,99.31,0,1,0
4769,Customer_4769,36,Female,Phoenix,2021-07-02,712.83,6.0,8.0,712.83,118.805,2,1,2
4770,Customer_4770,26,Male,New York,2023-09-08,77.07,1.0,1.0,77.07,77.07,0,1,0
4771,Customer_4771,40,Female,Houston,2022-05-05,1700.95,5.0,14.0,1700.95,340.19,2,0,2
4772,Customer_4772,37,Female,Los Angeles,2022-05-20,254.13,3.0,3.0,254.13,84.71,0,1,0
4773,Customer_4773,38,Male,New York,2022-02-17,985.77,6.0,12.0,985.77,164.295,2,0,2
4774,Customer_4774,53,Female,Los Angeles,2022-02-08,92.21,1.0,1.0,92.21,92.21,0,1,0
4775,Customer_4775,35,Male,Houston,2021-08-24,1081.9,3.0,9.0,1081.9,360.6333333333334,2,0,2
4776,Customer_4776,43,Female,Los Angeles,2023-05-09,284.96,2.0,3.0,284.96,142.48,0,1,0
4777,Customer_4777,58,Female,Chicago,2023-08-24,675.79,7.0,8.0,675.79,96.54142857142857,2,1,2
4778,Customer_4778,49,Female,Phoenix,2022-09-25,957.37,8.0,13.0,957.37,119.67125,2,0,2
4779,Customer_4779,48,Female,Los Angeles,2021-07-27,1351.64,4.0,14.0,1351.6399999999999,337.90999999999997,2,0,2
4780,Customer_4780,32,Female,Chicago,2021-05-20,495.7,3.0,5.0,495.70000000000005,165.23333333333335,2,1,2
4781,Customer_4781,38,Female,Los Angeles,2022-08-11,1047.6,6.0,10.0,1047.6000000000001,174.60000000000002,2,0,2
4782,Customer_4782,20,Male,Los Angeles,2022-08-10,251.68,2.0,3.0,251.68,125.84,0,1,0
4783,Customer_4783,40,Male,Houston,2023-07-06,67.46,1.0,2.0,67.46,67.46,0,1,0
4784,Customer_4784,38,Male,Phoenix,2023-08-25,627.63,3.0,8.0,627.63,209.21,2,1,2
4785,Customer_4785,35,Male,Chicago,2022-07-24,1412.61,4.0,10.0,1412.6100000000001,353.15250000000003,2,0,2
4786,Customer_4786,46,Female,Houston,2021-05-05,0.0,0.0,0.0,0.0,0.0,0,1,0
4787,Customer_4787,22,Male,New York,2021-05-14,160.82,1.0,2.0,160.82,160.82,0,1,0
4788,Customer_4788,53,Female,New York,2023-09-23,126.41,2.0,2.0,126.41,63.205,0,1,0
4789,Customer_4789,45,Male,Chicago,2022-10-12,1819.92,12.0,21.0,1819.92,151.66,1,0,1
4790,Customer_4790,34,Male,New York,2022-12-07,91.31,2.0,2.0,91.31,45.655,0,1,0
4791,Customer_4791,33,Male,Los Angeles,2022-07-22,1721.95,10.0,21.0,1721.95,172.195,1,0,1
4792,Customer_4792,40,Male,Chicago,2021-12-05,1270.3,12.0,15.0,1270.3,105.85833333333333,1,0,1
4793,Customer_4793,52,Male,New York,2023-04-19,326.5,1.0,2.0,326.5,326.5,2,1,2
4794,Customer_4794,36,Female,Los Angeles,2021-11-18,184.19,2.0,2.0,184.19,92.095,0,1,0
4795,Customer_4795,37,Female,Chicago,2021-04-05,862.9,7.0,10.0,862.9,123.27142857142857,2,0,2
4796,Customer_4796,35,Male,Chicago,2021-07-15,2476.94,15.0,26.0,2476.94,165.12933333333334,1,0,1
4797,Customer_4797,55,Female,Phoenix,2021-07-11,462.54,3.0,7.0,462.53999999999996,154.17999999999998,2,1,2
4798,Customer_4798,31,Male,Chicago,2022-10-18,383.93,2.0,5.0,383.92999999999995,191.96499999999997,2,1,2
4799,Customer_4799,35,Male,Los Angeles,2022-06-06,265.41,2.0,4.0,265.40999999999997,132.70499999999998,0,1,0
4800,Customer_4800,51,Female,Phoenix,2023-01-23,1019.67,5.0,10.0,1019.6700000000001,203.93400000000003,2,0,2
4801,Customer_4801,37,Male,Houston,2023-09-15,793.59,6.0,9.0,793.59,132.26500000000001,2,1,2
4802,Customer_4802,48,Male,New York,2023-10-03,381.19,3.0,6.0,381.19,127.06333333333333,0,1,0
4803,Customer_4803,25,Male,New York,2021-01-13,691.8,4.0,7.0,691.8,172.95,2,1,2
4804,Customer_4804,33,Male,Houston,2021-09-11,561.5,4.0,7.0,561.5,140.375,2,1,2
4805,Customer_4805,51,Male,Chicago,2021-03-22,1083.59,5.0,11.0,1083.5900000000001,216.71800000000002,2,0,2
4806,Customer_4806,28,Male,Houston,2022-01-08,696.74,4.0,7.0,696.74,174.185,2,1,2
4807,Customer_4807,33,Male,Houston,2022-01-29,196.24,3.0,7.0,196.24,65.41333333333334,0,1,0
4808,Customer_4808,38,Female,Chicago,2022-02-22,960.42,5.0,12.0,960.42,192.084,2,0,2
4809,Customer_4809,24,Female,Phoenix,2023-12-19,228.69,2.0,3.0,228.69,114.345,0,1,0
4810,Customer_4810,30,Male,Chicago,2021-05-08,1207.32,2.0,9.0,1207.3200000000002,603.6600000000001,2,0,2
4811,Customer_4811,36,Female,New York,2023-03-28,1194.32,7.0,17.0,1194.32,170.61714285714285,2,0,2
4812,Customer_4812,36,Male,Houston,2023-02-13,169.2,1.0,5.0,169.20000000000002,169.20000000000002,0,1,0
4813,Customer_4813,49,Male,Los Angeles,2023-06-11,360.45,4.0,8.0,360.45000000000005,90.11250000000001,0,1,0
4814,Customer_4814,52,Female,Houston,2021-10-09,1082.53,4.0,9.0,1082.53,270.6325,2,1,2
4815,Customer_4815,26,Male,Phoenix,2021-07-26,85.92,1.0,1.0,85.92,85.92,0,1,0
4816,Customer_4816,36,Male,Houston,2022-02-07,611.59,4.0,7.0,611.59,152.8975,2,1,2
4817,Customer_4817,42,Female,Chicago,2021-08-06,0.0,0.0,0.0,0.0,0.0,0,1,0
4818,Customer_4818,52,Female,Los Angeles,2021-11-22,502.2,2.0,4.0,502.2,251.1,2,1,2
4819,Customer_4819,43,Female,Los Angeles,2023-01-26,177.46,2.0,2.0,177.46,88.73,0,1,0
4820,Customer_4820,38,Female,Los Angeles,2023-10-09,481.91,2.0,3.0,481.91,240.955,2,1,2
4821,Customer_4821,42,Male,Chicago,2021-05-10,1036.79,6.0,15.0,1036.79,172.79833333333332,2,0,2
4822,Customer_4822,42,Female,Houston,2021-01-03,1498.89,8.0,17.0,1498.8899999999999,187.36124999999998,1,0,1
4823,Customer_4823,25,Male,Houston,2022-07-09,506.72,4.0,5.0,506.71999999999997,126.67999999999999,0,1,0
4824,Customer_4824,37,Female,New York,2021-09-23,1410.08,12.0,17.0,1410.08,117.50666666666666,1,0,1
4825,Customer_4825,51,Female,Chicago,2023-07-12,665.28,5.0,6.0,665.28,133.05599999999998,2,1,2
4826,Customer_4826,33,Male,Houston,2021-01-24,3039.95,13.0,32.0,3039.95,233.84230769230768,1,0,1
4827,Customer_4827,36,Male,Chicago,2022-06-18,360.29,4.0,9.0,360.29,90.0725,0,1,0
4828,Customer_4828,32,Female,Chicago,2021-01-03,1434.33,4.0,14.0,1434.33,358.5825,2,0,2
4829,Customer_4829,18,Female,Houston,2023-05-30,60.89,1.0,1.0,60.89,60.89,0,1,0
4830,Customer_4830,35,Female,Chicago,2022-03-03,1946.57,8.0,17.0,1946.57,243.32125,1,0,1
4831,Customer_4831,38,Female,Los Angeles,2021-01-04,0.0,0.0,0.0,0.0,0.0,0,1,0
4832,Customer_4832,29,Male,Phoenix,2023-03-19,0.0,0.0,0.0,0.0,0.0,0,1,0
4833,Customer_4833,22,Female,New York,2023-02-23,311.23,2.0,5.0,311.23,155.615,0,1,0
4834,Customer_4834,25,Female,Phoenix,2022-05-18,224.74,1.0,2.0,224.74,224.74,0,1,0
4835,Customer_4835,43,Female,New York,2021-08-20,212.6,5.0,7.0,212.6,42.519999999999996,0,1,0
4836,Customer_4836,57,Male,New York,2023-05-23,1810.62,10.0,23.0,1810.62,181.06199999999998,1,0,1
4837,Customer_4837,50,Male,Phoenix,2023-01-20,171.4,2.0,2.0,171.39999999999998,85.69999999999999,0,1,0
4838,Customer_4838,20,Female,New York,2021-03-13,0.0,0.0,0.0,0.0,0.0,0,1,0
4839,Customer_4839,44,Male,Houston,2021-03-29,0.0,0.0,0.0,0.0,0.0,0,1,0
4840,Customer_4840,28,Female,Houston,2022-06-12,1147.25,6.0,16.0,1147.25,191.20833333333334,2,0,2
4841,Customer_4841,29,Female,Phoenix,2023-06-05,267.17,4.0,6.0,267.16999999999996,66.79249999999999,0,1,0
4842,Customer_4842,30,Male,Phoenix,2022-08-26,213.89,3.0,3.0,213.89000000000001,71.29666666666667,0,1,0
4843,Customer_4843,43,Male,Los Angeles,2022-03-26,760.64,3.0,6.0,760.64,253.54666666666665,2,1,2
4844,Customer_4844,46,Male,Houston,2022-03-15,131.72,2.0,2.0,131.72,65.86,0,1,0
4845,Customer_4845,34,Male,New York,2021-05-06,271.49,3.0,8.0,271.49,90.49666666666667,0,1,0
4846,Customer_4846,34,Female,Los Angeles,2022-07-17,672.9,3.0,9.0,672.9,224.29999999999998,2,1,2
4847,Customer_4847,40,Male,Houston,2023-11-08,435.32,3.0,6.0,435.32000000000005,145.10666666666668,2,1,2
4848,Customer_4848,41,Female,Los Angeles,2023-04-29,2859.05,15.0,28.0,2859.05,190.60333333333335,1,0,1
4849,Customer_4849,48,Male,Chicago,2023-05-15,1579.37,10.0,19.0,1579.37,157.93699999999998,1,0,1
4850,Customer_4850,21,Female,Chicago,2023-07-13,629.71,5.0,8.0,629.71,125.94200000000001,2,1,2
4851,Customer_4851,35,Male,Chicago,2021-12-11,366.14,3.0,4.0,366.14,122.04666666666667,0,1,0
4852,Customer_4852,23,Female,Phoenix,2022-04-13,321.92,5.0,6.0,321.91999999999996,64.38399999999999,0,1,0
4853,Customer_4853,34,Female,New York,2023-09-08,1237.89,6.0,9.0,1237.89,206.31500000000003,2,0,2
4854,Customer_4854,33,Male,Chicago,2021-05-21,1108.75,5.0,11.0,1108.75,221.75,2,0,2
4855,Customer_4855,34,Female,Phoenix,2023-10-27,591.78,4.0,9.0,591.78,147.945,2,1,2
4856,Customer_4856,26,Female,Chicago,2022-10-31,673.66,6.0,13.0,673.6600000000001,112.27666666666669,2,1,2
4857,Customer_4857,19,Female,New York,2022-09-23,55.31,1.0,1.0,55.31,55.31,0,1,0
4858,Customer_4858,18,Female,Chicago,2023-12-25,0.0,0.0,0.0,0.0,0.0,0,1,0
4859,Customer_4859,34,Female,Los Angeles,2023-12-16,134.1,2.0,2.0,134.1,67.05,0,1,0
4860,Customer_4860,30,Female,New York,2023-03-09,1141.19,5.0,13.0,1141.19,228.238,2,0,2
4861,Customer_4861,28,Male,Houston,2023-08-13,108.57,1.0,1.0,108.57,108.57,0,1,0
4862,Customer_4862,50,Female,Chicago,2021-08-03,575.99,4.0,5.0,575.99,143.9975,2,1,2
4863,Customer_4863,26,Male,Phoenix,2023-01-13,467.95,1.0,5.0,467.95000000000005,467.95000000000005,2,1,2
4864,Customer_4864,51,Male,Houston,2021-02-27,0.0,0.0,0.0,0.0,0.0,0,1,0
4865,Customer_4865,53,Female,Houston,2023-06-25,1019.73,9.0,19.0,1019.73,113.30333333333334,1,0,1
4866,Customer_4866,18,Male,New York,2022-02-09,805.72,4.0,6.0,805.72,201.43,2,1,2
4867,Customer_4867,36,Female,Los Angeles,2022-12-22,1452.4,10.0,19.0,1452.4,145.24,1,0,1
4868,Customer_4868,31,Male,New York,2023-02-22,547.51,2.0,4.0,547.51,273.755,2,1,2
4869,Customer_4869,18,Female,Phoenix,2021-04-07,814.29,5.0,11.0,814.29,162.858,2,1,2
4870,Customer_4870,19,Female,New York,2022-08-10,2255.33,9.0,23.0,2255.33,250.5922222222222,1,0,1
4871,Customer_4871,44,Male,Los Angeles,2022-06-02,547.13,6.0,8.0,547.13,91.18833333333333,2,1,2
4872,Customer_4872,57,Male,Chicago,2022-10-30,0.0,0.0,0.0,0.0,0.0,0,1,0
4873,Customer_4873,45,Male,Los Angeles,2023-12-23,193.41,2.0,3.0,193.41,96.705,0,1,0
4874,Customer_4874,39,Female,New York,2022-06-25,297.76,5.0,8.0,297.76,59.552,0,1,0
4875,Customer_4875,35,Male,Chicago,2023-03-27,835.98,4.0,8.0,835.98,208.995,2,1,2
4876,Customer_4876,54,Female,New York,2021-07-10,394.28,4.0,7.0,394.28,98.57,0,1,0
4877,Customer_4877,59,Female,New York,2023-07-06,3043.54,17.0,37.0,3043.54,179.03176470588235,1,0,1
4878,Customer_4878,29,Female,Los Angeles,2022-12-17,420.04,2.0,5.0,420.04,210.02,2,1,2
4879,Customer_4879,18,Male,Houston,2022-06-23,107.8,2.0,4.0,107.8,53.9,0,1,0
4880,Customer_4880,18,Female,Chicago,2021-03-26,1640.39,11.0,20.0,1640.39,149.12636363636364,1,0,1
4881,Customer_4881,50,Female,Los Angeles,2022-03-17,0.0,0.0,0.0,0.0,0.0,0,1,0
4882,Customer_4882,34,Male,Chicago,2023-03-01,530.58,3.0,10.0,530.5799999999999,176.85999999999999,2,1,2
4883,Customer_4883,37,Female,Los Angeles,2021-12-05,204.3,1.0,2.0,204.3,204.3,0,1,0
4884,Customer_4884,18,Female,Phoenix,2023-10-01,653.86,4.0,7.0,653.86,163.465,2,1,2
4885,Customer_4885,27,Female,New York,2022-11-05,355.46,3.0,4.0,355.46000000000004,118.48666666666668,0,1,0
4886,Customer_4886,32,Male,Houston,2022-12-31,0.0,0.0,0.0,0.0,0.0,0,1,0
4887,Customer_4887,37,Female,Phoenix,2021-11-13,398.12,2.0,7.0,398.12,199.06,2,1,2
4888,Customer_4888,31,Female,Houston,2021-03-17,1663.19,11.0,19.0,1663.1899999999998,151.1990909090909,1,0,1
4889,Customer_4889,24,Male,New York,2023-09-01,537.51,5.0,7.0,537.51,107.502,2,1,2
4890,Customer_4890,26,Male,Los Angeles,2023-09-26,302.42,3.0,5.0,302.42,100.80666666666667,0,1,0
4891,Customer_4891,48,Female,Houston,2021-07-23,176.61,2.0,2.0,176.61,88.305,0,1,0
4892,Customer_4892,38,Male,New York,2022-02-28,381.09,4.0,11.0,381.09000000000003,95.27250000000001,2,1,2
4893,Customer_4893,42,Male,Houston,2021-07-12,243.8,1.0,2.0,243.8,243.8,2,1,2
4894,Customer_4894,25,Male,Houston,2023-06-16,701.44,3.0,8.0,701.44,233.81333333333336,2,1,2
4895,Customer_4895,18,Female,Houston,2023-02-20,0.0,0.0,0.0,0.0,0.0,0,1,0
4896,Customer_4896,29,Male,New York,2021-10-28,125.04,2.0,2.0,125.03999999999999,62.519999999999996,0,1,0
4897,Customer_4897,25,Male,Houston,2021-09-17,685.86,4.0,8.0,685.86,171.465,2,1,2
4898,Customer_4898,39,Female,Houston,2023-10-01,222.88,3.0,6.0,222.88,74.29333333333334,0,1,0
4899,Customer_4899,70,Female,Houston,2022-09-08,0.0,0.0,0.0,0.0,0.0,0,1,0
4900,Customer_4900,43,Female,New York,2022-03-08,1444.79,10.0,15.0,1444.79,144.47899999999998,1,0,1
4901,Customer_4901,65,Female,New York,2022-12-17,1252.43,14.0,20.0,1252.43,89.45928571428571,1,0,1
4902,Customer_4902,41,Male,Los Angeles,2022-11-27,131.67,1.0,1.0,131.67,131.67,0,1,0
4903,Customer_4903,28,Female,New York,2021-07-17,1793.55,6.0,18.0,1793.55,298.925,1,0,1
4904,Customer_4904,39,Female,Chicago,2023-09-10,277.25,4.0,6.0,277.25,69.3125,0,1,0
4905,Customer_4905,55,Male,Phoenix,2021-02-08,721.58,2.0,5.0,721.58,360.79,2,1,2
4906,Customer_4906,55,Female,Los Angeles,2022-12-10,962.41,4.0,9.0,962.41,240.6025,2,1,2
4907,Customer_4907,29,Male,Houston,2022-04-16,262.52,3.0,8.0,262.52,87.50666666666666,0,1,0
4908,Customer_4908,38,Female,New York,2021-03-20,225.33,2.0,7.0,225.32999999999998,112.66499999999999,0,1,0
4909,Customer_4909,19,Female,New York,2022-12-30,1428.68,7.0,17.0,1428.68,204.09714285714287,1,0,1
4910,Customer_4910,44,Female,New York,2022-11-15,22.07,1.0,1.0,22.07,22.07,0,1,0
4911,Customer_4911,52,Female,Los Angeles,2021-02-12,1652.85,7.0,17.0,1652.85,236.12142857142857,1,0,1
4912,Customer_4912,35,Female,Phoenix,2021-05-12,685.62,2.0,6.0,685.6200000000001,342.81000000000006,2,1,2
4913,Customer_4913,28,Male,New York,2021-03-18,0.0,0.0,0.0,0.0,0.0,0,1,0
4914,Customer_4914,39,Male,Chicago,2021-02-08,813.6,4.0,7.0,813.6000000000001,203.40000000000003,2,1,2
4915,Customer_4915,40,Female,Los Angeles,2021-05-31,828.67,5.0,8.0,828.67,165.73399999999998,2,1,2
4916,Customer_4916,36,Male,Phoenix,2023-09-03,192.96,2.0,2.0,192.96,96.48,0,1,0
4917,Customer_4917,37,Male,New York,2021-11-14,0.0,0.0,0.0,0.0,0.0,0,1,0
4918,Customer_4918,33,Male,New York,2022-03-13,420.27,2.0,6.0,420.27,210.135,2,1,2
4919,Customer_4919,46,Female,New York,2022-09-19,115.55,2.0,2.0,115.55,57.775,0,1,0
4920,Customer_4920,43,Female,Los Angeles,2022-07-05,360.17,4.0,6.0,360.17,90.0425,0,1,0
4921,Customer_4921,24,Female,Los Angeles,2021-12-06,1446.93,7.0,15.0,1446.93,206.70428571428573,2,0,2
4922,Customer_4922,24,Male,Phoenix,2022-10-20,796.69,3.0,5.0,796.69,265.56333333333333,2,1,2
4923,Customer_4923,32,Male,Chicago,2023-07-07,949.03,6.0,11.0,949.0300000000001,158.17166666666668,2,0,2
4924,Customer_4924,43,Female,Chicago,2021-12-27,0.0,0.0,0.0,0.0,0.0,0,1,0
4925,Customer_4925,37,Female,Chicago,2023-09-23,976.65,4.0,12.0,976.65,244.1625,2,0,2
4926,Customer_4926,28,Male,New York,2023-02-10,81.75,2.0,3.0,81.75,40.875,0,1,0
4927,Customer_4927,38,Male,Los Angeles,2021-07-09,1164.54,6.0,14.0,1164.54,194.09,2,0,2
4928,Customer_4928,31,Male,Phoenix,2022-02-17,721.43,4.0,11.0,721.43,180.3575,2,1,2
4929,Customer_4929,45,Male,Houston,2021-11-25,610.44,4.0,8.0,610.4399999999999,152.60999999999999,2,1,2
4930,Customer_4930,39,Female,Phoenix,2021-04-02,554.28,3.0,6.0,554.28,184.76,2,1,2
4931,Customer_4931,32,Male,Houston,2022-03-16,469.92,2.0,6.0,469.92,234.96,2,1,2
4932,Customer_4932,38,Male,New York,2021-09-02,224.02,2.0,3.0,224.01999999999998,112.00999999999999,0,1,0
4933,Customer_4933,49,Female,New York,2023-06-28,1042.46,10.0,13.0,1042.46,104.24600000000001,2,0,2
4934,Customer_4934,29,Male,New York,2023-04-13,298.12,2.0,4.0,298.12,149.06,0,1,0
4935,Customer_4935,39,Male,Los Angeles,2021-04-07,386.34,3.0,7.0,386.34,128.78,0,1,0
4936,Customer_4936,34,Female,New York,2023-07-27,892.0,4.0,9.0,892.0,223.0,2,1,2
4937,Customer_4937,40,Male,Chicago,2023-08-12,185.4,1.0,2.0,185.4,185.4,0,1,0
4938,Customer_4938,28,Male,Houston,2022-07-29,95.94,2.0,2.0,95.94,47.97,0,1,0
4939,Customer_4939,36,Male,Phoenix,2021-04-13,775.14,5.0,10.0,775.14,155.028,2,1,2
4940,Customer_4940,47,Female,Houston,2023-04-09,778.15,4.0,8.0,778.15,194.5375,2,1,2
4941,Customer_4941,25,Female,Phoenix,2022-05-28,200.72,2.0,4.0,200.71999999999997,100.35999999999999,0,1,0
4942,Customer_4942,20,Male,New York,2022-10-28,637.57,4.0,7.0,637.57,159.3925,2,1,2
4943,Customer_4943,21,Female,New York,2021-02-04,800.87,3.0,8.0,800.87,266.95666666666665,2,1,2
4944,Customer_4944,22,Male,Chicago,2022-02-01,296.7,2.0,4.0,296.7,148.35,0,1,0
4945,Customer_4945,42,Male,Los Angeles,2021-01-27,491.76,3.0,8.0,491.76,163.92,2,1,2
4946,Customer_4946,20,Female,Los Angeles,2021-11-02,1136.0,6.0,9.0,1136.0,189.33333333333334,2,0,2
4947,Customer_4947,32,Female,Los Angeles,2022-11-30,1076.62,8.0,14.0,1076.6200000000001,134.57750000000001,2,0,2
4948,Customer_4948,42,Female,Los Angeles,2022-08-04,609.36,2.0,6.0,609.36,304.68,2,1,2
4949,Customer_4949,40,Female,Chicago,2021-06-14,62.93,1.0,1.0,62.93,62.93,0,1,0
4950,Customer_4950,31,Male,Los Angeles,2021-04-12,496.88,3.0,7.0,496.88,165.62666666666667,2,1,2
4951,Customer_4951,37,Male,Chicago,2022-03-31,234.67,2.0,3.0,234.67,117.335,0,1,0
4952,Customer_4952,36,Male,Houston,2021-07-12,219.08,1.0,4.0,219.08,219.08,2,1,2
4953,Customer_4953,33,Male,Los Angeles,2023-07-05,0.0,0.0,0.0,0.0,0.0,0,1,0
4954,Customer_4954,33,Female,Los Angeles,2023-06-17,436.05,4.0,8.0,436.04999999999995,109.01249999999999,0,1,0
4955,Customer_4955,60,Male,New York,2023-03-21,827.86,5.0,10.0,827.86,165.572,2,1,2
4956,Customer_4956,44,Male,Los Angeles,2021-10-26,0.0,0.0,0.0,0.0,0.0,0,1,0
4957,Customer_4957,62,Male,Houston,2021-01-21,374.19,2.0,5.0,374.19,187.095,2,1,2
4958,Customer_4958,30,Male,Houston,2021-02-14,177.54,4.0,6.0,177.54,44.385,0,1,0
4959,Customer_4959,34,Female,Chicago,2022-05-11,2239.08,11.0,25.0,2239.08,203.55272727272725,1,0,1
4960,Customer_4960,20,Male,New York,2022-11-14,1119.26,8.0,21.0,1119.26,139.9075,1,0,1
4961,Customer_4961,26,Female,Chicago,2021-08-11,270.06,1.0,2.0,270.06,270.06,2,1,2
4962,Customer_4962,56,Female,Chicago,2021-10-26,0.0,0.0,0.0,0.0,0.0,0,1,0
4963,Customer_4963,29,Female,Chicago,2023-11-14,309.0,3.0,4.0,309.0,103.0,0,1,0
4964,Customer_4964,56,Male,Chicago,2023-12-20,624.73,4.0,9.0,624.73,156.1825,2,1,2
4965,Customer_4965,21,Male,Chicago,2021-10-15,475.11,2.0,5.0,475.11,237.555,2,1,2
4966,Customer_4966,23,Male,Chicago,2022-06-01,1552.97,6.0,15.0,1552.97,258.8283333333333,2,0,2
4967,Customer_4967,31,Male,Houston,2023-06-17,86.74,1.0,1.0,86.74,86.74,0,1,0
4968,Customer_4968,34,Male,New York,2021-06-03,0.0,0.0,0.0,0.0,0.0,0,1,0
4969,Customer_4969,45,Male,Houston,2021-10-08,0.0,0.0,0.0,0.0,0.0,0,1,0
4970,Customer_4970,40,Female,New York,2022-03-10,966.29,6.0,14.0,966.29,161.04833333333332,2,0,2
4971,Customer_4971,30,Female,New York,2021-12-08,1342.83,4.0,11.0,1342.83,335.7075,2,0,2
4972,Customer_4972,34,Female,Phoenix,2021-03-27,576.19,6.0,8.0,576.1899999999999,96.03166666666665,2,1,2
4973,Customer_4973,31,Male,Phoenix,2023-02-18,0.0,0.0,0.0,0.0,0.0,0,1,0
4974,Customer_4974,25,Male,New York,2021-07-10,0.0,0.0,0.0,0.0,0.0,0,1,0
4975,Customer_4975,25,Female,Los Angeles,2023-12-28,0.0,0.0,0.0,0.0,0.0,0,1,0
4976,Customer_4976,46,Female,New York,2023-09-18,687.1,1.0,5.0,687.0999999999999,687.0999999999999,2,1,2
4977,Customer_4977,18,Male,Chicago,2023-05-26,466.37,2.0,5.0,466.37,233.185,2,1,2
4978,Customer_4978,53,Female,Houston,2022-10-24,785.24,2.0,8.0,785.24,392.62,2,1,2
4979,Customer_4979,31,Male,Phoenix,2022-07-28,513.91,4.0,8.0,513.9100000000001,128.47750000000002,2,1,2
4980,Customer_4980,27,Male,Chicago,2021-05-11,308.1,3.0,5.0,308.1,102.7,0,1,0
4981,Customer_4981,43,Female,Los Angeles,2023-04-19,398.38,1.0,2.0,398.38,398.38,2,1,2
4982,Customer_4982,51,Female,Chicago,2023-08-17,0.0,0.0,0.0,0.0,0.0,0,1,0
4983,Customer_4983,47,Male,Los Angeles,2023-04-19,566.64,4.0,9.0,566.64,141.66,2,1,2
4984,Customer_4984,41,Male,Phoenix,2021-08-09,242.72,3.0,5.0,242.72,80.90666666666667,0,1,0
4985,Customer_4985,47,Male,Phoenix,2022-10-05,704.07,5.0,17.0,704.07,140.81400000000002,2,0,2
4986,Customer_4986,18,Male,Chicago,2022-05-03,1142.86,6.0,13.0,1142.8600000000001,190.4766666666667,2,0,2
4987,Customer_4987,29,Female,Los Angeles,2023-05-02,759.39,7.0,13.0,759.39,108.48428571428572,2,0,2
4988,Customer_4988,25,Female,Los Angeles,2021-12-20,164.17,3.0,5.0,164.17000000000002,54.723333333333336,0,1,0
4989,Customer_4989,48,Male,New York,2023-08-06,152.66,1.0,1.0,152.66,152.66,0,1,0
4990,Customer_4990,31,Male,Houston,2021-06-10,1141.22,5.0,12.0,1141.22,228.244,2,0,2
4991,Customer_4991,44,Female,Los Angeles,2022-04-09,484.11,1.0,3.0,484.11,484.11,2,1,2
4992,Customer_4992,41,Male,Los Angeles,2023-12-20,1524.63,8.0,15.0,1524.6299999999999,190.57874999999999,1,0,1
4993,Customer_4993,26,Male,Chicago,2021-08-03,1522.13,8.0,22.0,1522.13,190.26625,1,0,1
4994,Customer_4994,29,Female,Houston,2022-08-03,337.36,1.0,2.0,337.36,337.36,2,1,2
4995,Customer_4995,49,Female,New York,2022-05-03,363.51,3.0,5.0,363.51,121.17,0,1,0
4996,Customer_4996,26,Male,Phoenix,2021-08-13,623.33,4.0,9.0,623.33,155.8325,2,1,2
4997,Customer_4997,36,Female,Phoenix,2022-12-10,977.37,5.0,12.0,977.3699999999999,195.474,2,0,2
4998,Customer_4998,26,Female,Phoenix,2021-06-10,0.0,0.0,0.0,0.0,0.0,0,1,0
4999,Customer_4999,32,Female,Los Angeles,2022-03-31,1090.34,7.0,14.0,1090.3400000000001,155.76285714285717,2,0,2
5000,Customer_5000,34,Male,New York,2023-12-19,794.11,4.0,11.0,794.11,198.5275,2,1,2
5001,Customer_5001,26,Male,Los Angeles,2022-06-29,344.46,3.0,4.0,344.46,114.82,0,1,0
5002,Customer_5002,24,Male,Los Angeles,2021-01-29,648.03,4.0,7.0,648.03,162.0075,2,1,2
5003,Customer_5003,38,Female,New York,2023-02-06,181.13,2.0,3.0,181.13,90.565,0,1,0
5004,Customer_5004,26,Male,Chicago,2021-07-04,438.05,4.0,7.0,438.04999999999995,109.51249999999999,0,1,0
5005,Customer_5005,26,Male,Chicago,2021-12-23,936.71,3.0,7.0,936.71,312.2366666666667,2,1,2
5006,Customer_5006,25,Male,Phoenix,2022-05-07,132.53,1.0,1.0,132.53,132.53,0,1,0
5007,Customer_5007,34,Male,New York,2023-01-03,0.0,0.0,0.0,0.0,0.0,0,1,0
5008,Customer_5008,45,Female,Chicago,2022-08-01,925.7,5.0,14.0,925.7,185.14000000000001,2,0,2
5009,Customer_5009,52,Male,Houston,2021-04-24,803.05,2.0,7.0,803.05,401.525,2,1,2
5010,Customer_5010,27,Female,Houston,2022-01-13,1370.84,5.0,11.0,1370.84,274.168,2,0,2
5011,Customer_5011,59,Male,Phoenix,2021-04-07,1337.26,6.0,14.0,1337.26,222.87666666666667,2,0,2
5012,Customer_5012,24,Female,Houston,2023-04-22,415.2,4.0,6.0,415.2,103.8,0,1,0
5013,Customer_5013,47,Female,Phoenix,2021-05-04,0.0,0.0,0.0,0.0,0.0,0,1,0
5014,Customer_5014,27,Female,Los Angeles,2021-06-05,454.31,4.0,7.0,454.31,113.5775,0,1,0
5015,Customer_5015,25,Male,Chicago,2021-04-20,233.84,1.0,4.0,233.84,233.84,2,1,2
5016,Customer_5016,27,Female,New York,2021-02-22,0.0,0.0,0.0,0.0,0.0,0,1,0
5017,Customer_5017,34,Male,New York,2022-08-11,1072.58,6.0,12.0,1072.58,178.76333333333332,2,0,2
5018,Customer_5018,41,Female,New York,2022-12-27,507.12,3.0,7.0,507.12,169.04,2,1,2
5019,Customer_5019,42,Female,New York,2021-02-14,1145.92,7.0,13.0,1145.92,163.70285714285714,2,0,2
5020,Customer_5020,25,Male,Los Angeles,2023-07-25,1490.73,11.0,20.0,1490.73,135.5209090909091,1,0,1
5021,Customer_5021,24,Female,New York,2021-05-02,973.12,5.0,11.0,973.12,194.624,2,0,2
5022,Customer_5022,25,Female,New York,2022-04-27,219.6,3.0,3.0,219.6,73.2,0,1,0
5023,Customer_5023,34,Male,Phoenix,2022-11-09,8.37,1.0,1.0,8.37,8.37,0,1,0
5024,Customer_5024,33,Female,New York,2022-05-15,602.83,3.0,7.0,602.8299999999999,200.9433333333333,2,1,2
5025,Customer_5025,25,Female,Houston,2021-03-15,694.09,3.0,6.0,694.09,231.36333333333334,2,1,2
5026,Customer_5026,38,Female,New York,2023-08-29,137.08,2.0,2.0,137.07999999999998,68.53999999999999,0,1,0
5027,Customer_5027,60,Male,Phoenix,2021-05-29,996.49,8.0,14.0,996.49,124.56125,2,0,2
5028,Customer_5028,29,Male,Phoenix,2023-06-11,808.26,6.0,10.0,808.26,134.71,2,1,2
5029,Customer_5029,30,Male,Chicago,2023-12-21,652.53,2.0,5.0,652.53,326.265,2,1,2
5030,Customer_5030,41,Male,Houston,2023-12-14,635.03,5.0,7.0,635.03,127.006,2,1,2
5031,Customer_5031,29,Female,New York,2022-04-18,2621.34,14.0,26.0,2621.34,187.23857142857145,1,0,1
5032,Customer_5032,42,Female,Phoenix,2021-06-19,224.98,2.0,3.0,224.98000000000002,112.49000000000001,0,1,0
5033,Customer_5033,27,Male,Phoenix,2022-12-02,0.0,0.0,0.0,0.0,0.0,0,1,0
5034,Customer_5034,55,Female,Phoenix,2021-02-01,373.61,2.0,4.0,373.61,186.805,2,1,2
5035,Customer_5035,39,Female,Chicago,2021-02-22,826.35,6.0,12.0,826.35,137.725,2,0,2
5036,Customer_5036,28,Female,Los Angeles,2023-07-29,221.84,1.0,4.0,221.84,221.84,2,1,2
5037,Customer_5037,29,Female,Phoenix,2021-05-19,2231.38,19.0,36.0,2231.38,117.44105263157896,1,0,1
5038,Customer_5038,29,Male,Los Angeles,2023-12-07,255.48,2.0,3.0,255.48000000000002,127.74000000000001,0,1,0
5039,Customer_5039,50,Female,Chicago,2021-03-31,903.75,3.0,9.0,903.75,301.25,2,1,2
5040,Customer_5040,21,Female,New York,2023-04-08,2420.19,13.0,30.0,2420.19,186.16846153846154,1,0,1
5041,Customer_5041,28,Female,Phoenix,2021-02-05,859.14,2.0,9.0,859.1400000000001,429.57000000000005,2,1,2
5042,Customer_5042,29,Male,New York,2023-10-13,1016.06,7.0,10.0,1016.0600000000001,145.15142857142857,2,0,2
5043,Customer_5043,35,Female,New York,2023-07-18,608.24,7.0,9.0,608.24,86.89142857142858,2,1,2
5044,Customer_5044,32,Female,Chicago,2022-07-08,968.79,6.0,10.0,968.79,161.465,2,0,2
5045,Customer_5045,19,Male,Houston,2023-01-10,1251.75,8.0,14.0,1251.75,156.46875,2,0,2
5046,Customer_5046,31,Male,Chicago,2021-09-26,1606.19,7.0,17.0,1606.19,229.4557142857143,1,0,1
5047,Customer_5047,34,Female,New York,2023-06-29,580.33,3.0,5.0,580.33,193.44333333333336,2,1,2
5048,Customer_5048,28,Female,New York,2021-07-05,877.25,8.0,17.0,877.25,109.65625,2,0,2
5049,Customer_5049,43,Female,Houston,2023-05-19,937.75,5.0,9.0,937.7499999999999,187.54999999999998,2,1,2
5050,Customer_5050,45,Female,Phoenix,2022-02-28,685.8,6.0,7.0,685.8,114.3,2,1,2
5051,Customer_5051,34,Female,Houston,2023-04-13,159.58,1.0,2.0,159.58,159.58,0,1,0
5052,Customer_5052,38,Female,Los Angeles,2023-07-15,1943.72,16.0,25.0,1943.72,121.4825,1,0,1
5053,Customer_5053,18,Female,Phoenix,2023-05-19,2027.89,9.0,19.0,2027.89,225.32111111111112,1,0,1
5054,Customer_5054,30,Female,Los Angeles,2023-10-13,114.5,1.0,2.0,114.5,114.5,0,1,0
5055,Customer_5055,46,Male,Chicago,2022-03-18,1520.43,7.0,16.0,1520.43,217.20428571428573,1,0,1
5056,Customer_5056,30,Male,Chicago,2021-02-08,116.88,1.0,2.0,116.88,116.88,0,1,0
5057,Customer_5057,27,Male,Los Angeles,2023-06-27,400.43,3.0,5.0,400.43,133.47666666666666,0,1,0
5058,Customer_5058,60,Female,Houston,2021-06-15,109.84,1.0,2.0,109.84,109.84,0,1,0
5059,Customer_5059,55,Female,Chicago,2022-03-19,3115.21,14.0,36.0,3115.21,222.51500000000001,1,0,1
5060,Customer_5060,40,Male,Los Angeles,2021-11-27,637.24,5.0,8.0,637.24,127.44800000000001,2,1,2
5061,Customer_5061,48,Female,Los Angeles,2023-09-20,135.95,2.0,2.0,135.95,67.975,0,1,0
5062,Customer_5062,18,Female,New York,2022-12-15,0.0,0.0,0.0,0.0,0.0,0,1,0
5063,Customer_5063,26,Male,Chicago,2023-04-15,451.14,4.0,6.0,451.14,112.785,0,1,0
5064,Customer_5064,30,Male,New York,2021-05-19,956.47,7.0,12.0,956.47,136.63857142857142,2,0,2
5065,Customer_5065,32,Male,New York,2023-02-08,317.26,2.0,3.0,317.26,158.63,0,1,0
5066,Customer_5066,30,Female,Chicago,2021-05-04,171.36,2.0,3.0,171.36,85.68,0,1,0
5067,Customer_5067,18,Female,Houston,2023-06-01,1238.02,6.0,13.0,1238.02,206.33666666666667,2,0,2
5068,Customer_5068,39,Male,Houston,2023-01-31,399.78,2.0,6.0,399.78,199.89,2,1,2
5069,Customer_5069,41,Female,Chicago,2023-12-20,363.87,2.0,4.0,363.87,181.935,2,1,2
5070,Customer_5070,53,Male,Phoenix,2023-11-09,326.67,5.0,7.0,326.67,65.334,0,1,0
5071,Customer_5071,26,Male,Phoenix,2021-08-14,682.49,3.0,9.0,682.49,227.49666666666667,2,1,2
5072,Customer_5072,25,Male,Houston,2022-09-04,631.99,4.0,8.0,631.99,157.9975,2,1,2
5073,Customer_5073,18,Female,Chicago,2021-11-20,1102.36,9.0,17.0,1102.36,122.48444444444443,1,0,1
5074,Customer_5074,32,Female,Los Angeles,2023-11-07,533.24,1.0,4.0,533.24,533.24,2,1,2
5075,Customer_5075,45,Male,Phoenix,2022-08-20,0.0,0.0,0.0,0.0,0.0,0,1,0
5076,Customer_5076,28,Male,Los Angeles,2022-06-25,0.0,0.0,0.0,0.0,0.0,0,1,0
5077,Customer_5077,59,Male,New York,2022-10-08,485.19,5.0,10.0,485.19,97.038,2,1,2
5078,Customer_5078,32,Female,Los Angeles,2023-09-17,1655.67,17.0,31.0,1655.67,97.39235294117647,1,0,1
5079,Customer_5079,37,Female,New York,2022-12-07,679.02,5.0,10.0,679.02,135.804,2,1,2
5080,Customer_5080,20,Male,Phoenix,2022-09-23,1844.47,14.0,26.0,1844.4699999999998,131.74785714285713,1,0,1
5081,Customer_5081,38,Male,Chicago,2023-05-29,1973.59,14.0,25.0,1973.59,140.97071428571428,1,0,1
5082,Customer_5082,18,Male,Chicago,2021-07-10,273.22,3.0,4.0,273.22,91.07333333333334,0,1,0
5083,Customer_5083,43,Female,Chicago,2023-05-05,90.04,1.0,4.0,90.04,90.04,0,1,0
5084,Customer_5084,43,Male,Chicago,2022-05-06,86.54,1.0,1.0,86.54,86.54,0,1,0
5085,Customer_5085,50,Male,New York,2022-02-09,394.91,5.0,5.0,394.90999999999997,78.982,0,1,0
5086,Customer_5086,24,Male,Chicago,2023-05-25,1028.94,6.0,11.0,1028.94,171.49,2,0,2
5087,Customer_5087,37,Female,Houston,2022-03-06,2824.81,16.0,32.0,2824.81,176.550625,1,0,1
5088,Customer_5088,41,Female,Los Angeles,2022-06-04,289.4,3.0,4.0,289.4,96.46666666666665,0,1,0
5089,Customer_5089,40,Male,Houston,2023-06-12,1897.9,10.0,21.0,1897.9,189.79000000000002,1,0,1
5090,Customer_5090,25,Female,New York,2023-04-01,1184.2,5.0,9.0,1184.2,236.84,2,0,2
5091,Customer_5091,18,Female,New York,2023-06-06,259.75,1.0,5.0,259.75,259.75,2,1,2
5092,Customer_5092,39,Male,New York,2022-03-11,139.86,1.0,1.0,139.86,139.86,0,1,0
5093,Customer_5093,33,Female,Los Angeles,2021-03-04,363.2,1.0,2.0,363.2,363.2,2,1,2
5094,Customer_5094,29,Male,Houston,2021-05-14,170.3,1.0,1.0,170.3,170.3,0,1,0
5095,Customer_5095,43,Female,Houston,2023-08-16,0.0,0.0,0.0,0.0,0.0,0,1,0
5096,Customer_5096,35,Male,Los Angeles,2022-09-11,0.0,0.0,0.0,0.0,0.0,0,1,0
5097,Customer_5097,20,Male,Chicago,2022-03-01,1688.71,14.0,24.0,1688.71,120.62214285714286,1,0,1
5098,Customer_5098,18,Female,Houston,2021-12-24,1013.03,4.0,8.0,1013.0300000000001,253.25750000000002,2,1,2
5099,Customer_5099,23,Female,New York,2023-10-30,91.8,1.0,4.0,91.8,91.8,0,1,0
5100,Customer_5100,61,Female,New York,2023-10-08,594.39,3.0,7.0,594.39,198.13,2,1,2
5101,Customer_5101,43,Female,Phoenix,2021-07-16,172.0,3.0,4.0,172.0,57.333333333333336,0,1,0
5102,Customer_5102,37,Male,Chicago,2023-10-31,829.85,2.0,7.0,829.85,414.925,2,1,2
5103,Customer_5103,33,Male,Phoenix,2023-05-12,464.95,3.0,6.0,464.95,154.98333333333332,2,1,2
5104,Customer_5104,32,Female,Los Angeles,2022-06-03,526.39,6.0,12.0,526.39,87.73166666666667,2,1,2
5105,Customer_5105,48,Female,Houston,2021-12-15,1351.82,11.0,19.0,1351.82,122.89272727272727,1,0,1
5106,Customer_5106,30,Female,New York,2022-07-29,527.73,4.0,8.0,527.73,131.9325,2,1,2
5107,Customer_5107,41,Male,Los Angeles,2023-10-25,1385.15,15.0,27.0,1385.15,92.34333333333333,1,0,1
5108,Customer_5108,31,Female,Chicago,2021-11-24,678.21,4.0,6.0,678.21,169.5525,2,1,2
5109,Customer_5109,56,Male,Los Angeles,2022-05-27,1596.98,14.0,27.0,1596.98,114.07000000000001,1,0,1
5110,Customer_5110,43,Male,New York,2023-07-20,79.84,2.0,2.0,79.84,39.92,0,1,0
5111,Customer_5111,49,Male,Los Angeles,2021-05-10,348.43,3.0,3.0,348.43,116.14333333333333,0,1,0
5112,Customer_5112,29,Female,New York,2022-08-10,564.11,4.0,6.0,564.11,141.0275,2,1,2
5113,Customer_5113,47,Male,Houston,2022-04-29,399.61,2.0,4.0,399.60999999999996,199.80499999999998,2,1,2
5114,Customer_5114,32,Female,Chicago,2021-12-24,434.22,4.0,6.0,434.22,108.555,0,1,0
5115,Customer_5115,36,Female,New York,2022-01-20,69.89,1.0,1.0,69.89,69.89,0,1,0
5116,Customer_5116,53,Male,New York,2021-09-11,200.62,1.0,2.0,200.62,200.62,0,1,0
5117,Customer_5117,24,Male,New York,2023-04-15,101.08,2.0,3.0,101.08000000000001,50.540000000000006,0,1,0
5118,Customer_5118,37,Female,Chicago,2023-03-07,0.0,0.0,0.0,0.0,0.0,0,1,0
5119,Customer_5119,40,Female,New York,2022-04-14,1203.79,6.0,17.0,1203.79,200.63166666666666,2,0,2
5120,Customer_5120,41,Female,Houston,2022-05-08,1140.09,5.0,13.0,1140.09,228.01799999999997,2,0,2
5121,Customer_5121,30,Female,New York,2023-07-09,190.02,3.0,6.0,190.01999999999998,63.339999999999996,0,1,0
5122,Customer_5122,58,Female,New York,2021-02-20,461.8,2.0,4.0,461.79999999999995,230.89999999999998,2,1,2
5123,Customer_5123,21,Female,Phoenix,2023-12-16,1368.82,7.0,18.0,1368.8200000000002,195.5457142857143,1,0,1
5124,Customer_5124,51,Female,Houston,2021-03-14,23.66,1.0,1.0,23.66,23.66,0,1,0
5125,Customer_5125,48,Male,New York,2022-08-23,349.54,5.0,7.0,349.54,69.908,0,1,0
5126,Customer_5126,56,Male,Houston,2021-02-21,0.0,0.0,0.0,0.0,0.0,0,1,0
5127,Customer_5127,18,Male,Chicago,2021-05-05,1888.99,15.0,23.0,1888.99,125.93266666666666,1,0,1
5128,Customer_5128,25,Female,Houston,2021-09-19,113.8,1.0,1.0,113.8,113.8,0,1,0
5129,Customer_5129,51,Male,Chicago,2023-08-13,25.11,1.0,1.0,25.11,25.11,0,1,0
5130,Customer_5130,18,Male,Houston,2021-11-26,977.54,5.0,11.0,977.5400000000001,195.508,2,0,2
5131,Customer_5131,18,Male,Phoenix,2021-08-29,669.49,4.0,7.0,669.49,167.3725,2,1,2
5132,Customer_5132,30,Male,New York,2021-10-18,566.33,3.0,7.0,566.33,188.77666666666667,2,1,2
5133,Customer_5133,37,Male,Chicago,2021-07-30,1221.08,7.0,16.0,1221.08,174.44,2,0,2
5134,Customer_5134,53,Male,Los Angeles,2022-12-20,325.7,4.0,4.0,325.7,81.425,0,1,0
5135,Customer_5135,33,Female,New York,2021-11-18,641.3,8.0,16.0,641.3,80.1625,2,0,2
5136,Customer_5136,28,Male,New York,2021-12-24,719.76,4.0,8.0,719.76,179.94,2,1,2
5137,Customer_5137,38,Male,New York,2023-07-06,0.0,0.0,0.0,0.0,0.0,0,1,0
5138,Customer_5138,40,Male,Chicago,2021-04-04,1298.42,12.0,20.0,1298.42,108.20166666666667,1,0,1
5139,Customer_5139,40,Male,Chicago,2022-12-12,0.0,0.0,0.0,0.0,0.0,0,1,0
5140,Customer_5140,33,Female,Chicago,2021-06-18,558.99,6.0,11.0,558.99,93.165,2,1,2
5141,Customer_5141,18,Female,New York,2022-05-31,555.69,5.0,5.0,555.69,111.138,2,1,2
5142,Customer_5142,25,Male,Los Angeles,2021-04-08,0.0,0.0,0.0,0.0,0.0,0,1,0
5143,Customer_5143,51,Male,Phoenix,2021-12-16,391.27,3.0,4.0,391.27,130.42333333333332,0,1,0
5144,Customer_5144,37,Male,Los Angeles,2023-01-06,117.04,1.0,2.0,117.04,117.04,0,1,0
5145,Customer_5145,31,Female,Chicago,2022-08-02,2318.04,8.0,18.0,2318.04,289.755,1,0,1
5146,Customer_5146,47,Female,Houston,2023-04-21,86.23,1.0,1.0,86.23,86.23,0,1,0
5147,Customer_5147,23,Male,Houston,2022-02-05,25.52,1.0,1.0,25.52,25.52,0,1,0
5148,Customer_5148,33,Male,Chicago,2023-01-21,539.31,5.0,7.0,539.31,107.862,2,1,2
5149,Customer_5149,37,Male,Phoenix,2023-04-01,0.0,0.0,0.0,0.0,0.0,0,1,0
5150,Customer_5150,30,Female,Los Angeles,2023-10-25,184.95,2.0,3.0,184.95000000000002,92.47500000000001,0,1,0
5151,Customer_5151,36,Male,Phoenix,2022-01-04,428.76,6.0,8.0,428.76,71.46,0,1,0
5152,Customer_5152,33,Female,New York,2022-07-10,1204.11,8.0,17.0,1204.11,150.51375,1,0,1
5153,Customer_5153,20,Male,Los Angeles,2023-10-02,2487.23,18.0,36.0,2487.23,138.17944444444444,1,0,1
5154,Customer_5154,37,Female,New York,2023-08-24,273.03,2.0,5.0,273.03,136.515,0,1,0
5155,Customer_5155,20,Female,Houston,2023-10-12,0.0,0.0,0.0,0.0,0.0,0,1,0
5156,Customer_5156,37,Male,Los Angeles,2023-03-25,852.01,4.0,9.0,852.01,213.0025,2,1,2
5157,Customer_5157,50,Male,New York,2021-04-16,568.66,3.0,4.0,568.6600000000001,189.55333333333337,2,1,2
5158,Customer_5158,32,Female,New York,2021-06-14,0.0,0.0,0.0,0.0,0.0,0,1,0
5159,Customer_5159,22,Male,Phoenix,2022-09-30,784.33,11.0,14.0,784.3299999999999,71.30272727272727,1,0,1
5160,Customer_5160,34,Female,Houston,2023-10-21,310.59,2.0,4.0,310.59,155.295,0,1,0
5161,Customer_5161,26,Female,Chicago,2021-11-27,961.7,9.0,17.0,961.7,106.85555555555555,1,0,1
5162,Customer_5162,42,Female,Chicago,2021-10-26,1118.34,6.0,10.0,1118.3400000000001,186.39000000000001,2,0,2
5163,Customer_5163,33,Female,Chicago,2023-05-06,711.18,5.0,12.0,711.18,142.236,2,1,2
5164,Customer_5164,54,Female,Los Angeles,2022-12-08,1033.47,5.0,12.0,1033.47,206.69400000000002,2,0,2
5165,Customer_5165,48,Female,Phoenix,2022-03-23,724.38,6.0,9.0,724.38,120.73,2,1,2
5166,Customer_5166,33,Female,New York,2022-04-25,411.32,2.0,3.0,411.32,205.66,2,1,2
5167,Customer_5167,43,Male,Los Angeles,2023-01-04,0.0,0.0,0.0,0.0,0.0,0,1,0
5168,Customer_5168,31,Female,Los Angeles,2023-05-24,568.46,3.0,8.0,568.46,189.48666666666668,2,1,2
5169,Customer_5169,35,Male,Chicago,2022-06-06,115.79,1.0,1.0,115.79,115.79,0,1,0
5170,Customer_5170,31,Female,Los Angeles,2022-09-14,46.08,1.0,1.0,46.08,46.08,0,1,0
5171,Customer_5171,43,Male,Chicago,2023-01-29,557.72,4.0,6.0,557.72,139.43,2,1,2
5172,Customer_5172,51,Female,New York,2021-09-01,0.0,0.0,0.0,0.0,0.0,0,1,0
5173,Customer_5173,44,Female,Chicago,2021-01-23,1053.71,5.0,9.0,1053.71,210.74200000000002,2,1,2
5174,Customer_5174,45,Female,New York,2022-04-11,73.1,1.0,1.0,73.1,73.1,0,1,0
5175,Customer_5175,45,Female,New York,2023-05-15,1016.51,4.0,9.0,1016.51,254.1275,2,1,2
5176,Customer_5176,41,Female,New York,2021-09-26,245.54,2.0,2.0,245.54000000000002,122.77000000000001,0,1,0
5177,Customer_5177,22,Male,Houston,2022-06-17,762.76,6.0,9.0,762.76,127.12666666666667,2,1,2
5178,Customer_5178,54,Male,Los Angeles,2021-11-10,1145.32,9.0,12.0,1145.32,127.25777777777778,2,0,2
5179,Customer_5179,55,Male,Chicago,2021-04-30,454.92,3.0,5.0,454.91999999999996,151.64,2,1,2
5180,Customer_5180,32,Male,Houston,2023-09-08,24.91,1.0,1.0,24.91,24.91,0,1,0
5181,Customer_5181,31,Female,Houston,2022-12-11,978.15,5.0,11.0,978.15,195.63,2,0,2
5182,Customer_5182,42,Female,Chicago,2021-05-16,465.28,4.0,7.0,465.28,116.32,2,1,2
5183,Customer_5183,41,Female,Los Angeles,2023-12-18,1385.68,8.0,17.0,1385.68,173.21,1,0,1
5184,Customer_5184,33,Female,Los Angeles,2023-07-25,137.16,2.0,2.0,137.16,68.58,0,1,0
5185,Customer_5185,21,Female,Chicago,2021-01-01,858.25,7.0,11.0,858.25,122.60714285714286,2,0,2
5186,Customer_5186,38,Male,Chicago,2021-03-18,342.24,2.0,3.0,342.24,171.12,0,1,0
5187,Customer_5187,41,Female,Houston,2023-08-19,265.43,3.0,3.0,265.43,88.47666666666667,0,1,0
5188,Customer_5188,43,Female,Phoenix,2022-08-04,356.12,1.0,2.0,356.12,356.12,2,1,2
5189,Customer_5189,39,Male,New York,2021-05-28,187.19,2.0,3.0,187.19,93.595,0,1,0
5190,Customer_5190,32,Male,New York,2022-07-28,123.76,1.0,1.0,123.76,123.76,0,1,0
5191,Customer_5191,46,Female,Chicago,2021-07-05,469.18,4.0,5.0,469.18,117.295,0,1,0
5192,Customer_5192,36,Male,Los Angeles,2022-06-06,882.79,7.0,11.0,882.79,126.11285714285714,2,0,2
5193,Customer_5193,30,Male,New York,2021-06-11,792.73,4.0,9.0,792.73,198.1825,2,1,2
5194,Customer_5194,33,Female,Phoenix,2021-07-15,110.09,2.0,2.0,110.09,55.045,0,1,0
5195,Customer_5195,18,Female,New York,2021-02-03,1320.41,8.0,20.0,1320.41,165.05125,1,0,1
5196,Customer_5196,33,Female,Phoenix,2022-02-12,744.51,2.0,6.0,744.5100000000001,372.25500000000005,2,1,2
5197,Customer_5197,43,Male,Houston,2022-06-21,2253.05,13.0,26.0,2253.05,173.31153846153848,1,0,1
5198,Customer_5198,39,Male,Houston,2021-02-05,373.99,5.0,7.0,373.99,74.798,0,1,0
5199,Customer_5199,52,Female,New York,2021-04-24,374.52,3.0,4.0,374.52,124.83999999999999,0,1,0
5200,Customer_5200,32,Female,New York,2022-08-28,325.26,4.0,4.0,325.26,81.315,0,1,0
5201,Customer_5201,40,Male,Chicago,2022-03-19,478.56,2.0,4.0,478.55999999999995,239.27999999999997,2,1,2
5202,Customer_5202,44,Female,New York,2021-02-07,0.0,0.0,0.0,0.0,0.0,0,1,0
5203,Customer_5203,61,Female,Los Angeles,2021-04-02,258.01,2.0,7.0,258.01,129.005,0,1,0
5204,Customer_5204,37,Male,Los Angeles,2022-09-23,130.74,1.0,1.0,130.74,130.74,0,1,0
5205,Customer_5205,24,Male,New York,2022-11-03,1406.21,8.0,17.0,1406.21,175.77625,1,0,1
5206,Customer_5206,44,Male,New York,2021-04-11,941.27,10.0,18.0,941.27,94.127,1,0,1
5207,Customer_5207,56,Male,Houston,2022-05-22,1627.24,8.0,13.0,1627.24,203.405,1,0,1
5208,Customer_5208,31,Male,New York,2021-06-28,754.4,6.0,9.0,754.4,125.73333333333333,2,1,2
5209,Customer_5209,44,Female,New York,2021-10-11,287.54,2.0,2.0,287.53999999999996,143.76999999999998,0,1,0
5210,Customer_5210,49,Male,Chicago,2021-12-21,713.22,4.0,5.0,713.22,178.305,2,1,2
5211,Customer_5211,46,Female,Phoenix,2022-05-03,702.99,4.0,7.0,702.99,175.7475,2,1,2
5212,Customer_5212,36,Male,Los Angeles,2023-10-03,503.96,3.0,5.0,503.96000000000004,167.98666666666668,2,1,2
5213,Customer_5213,27,Female,New York,2021-10-06,1173.24,4.0,12.0,1173.24,293.31,2,0,2
5214,Customer_5214,34,Male,Chicago,2022-06-28,306.32,1.0,2.0,306.32,306.32,2,1,2
5215,Customer_5215,40,Female,Phoenix,2022-10-12,0.0,0.0,0.0,0.0,0.0,0,1,0
5216,Customer_5216,45,Female,Houston,2023-07-20,608.92,6.0,11.0,608.9200000000001,101.48666666666668,2,1,2
5217,Customer_5217,39,Female,Chicago,2021-12-21,844.96,6.0,14.0,844.96,140.82666666666668,2,0,2
5218,Customer_5218,31,Female,Los Angeles,2021-07-14,4091.57,16.0,44.0,4091.57,255.723125,1,0,1
5219,Customer_5219,41,Male,Chicago,2023-03-15,110.13,1.0,1.0,110.13,110.13,0,1,0
5220,Customer_5220,44,Male,New York,2021-04-03,348.7,4.0,4.0,348.7,87.175,0,1,0
5221,Customer_5221,39,Female,Houston,2022-03-09,0.0,0.0,0.0,0.0,0.0,0,1,0
5222,Customer_5222,26,Female,Houston,2022-07-12,456.57,3.0,6.0,456.57,152.19,2,1,2
5223,Customer_5223,33,Female,Phoenix,2023-11-17,2683.32,19.0,34.0,2683.3199999999997,141.2273684210526,1,0,1
5224,Customer_5224,45,Female,Los Angeles,2021-06-11,1342.64,4.0,11.0,1342.6399999999999,335.65999999999997,2,0,2
5225,Customer_5225,20,Female,New York,2021-04-11,790.78,5.0,11.0,790.78,158.156,2,1,2
5226,Customer_5226,18,Male,Chicago,2022-11-30,589.76,5.0,9.0,589.76,117.952,2,1,2
5227,Customer_5227,52,Female,Houston,2021-06-07,214.78,2.0,5.0,214.78000000000003,107.39000000000001,0,1,0
5228,Customer_5228,41,Female,Houston,2022-05-07,388.18,3.0,5.0,388.18,129.39333333333335,0,1,0
5229,Customer_5229,42,Female,New York,2023-07-08,297.15,1.0,3.0,297.15,297.15,2,1,2
5230,Customer_5230,23,Female,Los Angeles,2023-10-30,276.79,3.0,5.0,276.79,92.26333333333334,0,1,0
5231,Customer_5231,43,Female,Chicago,2023-04-04,1906.93,8.0,22.0,1906.93,238.36625,1,0,1
5232,Customer_5232,38,Male,Los Angeles,2022-11-10,323.76,2.0,2.0,323.76,161.88,0,1,0
5233,Customer_5233,18,Female,Phoenix,2023-02-25,2368.99,11.0,24.0,2368.9900000000002,215.36272727272728,1,0,1
5234,Customer_5234,51,Female,Chicago,2023-09-19,522.31,5.0,9.0,522.31,104.46199999999999,2,1,2
5235,Customer_5235,37,Female,Houston,2021-04-21,432.66,4.0,7.0,432.65999999999997,108.16499999999999,0,1,0
5236,Customer_5236,31,Female,Chicago,2023-04-21,1015.67,7.0,12.0,1015.67,145.09571428571428,2,0,2
5237,Customer_5237,31,Female,Houston,2021-07-22,510.33,4.0,7.0,510.33,127.5825,2,1,2
5238,Customer_5238,18,Male,Los Angeles,2023-12-25,701.64,3.0,8.0,701.64,233.88,2,1,2
5239,Customer_5239,42,Male,Houston,2022-02-18,1420.6,7.0,13.0,1420.6,202.94285714285712,2,0,2
5240,Customer_5240,38,Male,Los Angeles,2022-11-21,328.52,3.0,4.0,328.52,109.50666666666666,0,1,0
5241,Customer_5241,33,Female,Chicago,2021-09-23,1303.06,5.0,14.0,1303.06,260.61199999999997,2,0,2
5242,Customer_5242,49,Female,New York,2022-07-26,400.46,3.0,5.0,400.46,133.48666666666665,0,1,0
5243,Customer_5243,20,Male,Chicago,2021-07-24,751.39,3.0,7.0,751.3900000000001,250.46333333333337,2,1,2
5244,Customer_5244,28,Male,Los Angeles,2022-08-07,377.85,3.0,6.0,377.85,125.95,0,1,0
5245,Customer_5245,26,Male,Los Angeles,2021-06-22,744.3,3.0,8.0,744.3,248.1,2,1,2
5246,Customer_5246,32,Female,Phoenix,2021-11-04,177.33,1.0,3.0,177.32999999999998,177.32999999999998,0,1,0
5247,Customer_5247,36,Female,New York,2022-03-26,312.67,3.0,4.0,312.67,104.22333333333334,0,1,0
5248,Customer_5248,40,Female,Houston,2021-03-03,5299.37,28.0,62.0,5299.37,189.26321428571427,1,0,1
5249,Customer_5249,31,Male,Phoenix,2022-04-20,922.12,8.0,14.0,922.12,115.265,2,0,2
5250,Customer_5250,25,Male,New York,2021-03-27,728.4,5.0,8.0,728.4,145.68,2,1,2
5251,Customer_5251,54,Male,Houston,2023-10-28,0.0,0.0,0.0,0.0,0.0,0,1,0
5252,Customer_5252,62,Female,Los Angeles,2021-10-22,414.59,3.0,7.0,414.59000000000003,138.1966666666667,2,1,2
5253,Customer_5253,37,Male,New York,2023-01-09,0.0,0.0,0.0,0.0,0.0,0,1,0
5254,Customer_5254,27,Female,Los Angeles,2022-06-10,417.22,4.0,9.0,417.21999999999997,104.30499999999999,0,1,0
5255,Customer_5255,51,Female,Phoenix,2021-02-03,235.77,2.0,5.0,235.76999999999998,117.88499999999999,0,1,0
5256,Customer_5256,19,Female,New York,2023-01-22,2490.44,17.0,33.0,2490.44,146.4964705882353,1,0,1
5257,Customer_5257,31,Male,Chicago,2023-02-19,697.36,2.0,5.0,697.36,348.68,2,1,2
5258,Customer_5258,27,Female,Chicago,2022-09-30,85.26,2.0,2.0,85.25999999999999,42.629999999999995,0,1,0
5259,Customer_5259,22,Female,Phoenix,2023-11-24,627.6,4.0,6.0,627.5999999999999,156.89999999999998,2,1,2
5260,Customer_5260,32,Male,New York,2023-03-06,1133.86,5.0,13.0,1133.8600000000001,226.77200000000002,2,0,2
5261,Customer_5261,25,Female,Houston,2022-02-10,1773.21,14.0,25.0,1773.21,126.65785714285714,1,0,1
5262,Customer_5262,35,Female,Houston,2023-11-08,1030.56,6.0,13.0,1030.56,171.76,2,0,2
5263,Customer_5263,35,Female,Chicago,2022-03-04,264.12,2.0,4.0,264.12,132.06,0,1,0
5264,Customer_5264,28,Female,Phoenix,2023-07-03,755.91,6.0,12.0,755.9100000000001,125.98500000000001,2,1,2
5265,Customer_5265,31,Male,Houston,2021-10-20,831.58,3.0,10.0,831.5799999999999,277.1933333333333,2,1,2
5266,Customer_5266,32,Female,New York,2022-08-03,144.1,1.0,5.0,144.1,144.1,0,1,0
5267,Customer_5267,44,Female,Chicago,2021-02-17,218.55,2.0,4.0,218.55,109.275,0,1,0
5268,Customer_5268,33,Male,Los Angeles,2021-03-25,1795.13,12.0,24.0,1795.1299999999999,149.59416666666667,1,0,1
5269,Customer_5269,44,Male,Los Angeles,2022-08-30,863.97,7.0,12.0,863.97,123.42428571428572,2,0,2
5270,Customer_5270,41,Male,Los Angeles,2021-11-04,777.35,7.0,10.0,777.35,111.05,2,1,2
5271,Customer_5271,41,Female,Los Angeles,2021-09-09,216.96,2.0,2.0,216.96,108.48,0,1,0
5272,Customer_5272,50,Female,Los Angeles,2021-06-29,776.4,1.0,5.0,776.4,776.4,2,0,2
5273,Customer_5273,23,Male,Phoenix,2022-03-02,49.27,2.0,3.0,49.269999999999996,24.634999999999998,0,1,0
5274,Customer_5274,30,Male,New York,2021-02-08,856.72,3.0,8.0,856.72,285.5733333333333,2,1,2
5275,Customer_5275,54,Male,Phoenix,2023-03-27,1161.79,6.0,12.0,1161.79,193.63166666666666,2,0,2
5276,Customer_5276,32,Male,Chicago,2022-09-17,233.08,5.0,6.0,233.07999999999998,46.616,0,1,0
5277,Customer_5277,18,Male,Chicago,2022-01-11,3215.35,24.0,46.0,3215.35,133.97291666666666,1,0,1
5278,Customer_5278,33,Female,Houston,2021-02-10,628.77,3.0,5.0,628.77,209.59,2,1,2
5279,Customer_5279,36,Female,Los Angeles,2021-02-16,545.92,3.0,7.0,545.92,181.97333333333333,2,1,2
5280,Customer_5280,18,Male,Los Angeles,2021-07-04,0.0,0.0,0.0,0.0,0.0,0,1,0
5281,Customer_5281,50,Female,Los Angeles,2021-03-13,1725.45,11.0,19.0,1725.45,156.85909090909092,1,0,1
5282,Customer_5282,27,Female,Los Angeles,2022-07-23,343.17,1.0,3.0,343.17,343.17,2,1,2
5283,Customer_5283,39,Male,Phoenix,2022-07-28,40.68,1.0,2.0,40.68,40.68,0,1,0
5284,Customer_5284,33,Male,Houston,2021-12-08,0.0,0.0,0.0,0.0,0.0,0,1,0
5285,Customer_5285,21,Female,New York,2022-07-23,309.3,2.0,3.0,309.29999999999995,154.64999999999998,0,1,0
5286,Customer_5286,23,Female,New York,2023-08-22,0.0,0.0,0.0,0.0,0.0,0,1,0
5287,Customer_5287,25,Female,Los Angeles,2021-11-24,2659.4,16.0,28.0,2659.4,166.2125,1,0,1
5288,Customer_5288,47,Male,New York,2021-06-02,0.0,0.0,0.0,0.0,0.0,0,1,0
5289,Customer_5289,33,Male,Chicago,2022-12-30,1112.63,7.0,14.0,1112.63,158.94714285714286,2,0,2
5290,Customer_5290,29,Female,New York,2021-08-20,898.98,6.0,9.0,898.98,149.83,2,1,2
5291,Customer_5291,25,Female,Chicago,2021-06-25,1120.71,10.0,16.0,1120.71,112.071,1,0,1
5292,Customer_5292,48,Male,New York,2022-07-05,406.73,2.0,8.0,406.73,203.365,2,1,2
5293,Customer_5293,51,Female,Los Angeles,2021-05-23,2248.45,16.0,30.0,2248.45,140.528125,1,0,1
5294,Customer_5294,48,Male,Houston,2021-01-17,1496.76,6.0,14.0,1496.76,249.46,2,0,2
5295,Customer_5295,40,Male,Chicago,2021-09-06,277.02,3.0,5.0,277.02,92.33999999999999,0,1,0
5296,Customer_5296,38,Female,Phoenix,2023-11-25,210.68,1.0,2.0,210.68,210.68,0,1,0
5297,Customer_5297,22,Male,Phoenix,2023-03-12,1279.59,6.0,14.0,1279.59,213.265,2,0,2
5298,Customer_5298,32,Female,Los Angeles,2023-09-27,244.7,3.0,4.0,244.7,81.56666666666666,0,1,0
5299,Customer_5299,27,Female,New York,2023-09-26,286.1,1.0,5.0,286.1,286.1,2,1,2
5300,Customer_5300,18,Male,Houston,2021-05-26,50.22,1.0,2.0,50.22,50.22,0,1,0
5301,Customer_5301,47,Female,Phoenix,2023-07-15,788.29,2.0,7.0,788.29,394.145,2,1,2
5302,Customer_5302,27,Male,Houston,2022-12-28,461.89,6.0,9.0,461.89,76.98166666666667,2,1,2
5303,Customer_5303,48,Male,New York,2021-06-14,978.21,8.0,11.0,978.21,122.27625,2,0,2
5304,Customer_5304,45,Female,Phoenix,2022-10-09,337.2,3.0,4.0,337.20000000000005,112.40000000000002,0,1,0
5305,Customer_5305,41,Female,Los Angeles,2022-10-30,743.44,3.0,8.0,743.44,247.81333333333336,2,1,2
5306,Customer_5306,42,Female,Houston,2021-12-20,105.99,1.0,1.0,105.99,105.99,0,1,0
5307,Customer_5307,28,Female,Phoenix,2023-08-01,51.2,2.0,2.0,51.2,25.6,0,1,0
5308,Customer_5308,55,Female,New York,2023-11-21,880.73,8.0,12.0,880.73,110.09125,2,0,2
5309,Customer_5309,35,Female,Phoenix,2022-06-10,404.8,4.0,10.0,404.8,101.2,2,1,2
5310,Customer_5310,38,Female,Los Angeles,2022-05-25,1936.01,13.0,26.0,1936.01,148.92384615384614,1,0,1
5311,Customer_5311,28,Male,Phoenix,2021-06-27,552.23,6.0,7.0,552.23,92.03833333333334,2,1,2
5312,Customer_5312,25,Male,Los Angeles,2021-11-25,250.13,3.0,5.0,250.13,83.37666666666667,0,1,0
5313,Customer_5313,40,Male,Phoenix,2023-03-12,0.0,0.0,0.0,0.0,0.0,0,1,0
5314,Customer_5314,37,Female,New York,2022-11-19,510.36,3.0,4.0,510.36,170.12,2,1,2
5315,Customer_5315,26,Female,Houston,2023-07-27,265.15,3.0,8.0,265.15,88.38333333333333,0,1,0
5316,Customer_5316,19,Male,Chicago,2023-09-07,1132.02,7.0,15.0,1132.02,161.71714285714285,2,0,2
5317,Customer_5317,21,Female,Chicago,2023-01-05,0.0,0.0,0.0,0.0,0.0,0,1,0
5318,Customer_5318,48,Female,New York,2023-11-25,438.27,3.0,5.0,438.27,146.09,0,1,0
5319,Customer_5319,28,Male,Houston,2021-10-24,2674.43,16.0,27.0,2674.43,167.151875,1,0,1
5320,Customer_5320,31,Male,New York,2022-09-14,367.47,3.0,5.0,367.47,122.49000000000001,0,1,0
5321,Customer_5321,51,Male,Chicago,2023-06-28,264.14,4.0,5.0,264.14,66.035,0,1,0
5322,Customer_5322,23,Female,Los Angeles,2023-11-29,548.77,4.0,8.0,548.7700000000001,137.19250000000002,2,1,2
5323,Customer_5323,27,Male,Phoenix,2022-12-07,1020.35,5.0,14.0,1020.35,204.07,2,0,2
5324,Customer_5324,27,Male,New York,2022-09-20,2124.66,11.0,23.0,2124.66,193.15090909090907,1,0,1
5325,Customer_5325,53,Male,New York,2022-11-04,2827.47,16.0,32.0,2827.4700000000003,176.71687500000002,1,0,1
5326,Customer_5326,57,Male,New York,2022-02-24,775.29,7.0,12.0,775.29,110.75571428571428,2,0,2
5327,Customer_5327,43,Male,Los Angeles,2022-10-15,2208.23,10.0,23.0,2208.23,220.823,1,0,1
5328,Customer_5328,44,Female,New York,2023-04-04,1170.82,5.0,14.0,1170.82,234.164,2,0,2
5329,Customer_5329,29,Female,Chicago,2022-12-14,779.73,7.0,14.0,779.73,111.39,2,0,2
5330,Customer_5330,56,Male,Phoenix,2023-05-17,831.4,7.0,13.0,831.4,118.77142857142857,2,0,2
5331,Customer_5331,38,Male,Houston,2023-03-25,2449.49,10.0,27.0,2449.4900000000002,244.949,1,0,1
5332,Customer_5332,44,Male,Chicago,2023-05-18,1094.29,9.0,15.0,1094.29,121.58777777777777,2,0,2
5333,Customer_5333,34,Female,New York,2021-04-23,487.68,3.0,6.0,487.68,162.56,2,1,2
5334,Customer_5334,32,Female,Houston,2023-07-29,330.34,2.0,6.0,330.34000000000003,165.17000000000002,0,1,0
5335,Customer_5335,53,Male,New York,2021-06-23,441.97,2.0,4.0,441.97,220.985,2,1,2
5336,Customer_5336,41,Male,Houston,2023-10-08,667.53,2.0,5.0,667.53,333.765,2,1,2
5337,Customer_5337,51,Male,Los Angeles,2021-03-15,918.27,5.0,8.0,918.27,183.654,2,1,2
5338,Customer_5338,38,Male,Los Angeles,2022-09-29,809.68,2.0,5.0,809.6800000000001,404.84000000000003,2,1,2
5339,Customer_5339,26,Male,Los Angeles,2021-02-01,1622.76,13.0,20.0,1622.76,124.8276923076923,1,0,1
5340,Customer_5340,29,Male,Phoenix,2022-05-12,311.62,3.0,4.0,311.62,103.87333333333333,0,1,0
5341,Customer_5341,36,Male,New York,2021-07-14,893.11,5.0,12.0,893.11,178.622,2,0,2
5342,Customer_5342,28,Male,Chicago,2022-06-12,1844.63,13.0,24.0,1844.6299999999999,141.89461538461538,1,0,1
5343,Customer_5343,23,Male,New York,2022-03-17,112.14,2.0,2.0,112.14,56.07,0,1,0
5344,Customer_5344,48,Female,Houston,2022-12-25,441.47,2.0,5.0,441.47,220.735,2,1,2
5345,Customer_5345,29,Female,Phoenix,2021-01-24,727.86,5.0,10.0,727.86,145.572,2,1,2
5346,Customer_5346,37,Male,Los Angeles,2021-10-17,357.16,2.0,3.0,357.15999999999997,178.57999999999998,0,1,0
5347,Customer_5347,38,Female,Chicago,2023-06-15,0.0,0.0,0.0,0.0,0.0,0,1,0
5348,Customer_5348,29,Female,Phoenix,2021-11-04,881.35,3.0,7.0,881.3499999999999,293.7833333333333,2,1,2
5349,Customer_5349,51,Female,Chicago,2021-10-31,247.82,2.0,6.0,247.82,123.91,0,1,0
5350,Customer_5350,23,Female,Chicago,2022-09-23,121.16,1.0,1.0,121.16,121.16,0,1,0
5351,Customer_5351,38,Female,Chicago,2023-08-09,1508.57,13.0,19.0,1508.57,116.04384615384615,1,0,1
5352,Customer_5352,38,Female,Houston,2021-02-07,639.03,7.0,11.0,639.03,91.28999999999999,2,1,2
5353,Customer_5353,34,Male,New York,2022-01-21,2121.75,12.0,22.0,2121.75,176.8125,1,0,1
5354,Customer_5354,21,Female,Houston,2023-01-15,912.09,5.0,13.0,912.09,182.418,2,0,2
5355,Customer_5355,45,Female,Los Angeles,2021-03-23,43.07,2.0,2.0,43.07,21.535,0,1,0
5356,Customer_5356,43,Female,New York,2021-02-19,1700.15,5.0,14.0,1700.15,340.03000000000003,2,0,2
5357,Customer_5357,28,Male,Houston,2022-10-31,661.65,7.0,12.0,661.65,94.52142857142857,2,1,2
5358,Customer_5358,43,Female,Los Angeles,2021-03-15,713.36,7.0,10.0,713.36,101.90857142857143,2,1,2
5359,Customer_5359,39,Male,New York,2023-09-29,479.69,3.0,5.0,479.69,159.89666666666668,2,1,2
5360,Customer_5360,21,Male,Chicago,2022-11-26,150.07,2.0,2.0,150.07,75.035,0,1,0
5361,Customer_5361,26,Male,Phoenix,2022-11-15,441.46,3.0,6.0,441.46000000000004,147.15333333333334,2,1,2
5362,Customer_5362,48,Female,Phoenix,2021-12-22,63.09,1.0,3.0,63.09,63.09,0,1,0
5363,Customer_5363,38,Male,Phoenix,2023-10-11,0.0,0.0,0.0,0.0,0.0,0,1,0
5364,Customer_5364,29,Female,Phoenix,2021-07-04,0.0,0.0,0.0,0.0,0.0,0,1,0
5365,Customer_5365,26,Male,New York,2021-06-03,252.41,2.0,2.0,252.41,126.205,0,1,0
5366,Customer_5366,29,Male,Los Angeles,2023-05-04,1831.33,10.0,25.0,1831.3300000000002,183.133,1,0,1
5367,Customer_5367,30,Female,Houston,2021-04-28,884.21,5.0,13.0,884.21,176.842,2,0,2
5368,Customer_5368,26,Female,Los Angeles,2021-09-24,1072.49,5.0,9.0,1072.49,214.498,2,0,2
5369,Customer_5369,18,Female,Chicago,2023-04-17,118.86,1.0,2.0,118.86,118.86,0,1,0
5370,Customer_5370,48,Male,Chicago,2021-09-12,163.34,1.0,1.0,163.34,163.34,0,1,0
5371,Customer_5371,46,Female,Los Angeles,2021-06-20,1486.18,10.0,19.0,1486.18,148.618,1,0,1
5372,Customer_5372,21,Male,Phoenix,2022-09-09,0.0,0.0,0.0,0.0,0.0,0,1,0
5373,Customer_5373,36,Female,Chicago,2023-09-29,836.07,5.0,7.0,836.0699999999999,167.214,2,1,2
5374,Customer_5374,25,Male,Los Angeles,2022-07-02,1248.82,8.0,17.0,1248.82,156.1025,1,0,1
5375,Customer_5375,32,Male,Phoenix,2022-12-03,0.0,0.0,0.0,0.0,0.0,0,1,0
5376,Customer_5376,31,Male,Chicago,2022-10-29,0.0,0.0,0.0,0.0,0.0,0,1,0
5377,Customer_5377,30,Male,New York,2023-06-12,1097.6,7.0,13.0,1097.6,156.79999999999998,2,0,2
5378,Customer_5378,57,Female,Chicago,2022-02-14,284.26,1.0,2.0,284.26,284.26,2,1,2
5379,Customer_5379,30,Female,Houston,2023-01-09,0.0,0.0,0.0,0.0,0.0,0,1,0
5380,Customer_5380,26,Male,Houston,2021-05-26,727.47,6.0,9.0,727.47,121.245,2,1,2
5381,Customer_5381,27,Female,Houston,2023-11-28,123.72,1.0,2.0,123.72,123.72,0,1,0
5382,Customer_5382,46,Female,Houston,2022-05-05,757.38,5.0,7.0,757.38,151.476,2,1,2
5383,Customer_5383,18,Female,Los Angeles,2021-09-19,191.41,2.0,5.0,191.41,95.705,0,1,0
5384,Customer_5384,27,Female,Phoenix,2021-12-11,292.48,1.0,2.0,292.48,292.48,2,1,2
5385,Customer_5385,51,Female,Phoenix,2023-05-29,529.25,7.0,11.0,529.25,75.60714285714286,2,1,2
5386,Customer_5386,38,Male,New York,2022-05-29,2273.56,6.0,20.0,2273.56,378.9266666666667,1,0,1
5387,Customer_5387,37,Female,New York,2023-08-03,1476.55,7.0,14.0,1476.55,210.93571428571428,2,0,2
5388,Customer_5388,58,Male,Phoenix,2022-12-14,151.96,1.0,1.0,151.96,151.96,0,1,0
5389,Customer_5389,38,Female,Phoenix,2021-08-03,361.3,2.0,5.0,361.3,180.65,2,1,2
5390,Customer_5390,27,Male,Phoenix,2022-08-27,1143.89,7.0,15.0,1143.89,163.41285714285715,2,0,2
5391,Customer_5391,32,Female,Phoenix,2023-04-18,0.0,0.0,0.0,0.0,0.0,0,1,0
5392,Customer_5392,23,Male,Chicago,2023-02-11,1341.97,5.0,13.0,1341.9699999999998,268.39399999999995,2,0,2
5393,Customer_5393,49,Male,Chicago,2022-11-01,1607.47,10.0,21.0,1607.47,160.747,1,0,1
5394,Customer_5394,41,Female,Chicago,2023-12-17,124.71,2.0,2.0,124.71000000000001,62.355000000000004,0,1,0
5395,Customer_5395,47,Male,New York,2022-07-13,39.15,1.0,3.0,39.150000000000006,39.150000000000006,0,1,0
5396,Customer_5396,48,Male,Houston,2021-08-10,1721.18,8.0,18.0,1721.18,215.1475,1,0,1
5397,Customer_5397,30,Male,Chicago,2022-04-20,338.32,4.0,4.0,338.32,84.58,0,1,0
5398,Customer_5398,25,Male,Chicago,2023-05-13,0.0,0.0,0.0,0.0,0.0,0,1,0
5399,Customer_5399,34,Female,Chicago,2023-03-23,534.97,2.0,7.0,534.97,267.485,2,1,2
5400,Customer_5400,25,Male,Chicago,2021-06-29,667.11,7.0,12.0,667.11,95.30142857142857,2,1,2
5401,Customer_5401,37,Female,New York,2021-06-26,35.35,1.0,1.0,35.35,35.35,0,1,0
5402,Customer_5402,47,Female,Los Angeles,2022-05-02,880.17,5.0,11.0,880.17,176.034,2,1,2
5403,Customer_5403,33,Male,New York,2022-02-18,822.78,4.0,9.0,822.78,205.695,2,1,2
5404,Customer_5404,37,Female,New York,2022-11-23,0.0,0.0,0.0,0.0,0.0,0,1,0
5405,Customer_5405,34,Male,Phoenix,2023-11-27,562.35,3.0,6.0,562.35,187.45000000000002,2,1,2
5406,Customer_5406,44,Male,New York,2022-07-29,481.84,6.0,11.0,481.84,80.30666666666666,2,1,2
5407,Customer_5407,28,Male,Los Angeles,2021-09-25,1050.94,4.0,10.0,1050.94,262.735,2,0,2
5408,Customer_5408,18,Male,Chicago,2023-02-24,265.31,2.0,2.0,265.31,132.655,0,1,0
5409,Customer_5409,40,Female,Chicago,2023-07-13,0.0,0.0,0.0,0.0,0.0,0,1,0
5410,Customer_5410,46,Female,New York,2022-01-23,894.02,11.0,18.0,894.02,81.27454545454545,1,0,1
5411,Customer_5411,40,Female,Houston,2021-12-20,0.0,0.0,0.0,0.0,0.0,0,1,0
5412,Customer_5412,28,Female,Houston,2023-03-25,264.16,2.0,5.0,264.15999999999997,132.07999999999998,0,1,0
5413,Customer_5413,23,Female,New York,2023-10-21,61.64,1.0,2.0,61.64,61.64,0,1,0
5414,Customer_5414,40,Female,Los Angeles,2021-09-26,146.19,2.0,2.0,146.19,73.095,0,1,0
5415,Customer_5415,37,Male,Phoenix,2023-12-27,727.4,5.0,9.0,727.4,145.48,2,1,2
5416,Customer_5416,34,Male,Houston,2021-10-04,1449.2,7.0,16.0,1449.2,207.02857142857144,2,0,2
5417,Customer_5417,55,Female,Houston,2021-11-03,829.97,2.0,5.0,829.97,414.985,2,1,2
5418,Customer_5418,25,Male,New York,2022-09-23,396.66,2.0,3.0,396.65999999999997,198.32999999999998,2,1,2
5419,Customer_5419,55,Female,Los Angeles,2022-06-22,1236.6,7.0,15.0,1236.6,176.65714285714284,2,0,2
5420,Customer_5420,35,Female,Chicago,2022-06-02,126.73,1.0,1.0,126.73,126.73,0,1,0
5421,Customer_5421,18,Male,New York,2021-05-14,602.15,3.0,8.0,602.15,200.71666666666667,2,1,2
5422,Customer_5422,33,Male,Los Angeles,2023-04-05,3187.32,15.0,31.0,3187.32,212.488,1,0,1
5423,Customer_5423,46,Male,Chicago,2023-11-15,784.97,4.0,9.0,784.97,196.2425,2,1,2
5424,Customer_5424,31,Female,Los Angeles,2023-03-24,1288.48,10.0,16.0,1288.48,128.848,1,0,1
5425,Customer_5425,19,Male,Houston,2021-03-13,0.0,0.0,0.0,0.0,0.0,0,1,0
5426,Customer_5426,33,Male,Houston,2023-10-15,604.57,3.0,6.0,604.57,201.52333333333334,2,1,2
5427,Customer_5427,26,Male,Los Angeles,2023-08-10,81.08,1.0,1.0,81.08,81.08,0,1,0
5428,Customer_5428,40,Male,Houston,2021-02-02,431.47,6.0,9.0,431.47,71.91166666666668,0,1,0
5429,Customer_5429,44,Male,New York,2021-04-07,202.78,3.0,4.0,202.78,67.59333333333333,0,1,0
5430,Customer_5430,23,Male,Houston,2021-09-20,1317.71,8.0,13.0,1317.71,164.71375,2,0,2
5431,Customer_5431,27,Male,New York,2023-05-24,876.7,10.0,13.0,876.7,87.67,2,0,2
5432,Customer_5432,43,Male,New York,2023-07-03,654.84,3.0,8.0,654.8399999999999,218.27999999999997,2,1,2
5433,Customer_5433,26,Male,Chicago,2023-12-30,488.56,5.0,7.0,488.56,97.712,0,1,0
5434,Customer_5434,23,Female,Chicago,2021-10-20,501.96,3.0,6.0,501.96000000000004,167.32000000000002,2,1,2
5435,Customer_5435,22,Male,Phoenix,2023-07-06,180.77,3.0,4.0,180.76999999999998,60.25666666666666,0,1,0
5436,Customer_5436,39,Female,Los Angeles,2022-12-31,819.3,5.0,7.0,819.3,163.85999999999999,2,1,2
5437,Customer_5437,38,Female,Los Angeles,2021-06-21,874.1,8.0,16.0,874.1,109.2625,2,0,2
5438,Customer_5438,27,Male,Chicago,2023-01-28,47.64,2.0,2.0,47.64,23.82,0,1,0
5439,Customer_5439,35,Male,Los Angeles,2023-07-15,1617.83,11.0,20.0,1617.83,147.07545454545453,1,0,1
5440,Customer_5440,52,Male,Los Angeles,2023-06-20,731.6,5.0,9.0,731.5999999999999,146.32,2,1,2
5441,Customer_5441,24,Female,Houston,2022-06-01,282.18,2.0,6.0,282.18,141.09,0,1,0
5442,Customer_5442,18,Male,Houston,2023-10-31,0.0,0.0,0.0,0.0,0.0,0,1,0
5443,Customer_5443,40,Female,Phoenix,2021-09-28,1495.06,5.0,13.0,1495.06,299.012,2,0,2
5444,Customer_5444,34,Male,Phoenix,2023-01-12,980.02,5.0,11.0,980.02,196.004,2,0,2
5445,Customer_5445,27,Male,Los Angeles,2022-07-21,1662.86,10.0,20.0,1662.8600000000001,166.286,1,0,1
5446,Customer_5446,42,Male,Houston,2022-07-07,1179.01,6.0,12.0,1179.01,196.50166666666667,2,0,2
5447,Customer_5447,44,Male,Los Angeles,2022-10-12,157.31,2.0,5.0,157.31,78.655,0,1,0
5448,Customer_5448,18,Male,Houston,2022-01-26,700.78,4.0,8.0,700.7800000000001,175.19500000000002,2,1,2
5449,Customer_5449,28,Male,Chicago,2023-08-17,474.01,4.0,6.0,474.01,118.5025,0,1,0
5450,Customer_5450,60,Female,Phoenix,2022-07-29,1480.7,5.0,12.0,1480.7,296.14,2,0,2
5451,Customer_5451,41,Female,Houston,2021-12-10,1877.69,11.0,19.0,1877.69,170.69909090909093,1,0,1
5452,Customer_5452,42,Male,Phoenix,2022-04-01,452.56,3.0,6.0,452.56,150.85333333333332,2,1,2
5453,Customer_5453,48,Male,Houston,2022-03-20,53.89,1.0,1.0,53.89,53.89,0,1,0
5454,Customer_5454,35,Female,Phoenix,2021-07-16,680.75,8.0,9.0,680.75,85.09375,2,1,2
5455,Customer_5455,44,Male,Houston,2023-05-18,641.19,4.0,7.0,641.19,160.2975,2,1,2
5456,Customer_5456,43,Female,Los Angeles,2021-12-29,363.45,3.0,6.0,363.45,121.14999999999999,0,1,0
5457,Customer_5457,41,Female,Los Angeles,2023-05-18,17.39,1.0,1.0,17.39,17.39,0,1,0
5458,Customer_5458,31,Male,Los Angeles,2022-07-20,698.29,4.0,7.0,698.29,174.5725,2,1,2
5459,Customer_5459,37,Male,New York,2022-11-02,760.08,3.0,7.0,760.0799999999999,253.35999999999999,2,1,2
5460,Customer_5460,29,Male,Chicago,2021-01-25,1642.73,13.0,31.0,1642.73,126.36384615384615,1,0,1
5461,Customer_5461,35,Female,Chicago,2021-08-25,523.57,4.0,8.0,523.57,130.8925,2,1,2
5462,Customer_5462,22,Female,Chicago,2022-04-06,1070.64,5.0,13.0,1070.6399999999999,214.128,2,0,2
5463,Customer_5463,26,Male,Phoenix,2021-04-10,441.82,2.0,6.0,441.82000000000005,220.91000000000003,2,1,2
5464,Customer_5464,32,Male,Phoenix,2023-01-10,1052.46,4.0,12.0,1052.46,263.115,2,0,2
5465,Customer_5465,25,Female,New York,2022-02-12,18.78,1.0,1.0,18.78,18.78,0,1,0
5466,Customer_5466,29,Male,Los Angeles,2023-09-05,306.42,1.0,2.0,306.42,306.42,2,1,2
5467,Customer_5467,33,Female,Los Angeles,2023-01-21,1285.69,9.0,14.0,1285.69,142.85444444444445,1,0,1
5468,Customer_5468,39,Male,Los Angeles,2021-05-23,445.5,3.0,7.0,445.5,148.5,2,1,2
5469,Customer_5469,45,Male,Houston,2022-06-13,1181.81,8.0,20.0,1181.81,147.72625,1,0,1
5470,Customer_5470,30,Female,Chicago,2023-10-26,474.48,4.0,6.0,474.48,118.62,0,1,0
5471,Customer_5471,50,Female,Chicago,2022-06-07,670.02,7.0,13.0,670.02,95.71714285714286,2,0,2
5472,Customer_5472,45,Male,Phoenix,2022-12-21,1117.67,6.0,11.0,1117.67,186.27833333333334,2,0,2
5473,Customer_5473,41,Male,Houston,2022-02-22,934.31,5.0,7.0,934.31,186.862,2,1,2
5474,Customer_5474,37,Male,New York,2022-06-29,1513.38,9.0,20.0,1513.38,168.15333333333334,1,0,1
5475,Customer_5475,39,Male,Houston,2023-10-07,0.0,0.0,0.0,0.0,0.0,0,1,0
5476,Customer_5476,48,Male,Los Angeles,2023-03-28,769.19,6.0,18.0,769.19,128.19833333333335,2,0,2
5477,Customer_5477,48,Male,Los Angeles,2021-06-08,104.09,2.0,5.0,104.09,52.045,0,1,0
5478,Customer_5478,50,Male,New York,2022-09-19,2747.91,14.0,35.0,2747.91,196.2792857142857,1,0,1
5479,Customer_5479,35,Female,Chicago,2023-02-12,1590.4,12.0,20.0,1590.4,132.53333333333333,1,0,1
5480,Customer_5480,41,Female,Los Angeles,2023-12-05,1218.72,9.0,18.0,1218.72,135.41333333333333,1,0,1
5481,Customer_5481,50,Female,Los Angeles,2021-05-08,806.01,4.0,13.0,806.01,201.5025,2,1,2
5482,Customer_5482,28,Male,Houston,2023-05-27,309.05,2.0,6.0,309.04999999999995,154.52499999999998,0,1,0
5483,Customer_5483,31,Female,Houston,2022-08-29,0.0,0.0,0.0,0.0,0.0,0,1,0
5484,Customer_5484,35,Male,New York,2022-06-25,265.56,3.0,4.0,265.56,88.52,0,1,0
5485,Customer_5485,45,Male,New York,2021-06-13,443.44,3.0,4.0,443.44,147.81333333333333,0,1,0
5486,Customer_5486,45,Male,Houston,2022-10-11,137.01,1.0,1.0,137.01,137.01,0,1,0
5487,Customer_5487,32,Female,New York,2021-05-11,486.23,3.0,4.0,486.23,162.07666666666668,2,1,2
5488,Customer_5488,18,Female,Phoenix,2022-11-27,323.82,2.0,3.0,323.82,161.91,0,1,0
5489,Customer_5489,38,Female,Chicago,2022-05-19,1230.89,6.0,14.0,1230.8899999999999,205.1483333333333,2,0,2
5490,Customer_5490,25,Female,Los Angeles,2021-07-03,273.66,3.0,4.0,273.66,91.22000000000001,0,1,0
5491,Customer_5491,19,Female,New York,2023-04-06,1186.13,6.0,11.0,1186.13,197.68833333333336,2,0,2
5492,Customer_5492,21,Male,New York,2022-11-02,1196.96,7.0,15.0,1196.96,170.99428571428572,2,0,2
5493,Customer_5493,39,Male,New York,2023-09-09,295.9,3.0,3.0,295.9,98.63333333333333,0,1,0
5494,Customer_5494,50,Male,New York,2023-10-20,1041.41,7.0,14.0,1041.41,148.77285714285716,2,0,2
5495,Customer_5495,35,Male,Chicago,2022-07-08,1330.32,11.0,23.0,1330.32,120.93818181818182,1,0,1
5496,Customer_5496,37,Female,New York,2021-05-11,690.93,2.0,9.0,690.93,345.465,2,1,2
5497,Customer_5497,48,Male,Chicago,2022-11-28,752.57,6.0,10.0,752.5699999999999,125.42833333333333,2,1,2
5498,Customer_5498,18,Male,Chicago,2023-11-04,917.12,6.0,11.0,917.12,152.85333333333332,2,0,2
5499,Customer_5499,41,Female,Los Angeles,2023-03-25,523.44,3.0,6.0,523.44,174.48000000000002,2,1,2
5500,Customer_5500,35,Male,New York,2022-10-21,625.49,4.0,10.0,625.49,156.3725,2,1,2
5501,Customer_5501,41,Female,New York,2022-01-15,524.78,3.0,10.0,524.78,174.92666666666665,2,1,2
5502,Customer_5502,30,Male,New York,2023-12-20,2035.2,14.0,33.0,2035.2,145.37142857142857,1,0,1
5503,Customer_5503,26,Male,Houston,2023-07-16,759.3,5.0,10.0,759.3000000000001,151.86,2,1,2
5504,Customer_5504,37,Female,Los Angeles,2022-06-22,662.53,7.0,9.0,662.53,94.64714285714285,2,1,2
5505,Customer_5505,53,Male,Houston,2022-07-31,701.44,4.0,9.0,701.4399999999999,175.35999999999999,2,1,2
5506,Customer_5506,44,Male,Los Angeles,2023-12-30,0.0,0.0,0.0,0.0,0.0,0,1,0
5507,Customer_5507,29,Male,Los Angeles,2022-11-16,0.0,0.0,0.0,0.0,0.0,0,1,0
5508,Customer_5508,20,Female,Chicago,2021-02-09,198.89,2.0,2.0,198.89,99.445,0,1,0
5509,Customer_5509,18,Male,Houston,2022-01-01,943.6,5.0,11.0,943.6,188.72,2,0,2
5510,Customer_5510,49,Female,Los Angeles,2021-09-05,1332.02,11.0,19.0,1332.02,121.09272727272727,1,0,1
5511,Customer_5511,24,Female,New York,2021-01-12,1164.63,7.0,12.0,1164.63,166.3757142857143,2,0,2
5512,Customer_5512,31,Female,Chicago,2023-01-07,1290.39,7.0,19.0,1290.3899999999999,184.34142857142857,1,0,1
5513,Customer_5513,50,Male,Los Angeles,2022-05-25,1014.38,6.0,11.0,1014.3800000000001,169.06333333333336,2,0,2
5514,Customer_5514,18,Male,Los Angeles,2021-06-20,288.01,2.0,2.0,288.01,144.005,0,1,0
5515,Customer_5515,51,Male,Chicago,2023-11-22,512.61,2.0,5.0,512.6099999999999,256.30499999999995,2,1,2
5516,Customer_5516,32,Male,Chicago,2022-12-22,553.42,6.0,9.0,553.4200000000001,92.23666666666668,2,1,2
5517,Customer_5517,22,Female,Chicago,2023-09-22,1438.42,9.0,13.0,1438.42,159.82444444444445,1,0,1
5518,Customer_5518,32,Female,Chicago,2023-03-26,65.82,1.0,3.0,65.82000000000001,65.82000000000001,0,1,0
5519,Customer_5519,27,Female,Houston,2022-03-05,525.91,3.0,5.0,525.91,175.3033333333333,2,1,2
5520,Customer_5520,40,Female,Houston,2023-11-25,0.0,0.0,0.0,0.0,0.0,0,1,0
5521,Customer_5521,28,Female,Chicago,2021-07-24,8.48,1.0,1.0,8.48,8.48,0,1,0
5522,Customer_5522,18,Female,Houston,2023-06-09,743.52,5.0,15.0,743.52,148.704,2,0,2
5523,Customer_5523,33,Female,Phoenix,2023-06-24,108.6,2.0,2.0,108.6,54.3,0,1,0
5524,Customer_5524,20,Female,Los Angeles,2022-11-28,1651.53,9.0,23.0,1651.53,183.50333333333333,1,0,1
5525,Customer_5525,37,Female,Los Angeles,2023-01-20,651.16,6.0,10.0,651.16,108.52666666666666,2,1,2
5526,Customer_5526,22,Female,Houston,2023-09-12,67.22,1.0,1.0,67.22,67.22,0,1,0
5527,Customer_5527,30,Male,Chicago,2023-09-13,1873.31,9.0,20.0,1873.31,208.14555555555555,1,0,1
5528,Customer_5528,37,Male,New York,2021-09-06,880.89,6.0,8.0,880.89,146.815,2,1,2
5529,Customer_5529,33,Male,Phoenix,2023-10-26,725.01,7.0,14.0,725.01,103.57285714285715,2,0,2
5530,Customer_5530,38,Female,New York,2021-08-18,0.0,0.0,0.0,0.0,0.0,0,1,0
5531,Customer_5531,42,Female,Houston,2022-09-20,25.16,1.0,1.0,25.16,25.16,0,1,0
5532,Customer_5532,22,Male,Houston,2023-04-08,1669.58,9.0,19.0,1669.58,185.5088888888889,1,0,1
5533,Customer_5533,34,Female,Phoenix,2021-11-17,185.66,1.0,1.0,185.66,185.66,0,1,0
5534,Customer_5534,18,Female,New York,2021-01-28,157.57,3.0,4.0,157.57,52.52333333333333,0,1,0
5535,Customer_5535,38,Female,Chicago,2023-05-01,463.4,3.0,4.0,463.40000000000003,154.46666666666667,0,1,0
5536,Customer_5536,32,Female,Los Angeles,2022-05-25,1240.38,5.0,13.0,1240.38,248.07600000000002,2,0,2
5537,Customer_5537,24,Female,Los Angeles,2021-08-16,722.42,3.0,7.0,722.4200000000001,240.8066666666667,2,1,2
5538,Customer_5538,38,Female,New York,2022-10-03,377.97,3.0,7.0,377.97,125.99000000000001,0,1,0
5539,Customer_5539,48,Male,Chicago,2022-06-25,205.36,2.0,2.0,205.36,102.68,0,1,0
5540,Customer_5540,30,Female,Chicago,2022-11-03,434.15,3.0,8.0,434.15000000000003,144.71666666666667,2,1,2
5541,Customer_5541,25,Female,New York,2023-06-29,337.04,1.0,4.0,337.04,337.04,2,1,2
5542,Customer_5542,37,Male,Chicago,2023-03-20,427.47,4.0,9.0,427.47,106.8675,2,1,2
5543,Customer_5543,20,Female,Houston,2022-06-04,93.32,1.0,4.0,93.32,93.32,0,1,0
5544,Customer_5544,28,Female,Houston,2022-05-29,249.3,3.0,5.0,249.3,83.10000000000001,0,1,0
5545,Customer_5545,48,Male,Phoenix,2023-10-31,728.58,8.0,12.0,728.58,91.0725,2,0,2
5546,Customer_5546,36,Female,Los Angeles,2021-12-13,881.04,6.0,11.0,881.04,146.84,2,0,2
5547,Customer_5547,18,Female,Phoenix,2021-04-27,486.91,6.0,9.0,486.90999999999997,81.15166666666666,2,1,2
5548,Customer_5548,18,Female,Phoenix,2022-02-15,997.46,3.0,8.0,997.46,332.4866666666667,2,1,2
5549,Customer_5549,37,Female,Los Angeles,2023-11-01,121.11,1.0,3.0,121.10999999999999,121.10999999999999,0,1,0
5550,Customer_5550,44,Male,New York,2021-04-08,778.04,5.0,10.0,778.04,155.608,2,1,2
5551,Customer_5551,18,Male,Los Angeles,2021-10-09,0.0,0.0,0.0,0.0,0.0,0,1,0
5552,Customer_5552,40,Female,Los Angeles,2023-03-18,465.27,4.0,10.0,465.27,116.3175,2,1,2
5553,Customer_5553,50,Male,Chicago,2023-05-10,1186.91,6.0,9.0,1186.91,197.81833333333336,2,0,2
5554,Customer_5554,56,Female,Chicago,2022-10-19,772.75,6.0,9.0,772.75,128.79166666666666,2,1,2
5555,Customer_5555,39,Female,Houston,2021-07-30,318.11,4.0,5.0,318.11,79.5275,0,1,0
5556,Customer_5556,41,Male,Chicago,2022-05-23,281.1,3.0,4.0,281.1,93.7,0,1,0
5557,Customer_5557,18,Female,New York,2022-03-28,2337.56,11.0,19.0,2337.56,212.50545454545454,1,0,1
5558,Customer_5558,58,Female,Phoenix,2022-11-18,38.0,1.0,1.0,38.0,38.0,0,1,0
5559,Customer_5559,29,Female,Los Angeles,2022-09-15,1843.16,11.0,22.0,1843.1599999999999,167.55999999999997,1,0,1
5560,Customer_5560,25,Female,Phoenix,2023-08-29,1077.68,11.0,15.0,1077.68,97.9709090909091,1,0,1
5561,Customer_5561,32,Female,New York,2023-07-19,0.0,0.0,0.0,0.0,0.0,0,1,0
5562,Customer_5562,52,Male,Phoenix,2021-01-18,365.6,2.0,4.0,365.6,182.8,2,1,2
5563,Customer_5563,59,Female,New York,2023-02-25,1272.02,11.0,20.0,1272.02,115.63818181818182,1,0,1
5564,Customer_5564,36,Female,New York,2021-07-17,878.9,1.0,5.0,878.9,878.9,2,0,2
5565,Customer_5565,46,Female,New York,2022-02-21,180.86,2.0,4.0,180.86,90.43,0,1,0
5566,Customer_5566,35,Male,Houston,2022-01-19,98.52,1.0,4.0,98.52,98.52,0,1,0
5567,Customer_5567,24,Male,Phoenix,2021-07-19,262.35,2.0,4.0,262.35,131.175,0,1,0
5568,Customer_5568,51,Male,Los Angeles,2023-06-14,602.17,4.0,6.0,602.1700000000001,150.54250000000002,2,1,2
5569,Customer_5569,28,Male,Phoenix,2023-09-07,456.53,3.0,6.0,456.53,152.17666666666665,2,1,2
5570,Customer_5570,52,Male,Chicago,2023-12-03,1721.03,10.0,16.0,1721.03,172.103,1,0,1
5571,Customer_5571,49,Female,Chicago,2021-03-23,205.2,1.0,2.0,205.2,205.2,0,1,0
5572,Customer_5572,42,Male,Houston,2023-06-03,72.6,1.0,1.0,72.6,72.6,0,1,0
5573,Customer_5573,55,Male,Los Angeles,2022-04-25,228.41,2.0,2.0,228.41,114.205,0,1,0
5574,Customer_5574,60,Male,Los Angeles,2022-12-29,715.34,5.0,12.0,715.34,143.068,2,1,2
5575,Customer_5575,33,Male,Phoenix,2021-05-04,489.69,2.0,3.0,489.69,244.845,2,1,2
5576,Customer_5576,26,Female,Phoenix,2022-06-12,609.24,6.0,10.0,609.24,101.54,2,1,2
5577,Customer_5577,18,Female,Phoenix,2022-06-10,199.63,4.0,6.0,199.63,49.9075,0,1,0
5578,Customer_5578,60,Female,Phoenix,2021-02-08,536.84,1.0,4.0,536.84,536.84,2,1,2
5579,Customer_5579,30,Male,New York,2021-04-18,484.54,4.0,6.0,484.54,121.135,0,1,0
5580,Customer_5580,47,Female,Houston,2021-09-25,510.06,4.0,8.0,510.06,127.515,2,1,2
5581,Customer_5581,27,Female,Los Angeles,2021-11-07,956.05,5.0,11.0,956.05,191.20999999999998,2,0,2
5582,Customer_5582,52,Male,Phoenix,2021-02-09,88.75,1.0,1.0,88.75,88.75,0,1,0
5583,Customer_5583,27,Female,Chicago,2023-02-20,268.74,2.0,5.0,268.74,134.37,0,1,0
5584,Customer_5584,22,Male,Chicago,2022-08-04,764.99,6.0,7.0,764.99,127.49833333333333,2,1,2
5585,Customer_5585,33,Female,Chicago,2021-06-01,694.12,3.0,10.0,694.12,231.37333333333333,2,1,2
5586,Customer_5586,29,Female,Los Angeles,2021-07-06,0.0,0.0,0.0,0.0,0.0,0,1,0
5587,Customer_5587,42,Female,New York,2022-03-06,488.87,2.0,3.0,488.87,244.435,2,1,2
5588,Customer_5588,34,Male,Phoenix,2022-04-02,0.0,0.0,0.0,0.0,0.0,0,1,0
5589,Customer_5589,42,Female,Houston,2023-01-23,0.0,0.0,0.0,0.0,0.0,0,1,0
5590,Customer_5590,32,Female,New York,2021-07-23,89.46,2.0,2.0,89.46000000000001,44.730000000000004,0,1,0
5591,Customer_5591,28,Male,Houston,2023-02-18,1747.94,9.0,22.0,1747.94,194.21555555555557,1,0,1
5592,Customer_5592,29,Female,Chicago,2021-04-28,2517.7,13.0,24.0,2517.7000000000003,193.66923076923078,1,0,1
5593,Customer_5593,57,Male,Los Angeles,2021-08-10,276.64,3.0,6.0,276.64,92.21333333333332,0,1,0
5594,Customer_5594,37,Male,Los Angeles,2023-06-16,48.48,1.0,2.0,48.48,48.48,0,1,0
5595,Customer_5595,18,Female,Phoenix,2021-03-04,643.33,5.0,11.0,643.33,128.666,2,1,2
5596,Customer_5596,29,Male,Houston,2022-01-31,654.81,7.0,13.0,654.8100000000001,93.54428571428572,2,1,2
5597,Customer_5597,36,Female,Chicago,2021-01-05,118.26,1.0,1.0,118.26,118.26,0,1,0
5598,Customer_5598,55,Male,Chicago,2022-05-23,142.34,2.0,2.0,142.34,71.17,0,1,0
5599,Customer_5599,46,Female,New York,2021-05-25,379.71,1.0,3.0,379.71,379.71,2,1,2
5600,Customer_5600,25,Male,Chicago,2023-08-12,83.88,1.0,2.0,83.88,83.88,0,1,0
5601,Customer_5601,62,Female,New York,2022-10-24,347.12,2.0,4.0,347.12,173.56,0,1,0
5602,Customer_5602,35,Male,New York,2023-02-20,209.85,3.0,4.0,209.85000000000002,69.95,0,1,0
5603,Customer_5603,49,Female,Chicago,2023-08-17,1083.48,7.0,14.0,1083.48,154.78285714285715,2,0,2
5604,Customer_5604,22,Female,Phoenix,2023-08-21,104.88,2.0,3.0,104.88,52.44,0,1,0
5605,Customer_5605,18,Female,Los Angeles,2021-01-11,497.51,2.0,7.0,497.51,248.755,2,1,2
5606,Customer_5606,20,Female,New York,2021-03-10,657.57,4.0,8.0,657.5699999999999,164.39249999999998,2,1,2
5607,Customer_5607,18,Male,Chicago,2023-08-22,384.85,2.0,4.0,384.84999999999997,192.42499999999998,2,1,2
5608,Customer_5608,58,Female,Phoenix,2021-07-21,0.0,0.0,0.0,0.0,0.0,0,1,0
5609,Customer_5609,37,Male,Houston,2021-09-23,818.78,4.0,9.0,818.78,204.695,2,1,2
5610,Customer_5610,25,Male,Phoenix,2021-04-18,259.46,1.0,2.0,259.46,259.46,2,1,2
5611,Customer_5611,40,Male,Chicago,2023-12-14,64.41,1.0,1.0,64.41,64.41,0,1,0
5612,Customer_5612,37,Female,Houston,2023-08-09,314.84,3.0,6.0,314.84000000000003,104.94666666666667,0,1,0
5613,Customer_5613,42,Female,New York,2021-07-09,336.08,3.0,3.0,336.08,112.02666666666666,0,1,0
5614,Customer_5614,48,Male,Los Angeles,2021-08-27,210.59,2.0,4.0,210.59,105.295,0,1,0
5615,Customer_5615,32,Female,Los Angeles,2023-08-09,0.0,0.0,0.0,0.0,0.0,0,1,0
5616,Customer_5616,25,Female,Chicago,2021-12-09,555.11,2.0,8.0,555.11,277.555,2,1,2
5617,Customer_5617,44,Male,Phoenix,2021-10-18,82.44,1.0,2.0,82.44,82.44,0,1,0
5618,Customer_5618,44,Male,Phoenix,2021-11-17,782.53,5.0,9.0,782.53,156.506,2,1,2
5619,Customer_5619,36,Male,New York,2021-02-11,470.11,5.0,10.0,470.11,94.022,2,1,2
5620,Customer_5620,59,Female,New York,2023-08-13,0.0,0.0,0.0,0.0,0.0,0,1,0
5621,Customer_5621,30,Male,Los Angeles,2023-06-08,1041.7,6.0,8.0,1041.7,173.61666666666667,2,1,2
5622,Customer_5622,25,Female,Los Angeles,2022-09-25,384.96,2.0,4.0,384.96,192.48,2,1,2
5623,Customer_5623,40,Female,Chicago,2023-04-26,143.36,2.0,2.0,143.36,71.68,0,1,0
5624,Customer_5624,28,Male,Phoenix,2021-10-11,2555.78,10.0,22.0,2555.78,255.57800000000003,1,0,1
5625,Customer_5625,40,Female,Phoenix,2023-03-18,705.66,5.0,6.0,705.66,141.132,2,1,2
5626,Customer_5626,26,Female,Chicago,2021-07-01,531.96,6.0,7.0,531.96,88.66000000000001,2,1,2
5627,Customer_5627,31,Female,Houston,2023-11-01,0.0,0.0,0.0,0.0,0.0,0,1,0
5628,Customer_5628,56,Male,Chicago,2023-01-15,251.33,2.0,5.0,251.32999999999998,125.66499999999999,0,1,0
5629,Customer_5629,31,Male,New York,2022-03-18,461.02,3.0,8.0,461.02,153.67333333333332,2,1,2
5630,Customer_5630,26,Male,Chicago,2022-09-21,407.72,5.0,9.0,407.72,81.54400000000001,0,1,0
5631,Customer_5631,48,Male,Chicago,2022-01-23,1343.83,4.0,12.0,1343.83,335.9575,2,0,2
5632,Customer_5632,23,Female,Houston,2022-07-30,737.38,3.0,9.0,737.38,245.79333333333332,2,1,2
5633,Customer_5633,27,Female,New York,2022-03-30,582.84,4.0,8.0,582.84,145.71,2,1,2
5634,Customer_5634,41,Female,Los Angeles,2023-07-16,1134.06,8.0,14.0,1134.06,141.7575,2,0,2
5635,Customer_5635,45,Female,Los Angeles,2023-10-23,2295.64,15.0,28.0,2295.64,153.04266666666666,1,0,1
5636,Customer_5636,48,Female,Phoenix,2023-03-22,570.89,5.0,11.0,570.89,114.178,2,1,2
5637,Customer_5637,27,Male,Los Angeles,2023-03-20,1386.27,7.0,14.0,1386.27,198.03857142857143,2,0,2
5638,Customer_5638,42,Female,Houston,2023-12-20,53.71,1.0,1.0,53.71,53.71,0,1,0
5639,Customer_5639,30,Female,Houston,2022-01-03,1565.77,6.0,13.0,1565.77,260.96166666666664,2,0,2
5640,Customer_5640,28,Female,Los Angeles,2023-07-31,1074.65,8.0,15.0,1074.65,134.33125,2,0,2
5641,Customer_5641,48,Female,Chicago,2021-02-09,50.14,1.0,1.0,50.14,50.14,0,1,0
5642,Customer_5642,29,Male,Phoenix,2022-07-11,806.74,8.0,12.0,806.74,100.8425,2,0,2
5643,Customer_5643,38,Female,Chicago,2023-07-06,118.02,1.0,2.0,118.02,118.02,0,1,0
5644,Customer_5644,37,Female,Phoenix,2023-10-18,239.95,2.0,3.0,239.95,119.975,0,1,0
5645,Customer_5645,23,Male,New York,2022-10-05,52.83,2.0,2.0,52.83,26.415,0,1,0
5646,Customer_5646,46,Female,New York,2022-03-26,480.26,4.0,8.0,480.26,120.065,2,1,2
5647,Customer_5647,41,Female,Phoenix,2022-01-30,2499.74,14.0,23.0,2499.74,178.55285714285714,1,0,1
5648,Customer_5648,18,Female,Houston,2023-03-03,924.69,7.0,10.0,924.69,132.09857142857143,2,0,2
5649,Customer_5649,38,Male,Phoenix,2021-03-29,643.67,4.0,8.0,643.67,160.9175,2,1,2
5650,Customer_5650,26,Male,Houston,2022-06-17,0.0,0.0,0.0,0.0,0.0,0,1,0
5651,Customer_5651,47,Male,Phoenix,2023-01-14,770.08,7.0,12.0,770.0799999999999,110.01142857142857,2,0,2
5652,Customer_5652,19,Female,Houston,2022-01-16,871.85,6.0,13.0,871.85,145.30833333333334,2,0,2
5653,Customer_5653,31,Male,Houston,2022-03-07,210.23,2.0,3.0,210.23,105.115,0,1,0
5654,Customer_5654,39,Female,Chicago,2021-10-04,407.38,5.0,7.0,407.38,81.476,0,1,0
5655,Customer_5655,36,Female,Los Angeles,2021-07-13,164.82,1.0,2.0,164.82,164.82,0,1,0
5656,Customer_5656,43,Female,Phoenix,2021-06-28,454.84,2.0,6.0,454.84,227.42,2,1,2
5657,Customer_5657,18,Female,Los Angeles,2021-08-06,439.35,3.0,5.0,439.34999999999997,146.45,0,1,0
5658,Customer_5658,53,Female,Chicago,2023-09-15,1391.57,7.0,14.0,1391.57,198.79571428571427,2,0,2
5659,Customer_5659,41,Male,Los Angeles,2023-12-19,424.8,1.0,4.0,424.8,424.8,2,1,2
5660,Customer_5660,50,Male,Chicago,2022-07-11,500.49,3.0,7.0,500.49,166.83,2,1,2
5661,Customer_5661,45,Female,Chicago,2023-02-07,0.0,0.0,0.0,0.0,0.0,0,1,0
5662,Customer_5662,35,Female,New York,2021-03-18,753.04,7.0,13.0,753.04,107.57714285714285,2,0,2
5663,Customer_5663,21,Female,Phoenix,2022-08-22,454.42,2.0,5.0,454.41999999999996,227.20999999999998,2,1,2
5664,Customer_5664,29,Female,Los Angeles,2022-06-08,0.0,0.0,0.0,0.0,0.0,0,1,0
5665,Customer_5665,52,Male,Chicago,2023-03-24,804.0,7.0,13.0,804.0,114.85714285714286,2,0,2
5666,Customer_5666,50,Female,New York,2022-01-19,213.63,2.0,2.0,213.63,106.815,0,1,0
5667,Customer_5667,28,Male,New York,2022-05-19,643.14,4.0,8.0,643.14,160.785,2,1,2
5668,Customer_5668,18,Female,New York,2021-08-30,1469.93,12.0,20.0,1469.93,122.49416666666667,1,0,1
5669,Customer_5669,33,Female,Houston,2022-01-04,1227.67,3.0,12.0,1227.6699999999998,409.2233333333333,2,0,2
5670,Customer_5670,32,Female,New York,2021-10-15,2197.65,10.0,25.0,2197.65,219.76500000000001,1,0,1
5671,Customer_5671,32,Female,Phoenix,2022-02-03,0.0,0.0,0.0,0.0,0.0,0,1,0
5672,Customer_5672,41,Female,New York,2021-04-14,1046.97,8.0,13.0,1046.97,130.87125,2,0,2
5673,Customer_5673,45,Male,New York,2021-05-07,911.25,3.0,7.0,911.25,303.75,2,1,2
5674,Customer_5674,46,Female,New York,2021-02-09,190.61,2.0,5.0,190.61,95.305,0,1,0
5675,Customer_5675,40,Male,New York,2023-06-01,22.93,1.0,1.0,22.93,22.93,0,1,0
5676,Customer_5676,18,Female,Houston,2023-08-03,1853.82,10.0,24.0,1853.82,185.382,1,0,1
5677,Customer_5677,31,Female,Phoenix,2021-09-04,29.36,1.0,1.0,29.36,29.36,0,1,0
5678,Customer_5678,60,Female,Chicago,2021-11-08,1481.05,9.0,13.0,1481.05,164.5611111111111,1,0,1
5679,Customer_5679,39,Male,New York,2021-02-03,364.37,3.0,5.0,364.37,121.45666666666666,0,1,0
5680,Customer_5680,39,Female,Los Angeles,2021-05-09,92.38,1.0,2.0,92.38,92.38,0,1,0
5681,Customer_5681,39,Male,Chicago,2021-01-10,1054.93,6.0,14.0,1054.93,175.8216666666667,2,0,2
5682,Customer_5682,40,Female,Phoenix,2023-07-31,61.29,1.0,3.0,61.29,61.29,0,1,0
5683,Customer_5683,18,Male,New York,2023-07-24,432.17,7.0,9.0,432.17,61.73857142857143,2,1,2
5684,Customer_5684,32,Female,Houston,2023-11-08,678.66,7.0,11.0,678.66,96.95142857142856,2,1,2
5685,Customer_5685,35,Male,Los Angeles,2021-12-06,225.43,3.0,3.0,225.43,75.14333333333333,0,1,0
5686,Customer_5686,49,Male,Los Angeles,2022-11-12,541.47,4.0,10.0,541.47,135.3675,2,1,2
5687,Customer_5687,36,Male,Los Angeles,2022-06-18,1775.24,12.0,19.0,1775.24,147.93666666666667,1,0,1
5688,Customer_5688,18,Female,New York,2023-03-20,1495.06,10.0,19.0,1495.06,149.506,1,0,1
5689,Customer_5689,40,Female,Houston,2022-03-09,0.0,0.0,0.0,0.0,0.0,0,1,0
5690,Customer_5690,26,Female,New York,2023-01-28,0.0,0.0,0.0,0.0,0.0,0,1,0
5691,Customer_5691,22,Male,Houston,2022-10-13,234.02,1.0,2.0,234.02,234.02,2,1,2
5692,Customer_5692,26,Male,New York,2023-12-12,293.84,3.0,4.0,293.84,97.94666666666666,0,1,0
5693,Customer_5693,41,Male,Phoenix,2023-12-27,913.25,7.0,12.0,913.25,130.46428571428572,2,0,2
5694,Customer_5694,49,Female,New York,2022-08-20,0.0,0.0,0.0,0.0,0.0,0,1,0
5695,Customer_5695,40,Female,Phoenix,2021-09-07,0.0,0.0,0.0,0.0,0.0,0,1,0
5696,Customer_5696,42,Female,Houston,2023-06-23,53.6,1.0,1.0,53.6,53.6,0,1,0
5697,Customer_5697,40,Male,Phoenix,2022-02-19,130.73,4.0,6.0,130.73,32.6825,0,1,0
5698,Customer_5698,36,Male,Chicago,2021-01-06,284.22,3.0,3.0,284.22,94.74000000000001,0,1,0
5699,Customer_5699,43,Male,Houston,2023-04-29,1324.77,8.0,18.0,1324.77,165.59625,1,0,1
5700,Customer_5700,18,Female,Los Angeles,2021-01-13,229.41,3.0,5.0,229.41,76.47,0,1,0
5701,Customer_5701,36,Male,New York,2021-01-06,601.19,5.0,7.0,601.19,120.23800000000001,2,1,2
5702,Customer_5702,24,Male,Los Angeles,2022-06-22,742.73,6.0,7.0,742.73,123.78833333333334,2,1,2
5703,Customer_5703,48,Female,New York,2021-01-04,531.91,5.0,8.0,531.91,106.38199999999999,2,1,2
5704,Customer_5704,33,Male,Phoenix,2021-10-11,854.43,11.0,18.0,854.43,77.67545454545454,1,0,1
5705,Customer_5705,35,Male,New York,2022-12-23,273.07,2.0,3.0,273.07,136.535,0,1,0
5706,Customer_5706,18,Male,Chicago,2023-10-13,43.78,1.0,2.0,43.78,43.78,0,1,0
5707,Customer_5707,46,Male,Chicago,2022-11-24,914.51,4.0,9.0,914.51,228.6275,2,1,2
5708,Customer_5708,42,Female,Chicago,2022-10-19,235.28,2.0,2.0,235.28,117.64,0,1,0
5709,Customer_5709,41,Female,Chicago,2023-08-10,1753.17,14.0,23.0,1753.17,125.22642857142857,1,0,1
5710,Customer_5710,26,Male,New York,2022-09-20,95.54,1.0,2.0,95.54,95.54,0,1,0
5711,Customer_5711,26,Female,Chicago,2023-09-07,273.32,1.0,2.0,273.32,273.32,2,1,2
5712,Customer_5712,37,Male,Los Angeles,2023-11-20,585.16,6.0,12.0,585.16,97.52666666666666,2,1,2
5713,Customer_5713,27,Male,Phoenix,2022-01-09,1120.76,7.0,13.0,1120.76,160.10857142857142,2,0,2
5714,Customer_5714,40,Male,Houston,2023-10-08,908.4,5.0,9.0,908.4,181.68,2,1,2
5715,Customer_5715,18,Male,Phoenix,2022-10-12,525.26,5.0,6.0,525.26,105.05199999999999,2,1,2
5716,Customer_5716,30,Female,New York,2022-12-26,1048.5,8.0,10.0,1048.5,131.0625,2,0,2
5717,Customer_5717,55,Female,Los Angeles,2023-03-23,448.11,6.0,8.0,448.11,74.685,0,1,0
5718,Customer_5718,40,Female,New York,2023-12-16,402.01,3.0,3.0,402.01,134.00333333333333,0,1,0
5719,Customer_5719,37,Female,New York,2021-05-12,272.26,3.0,3.0,272.26,90.75333333333333,0,1,0
5720,Customer_5720,57,Female,New York,2023-02-20,947.67,10.0,16.0,947.6700000000001,94.76700000000001,1,0,1
5721,Customer_5721,18,Female,Houston,2021-05-02,277.19,2.0,3.0,277.19,138.595,0,1,0
5722,Customer_5722,26,Male,New York,2021-07-21,2271.63,9.0,26.0,2271.63,252.40333333333334,1,0,1
5723,Customer_5723,31,Male,Chicago,2022-12-03,1099.05,6.0,13.0,1099.05,183.17499999999998,2,0,2
5724,Customer_5724,44,Female,Phoenix,2022-07-12,784.56,2.0,7.0,784.56,392.28,2,1,2
5725,Customer_5725,45,Female,Houston,2023-11-30,236.03,2.0,2.0,236.02999999999997,118.01499999999999,0,1,0
5726,Customer_5726,25,Male,Los Angeles,2022-08-02,846.91,5.0,9.0,846.9100000000001,169.382,2,1,2
5727,Customer_5727,46,Female,Los Angeles,2023-12-22,0.0,0.0,0.0,0.0,0.0,0,1,0
5728,Customer_5728,31,Female,Los Angeles,2021-08-15,1568.97,7.0,14.0,1568.97,224.13857142857142,2,0,2
5729,Customer_5729,48,Female,New York,2021-06-23,0.0,0.0,0.0,0.0,0.0,0,1,0
5730,Customer_5730,24,Male,Chicago,2023-10-17,147.1,1.0,1.0,147.1,147.1,0,1,0
5731,Customer_5731,34,Female,Los Angeles,2021-05-23,114.18,1.0,2.0,114.18,114.18,0,1,0
5732,Customer_5732,30,Male,Phoenix,2022-07-23,0.0,0.0,0.0,0.0,0.0,0,1,0
5733,Customer_5733,47,Female,Houston,2021-10-04,0.0,0.0,0.0,0.0,0.0,0,1,0
5734,Customer_5734,29,Female,Chicago,2021-10-03,286.16,2.0,7.0,286.15999999999997,143.07999999999998,0,1,0
5735,Customer_5735,35,Female,Los Angeles,2021-08-22,8.34,1.0,1.0,8.34,8.34,0,1,0
5736,Customer_5736,41,Female,New York,2021-02-01,1340.84,10.0,16.0,1340.84,134.084,1,0,1
5737,Customer_5737,41,Male,Houston,2023-01-30,1800.4,9.0,21.0,1800.4,200.04444444444445,1,0,1
5738,Customer_5738,45,Male,Chicago,2023-03-04,118.6,1.0,2.0,118.6,118.6,0,1,0
5739,Customer_5739,37,Male,New York,2023-02-01,644.67,7.0,9.0,644.67,92.09571428571428,2,1,2
5740,Customer_5740,30,Male,New York,2021-09-22,817.14,9.0,12.0,817.14,90.79333333333334,2,0,2
5741,Customer_5741,31,Male,New York,2021-08-03,229.05,1.0,5.0,229.05,229.05,2,1,2
5742,Customer_5742,35,Male,Houston,2021-10-09,818.25,7.0,10.0,818.25,116.89285714285714,2,1,2
5743,Customer_5743,38,Male,New York,2022-06-14,1271.8,9.0,16.0,1271.8,141.3111111111111,1,0,1
5744,Customer_5744,33,Female,Chicago,2021-01-02,33.21,1.0,1.0,33.21,33.21,0,1,0
5745,Customer_5745,35,Female,Los Angeles,2022-05-28,426.32,3.0,5.0,426.32000000000005,142.10666666666668,0,1,0
5746,Customer_5746,18,Female,Chicago,2023-03-27,804.49,5.0,11.0,804.49,160.898,2,1,2
5747,Customer_5747,42,Male,Phoenix,2022-04-09,0.0,0.0,0.0,0.0,0.0,0,1,0
5748,Customer_5748,37,Female,Phoenix,2021-06-13,600.17,3.0,8.0,600.17,200.05666666666664,2,1,2
5749,Customer_5749,46,Female,Los Angeles,2022-06-22,112.92,1.0,4.0,112.92,112.92,0,1,0
5750,Customer_5750,35,Male,New York,2022-05-26,226.03,2.0,3.0,226.03,113.015,0,1,0
5751,Customer_5751,18,Male,Los Angeles,2022-07-09,1200.09,8.0,16.0,1200.09,150.01125,2,0,2
5752,Customer_5752,31,Male,Chicago,2022-10-03,1912.83,13.0,29.0,1912.8300000000002,147.14076923076925,1,0,1
5753,Customer_5753,33,Female,Chicago,2023-12-31,800.79,4.0,8.0,800.79,200.1975,2,1,2
5754,Customer_5754,43,Male,Chicago,2021-09-16,631.16,5.0,7.0,631.1600000000001,126.23200000000001,2,1,2
5755,Customer_5755,18,Female,New York,2022-03-21,110.83,1.0,1.0,110.83,110.83,0,1,0
5756,Customer_5756,35,Female,Chicago,2023-02-05,717.68,5.0,11.0,717.6800000000001,143.536,2,1,2
5757,Customer_5757,41,Female,New York,2021-03-06,1354.84,7.0,15.0,1354.84,193.54857142857142,2,0,2
5758,Customer_5758,28,Female,Houston,2022-10-20,273.31,2.0,3.0,273.31,136.655,0,1,0
5759,Customer_5759,36,Female,Los Angeles,2023-09-28,733.27,9.0,9.0,733.27,81.47444444444444,2,0,2
5760,Customer_5760,28,Male,Houston,2021-02-11,0.0,0.0,0.0,0.0,0.0,0,1,0
5761,Customer_5761,27,Female,New York,2023-05-29,1373.61,5.0,12.0,1373.6100000000001,274.72200000000004,2,0,2
5762,Customer_5762,31,Male,Los Angeles,2021-07-15,1225.63,6.0,14.0,1225.6299999999999,204.27166666666665,2,0,2
5763,Customer_5763,27,Male,Houston,2022-01-23,0.0,0.0,0.0,0.0,0.0,0,1,0
5764,Customer_5764,43,Female,New York,2021-03-06,365.2,3.0,6.0,365.20000000000005,121.73333333333335,0,1,0
5765,Customer_5765,27,Female,Houston,2021-08-11,263.05,3.0,6.0,263.04999999999995,87.68333333333332,0,1,0
5766,Customer_5766,25,Female,Chicago,2023-07-04,417.6,2.0,4.0,417.6,208.8,2,1,2
5767,Customer_5767,54,Male,Chicago,2022-03-18,1663.73,7.0,15.0,1663.73,237.6757142857143,1,0,1
5768,Customer_5768,46,Female,Los Angeles,2023-06-22,709.72,3.0,6.0,709.72,236.57333333333335,2,1,2
5769,Customer_5769,18,Female,Chicago,2022-03-29,1757.1,9.0,19.0,1757.1,195.23333333333332,1,0,1
5770,Customer_5770,27,Female,Chicago,2021-11-16,147.38,2.0,2.0,147.38,73.69,0,1,0
5771,Customer_5771,38,Male,Chicago,2023-02-09,1141.54,6.0,14.0,1141.5400000000002,190.2566666666667,2,0,2
5772,Customer_5772,39,Male,Houston,2023-06-02,0.0,0.0,0.0,0.0,0.0,0,1,0
5773,Customer_5773,19,Female,Los Angeles,2023-10-13,1998.52,14.0,25.0,1998.52,142.75142857142856,1,0,1
5774,Customer_5774,48,Male,New York,2022-03-27,317.14,3.0,4.0,317.14,105.71333333333332,0,1,0
5775,Customer_5775,44,Male,New York,2023-06-15,307.65,3.0,5.0,307.65,102.55,0,1,0
5776,Customer_5776,40,Male,New York,2023-01-13,1038.89,6.0,14.0,1038.8899999999999,173.1483333333333,2,0,2
5777,Customer_5777,50,Male,Los Angeles,2021-12-23,0.0,0.0,0.0,0.0,0.0,0,1,0
5778,Customer_5778,40,Male,Houston,2023-02-21,350.97,2.0,3.0,350.96999999999997,175.48499999999999,0,1,0
5779,Customer_5779,40,Male,Houston,2022-07-20,1412.35,7.0,15.0,1412.35,201.7642857142857,2,0,2
5780,Customer_5780,52,Male,New York,2023-12-05,95.49,1.0,1.0,95.49,95.49,0,1,0
5781,Customer_5781,47,Female,Phoenix,2022-06-12,1233.78,7.0,13.0,1233.78,176.25428571428571,2,0,2
5782,Customer_5782,26,Female,Chicago,2022-12-25,770.9,3.0,7.0,770.9000000000001,256.9666666666667,2,1,2
5783,Customer_5783,42,Female,Phoenix,2021-08-29,0.0,0.0,0.0,0.0,0.0,0,1,0
5784,Customer_5784,28,Male,Houston,2022-09-06,82.79,1.0,1.0,82.79,82.79,0,1,0
5785,Customer_5785,41,Male,Houston,2021-04-05,1899.98,15.0,29.0,1899.98,126.66533333333334,1,0,1
5786,Customer_5786,40,Female,New York,2021-12-31,0.0,0.0,0.0,0.0,0.0,0,1,0
5787,Customer_5787,20,Male,New York,2021-01-25,318.97,4.0,4.0,318.97,79.7425,0,1,0
5788,Customer_5788,34,Female,New York,2021-11-14,73.55,1.0,1.0,73.55,73.55,0,1,0
5789,Customer_5789,38,Female,Houston,2021-11-29,555.88,5.0,8.0,555.8800000000001,111.17600000000002,2,1,2
5790,Customer_5790,30,Male,Los Angeles,2023-07-03,1225.38,7.0,11.0,1225.38,175.05428571428573,2,0,2
5791,Customer_5791,38,Female,Houston,2022-07-16,703.77,5.0,10.0,703.77,140.754,2,1,2
5792,Customer_5792,44,Female,Los Angeles,2022-11-12,1033.69,8.0,16.0,1033.69,129.21125,2,0,2
5793,Customer_5793,35,Male,Houston,2021-04-10,1657.95,12.0,25.0,1657.95,138.1625,1,0,1
5794,Customer_5794,37,Male,New York,2022-01-05,176.85,1.0,3.0,176.85000000000002,176.85000000000002,0,1,0
5795,Customer_5795,50,Female,New York,2023-11-02,894.47,6.0,11.0,894.47,149.07833333333335,2,0,2
5796,Customer_5796,40,Male,Los Angeles,2022-12-21,631.7,7.0,9.0,631.7,90.24285714285715,2,1,2
5797,Customer_5797,37,Male,Los Angeles,2021-03-18,367.99,4.0,6.0,367.99,91.9975,0,1,0
5798,Customer_5798,24,Female,Los Angeles,2022-08-10,609.19,6.0,10.0,609.19,101.53166666666668,2,1,2
5799,Customer_5799,42,Female,Houston,2023-09-01,516.45,4.0,9.0,516.45,129.1125,2,1,2
5800,Customer_5800,39,Male,New York,2022-11-13,481.17,2.0,6.0,481.16999999999996,240.58499999999998,2,1,2
5801,Customer_5801,49,Female,Los Angeles,2022-11-22,511.93,4.0,7.0,511.93,127.9825,2,1,2
5802,Customer_5802,36,Male,Houston,2021-03-29,507.52,4.0,5.0,507.52,126.88,0,1,0
5803,Customer_5803,18,Male,New York,2022-04-10,829.48,7.0,12.0,829.48,118.49714285714286,2,0,2
5804,Customer_5804,18,Male,Phoenix,2022-05-09,2568.03,13.0,28.0,2568.0299999999997,197.5407692307692,1,0,1
5805,Customer_5805,43,Female,Phoenix,2021-05-16,181.64,2.0,2.0,181.64,90.82,0,1,0
5806,Customer_5806,29,Male,New York,2023-09-05,532.38,4.0,7.0,532.38,133.095,2,1,2
5807,Customer_5807,40,Female,Los Angeles,2021-07-06,0.0,0.0,0.0,0.0,0.0,0,1,0
5808,Customer_5808,36,Female,Los Angeles,2022-06-26,860.28,4.0,10.0,860.28,215.07,2,1,2
5809,Customer_5809,33,Female,Houston,2022-08-02,399.32,3.0,4.0,399.32,133.10666666666665,0,1,0
5810,Customer_5810,34,Female,Chicago,2023-07-19,0.0,0.0,0.0,0.0,0.0,0,1,0
5811,Customer_5811,25,Male,Chicago,2023-03-22,1749.95,12.0,22.0,1749.95,145.82916666666668,1,0,1
5812,Customer_5812,35,Female,Houston,2022-02-16,960.4,9.0,16.0,960.4,106.71111111111111,2,0,2
5813,Customer_5813,29,Female,New York,2021-08-05,304.23,2.0,4.0,304.22999999999996,152.11499999999998,0,1,0
5814,Customer_5814,31,Male,Houston,2022-11-01,1032.35,4.0,10.0,1032.35,258.0875,2,0,2
5815,Customer_5815,31,Female,Houston,2023-12-31,240.27,1.0,3.0,240.27,240.27,2,1,2
5816,Customer_5816,33,Male,Chicago,2023-04-10,912.84,4.0,13.0,912.84,228.21,2,0,2
5817,Customer_5817,45,Female,Phoenix,2021-10-12,198.6,1.0,3.0,198.60000000000002,198.60000000000002,0,1,0
5818,Customer_5818,34,Male,Houston,2023-06-02,23.62,1.0,1.0,23.62,23.62,0,1,0
5819,Customer_5819,46,Male,New York,2023-02-09,132.0,1.0,5.0,132.0,132.0,0,1,0
5820,Customer_5820,52,Female,Los Angeles,2022-07-23,1304.76,5.0,12.0,1304.7600000000002,260.95200000000006,2,0,2
5821,Customer_5821,44,Female,Chicago,2023-08-11,71.7,1.0,3.0,71.69999999999999,71.69999999999999,0,1,0
5822,Customer_5822,41,Female,New York,2022-07-15,1302.95,9.0,16.0,1302.95,144.77222222222224,1,0,1
5823,Customer_5823,39,Male,Phoenix,2022-11-28,2554.51,11.0,23.0,2554.51,232.22818181818184,1,0,1
5824,Customer_5824,45,Female,New York,2022-12-12,1790.28,7.0,19.0,1790.28,255.75428571428571,1,0,1
5825,Customer_5825,36,Female,Houston,2022-06-14,1614.5,8.0,19.0,1614.5,201.8125,1,0,1
5826,Customer_5826,46,Female,Chicago,2022-05-04,1430.64,8.0,17.0,1430.6399999999999,178.82999999999998,1,0,1
5827,Customer_5827,42,Female,New York,2021-01-27,1274.15,6.0,16.0,1274.15,212.35833333333335,2,0,2
5828,Customer_5828,31,Female,Phoenix,2023-12-14,43.82,1.0,1.0,43.82,43.82,0,1,0
5829,Customer_5829,45,Male,Phoenix,2022-05-19,94.26,1.0,1.0,94.26,94.26,0,1,0
5830,Customer_5830,36,Female,Chicago,2021-06-01,486.25,4.0,6.0,486.25,121.5625,0,1,0
5831,Customer_5831,34,Female,New York,2023-01-07,1023.71,7.0,12.0,1023.7099999999999,146.2442857142857,2,0,2
5832,Customer_5832,30,Male,New York,2022-04-24,1108.3,7.0,12.0,1108.3,158.32857142857142,2,0,2
5833,Customer_5833,37,Male,Los Angeles,2023-04-11,212.2,2.0,4.0,212.20000000000002,106.10000000000001,0,1,0
5834,Customer_5834,46,Female,Los Angeles,2023-04-30,214.68,2.0,3.0,214.68,107.34,0,1,0
5835,Customer_5835,45,Female,Chicago,2022-07-08,1443.42,9.0,21.0,1443.42,160.38,1,0,1
5836,Customer_5836,39,Female,Phoenix,2021-10-14,445.45,5.0,7.0,445.45,89.09,0,1,0
5837,Customer_5837,42,Male,Chicago,2022-03-31,266.52,1.0,4.0,266.52,266.52,2,1,2
5838,Customer_5838,49,Female,Phoenix,2022-09-19,180.3,3.0,3.0,180.3,60.1,0,1,0
5839,Customer_5839,33,Male,Chicago,2021-07-31,1752.12,9.0,16.0,1752.12,194.67999999999998,1,0,1
5840,Customer_5840,23,Male,Chicago,2021-12-29,361.93,3.0,6.0,361.93,120.64333333333333,0,1,0
5841,Customer_5841,49,Male,Phoenix,2022-08-21,768.38,6.0,12.0,768.38,128.06333333333333,2,1,2
5842,Customer_5842,29,Female,Chicago,2021-05-13,413.64,3.0,6.0,413.64,137.88,0,1,0
5843,Customer_5843,27,Female,Phoenix,2021-10-04,1602.55,7.0,20.0,1602.55,228.93571428571428,1,0,1
5844,Customer_5844,18,Female,Los Angeles,2022-08-28,1792.9,10.0,23.0,1792.9,179.29000000000002,1,0,1
5845,Customer_5845,41,Female,New York,2022-10-19,686.09,4.0,8.0,686.09,171.5225,2,1,2
5846,Customer_5846,18,Male,Phoenix,2022-10-29,2807.49,16.0,32.0,2807.49,175.468125,1,0,1
5847,Customer_5847,27,Male,Chicago,2021-05-16,1418.74,11.0,22.0,1418.74,128.97636363636363,1,0,1
5848,Customer_5848,41,Male,Phoenix,2023-02-04,322.36,2.0,2.0,322.36,161.18,0,1,0
5849,Customer_5849,43,Male,Phoenix,2022-03-04,1397.57,9.0,17.0,1397.57,155.28555555555556,1,0,1
5850,Customer_5850,28,Female,New York,2023-04-10,203.21,2.0,5.0,203.21,101.605,0,1,0
5851,Customer_5851,34,Female,Chicago,2023-11-19,1067.5,8.0,11.0,1067.5,133.4375,2,0,2
5852,Customer_5852,25,Female,Los Angeles,2022-08-18,892.22,5.0,10.0,892.22,178.44400000000002,2,1,2
5853,Customer_5853,29,Male,Chicago,2023-07-09,20.34,1.0,1.0,20.34,20.34,0,1,0
5854,Customer_5854,38,Male,Houston,2023-11-24,300.26,1.0,2.0,300.26,300.26,2,1,2
5855,Customer_5855,29,Male,Los Angeles,2022-05-19,162.71,3.0,3.0,162.71,54.23666666666667,0,1,0
5856,Customer_5856,32,Female,Chicago,2021-04-14,1057.87,10.0,21.0,1057.87,105.78699999999999,1,0,1
5857,Customer_5857,19,Female,Houston,2022-05-09,805.5,8.0,11.0,805.5,100.6875,2,0,2
5858,Customer_5858,47,Male,New York,2022-01-23,278.1,1.0,2.0,278.1,278.1,2,1,2
5859,Customer_5859,41,Female,Houston,2023-01-05,2764.92,16.0,30.0,2764.92,172.8075,1,0,1
5860,Customer_5860,44,Male,Chicago,2023-06-24,902.03,4.0,8.0,902.03,225.5075,2,1,2
5861,Customer_5861,49,Male,Phoenix,2021-11-29,139.96,2.0,5.0,139.95999999999998,69.97999999999999,0,1,0
5862,Customer_5862,26,Male,Los Angeles,2022-01-12,318.31,3.0,8.0,318.31,106.10333333333334,0,1,0
5863,Customer_5863,31,Female,New York,2021-08-28,565.95,1.0,5.0,565.95,565.95,2,1,2
5864,Customer_5864,18,Female,Chicago,2022-12-31,0.0,0.0,0.0,0.0,0.0,0,1,0
5865,Customer_5865,70,Female,New York,2021-07-01,161.76,1.0,1.0,161.76,161.76,0,1,0
5866,Customer_5866,33,Female,Phoenix,2023-01-14,1547.47,9.0,22.0,1547.47,171.94111111111113,1,0,1
5867,Customer_5867,46,Female,New York,2023-04-21,310.07,2.0,3.0,310.07,155.035,0,1,0
5868,Customer_5868,21,Male,Houston,2023-12-05,988.96,5.0,10.0,988.96,197.792,2,1,2
5869,Customer_5869,46,Male,Chicago,2023-10-06,1615.12,10.0,20.0,1615.1200000000001,161.512,1,0,1
5870,Customer_5870,55,Female,Los Angeles,2023-04-08,444.27,2.0,4.0,444.27,222.135,2,1,2
5871,Customer_5871,34,Female,New York,2022-08-21,0.0,0.0,0.0,0.0,0.0,0,1,0
5872,Customer_5872,24,Female,Chicago,2023-10-14,205.28,2.0,4.0,205.27999999999997,102.63999999999999,0,1,0
5873,Customer_5873,33,Female,Chicago,2021-07-20,465.69,4.0,6.0,465.69,116.4225,0,1,0
5874,Customer_5874,18,Male,Los Angeles,2021-12-09,1141.92,4.0,9.0,1141.92,285.48,2,0,2
5875,Customer_5875,35,Female,Phoenix,2022-09-23,2897.88,13.0,32.0,2897.88,222.91384615384615,1,0,1
5876,Customer_5876,44,Female,Los Angeles,2021-10-25,0.0,0.0,0.0,0.0,0.0,0,1,0
5877,Customer_5877,35,Female,Los Angeles,2022-11-29,80.14,1.0,2.0,80.14,80.14,0,1,0
5878,Customer_5878,32,Male,Chicago,2022-12-14,674.4,5.0,9.0,674.4,134.88,2,1,2
5879,Customer_5879,41,Male,New York,2023-07-19,1841.61,10.0,22.0,1841.61,184.161,1,0,1
5880,Customer_5880,42,Female,Phoenix,2023-02-17,295.71,1.0,3.0,295.71,295.71,2,1,2
5881,Customer_5881,18,Female,Los Angeles,2022-01-14,295.03,4.0,5.0,295.03,73.7575,0,1,0
5882,Customer_5882,36,Male,New York,2023-01-18,91.08,2.0,4.0,91.08000000000001,45.540000000000006,0,1,0
5883,Customer_5883,62,Male,Los Angeles,2022-12-07,373.08,3.0,4.0,373.08,124.36,0,1,0
5884,Customer_5884,20,Female,Chicago,2022-01-02,244.45,3.0,5.0,244.45,81.48333333333333,0,1,0
5885,Customer_5885,34,Male,Chicago,2023-02-10,2260.51,11.0,27.0,2260.51,205.50090909090912,1,0,1
5886,Customer_5886,56,Male,Houston,2023-12-31,45.27,1.0,1.0,45.27,45.27,0,1,0
5887,Customer_5887,47,Male,New York,2023-11-18,325.42,3.0,4.0,325.41999999999996,108.47333333333331,0,1,0
5888,Customer_5888,29,Male,Los Angeles,2021-12-15,523.49,5.0,9.0,523.49,104.69800000000001,2,1,2
5889,Customer_5889,37,Male,Houston,2021-04-03,1335.83,11.0,22.0,1335.83,121.43909090909091,1,0,1
5890,Customer_5890,35,Female,New York,2021-05-21,1019.78,8.0,14.0,1019.78,127.4725,2,0,2
5891,Customer_5891,27,Male,Phoenix,2021-12-21,536.76,4.0,7.0,536.76,134.19,2,1,2
5892,Customer_5892,34,Male,New York,2023-12-29,797.25,5.0,9.0,797.25,159.45,2,1,2
5893,Customer_5893,32,Male,Houston,2022-08-05,1314.63,7.0,22.0,1314.63,187.80428571428573,1,0,1
5894,Customer_5894,36,Female,Los Angeles,2023-06-02,361.72,3.0,8.0,361.71999999999997,120.57333333333332,0,1,0
5895,Customer_5895,27,Male,Chicago,2021-05-04,1136.47,10.0,14.0,1136.47,113.647,1,0,1
5896,Customer_5896,21,Male,New York,2022-08-26,2343.14,13.0,24.0,2343.14,180.24153846153845,1,0,1
5897,Customer_5897,35,Female,New York,2023-09-01,1624.62,9.0,17.0,1624.62,180.51333333333332,1,0,1
5898,Customer_5898,54,Male,New York,2021-11-01,0.0,0.0,0.0,0.0,0.0,0,1,0
5899,Customer_5899,36,Male,New York,2023-03-14,32.16,1.0,2.0,32.16,32.16,0,1,0
5900,Customer_5900,31,Male,Los Angeles,2023-07-26,1184.12,5.0,13.0,1184.1200000000001,236.824,2,0,2
5901,Customer_5901,43,Female,Chicago,2021-12-31,152.36,2.0,2.0,152.36,76.18,0,1,0
5902,Customer_5902,33,Female,Chicago,2023-09-19,680.94,4.0,4.0,680.94,170.235,2,1,2
5903,Customer_5903,56,Male,Houston,2021-09-23,934.19,2.0,6.0,934.19,467.095,2,1,2
5904,Customer_5904,35,Female,Chicago,2021-03-25,0.0,0.0,0.0,0.0,0.0,0,1,0
5905,Customer_5905,43,Male,Chicago,2023-05-03,935.28,3.0,10.0,935.28,311.76,2,1,2
5906,Customer_5906,27,Female,Los Angeles,2023-01-19,2521.99,12.0,29.0,2521.99,210.16583333333332,1,0,1
5907,Customer_5907,41,Female,Chicago,2021-05-31,1160.22,6.0,14.0,1160.22,193.37,2,0,2
5908,Customer_5908,38,Female,Los Angeles,2022-11-17,1324.0,12.0,22.0,1324.0,110.33333333333333,1,0,1
5909,Customer_5909,34,Male,Houston,2021-05-20,1627.54,11.0,26.0,1627.54,147.95818181818183,1,0,1
5910,Customer_5910,29,Female,New York,2021-02-24,92.2,1.0,4.0,92.2,92.2,0,1,0
5911,Customer_5911,28,Female,New York,2021-03-15,637.19,4.0,6.0,637.1899999999999,159.29749999999999,2,1,2
5912,Customer_5912,38,Female,Chicago,2023-09-24,162.41,2.0,2.0,162.41,81.205,0,1,0
5913,Customer_5913,42,Female,New York,2023-06-27,126.09,1.0,3.0,126.09,126.09,0,1,0
5914,Customer_5914,34,Male,Phoenix,2023-04-09,0.0,0.0,0.0,0.0,0.0,0,1,0
5915,Customer_5915,38,Male,Phoenix,2022-10-04,813.97,5.0,10.0,813.97,162.794,2,1,2
5916,Customer_5916,35,Female,New York,2023-01-14,143.2,2.0,2.0,143.2,71.6,0,1,0
5917,Customer_5917,36,Male,New York,2021-01-26,1617.17,12.0,23.0,1617.17,134.76416666666668,1,0,1
5918,Customer_5918,33,Female,Chicago,2022-03-11,0.0,0.0,0.0,0.0,0.0,0,1,0
5919,Customer_5919,35,Male,Chicago,2021-03-03,0.0,0.0,0.0,0.0,0.0,0,1,0
5920,Customer_5920,65,Male,Los Angeles,2022-05-05,0.0,0.0,0.0,0.0,0.0,0,1,0
5921,Customer_5921,38,Male,Houston,2022-05-08,566.48,6.0,13.0,566.48,94.41333333333334,2,1,2
5922,Customer_5922,42,Female,Chicago,2022-11-10,409.12,4.0,4.0,409.12,102.28,0,1,0
5923,Customer_5923,40,Male,Los Angeles,2022-04-13,358.08,2.0,3.0,358.08,179.04,0,1,0
5924,Customer_5924,32,Female,New York,2022-10-13,744.26,2.0,6.0,744.26,372.13,2,1,2
5925,Customer_5925,49,Male,Houston,2022-03-24,50.53,1.0,1.0,50.53,50.53,0,1,0
5926,Customer_5926,32,Female,New York,2021-07-27,113.47,2.0,2.0,113.47,56.735,0,1,0
5927,Customer_5927,47,Male,Houston,2023-09-29,93.73,1.0,1.0,93.73,93.73,0,1,0
5928,Customer_5928,31,Male,Los Angeles,2021-01-10,2074.4,11.0,21.0,2074.4,188.5818181818182,1,0,1
5929,Customer_5929,24,Male,Chicago,2023-02-26,77.82,1.0,2.0,77.82,77.82,0,1,0
5930,Customer_5930,39,Female,Phoenix,2021-01-04,401.5,4.0,7.0,401.5,100.375,0,1,0
5931,Customer_5931,23,Male,Phoenix,2022-04-12,61.64,1.0,1.0,61.64,61.64,0,1,0
5932,Customer_5932,41,Female,Los Angeles,2021-09-16,351.86,3.0,5.0,351.86,117.28666666666668,0,1,0
5933,Customer_5933,22,Male,New York,2022-12-22,773.33,7.0,9.0,773.33,110.47571428571429,2,1,2
5934,Customer_5934,31,Female,Houston,2021-10-14,495.72,2.0,4.0,495.72,247.86,2,1,2
5935,Customer_5935,19,Female,Los Angeles,2021-01-31,108.74,1.0,1.0,108.74,108.74,0,1,0
5936,Customer_5936,66,Male,New York,2022-06-05,878.47,6.0,15.0,878.47,146.41166666666666,2,0,2
5937,Customer_5937,18,Female,Phoenix,2022-12-17,1384.59,8.0,14.0,1384.5900000000001,173.07375000000002,2,0,2
5938,Customer_5938,35,Female,New York,2021-05-04,3272.54,22.0,35.0,3272.54,148.75181818181818,1,0,1
5939,Customer_5939,48,Female,New York,2023-07-11,1231.9,4.0,10.0,1231.9,307.975,2,0,2
5940,Customer_5940,46,Female,New York,2021-05-10,1686.24,7.0,18.0,1686.24,240.89142857142858,1,0,1
5941,Customer_5941,44,Male,Chicago,2023-01-16,290.37,3.0,6.0,290.37,96.79,0,1,0
5942,Customer_5942,32,Male,Chicago,2022-05-31,0.0,0.0,0.0,0.0,0.0,0,1,0
5943,Customer_5943,50,Female,Los Angeles,2023-02-13,235.34,4.0,7.0,235.34,58.835,0,1,0
5944,Customer_5944,45,Female,Los Angeles,2023-08-09,911.08,4.0,7.0,911.0799999999999,227.76999999999998,2,1,2
5945,Customer_5945,37,Female,Los Angeles,2021-03-18,888.39,5.0,9.0,888.39,177.678,2,1,2
5946,Customer_5946,38,Female,Houston,2022-01-01,0.0,0.0,0.0,0.0,0.0,0,1,0
5947,Customer_5947,32,Male,New York,2021-10-19,760.31,2.0,6.0,760.31,380.155,2,1,2
5948,Customer_5948,25,Male,Phoenix,2021-06-06,210.57,4.0,5.0,210.57,52.6425,0,1,0
5949,Customer_5949,49,Female,New York,2023-06-27,670.23,2.0,5.0,670.23,335.115,2,1,2
5950,Customer_5950,49,Female,Phoenix,2023-07-07,1420.01,8.0,18.0,1420.01,177.50125,1,0,1
5951,Customer_5951,25,Female,New York,2021-04-20,1211.99,11.0,15.0,1211.99,110.1809090909091,1,0,1
5952,Customer_5952,33,Male,Houston,2021-05-18,337.07,2.0,2.0,337.07000000000005,168.53500000000003,0,1,0
5953,Customer_5953,33,Male,New York,2023-10-17,103.57,1.0,1.0,103.57,103.57,0,1,0
5954,Customer_5954,35,Female,New York,2021-03-05,425.24,5.0,9.0,425.24,85.048,0,1,0
5955,Customer_5955,36,Female,Phoenix,2022-05-22,1074.08,7.0,15.0,1074.08,153.44,2,0,2
5956,Customer_5956,45,Male,Phoenix,2023-04-20,1175.31,8.0,20.0,1175.31,146.91375,1,0,1
5957,Customer_5957,27,Male,Los Angeles,2023-10-12,603.81,5.0,8.0,603.8100000000001,120.76200000000001,2,1,2
5958,Customer_5958,26,Female,Houston,2023-09-04,606.58,7.0,10.0,606.58,86.65428571428572,2,1,2
5959,Customer_5959,49,Female,Chicago,2023-02-28,1187.21,6.0,14.0,1187.21,197.86833333333334,2,0,2
5960,Customer_5960,30,Female,Phoenix,2021-12-16,0.0,0.0,0.0,0.0,0.0,0,1,0
5961,Customer_5961,21,Male,Los Angeles,2021-05-27,1976.31,12.0,23.0,1976.31,164.6925,1,0,1
5962,Customer_5962,30,Female,Chicago,2023-05-12,852.24,4.0,10.0,852.24,213.06,2,1,2
5963,Customer_5963,31,Female,Chicago,2022-02-11,535.37,4.0,8.0,535.37,133.8425,2,1,2
5964,Customer_5964,52,Male,Los Angeles,2021-12-10,814.7,6.0,12.0,814.6999999999999,135.78333333333333,2,1,2
5965,Customer_5965,45,Female,Phoenix,2022-10-14,341.65,4.0,9.0,341.65,85.4125,0,1,0
5966,Customer_5966,48,Male,New York,2022-12-06,360.93,2.0,3.0,360.93,180.465,0,1,0
5967,Customer_5967,44,Female,New York,2023-02-10,751.07,7.0,13.0,751.0699999999999,107.29571428571428,2,0,2
5968,Customer_5968,45,Female,Chicago,2021-02-08,142.27,2.0,2.0,142.26999999999998,71.13499999999999,0,1,0
5969,Customer_5969,27,Male,Chicago,2021-10-14,0.0,0.0,0.0,0.0,0.0,0,1,0
5970,Customer_5970,33,Female,New York,2023-08-26,1512.05,4.0,10.0,1512.05,378.0125,2,0,2
5971,Customer_5971,24,Male,Los Angeles,2023-06-10,755.1,3.0,6.0,755.1,251.70000000000002,2,1,2
5972,Customer_5972,33,Male,Phoenix,2022-10-24,1472.0,8.0,24.0,1472.0,184.0,1,0,1
5973,Customer_5973,43,Female,New York,2023-10-26,202.34,1.0,2.0,202.34,202.34,0,1,0
5974,Customer_5974,36,Male,Chicago,2021-08-24,531.88,4.0,4.0,531.88,132.97,0,1,0
5975,Customer_5975,49,Female,Houston,2021-08-24,1104.26,10.0,15.0,1104.26,110.426,1,0,1
5976,Customer_5976,22,Male,Los Angeles,2023-08-27,44.74,1.0,2.0,44.74,44.74,0,1,0
5977,Customer_5977,41,Female,Phoenix,2022-05-16,605.1,4.0,8.0,605.1,151.275,2,1,2
5978,Customer_5978,21,Male,Houston,2021-08-27,1042.44,4.0,8.0,1042.44,260.61,2,1,2
5979,Customer_5979,36,Female,Los Angeles,2023-04-09,164.16,2.0,3.0,164.16,82.08,0,1,0
5980,Customer_5980,43,Female,Chicago,2021-02-21,508.86,4.0,5.0,508.86,127.215,0,1,0
5981,Customer_5981,33,Male,Houston,2021-04-18,1021.51,5.0,12.0,1021.51,204.302,2,0,2
5982,Customer_5982,41,Male,Chicago,2023-11-23,797.93,4.0,7.0,797.9300000000001,199.48250000000002,2,1,2
5983,Customer_5983,24,Female,Phoenix,2021-01-22,1528.8,10.0,19.0,1528.8,152.88,1,0,1
5984,Customer_5984,18,Female,Los Angeles,2021-11-03,126.19,2.0,3.0,126.19,63.095,0,1,0
5985,Customer_5985,41,Male,Los Angeles,2021-01-11,84.91,1.0,1.0,84.91,84.91,0,1,0
5986,Customer_5986,54,Male,New York,2022-07-16,25.33,1.0,1.0,25.33,25.33,0,1,0
5987,Customer_5987,24,Female,New York,2021-07-17,484.81,2.0,5.0,484.80999999999995,242.40499999999997,2,1,2
5988,Customer_5988,48,Female,New York,2023-12-04,311.58,4.0,6.0,311.58,77.895,0,1,0
5989,Customer_5989,35,Female,Phoenix,2022-01-24,1134.13,6.0,10.0,1134.13,189.02166666666668,2,0,2
5990,Customer_5990,20,Male,Houston,2022-07-05,0.0,0.0,0.0,0.0,0.0,0,1,0
5991,Customer_5991,23,Female,Chicago,2022-05-11,447.79,5.0,5.0,447.78999999999996,89.55799999999999,0,1,0
5992,Customer_5992,35,Female,Chicago,2022-05-20,457.89,4.0,6.0,457.89,114.4725,0,1,0
5993,Customer_5993,31,Male,Houston,2021-05-17,293.4,1.0,5.0,293.4,293.4,2,1,2
5994,Customer_5994,21,Female,Chicago,2023-09-16,25.15,1.0,1.0,25.15,25.15,0,1,0
5995,Customer_5995,18,Female,Phoenix,2021-06-13,159.0,2.0,3.0,159.0,79.5,0,1,0
5996,Customer_5996,26,Female,Los Angeles,2023-05-02,1173.32,5.0,10.0,1173.32,234.664,2,0,2
5997,Customer_5997,37,Female,Phoenix,2023-11-13,579.26,3.0,9.0,579.26,193.08666666666667,2,1,2
5998,Customer_5998,35,Female,Houston,2022-12-12,770.25,5.0,8.0,770.25,154.05,2,1,2
5999,Customer_5999,29,Male,Los Angeles,2022-05-22,660.34,5.0,6.0,660.3399999999999,132.06799999999998,2,1,2
6000,Customer_6000,37,Female,Chicago,2022-11-17,166.0,1.0,1.0,166.0,166.0,0,1,0
6001,Customer_6001,46,Male,Chicago,2022-12-09,0.0,0.0,0.0,0.0,0.0,0,1,0
6002,Customer_6002,39,Male,New York,2021-05-22,142.14,1.0,3.0,142.14000000000001,142.14000000000001,0,1,0
6003,Customer_6003,34,Male,Chicago,2021-10-08,325.51,4.0,4.0,325.51,81.3775,0,1,0
6004,Customer_6004,45,Female,Los Angeles,2023-08-25,1133.07,8.0,16.0,1133.07,141.63375,2,0,2
6005,Customer_6005,24,Female,New York,2021-10-29,806.18,6.0,9.0,806.1800000000001,134.36333333333334,2,1,2
6006,Customer_6006,33,Female,Phoenix,2022-02-01,517.41,5.0,6.0,517.41,103.482,0,1,0
6007,Customer_6007,33,Female,Chicago,2021-11-14,142.38,2.0,5.0,142.38,71.19,0,1,0
6008,Customer_6008,21,Female,Phoenix,2023-06-27,1683.47,16.0,24.0,1683.47,105.216875,1,0,1
6009,Customer_6009,30,Male,Houston,2023-05-30,731.77,3.0,8.0,731.77,243.92333333333332,2,1,2
6010,Customer_6010,18,Female,Los Angeles,2023-05-08,209.4,4.0,6.0,209.4,52.35,0,1,0
6011,Customer_6011,56,Female,Chicago,2023-12-08,38.4,1.0,1.0,38.4,38.4,0,1,0
6012,Customer_6012,25,Female,Houston,2022-11-04,1901.91,11.0,22.0,1901.9099999999999,172.90090909090907,1,0,1
6013,Customer_6013,52,Male,Phoenix,2023-09-02,1387.6,6.0,16.0,1387.6,231.26666666666665,2,0,2
6014,Customer_6014,35,Female,Los Angeles,2022-11-08,771.95,5.0,7.0,771.95,154.39000000000001,2,1,2
6015,Customer_6015,41,Male,Phoenix,2022-01-14,1313.47,7.0,19.0,1313.4699999999998,187.6385714285714,1,0,1
6016,Customer_6016,30,Female,Phoenix,2021-08-05,647.22,5.0,7.0,647.22,129.44400000000002,2,1,2
6017,Customer_6017,37,Male,Houston,2023-04-29,1168.2,6.0,13.0,1168.2,194.70000000000002,2,0,2
6018,Customer_6018,42,Male,Phoenix,2023-05-18,424.03,3.0,5.0,424.03000000000003,141.34333333333333,0,1,0
6019,Customer_6019,42,Female,Los Angeles,2022-03-10,1712.07,8.0,14.0,1712.07,214.00875,1,0,1
6020,Customer_6020,44,Female,Phoenix,2023-01-26,692.3,5.0,13.0,692.3,138.45999999999998,2,1,2
6021,Customer_6021,31,Female,Houston,2023-07-31,175.31,2.0,2.0,175.31,87.655,0,1,0
6022,Customer_6022,30,Female,New York,2022-12-08,0.0,0.0,0.0,0.0,0.0,0,1,0
6023,Customer_6023,18,Male,Phoenix,2022-08-22,466.14,4.0,6.0,466.14,116.535,0,1,0
6024,Customer_6024,41,Male,Chicago,2021-08-24,556.45,3.0,4.0,556.4499999999999,185.48333333333332,2,1,2
6025,Customer_6025,47,Male,Los Angeles,2021-04-10,969.56,5.0,9.0,969.56,193.91199999999998,2,1,2
6026,Customer_6026,53,Male,Chicago,2023-01-09,87.85,1.0,1.0,87.85,87.85,0,1,0
6027,Customer_6027,38,Female,New York,2021-04-29,833.95,4.0,8.0,833.9499999999999,208.48749999999998,2,1,2
6028,Customer_6028,27,Female,Los Angeles,2022-12-09,1555.75,11.0,15.0,1555.75,141.4318181818182,1,0,1
6029,Customer_6029,18,Male,Houston,2021-03-29,854.49,5.0,8.0,854.49,170.898,2,1,2
6030,Customer_6030,46,Female,New York,2021-02-05,1189.22,6.0,17.0,1189.22,198.20333333333335,2,0,2
6031,Customer_6031,18,Male,Los Angeles,2021-11-10,151.02,2.0,5.0,151.01999999999998,75.50999999999999,0,1,0
6032,Customer_6032,31,Female,New York,2022-07-05,662.92,2.0,6.0,662.9200000000001,331.46000000000004,2,1,2
6033,Customer_6033,33,Female,Los Angeles,2022-03-03,432.99,4.0,6.0,432.99,108.2475,0,1,0
6034,Customer_6034,34,Male,Houston,2022-06-01,2428.08,18.0,39.0,2428.08,134.89333333333332,1,0,1
6035,Customer_6035,35,Female,Houston,2022-10-15,1210.32,4.0,12.0,1210.32,302.58,2,0,2
6036,Customer_6036,37,Male,Phoenix,2021-01-09,859.38,6.0,12.0,859.38,143.23,2,0,2
6037,Customer_6037,18,Male,Chicago,2021-02-26,19.33,1.0,1.0,19.33,19.33,0,1,0
6038,Customer_6038,35,Male,Los Angeles,2021-10-10,232.84,2.0,5.0,232.83999999999997,116.41999999999999,0,1,0
6039,Customer_6039,18,Male,Phoenix,2022-04-06,117.95,1.0,1.0,117.95,117.95,0,1,0
6040,Customer_6040,43,Male,Houston,2022-08-17,533.71,5.0,6.0,533.71,106.742,2,1,2
6041,Customer_6041,29,Male,Chicago,2023-07-19,1340.25,7.0,17.0,1340.25,191.46428571428572,2,0,2
6042,Customer_6042,18,Female,Houston,2021-03-06,282.38,3.0,4.0,282.38,94.12666666666667,0,1,0
6043,Customer_6043,26,Female,Phoenix,2023-05-05,1083.27,4.0,10.0,1083.27,270.8175,2,0,2
6044,Customer_6044,29,Male,Houston,2023-03-13,372.78,5.0,6.0,372.78,74.556,0,1,0
6045,Customer_6045,48,Female,Los Angeles,2021-05-16,77.7,1.0,3.0,77.69999999999999,77.69999999999999,0,1,0
6046,Customer_6046,37,Female,Houston,2023-02-01,294.21,4.0,4.0,294.21000000000004,73.55250000000001,0,1,0
6047,Customer_6047,39,Female,New York,2023-10-07,294.89,3.0,6.0,294.89,98.29666666666667,0,1,0
6048,Customer_6048,48,Male,Los Angeles,2023-12-08,0.0,0.0,0.0,0.0,0.0,0,1,0
6049,Customer_6049,34,Male,Los Angeles,2022-09-04,1041.21,7.0,14.0,1041.21,148.74428571428572,2,0,2
6050,Customer_6050,43,Female,New York,2023-04-30,1478.66,6.0,11.0,1478.66,246.44333333333336,2,0,2
6051,Customer_6051,43,Male,New York,2021-04-27,0.0,0.0,0.0,0.0,0.0,0,1,0
6052,Customer_6052,21,Male,New York,2023-02-18,397.6,2.0,5.0,397.6,198.8,2,1,2
6053,Customer_6053,51,Male,Chicago,2023-03-31,1148.91,10.0,19.0,1148.91,114.891,1,0,1
6054,Customer_6054,19,Male,Houston,2023-10-20,354.08,2.0,6.0,354.08,177.04,2,1,2
6055,Customer_6055,45,Male,Phoenix,2022-04-24,1417.15,9.0,20.0,1417.15,157.4611111111111,1,0,1
6056,Customer_6056,18,Female,Los Angeles,2022-06-20,1867.21,8.0,22.0,1867.21,233.40125,1,0,1
6057,Customer_6057,42,Male,Chicago,2022-05-09,673.77,4.0,7.0,673.77,168.4425,2,1,2
6058,Customer_6058,55,Female,Phoenix,2022-02-09,737.44,3.0,6.0,737.4399999999999,245.8133333333333,2,1,2
6059,Customer_6059,33,Male,New York,2021-04-06,1665.42,10.0,19.0,1665.42,166.542,1,0,1
6060,Customer_6060,32,Male,Houston,2021-09-11,471.98,4.0,10.0,471.98,117.995,2,1,2
6061,Customer_6061,42,Female,Houston,2022-02-18,1748.9,11.0,20.0,1748.8999999999999,158.99090909090907,1,0,1
6062,Customer_6062,31,Female,New York,2022-08-07,142.96,2.0,3.0,142.95999999999998,71.47999999999999,0,1,0
6063,Customer_6063,55,Male,Phoenix,2022-07-30,163.02,2.0,2.0,163.01999999999998,81.50999999999999,0,1,0
6064,Customer_6064,37,Female,Houston,2021-08-31,0.0,0.0,0.0,0.0,0.0,0,1,0
6065,Customer_6065,31,Male,New York,2022-10-01,178.78,1.0,2.0,178.78,178.78,0,1,0
6066,Customer_6066,29,Female,New York,2021-02-08,657.01,4.0,5.0,657.01,164.2525,2,1,2
6067,Customer_6067,25,Female,New York,2021-12-19,94.55,1.0,1.0,94.55,94.55,0,1,0
6068,Customer_6068,28,Male,Los Angeles,2022-03-02,655.13,7.0,14.0,655.13,93.59,2,0,2
6069,Customer_6069,31,Male,Chicago,2023-09-09,141.41,2.0,2.0,141.41,70.705,0,1,0
6070,Customer_6070,30,Male,Chicago,2022-05-25,288.5,2.0,3.0,288.5,144.25,0,1,0
6071,Customer_6071,28,Female,Los Angeles,2021-05-20,361.57,3.0,6.0,361.57,120.52333333333333,0,1,0
6072,Customer_6072,58,Male,Phoenix,2021-09-09,1277.04,6.0,15.0,1277.04,212.84,2,0,2
6073,Customer_6073,24,Male,Los Angeles,2022-10-31,166.48,2.0,2.0,166.48000000000002,83.24000000000001,0,1,0
6074,Customer_6074,37,Male,New York,2021-11-13,1858.96,8.0,17.0,1858.96,232.37,1,0,1
6075,Customer_6075,42,Male,Los Angeles,2022-02-24,294.44,2.0,4.0,294.44,147.22,0,1,0
6076,Customer_6076,42,Male,Chicago,2023-05-29,233.05,4.0,6.0,233.04999999999998,58.262499999999996,0,1,0
6077,Customer_6077,34,Female,Los Angeles,2023-01-19,163.94,1.0,1.0,163.94,163.94,0,1,0
6078,Customer_6078,32,Female,Los Angeles,2023-06-17,373.11,2.0,6.0,373.11,186.555,2,1,2
6079,Customer_6079,40,Male,New York,2023-11-19,42.47,1.0,1.0,42.47,42.47,0,1,0
6080,Customer_6080,38,Female,Houston,2023-12-01,229.7,1.0,5.0,229.7,229.7,2,1,2
6081,Customer_6081,32,Male,Phoenix,2022-06-25,139.93,1.0,1.0,139.93,139.93,0,1,0
6082,Customer_6082,18,Female,Los Angeles,2022-07-24,994.34,8.0,12.0,994.34,124.2925,2,0,2
6083,Customer_6083,30,Male,Los Angeles,2022-12-24,1515.09,9.0,17.0,1515.09,168.34333333333333,1,0,1
6084,Customer_6084,22,Male,Chicago,2023-09-28,41.34,1.0,1.0,41.34,41.34,0,1,0
6085,Customer_6085,28,Female,Houston,2023-05-26,981.07,5.0,10.0,981.0699999999999,196.214,2,1,2
6086,Customer_6086,35,Female,Los Angeles,2021-07-08,555.11,3.0,6.0,555.11,185.03666666666666,2,1,2
6087,Customer_6087,39,Female,Phoenix,2022-03-26,243.19,2.0,9.0,243.19,121.595,0,1,0
6088,Customer_6088,55,Male,Chicago,2021-04-04,767.91,4.0,8.0,767.9100000000001,191.97750000000002,2,1,2
6089,Customer_6089,29,Male,Los Angeles,2021-10-10,660.77,2.0,5.0,660.77,330.385,2,1,2
6090,Customer_6090,44,Female,Chicago,2022-07-24,0.0,0.0,0.0,0.0,0.0,0,1,0
6091,Customer_6091,38,Male,Phoenix,2021-01-25,563.72,1.0,4.0,563.72,563.72,2,1,2
6092,Customer_6092,49,Female,Houston,2021-09-17,467.89,3.0,6.0,467.89,155.96333333333334,2,1,2
6093,Customer_6093,41,Female,New York,2022-05-12,0.0,0.0,0.0,0.0,0.0,0,1,0
6094,Customer_6094,24,Male,Los Angeles,2021-04-25,665.35,5.0,8.0,665.35,133.07,2,1,2
6095,Customer_6095,18,Female,Chicago,2022-03-28,138.11,2.0,3.0,138.10999999999999,69.05499999999999,0,1,0
6096,Customer_6096,38,Female,Los Angeles,2022-12-01,0.0,0.0,0.0,0.0,0.0,0,1,0
6097,Customer_6097,29,Female,Houston,2023-02-11,869.11,5.0,9.0,869.11,173.822,2,1,2
6098,Customer_6098,24,Female,Houston,2022-01-20,626.07,3.0,5.0,626.0699999999999,208.68999999999997,2,1,2
6099,Customer_6099,21,Female,Houston,2022-09-05,1518.58,7.0,14.0,1518.5800000000002,216.94000000000003,2,0,2
6100,Customer_6100,37,Female,Phoenix,2023-09-16,637.64,7.0,10.0,637.64,91.09142857142857,2,1,2
6101,Customer_6101,52,Male,Los Angeles,2021-08-07,1633.01,9.0,16.0,1633.01,181.44555555555556,1,0,1
6102,Customer_6102,31,Female,Phoenix,2023-05-30,57.49,1.0,1.0,57.49,57.49,0,1,0
6103,Customer_6103,41,Male,Houston,2022-07-11,0.0,0.0,0.0,0.0,0.0,0,1,0
6104,Customer_6104,34,Female,Los Angeles,2023-12-23,1508.86,7.0,15.0,1508.86,215.55142857142854,2,0,2
6105,Customer_6105,21,Female,Houston,2021-12-16,182.16,1.0,2.0,182.16,182.16,0,1,0
6106,Customer_6106,43,Male,New York,2022-01-25,1003.38,6.0,13.0,1003.38,167.23,2,0,2
6107,Customer_6107,23,Male,Houston,2023-03-15,1402.81,8.0,16.0,1402.8100000000002,175.35125000000002,1,0,1
6108,Customer_6108,35,Female,Chicago,2022-01-12,678.64,9.0,16.0,678.64,75.40444444444444,2,0,2
6109,Customer_6109,31,Male,Los Angeles,2023-05-21,329.99,2.0,3.0,329.99,164.995,0,1,0
6110,Customer_6110,45,Male,Chicago,2021-03-07,0.0,0.0,0.0,0.0,0.0,0,1,0
6111,Customer_6111,23,Male,Chicago,2023-01-16,1076.27,9.0,13.0,1076.27,119.58555555555556,2,0,2
6112,Customer_6112,39,Female,New York,2021-01-08,846.39,5.0,12.0,846.39,169.278,2,1,2
6113,Customer_6113,26,Female,New York,2021-01-27,3122.95,19.0,31.0,3122.9500000000003,164.36578947368423,1,0,1
6114,Customer_6114,29,Female,Los Angeles,2021-10-17,0.0,0.0,0.0,0.0,0.0,0,1,0
6115,Customer_6115,18,Male,Chicago,2021-01-28,404.31,2.0,3.0,404.31,202.155,2,1,2
6116,Customer_6116,58,Female,Phoenix,2022-04-12,2124.9,11.0,23.0,2124.9,193.1727272727273,1,0,1
6117,Customer_6117,41,Male,Phoenix,2021-04-18,2176.36,14.0,21.0,2176.36,155.45428571428573,1,0,1
6118,Customer_6118,27,Female,Chicago,2023-06-10,994.45,4.0,10.0,994.45,248.6125,2,1,2
6119,Customer_6119,23,Female,Houston,2022-03-15,915.27,7.0,12.0,915.2700000000001,130.75285714285715,2,0,2
6120,Customer_6120,30,Male,Los Angeles,2021-07-22,0.0,0.0,0.0,0.0,0.0,0,1,0
6121,Customer_6121,43,Female,Houston,2023-02-16,400.88,4.0,5.0,400.88,100.22,0,1,0
6122,Customer_6122,18,Male,New York,2023-09-17,1001.73,6.0,14.0,1001.7299999999999,166.95499999999998,2,0,2
6123,Customer_6123,33,Male,Los Angeles,2021-10-28,877.47,5.0,16.0,877.47,175.494,2,0,2
6124,Customer_6124,54,Male,Chicago,2022-03-14,1247.76,7.0,11.0,1247.76,178.25142857142856,2,0,2
6125,Customer_6125,23,Male,New York,2023-11-01,607.7,3.0,7.0,607.7,202.5666666666667,2,1,2
6126,Customer_6126,36,Male,Houston,2023-04-17,405.28,3.0,5.0,405.28,135.09333333333333,0,1,0
6127,Customer_6127,59,Male,Houston,2022-08-30,0.0,0.0,0.0,0.0,0.0,0,1,0
6128,Customer_6128,42,Male,Los Angeles,2022-10-04,272.2,3.0,5.0,272.2,90.73333333333333,0,1,0
6129,Customer_6129,36,Female,Los Angeles,2021-04-20,985.26,6.0,9.0,985.2600000000001,164.21,2,1,2
6130,Customer_6130,41,Female,Phoenix,2022-10-05,0.0,0.0,0.0,0.0,0.0,0,1,0
6131,Customer_6131,31,Female,Houston,2022-12-04,544.72,3.0,6.0,544.72,181.57333333333335,2,1,2
6132,Customer_6132,49,Female,Los Angeles,2023-03-12,0.0,0.0,0.0,0.0,0.0,0,1,0
6133,Customer_6133,31,Male,Los Angeles,2023-05-20,0.0,0.0,0.0,0.0,0.0,0,1,0
6134,Customer_6134,18,Male,Houston,2023-07-08,81.06,1.0,3.0,81.06,81.06,0,1,0
6135,Customer_6135,31,Male,Chicago,2023-04-29,111.76,2.0,4.0,111.76,55.88,0,1,0
6136,Customer_6136,24,Female,New York,2022-05-22,0.0,0.0,0.0,0.0,0.0,0,1,0
6137,Customer_6137,32,Male,Los Angeles,2021-06-26,309.65,2.0,6.0,309.65,154.825,0,1,0
6138,Customer_6138,32,Female,Phoenix,2022-10-30,0.0,0.0,0.0,0.0,0.0,0,1,0
6139,Customer_6139,48,Male,Houston,2022-05-26,505.13,3.0,5.0,505.13,168.37666666666667,2,1,2
6140,Customer_6140,43,Male,Phoenix,2021-04-19,67.78,1.0,1.0,67.78,67.78,0,1,0
6141,Customer_6141,38,Female,Houston,2023-05-22,27.46,1.0,1.0,27.46,27.46,0,1,0
6142,Customer_6142,35,Female,Phoenix,2022-05-04,605.17,5.0,8.0,605.17,121.03399999999999,2,1,2
6143,Customer_6143,23,Female,New York,2023-01-03,879.19,5.0,9.0,879.19,175.83800000000002,2,1,2
6144,Customer_6144,18,Male,Houston,2021-10-08,123.36,2.0,4.0,123.35999999999999,61.67999999999999,0,1,0
6145,Customer_6145,36,Male,New York,2023-06-22,243.98,2.0,2.0,243.98,121.99,0,1,0
6146,Customer_6146,44,Male,Houston,2022-02-22,68.51,2.0,3.0,68.50999999999999,34.254999999999995,0,1,0
6147,Customer_6147,34,Female,Los Angeles,2023-01-24,48.9,1.0,2.0,48.9,48.9,0,1,0
6148,Customer_6148,29,Female,Los Angeles,2022-10-24,1218.64,8.0,18.0,1218.6399999999999,152.32999999999998,1,0,1
6149,Customer_6149,40,Male,Phoenix,2022-11-19,284.13,4.0,6.0,284.13,71.0325,0,1,0
6150,Customer_6150,34,Male,Phoenix,2021-04-14,675.8,4.0,6.0,675.8,168.95,2,1,2
6151,Customer_6151,54,Female,New York,2022-12-13,1308.62,6.0,13.0,1308.62,218.10333333333332,2,0,2
6152,Customer_6152,49,Female,Chicago,2022-08-05,260.68,3.0,4.0,260.68,86.89333333333333,0,1,0
6153,Customer_6153,46,Male,Los Angeles,2021-02-26,0.0,0.0,0.0,0.0,0.0,0,1,0
6154,Customer_6154,43,Female,Los Angeles,2022-08-01,496.01,3.0,4.0,496.01,165.33666666666667,2,1,2
6155,Customer_6155,21,Female,Houston,2023-12-18,0.0,0.0,0.0,0.0,0.0,0,1,0
6156,Customer_6156,42,Female,Los Angeles,2021-04-27,168.26,2.0,3.0,168.26,84.13,0,1,0
6157,Customer_6157,39,Male,Phoenix,2023-03-30,1880.3,13.0,25.0,1880.3,144.63846153846154,1,0,1
6158,Customer_6158,42,Male,New York,2023-11-11,861.84,4.0,10.0,861.8399999999999,215.45999999999998,2,1,2
6159,Customer_6159,40,Male,Chicago,2021-03-20,439.86,1.0,3.0,439.86,439.86,2,1,2
6160,Customer_6160,40,Male,Houston,2022-07-13,875.28,8.0,10.0,875.28,109.41,2,0,2
6161,Customer_6161,65,Female,Los Angeles,2023-06-05,450.75,2.0,3.0,450.75,225.375,2,1,2
6162,Customer_6162,34,Female,Los Angeles,2021-04-18,910.69,6.0,11.0,910.6899999999999,151.78166666666667,2,0,2
6163,Customer_6163,45,Male,Houston,2023-03-10,0.0,0.0,0.0,0.0,0.0,0,1,0
6164,Customer_6164,30,Female,Houston,2022-11-19,950.68,2.0,6.0,950.6800000000001,475.34000000000003,2,1,2
6165,Customer_6165,44,Male,Los Angeles,2021-03-11,977.32,5.0,12.0,977.32,195.464,2,0,2
6166,Customer_6166,45,Female,Chicago,2022-01-22,99.08,1.0,1.0,99.08,99.08,0,1,0
6167,Customer_6167,39,Female,New York,2023-05-05,563.65,4.0,9.0,563.65,140.9125,2,1,2
6168,Customer_6168,53,Female,New York,2023-12-18,176.53,2.0,2.0,176.53,88.265,0,1,0
6169,Customer_6169,25,Female,Chicago,2021-09-02,199.23,1.0,3.0,199.23,199.23,0,1,0
6170,Customer_6170,30,Female,New York,2023-12-05,469.39,4.0,7.0,469.39,117.3475,2,1,2
6171,Customer_6171,37,Female,Houston,2022-11-15,930.15,4.0,9.0,930.15,232.5375,2,1,2
6172,Customer_6172,45,Male,Houston,2023-02-24,429.77,2.0,5.0,429.77,214.885,2,1,2
6173,Customer_6173,37,Female,Phoenix,2021-03-12,686.14,4.0,9.0,686.14,171.535,2,1,2
6174,Customer_6174,49,Male,Houston,2021-04-18,45.52,1.0,2.0,45.52,45.52,0,1,0
6175,Customer_6175,28,Male,Phoenix,2022-12-23,0.0,0.0,0.0,0.0,0.0,0,1,0
6176,Customer_6176,22,Male,Chicago,2021-10-29,561.68,6.0,8.0,561.68,93.61333333333333,2,1,2
6177,Customer_6177,38,Male,Chicago,2022-06-12,139.66,2.0,2.0,139.66,69.83,0,1,0
6178,Customer_6178,34,Male,Phoenix,2023-08-10,557.66,3.0,4.0,557.66,185.88666666666666,2,1,2
6179,Customer_6179,41,Female,Chicago,2021-09-13,449.95,5.0,6.0,449.95,89.99,0,1,0
6180,Customer_6180,35,Female,New York,2023-08-12,90.58,1.0,2.0,90.58,90.58,0,1,0
6181,Customer_6181,31,Female,Houston,2023-07-13,1535.42,10.0,20.0,1535.42,153.542,1,0,1
6182,Customer_6182,34,Male,Phoenix,2022-07-16,0.0,0.0,0.0,0.0,0.0,0,1,0
6183,Customer_6183,35,Male,Houston,2021-12-26,69.83,1.0,1.0,69.83,69.83,0,1,0
6184,Customer_6184,32,Female,Chicago,2021-10-23,507.06,4.0,7.0,507.06000000000006,126.76500000000001,2,1,2
6185,Customer_6185,33,Female,Houston,2021-04-03,0.0,0.0,0.0,0.0,0.0,0,1,0
6186,Customer_6186,31,Male,Phoenix,2023-05-11,0.0,0.0,0.0,0.0,0.0,0,1,0
6187,Customer_6187,44,Female,New York,2023-09-17,712.16,3.0,7.0,712.16,237.38666666666666,2,1,2
6188,Customer_6188,37,Male,Chicago,2022-04-29,754.12,8.0,12.0,754.12,94.265,2,0,2
6189,Customer_6189,60,Male,Los Angeles,2023-05-26,447.42,2.0,6.0,447.42,223.71,2,1,2
6190,Customer_6190,37,Male,Chicago,2021-12-07,1061.72,8.0,15.0,1061.72,132.715,2,0,2
6191,Customer_6191,29,Male,Chicago,2021-11-26,0.0,0.0,0.0,0.0,0.0,0,1,0
6192,Customer_6192,64,Male,New York,2023-03-10,350.06,3.0,3.0,350.06,116.68666666666667,0,1,0
6193,Customer_6193,40,Female,New York,2021-07-20,541.89,4.0,7.0,541.89,135.4725,2,1,2
6194,Customer_6194,46,Male,Chicago,2023-01-13,1164.58,8.0,22.0,1164.58,145.5725,1,0,1
6195,Customer_6195,42,Male,New York,2021-04-08,71.05,1.0,1.0,71.05,71.05,0,1,0
6196,Customer_6196,42,Female,Los Angeles,2023-04-19,125.48,1.0,1.0,125.48,125.48,0,1,0
6197,Customer_6197,41,Female,Houston,2021-12-18,490.25,4.0,7.0,490.25,122.5625,2,1,2
6198,Customer_6198,23,Female,Los Angeles,2022-04-12,300.98,3.0,6.0,300.98,100.32666666666667,0,1,0
6199,Customer_6199,39,Female,Chicago,2023-11-06,0.0,0.0,0.0,0.0,0.0,0,1,0
6200,Customer_6200,20,Male,Phoenix,2022-04-01,538.92,2.0,6.0,538.92,269.46,2,1,2
6201,Customer_6201,33,Male,New York,2021-09-15,1443.94,11.0,19.0,1443.94,131.26727272727274,1,0,1
6202,Customer_6202,27,Female,Los Angeles,2021-03-03,379.4,1.0,2.0,379.4,379.4,2,1,2
6203,Customer_6203,39,Female,Chicago,2022-04-27,501.99,2.0,3.0,501.99,250.995,2,1,2
6204,Customer_6204,39,Male,Houston,2023-09-27,497.89,3.0,8.0,497.89,165.96333333333334,2,1,2
6205,Customer_6205,40,Female,Phoenix,2022-09-27,568.68,1.0,4.0,568.68,568.68,2,1,2
6206,Customer_6206,38,Female,Phoenix,2023-12-02,286.76,3.0,4.0,286.76,95.58666666666666,0,1,0
6207,Customer_6207,28,Male,Houston,2023-12-12,1011.87,3.0,10.0,1011.8700000000001,337.29,2,0,2
6208,Customer_6208,32,Male,New York,2023-07-05,3183.55,12.0,31.0,3183.55,265.29583333333335,1,0,1
6209,Customer_6209,45,Female,New York,2021-11-08,0.0,0.0,0.0,0.0,0.0,0,1,0
6210,Customer_6210,47,Female,Los Angeles,2022-08-02,502.91,4.0,9.0,502.91,125.7275,2,1,2
6211,Customer_6211,22,Female,New York,2021-02-28,188.84,3.0,3.0,188.84,62.946666666666665,0,1,0
6212,Customer_6212,18,Male,Houston,2021-10-31,356.95,2.0,5.0,356.95,178.475,2,1,2
6213,Customer_6213,27,Male,Chicago,2021-02-04,257.65,4.0,5.0,257.65,64.4125,0,1,0
6214,Customer_6214,46,Female,New York,2022-10-10,965.58,7.0,10.0,965.58,137.94,2,0,2
6215,Customer_6215,48,Male,Houston,2023-10-08,234.57,2.0,3.0,234.57,117.285,0,1,0
6216,Customer_6216,25,Male,New York,2022-05-08,0.0,0.0,0.0,0.0,0.0,0,1,0
6217,Customer_6217,38,Female,Los Angeles,2022-05-06,0.0,0.0,0.0,0.0,0.0,0,1,0
6218,Customer_6218,55,Female,Chicago,2021-08-09,611.19,3.0,8.0,611.19,203.73000000000002,2,1,2
6219,Customer_6219,40,Male,Los Angeles,2021-05-03,162.42,2.0,3.0,162.42,81.21,0,1,0
6220,Customer_6220,51,Female,Los Angeles,2022-12-08,691.53,4.0,8.0,691.53,172.8825,2,1,2
6221,Customer_6221,46,Female,New York,2023-06-06,0.0,0.0,0.0,0.0,0.0,0,1,0
6222,Customer_6222,25,Male,Los Angeles,2022-05-09,2379.49,11.0,27.0,2379.49,216.3172727272727,1,0,1
6223,Customer_6223,33,Male,Houston,2023-01-29,1113.85,12.0,17.0,1113.85,92.82083333333333,1,0,1
6224,Customer_6224,35,Male,Phoenix,2022-09-25,394.1,2.0,4.0,394.09999999999997,197.04999999999998,2,1,2
6225,Customer_6225,36,Male,Los Angeles,2021-11-26,0.0,0.0,0.0,0.0,0.0,0,1,0
6226,Customer_6226,45,Male,Los Angeles,2023-08-30,516.91,3.0,5.0,516.9100000000001,172.30333333333337,2,1,2
6227,Customer_6227,39,Female,Houston,2021-01-10,582.35,3.0,8.0,582.35,194.11666666666667,2,1,2
6228,Customer_6228,18,Male,Phoenix,2021-05-07,100.97,1.0,1.0,100.97,100.97,0,1,0
6229,Customer_6229,21,Female,Los Angeles,2023-09-12,0.0,0.0,0.0,0.0,0.0,0,1,0
6230,Customer_6230,18,Female,Los Angeles,2022-10-31,0.0,0.0,0.0,0.0,0.0,0,1,0
6231,Customer_6231,37,Male,Houston,2021-08-19,325.04,2.0,5.0,325.03999999999996,162.51999999999998,0,1,0
6232,Customer_6232,38,Male,Chicago,2023-11-05,236.7,3.0,4.0,236.70000000000002,78.9,0,1,0
6233,Customer_6233,38,Female,New York,2022-05-02,0.0,0.0,0.0,0.0,0.0,0,1,0
6234,Customer_6234,24,Male,Chicago,2022-03-18,112.25,2.0,2.0,112.25,56.125,0,1,0
6235,Customer_6235,42,Female,New York,2023-05-28,0.0,0.0,0.0,0.0,0.0,0,1,0
6236,Customer_6236,43,Female,Chicago,2021-10-01,1655.97,8.0,17.0,1655.97,206.99625,1,0,1
6237,Customer_6237,21,Female,Chicago,2022-09-10,2676.6,13.0,33.0,2676.6,205.8923076923077,1,0,1
6238,Customer_6238,19,Male,Phoenix,2023-10-24,47.42,1.0,2.0,47.42,47.42,0,1,0
6239,Customer_6239,35,Male,Los Angeles,2021-11-22,582.47,6.0,10.0,582.47,97.07833333333333,2,1,2
6240,Customer_6240,55,Female,Los Angeles,2021-09-10,898.71,6.0,11.0,898.71,149.785,2,0,2
6241,Customer_6241,54,Male,New York,2023-12-15,511.14,4.0,6.0,511.14,127.785,2,1,2
6242,Customer_6242,41,Female,Phoenix,2023-06-05,630.61,4.0,9.0,630.6100000000001,157.65250000000003,2,1,2
6243,Customer_6243,27,Male,New York,2022-03-24,82.31,2.0,3.0,82.31,41.155,0,1,0
6244,Customer_6244,45,Female,Los Angeles,2022-01-08,643.39,7.0,11.0,643.39,91.91285714285713,2,1,2
6245,Customer_6245,30,Female,New York,2022-04-14,164.98,1.0,2.0,164.98,164.98,0,1,0
6246,Customer_6246,27,Male,Houston,2023-01-30,1404.53,8.0,18.0,1404.53,175.56625,1,0,1
6247,Customer_6247,18,Female,Chicago,2023-04-13,78.15,1.0,1.0,78.15,78.15,0,1,0
6248,Customer_6248,36,Female,Los Angeles,2021-03-11,5610.33,32.0,64.0,5610.33,175.3228125,1,0,1
6249,Customer_6249,28,Male,Los Angeles,2022-04-26,1465.26,9.0,16.0,1465.26,162.80666666666667,1,0,1
6250,Customer_6250,36,Male,Phoenix,2022-06-14,1163.15,8.0,15.0,1163.15,145.39375,2,0,2
6251,Customer_6251,18,Female,Chicago,2022-05-05,165.07,1.0,1.0,165.07,165.07,0,1,0
6252,Customer_6252,37,Female,Houston,2022-05-18,0.0,0.0,0.0,0.0,0.0,0,1,0
6253,Customer_6253,18,Female,Phoenix,2023-10-06,1345.63,9.0,16.0,1345.63,149.51444444444445,1,0,1
6254,Customer_6254,47,Female,Phoenix,2021-04-27,328.05,3.0,4.0,328.05,109.35000000000001,0,1,0
6255,Customer_6255,41,Female,Los Angeles,2022-08-30,552.14,3.0,7.0,552.14,184.04666666666665,2,1,2
6256,Customer_6256,32,Male,Phoenix,2023-07-08,584.72,3.0,5.0,584.72,194.90666666666667,2,1,2
6257,Customer_6257,41,Male,New York,2023-06-23,33.58,1.0,2.0,33.58,33.58,0,1,0
6258,Customer_6258,24,Female,Los Angeles,2022-03-04,1910.59,10.0,18.0,1910.59,191.059,1,0,1
6259,Customer_6259,36,Female,Phoenix,2022-05-09,1007.87,7.0,14.0,1007.87,143.98142857142858,2,0,2
6260,Customer_6260,44,Female,Los Angeles,2021-03-03,394.88,4.0,6.0,394.88,98.72,0,1,0
6261,Customer_6261,18,Female,Los Angeles,2022-05-12,419.9,5.0,6.0,419.9,83.97999999999999,0,1,0
6262,Customer_6262,30,Male,Los Angeles,2022-09-28,1063.26,10.0,16.0,1063.26,106.326,1,0,1
6263,Customer_6263,35,Female,Chicago,2021-03-21,329.94,4.0,7.0,329.94,82.485,0,1,0
6264,Customer_6264,33,Female,Los Angeles,2022-04-30,2789.19,13.0,24.0,2789.1899999999996,214.5530769230769,1,0,1
6265,Customer_6265,51,Male,Houston,2023-11-12,2632.27,13.0,29.0,2632.27,202.4823076923077,1,0,1
6266,Customer_6266,23,Female,Phoenix,2022-08-18,730.91,2.0,5.0,730.9100000000001,365.45500000000004,2,1,2
6267,Customer_6267,28,Male,Houston,2021-09-18,902.51,5.0,10.0,902.51,180.502,2,1,2
6268,Customer_6268,18,Female,New York,2021-05-09,1680.72,9.0,20.0,1680.72,186.74666666666667,1,0,1
6269,Customer_6269,52,Male,Phoenix,2022-09-18,0.0,0.0,0.0,0.0,0.0,0,1,0
6270,Customer_6270,32,Male,Los Angeles,2021-10-11,2209.07,11.0,22.0,2209.0699999999997,200.82454545454542,1,0,1
6271,Customer_6271,30,Male,New York,2023-12-07,0.0,0.0,0.0,0.0,0.0,0,1,0
6272,Customer_6272,34,Male,New York,2021-01-19,722.78,5.0,11.0,722.7800000000001,144.556,2,1,2
6273,Customer_6273,42,Female,Chicago,2022-08-22,130.32,2.0,8.0,130.32,65.16,0,1,0
6274,Customer_6274,39,Female,New York,2022-10-16,1408.8,9.0,15.0,1408.8,156.53333333333333,1,0,1
6275,Customer_6275,64,Male,New York,2023-02-02,1023.16,7.0,13.0,1023.1600000000001,146.1657142857143,2,0,2
6276,Customer_6276,40,Male,Los Angeles,2023-04-18,1628.37,7.0,14.0,1628.3700000000001,232.62428571428572,2,0,2
6277,Customer_6277,30,Female,Los Angeles,2023-10-29,730.65,6.0,9.0,730.65,121.77499999999999,2,1,2
6278,Customer_6278,29,Female,Chicago,2023-11-27,1182.79,13.0,19.0,1182.79,90.98384615384614,1,0,1
6279,Customer_6279,31,Female,Houston,2021-03-13,272.46,2.0,4.0,272.46,136.23,0,1,0
6280,Customer_6280,18,Female,Houston,2023-12-27,1496.33,9.0,18.0,1496.3300000000002,166.25888888888892,1,0,1
6281,Customer_6281,35,Female,Los Angeles,2022-10-15,131.7,3.0,3.0,131.7,43.9,0,1,0
6282,Customer_6282,44,Male,New York,2021-03-05,1007.74,7.0,16.0,1007.74,143.96285714285713,2,0,2
6283,Customer_6283,28,Female,Phoenix,2021-01-30,466.24,5.0,10.0,466.24,93.248,2,1,2
6284,Customer_6284,26,Female,New York,2022-07-11,789.78,7.0,11.0,789.78,112.82571428571428,2,0,2
6285,Customer_6285,52,Male,Phoenix,2022-10-08,90.48,1.0,2.0,90.48,90.48,0,1,0
6286,Customer_6286,19,Male,New York,2023-11-06,998.37,5.0,9.0,998.37,199.674,2,1,2
6287,Customer_6287,18,Male,Phoenix,2021-10-05,0.0,0.0,0.0,0.0,0.0,0,1,0
6288,Customer_6288,22,Male,Los Angeles,2021-10-04,501.71,8.0,12.0,501.71,62.71375,2,1,2
6289,Customer_6289,18,Female,Los Angeles,2021-08-09,431.7,4.0,9.0,431.7,107.925,2,1,2
6290,Customer_6290,39,Male,Houston,2022-11-01,536.33,3.0,5.0,536.3299999999999,178.77666666666664,2,1,2
6291,Customer_6291,31,Male,Chicago,2023-11-14,1391.38,6.0,11.0,1391.38,231.89666666666668,2,0,2
6292,Customer_6292,33,Female,Los Angeles,2023-04-12,259.97,2.0,2.0,259.97,129.985,0,1,0
6293,Customer_6293,48,Male,Chicago,2021-05-21,148.77,2.0,3.0,148.76999999999998,74.38499999999999,0,1,0
6294,Customer_6294,27,Male,Houston,2023-01-04,1485.17,8.0,13.0,1485.17,185.64625,2,0,2
6295,Customer_6295,44,Female,New York,2021-01-26,1772.82,5.0,15.0,1772.8200000000002,354.564,2,0,2
6296,Customer_6296,52,Female,New York,2021-04-08,166.8,2.0,6.0,166.79999999999998,83.39999999999999,0,1,0
6297,Customer_6297,30,Female,Los Angeles,2021-10-03,919.01,4.0,9.0,919.01,229.7525,2,1,2
6298,Customer_6298,43,Female,New York,2022-07-27,346.17,2.0,4.0,346.17,173.085,0,1,0
6299,Customer_6299,32,Female,Chicago,2023-06-11,95.89,1.0,1.0,95.89,95.89,0,1,0
6300,Customer_6300,45,Male,New York,2022-03-09,137.56,2.0,2.0,137.56,68.78,0,1,0
6301,Customer_6301,18,Female,Los Angeles,2021-01-09,0.0,0.0,0.0,0.0,0.0,0,1,0
6302,Customer_6302,18,Male,New York,2023-06-15,2111.54,13.0,27.0,2111.54,162.42615384615385,1,0,1
6303,Customer_6303,31,Male,Chicago,2023-05-19,628.48,5.0,11.0,628.48,125.696,2,1,2
6304,Customer_6304,25,Male,New York,2023-07-22,555.61,4.0,7.0,555.61,138.9025,2,1,2
6305,Customer_6305,29,Male,New York,2021-09-29,1328.9,3.0,10.0,1328.9,442.9666666666667,2,0,2
6306,Customer_6306,33,Female,New York,2021-02-01,459.75,4.0,5.0,459.75,114.9375,0,1,0
6307,Customer_6307,43,Female,Phoenix,2023-05-02,0.0,0.0,0.0,0.0,0.0,0,1,0
6308,Customer_6308,31,Male,New York,2022-08-28,274.91,2.0,3.0,274.90999999999997,137.45499999999998,0,1,0
6309,Customer_6309,26,Male,Houston,2021-01-17,3234.88,20.0,35.0,3234.88,161.744,1,0,1
6310,Customer_6310,31,Male,New York,2021-10-28,734.14,9.0,16.0,734.14,81.57111111111111,2,0,2
6311,Customer_6311,27,Female,New York,2021-02-11,0.0,0.0,0.0,0.0,0.0,0,1,0
6312,Customer_6312,25,Male,Chicago,2021-02-21,1715.95,8.0,16.0,1715.95,214.49375,1,0,1
6313,Customer_6313,18,Female,Los Angeles,2021-07-07,553.47,2.0,4.0,553.47,276.735,2,1,2
6314,Customer_6314,36,Male,Phoenix,2021-05-31,499.13,5.0,8.0,499.13,99.826,2,1,2
6315,Customer_6315,29,Male,Phoenix,2022-02-13,1174.38,5.0,12.0,1174.3799999999999,234.87599999999998,2,0,2
6316,Customer_6316,46,Female,Houston,2021-12-10,905.66,7.0,10.0,905.6600000000001,129.38000000000002,2,0,2
6317,Customer_6317,19,Male,Chicago,2022-08-14,619.94,5.0,8.0,619.94,123.98800000000001,2,1,2
6318,Customer_6318,29,Female,Los Angeles,2023-12-28,0.0,0.0,0.0,0.0,0.0,0,1,0
6319,Customer_6319,55,Female,Los Angeles,2023-04-26,0.0,0.0,0.0,0.0,0.0,0,1,0
6320,Customer_6320,25,Female,Phoenix,2023-06-19,159.09,2.0,2.0,159.09,79.545,0,1,0
6321,Customer_6321,32,Male,Chicago,2021-01-28,1518.57,6.0,17.0,1518.5700000000002,253.09500000000003,2,0,2
6322,Customer_6322,22,Male,Chicago,2023-11-19,191.7,1.0,2.0,191.7,191.7,0,1,0
6323,Customer_6323,20,Male,New York,2022-09-26,184.52,2.0,4.0,184.51999999999998,92.25999999999999,0,1,0
6324,Customer_6324,52,Female,New York,2021-07-31,265.83,3.0,4.0,265.83,88.61,0,1,0
6325,Customer_6325,37,Male,Phoenix,2022-11-19,788.61,7.0,12.0,788.61,112.65857142857143,2,0,2
6326,Customer_6326,36,Male,Los Angeles,2021-03-13,2170.97,12.0,24.0,2170.9700000000003,180.9141666666667,1,0,1
6327,Customer_6327,18,Female,Los Angeles,2021-04-20,1033.97,6.0,10.0,1033.97,172.32833333333335,2,0,2
6328,Customer_6328,39,Male,New York,2021-08-20,168.1,2.0,3.0,168.1,84.05,0,1,0
6329,Customer_6329,48,Female,Houston,2021-02-12,0.0,0.0,0.0,0.0,0.0,0,1,0
6330,Customer_6330,48,Male,New York,2021-09-22,158.59,2.0,2.0,158.58999999999997,79.29499999999999,0,1,0
6331,Customer_6331,42,Female,Houston,2021-02-15,1162.31,6.0,15.0,1162.31,193.71833333333333,2,0,2
6332,Customer_6332,23,Female,New York,2021-08-26,42.63,1.0,1.0,42.63,42.63,0,1,0
6333,Customer_6333,38,Female,Phoenix,2022-08-24,84.06,1.0,2.0,84.06,84.06,0,1,0
6334,Customer_6334,42,Male,Houston,2022-11-22,1557.23,7.0,19.0,1557.23,222.46142857142857,1,0,1
6335,Customer_6335,18,Female,New York,2023-09-03,310.23,3.0,3.0,310.23,103.41000000000001,0,1,0
6336,Customer_6336,23,Female,Chicago,2023-01-13,291.7,2.0,6.0,291.7,145.85,0,1,0
6337,Customer_6337,45,Male,Los Angeles,2022-12-28,175.05,2.0,7.0,175.05,87.525,0,1,0
6338,Customer_6338,45,Male,New York,2021-07-19,704.45,5.0,14.0,704.45,140.89000000000001,2,1,2
6339,Customer_6339,18,Female,Phoenix,2023-10-10,289.59,2.0,4.0,289.59000000000003,144.79500000000002,0,1,0
6340,Customer_6340,44,Female,Los Angeles,2022-03-13,128.16,2.0,2.0,128.16,64.08,0,1,0
6341,Customer_6341,36,Female,Los Angeles,2022-05-09,0.0,0.0,0.0,0.0,0.0,0,1,0
6342,Customer_6342,44,Female,New York,2022-12-08,1666.74,5.0,11.0,1666.74,333.348,2,0,2
6343,Customer_6343,28,Male,Los Angeles,2021-01-24,369.81,5.0,6.0,369.81,73.962,0,1,0
6344,Customer_6344,42,Male,Phoenix,2021-09-27,717.66,4.0,6.0,717.6600000000001,179.41500000000002,2,1,2
6345,Customer_6345,44,Male,Los Angeles,2023-03-01,64.94,1.0,2.0,64.94,64.94,0,1,0
6346,Customer_6346,31,Female,Phoenix,2023-01-08,23.74,1.0,1.0,23.74,23.74,0,1,0
6347,Customer_6347,35,Male,Phoenix,2021-05-08,1377.11,5.0,13.0,1377.1100000000001,275.422,2,0,2
6348,Customer_6348,28,Male,New York,2022-06-27,448.83,1.0,3.0,448.83000000000004,448.83000000000004,2,1,2
6349,Customer_6349,53,Male,New York,2023-12-18,375.34,4.0,5.0,375.34,93.835,0,1,0
6350,Customer_6350,34,Male,Phoenix,2021-11-21,824.9,5.0,8.0,824.9,164.98,2,1,2
6351,Customer_6351,25,Male,Los Angeles,2022-10-21,983.77,8.0,15.0,983.77,122.97125,2,0,2
6352,Customer_6352,27,Male,New York,2021-03-26,970.87,2.0,7.0,970.8700000000001,485.43500000000006,2,1,2
6353,Customer_6353,36,Female,Los Angeles,2023-10-23,0.0,0.0,0.0,0.0,0.0,0,1,0
6354,Customer_6354,43,Male,Chicago,2022-03-27,383.15,3.0,4.0,383.15,127.71666666666665,0,1,0
6355,Customer_6355,20,Male,Houston,2023-09-21,1115.55,7.0,10.0,1115.55,159.3642857142857,2,0,2
6356,Customer_6356,55,Male,New York,2023-11-15,46.8,1.0,1.0,46.8,46.8,0,1,0
6357,Customer_6357,38,Female,New York,2023-11-25,1511.36,11.0,24.0,1511.36,137.39636363636362,1,0,1
6358,Customer_6358,40,Male,Phoenix,2022-10-31,60.39,1.0,3.0,60.39,60.39,0,1,0
6359,Customer_6359,34,Male,Houston,2023-08-30,189.15,1.0,3.0,189.14999999999998,189.14999999999998,0,1,0
6360,Customer_6360,35,Female,Chicago,2021-12-09,776.63,3.0,7.0,776.6299999999999,258.8766666666666,2,1,2
6361,Customer_6361,33,Female,Houston,2023-09-15,1086.19,8.0,15.0,1086.19,135.77375,2,0,2
6362,Customer_6362,46,Male,Los Angeles,2023-08-10,499.21,3.0,6.0,499.21000000000004,166.40333333333334,2,1,2
6363,Customer_6363,35,Male,Houston,2022-04-02,89.07,2.0,2.0,89.07,44.535,0,1,0
6364,Customer_6364,43,Male,Los Angeles,2023-06-18,1293.06,8.0,12.0,1293.06,161.6325,2,0,2
6365,Customer_6365,30,Female,New York,2022-02-02,750.69,5.0,10.0,750.6899999999999,150.13799999999998,2,1,2
6366,Customer_6366,37,Male,Houston,2023-06-18,24.83,1.0,1.0,24.83,24.83,0,1,0
6367,Customer_6367,26,Female,Los Angeles,2021-12-09,311.6,2.0,5.0,311.6,155.8,0,1,0
6368,Customer_6368,48,Female,Phoenix,2023-03-24,491.58,3.0,4.0,491.58,163.85999999999999,2,1,2
6369,Customer_6369,26,Female,Los Angeles,2023-07-29,1847.26,14.0,22.0,1847.26,131.94714285714286,1,0,1
6370,Customer_6370,31,Female,Phoenix,2021-02-16,0.0,0.0,0.0,0.0,0.0,0,1,0
6371,Customer_6371,32,Female,Phoenix,2023-07-04,1334.37,5.0,12.0,1334.37,266.87399999999997,2,0,2
6372,Customer_6372,31,Female,New York,2021-06-11,142.64,2.0,6.0,142.64,71.32,0,1,0
6373,Customer_6373,43,Female,Houston,2021-10-22,885.15,5.0,11.0,885.15,177.03,2,1,2
6374,Customer_6374,32,Female,Los Angeles,2021-04-02,1106.04,4.0,8.0,1106.04,276.51,2,1,2
6375,Customer_6375,50,Female,Phoenix,2023-01-20,181.09,3.0,4.0,181.09,60.36333333333334,0,1,0
6376,Customer_6376,26,Female,Los Angeles,2022-07-11,1161.2,7.0,12.0,1161.2,165.8857142857143,2,0,2
6377,Customer_6377,37,Female,Houston,2021-11-05,435.72,3.0,7.0,435.71999999999997,145.23999999999998,2,1,2
6378,Customer_6378,26,Male,Los Angeles,2022-07-23,0.0,0.0,0.0,0.0,0.0,0,1,0
6379,Customer_6379,40,Female,New York,2021-06-25,552.98,4.0,6.0,552.98,138.245,2,1,2
6380,Customer_6380,35,Female,New York,2023-08-31,1289.2,9.0,15.0,1289.2,143.24444444444444,1,0,1
6381,Customer_6381,33,Female,Los Angeles,2023-07-27,0.0,0.0,0.0,0.0,0.0,0,1,0
6382,Customer_6382,48,Female,Houston,2023-10-16,411.08,3.0,6.0,411.08,137.02666666666667,0,1,0
6383,Customer_6383,28,Male,Chicago,2021-08-06,290.46,3.0,6.0,290.46000000000004,96.82000000000001,0,1,0
6384,Customer_6384,41,Male,Houston,2023-03-24,428.31,3.0,6.0,428.31000000000006,142.77,0,1,0
6385,Customer_6385,27,Male,Los Angeles,2021-06-13,3068.02,10.0,27.0,3068.02,306.802,1,0,1
6386,Customer_6386,36,Male,Chicago,2021-02-17,710.73,5.0,7.0,710.73,142.14600000000002,2,1,2
6387,Customer_6387,22,Male,New York,2023-03-12,1280.35,7.0,15.0,1280.35,182.90714285714284,2,0,2
6388,Customer_6388,28,Female,Houston,2022-12-19,133.12,2.0,4.0,133.12,66.56,0,1,0
6389,Customer_6389,34,Female,Phoenix,2021-03-25,84.52,1.0,1.0,84.52,84.52,0,1,0
6390,Customer_6390,55,Female,Los Angeles,2022-09-05,361.26,3.0,10.0,361.26,120.42,2,1,2
6391,Customer_6391,36,Female,New York,2023-12-07,290.33,2.0,2.0,290.33,145.165,0,1,0
6392,Customer_6392,53,Male,New York,2021-08-22,70.98,2.0,2.0,70.98,35.49,0,1,0
6393,Customer_6393,37,Male,Chicago,2023-08-20,726.6,5.0,11.0,726.6,145.32,2,1,2
6394,Customer_6394,31,Female,Chicago,2023-04-28,299.75,1.0,5.0,299.75,299.75,2,1,2
6395,Customer_6395,52,Male,Houston,2021-05-27,279.36,1.0,2.0,279.36,279.36,2,1,2
6396,Customer_6396,40,Male,Los Angeles,2021-07-15,158.94,1.0,1.0,158.94,158.94,0,1,0
6397,Customer_6397,28,Female,Houston,2023-06-25,682.96,5.0,11.0,682.96,136.592,2,1,2
6398,Customer_6398,40,Female,Houston,2023-10-11,0.0,0.0,0.0,0.0,0.0,0,1,0
6399,Customer_6399,32,Female,Los Angeles,2023-11-12,423.27,6.0,10.0,423.27,70.545,2,1,2
6400,Customer_6400,18,Female,Chicago,2022-01-21,746.49,8.0,17.0,746.49,93.31125,2,0,2
6401,Customer_6401,45,Female,New York,2021-12-30,1548.95,5.0,15.0,1548.9499999999998,309.78999999999996,2,0,2
6402,Customer_6402,47,Female,Los Angeles,2021-10-01,471.97,4.0,5.0,471.97,117.9925,0,1,0
6403,Customer_6403,55,Female,Phoenix,2021-07-27,443.42,2.0,4.0,443.41999999999996,221.70999999999998,2,1,2
6404,Customer_6404,40,Female,Los Angeles,2021-10-02,895.89,5.0,8.0,895.89,179.178,2,1,2
6405,Customer_6405,32,Male,Houston,2023-10-04,1082.27,8.0,14.0,1082.27,135.28375,2,0,2
6406,Customer_6406,44,Male,Chicago,2022-05-11,1523.32,9.0,16.0,1523.32,169.25777777777776,1,0,1
6407,Customer_6407,44,Male,New York,2023-06-21,684.14,4.0,10.0,684.1400000000001,171.03500000000003,2,1,2
6408,Customer_6408,53,Female,Chicago,2021-06-08,290.9,3.0,6.0,290.9,96.96666666666665,0,1,0
6409,Customer_6409,35,Female,Chicago,2023-07-29,0.0,0.0,0.0,0.0,0.0,0,1,0
6410,Customer_6410,33,Male,Los Angeles,2022-04-05,149.42,1.0,2.0,149.42,149.42,0,1,0
6411,Customer_6411,27,Female,New York,2022-01-29,95.73,3.0,4.0,95.72999999999999,31.909999999999997,0,1,0
6412,Customer_6412,41,Female,Los Angeles,2023-07-06,312.73,3.0,3.0,312.73,104.24333333333334,0,1,0
6413,Customer_6413,18,Male,New York,2023-08-01,0.0,0.0,0.0,0.0,0.0,0,1,0
6414,Customer_6414,44,Male,New York,2022-03-15,1837.48,11.0,19.0,1837.48,167.04363636363635,1,0,1
6415,Customer_6415,41,Female,Los Angeles,2021-06-13,713.84,3.0,6.0,713.84,237.9466666666667,2,1,2
6416,Customer_6416,41,Female,Los Angeles,2022-10-01,189.49,3.0,6.0,189.49,63.163333333333334,0,1,0
6417,Customer_6417,37,Female,Phoenix,2022-07-24,312.9,3.0,5.0,312.9,104.3,0,1,0
6418,Customer_6418,52,Female,Los Angeles,2021-05-27,916.44,4.0,10.0,916.44,229.11,2,1,2
6419,Customer_6419,45,Female,Houston,2023-09-10,0.0,0.0,0.0,0.0,0.0,0,1,0
6420,Customer_6420,28,Female,Chicago,2023-08-18,1071.5,3.0,10.0,1071.5,357.1666666666667,2,0,2
6421,Customer_6421,29,Female,Houston,2023-02-07,1268.03,9.0,13.0,1268.03,140.89222222222222,2,0,2
6422,Customer_6422,25,Male,Los Angeles,2021-04-20,1060.61,6.0,13.0,1060.6100000000001,176.76833333333335,2,0,2
6423,Customer_6423,41,Male,Phoenix,2022-01-29,1330.12,11.0,16.0,1330.12,120.91999999999999,1,0,1
6424,Customer_6424,24,Male,Chicago,2022-03-19,46.74,2.0,2.0,46.739999999999995,23.369999999999997,0,1,0
6425,Customer_6425,47,Female,Houston,2023-01-17,0.0,0.0,0.0,0.0,0.0,0,1,0
6426,Customer_6426,50,Female,Los Angeles,2023-01-24,1627.42,12.0,24.0,1627.42,135.61833333333334,1,0,1
6427,Customer_6427,25,Female,New York,2021-05-10,353.18,4.0,5.0,353.18,88.295,0,1,0
6428,Customer_6428,33,Female,Houston,2022-05-20,356.31,2.0,4.0,356.31,178.155,0,1,0
6429,Customer_6429,35,Female,New York,2022-12-21,0.0,0.0,0.0,0.0,0.0,0,1,0
6430,Customer_6430,45,Male,Chicago,2021-01-22,0.0,0.0,0.0,0.0,0.0,0,1,0
6431,Customer_6431,53,Male,New York,2023-11-07,2031.95,12.0,28.0,2031.95,169.32916666666668,1,0,1
6432,Customer_6432,18,Male,Chicago,2023-05-25,1811.26,8.0,16.0,1811.26,226.4075,1,0,1
6433,Customer_6433,32,Female,Phoenix,2023-04-11,416.97,2.0,5.0,416.97,208.485,2,1,2
6434,Customer_6434,32,Male,Los Angeles,2022-09-26,598.68,2.0,4.0,598.6800000000001,299.34000000000003,2,1,2
6435,Customer_6435,20,Female,Houston,2021-10-09,2123.28,10.0,24.0,2123.28,212.32800000000003,1,0,1
6436,Customer_6436,30,Female,Chicago,2022-01-08,45.92,2.0,2.0,45.92,22.96,0,1,0
6437,Customer_6437,40,Female,Chicago,2023-10-06,258.3,3.0,4.0,258.3,86.10000000000001,0,1,0
6438,Customer_6438,32,Male,Phoenix,2021-10-13,1415.61,6.0,14.0,1415.61,235.93499999999997,2,0,2
6439,Customer_6439,18,Male,Phoenix,2022-02-08,1366.68,7.0,12.0,1366.68,195.24,2,0,2
6440,Customer_6440,67,Female,Houston,2021-03-31,1260.33,8.0,17.0,1260.33,157.54125,1,0,1
6441,Customer_6441,38,Male,Los Angeles,2022-11-27,1193.94,8.0,13.0,1193.94,149.2425,2,0,2
6442,Customer_6442,36,Male,Chicago,2023-06-27,1509.94,7.0,14.0,1509.94,215.7057142857143,2,0,2
6443,Customer_6443,23,Female,New York,2022-09-21,978.56,4.0,8.0,978.56,244.64,2,1,2
6444,Customer_6444,38,Female,Los Angeles,2023-09-29,557.73,5.0,6.0,557.73,111.546,2,1,2
6445,Customer_6445,33,Female,Chicago,2022-03-23,219.23,2.0,3.0,219.23000000000002,109.61500000000001,0,1,0
6446,Customer_6446,18,Male,Houston,2021-11-08,517.58,2.0,5.0,517.58,258.79,2,1,2
6447,Customer_6447,23,Female,Phoenix,2021-05-01,0.0,0.0,0.0,0.0,0.0,0,1,0
6448,Customer_6448,44,Male,Los Angeles,2021-11-13,120.61,1.0,1.0,120.61,120.61,0,1,0
6449,Customer_6449,56,Female,New York,2021-05-18,594.32,2.0,7.0,594.3199999999999,297.15999999999997,2,1,2
6450,Customer_6450,39,Male,Phoenix,2023-03-29,159.19,1.0,1.0,159.19,159.19,0,1,0
6451,Customer_6451,47,Female,New York,2022-01-26,102.17,2.0,3.0,102.17,51.085,0,1,0
6452,Customer_6452,33,Male,Chicago,2023-10-26,111.92,2.0,3.0,111.92,55.96,0,1,0
6453,Customer_6453,34,Male,New York,2023-02-08,0.0,0.0,0.0,0.0,0.0,0,1,0
6454,Customer_6454,47,Male,Los Angeles,2022-01-02,463.04,6.0,9.0,463.04,77.17333333333333,2,1,2
6455,Customer_6455,53,Male,Phoenix,2023-04-21,70.44,1.0,1.0,70.44,70.44,0,1,0
6456,Customer_6456,49,Female,New York,2022-05-07,1107.21,4.0,11.0,1107.21,276.8025,2,0,2
6457,Customer_6457,23,Male,Los Angeles,2023-01-28,0.0,0.0,0.0,0.0,0.0,0,1,0
6458,Customer_6458,34,Female,Los Angeles,2022-06-06,282.25,3.0,9.0,282.25,94.08333333333333,0,1,0
6459,Customer_6459,38,Female,Phoenix,2021-07-07,282.74,2.0,3.0,282.74,141.37,0,1,0
6460,Customer_6460,32,Male,Phoenix,2022-02-08,986.69,5.0,10.0,986.6899999999999,197.338,2,1,2
6461,Customer_6461,39,Female,New York,2022-03-03,1202.34,13.0,25.0,1202.34,92.4876923076923,1,0,1
6462,Customer_6462,44,Female,New York,2022-02-17,1357.36,6.0,12.0,1357.3600000000001,226.2266666666667,2,0,2
6463,Customer_6463,46,Male,Chicago,2021-06-03,141.19,3.0,4.0,141.19,47.06333333333333,0,1,0
6464,Customer_6464,54,Female,Los Angeles,2021-07-22,914.67,4.0,8.0,914.6700000000001,228.66750000000002,2,1,2
6465,Customer_6465,31,Male,Houston,2021-08-05,649.42,3.0,7.0,649.4200000000001,216.47333333333336,2,1,2
6466,Customer_6466,20,Female,New York,2022-04-27,416.21,3.0,7.0,416.21,138.73666666666665,2,1,2
6467,Customer_6467,39,Female,New York,2023-10-22,974.46,7.0,14.0,974.46,139.20857142857145,2,0,2
6468,Customer_6468,56,Female,Houston,2023-02-05,1231.26,7.0,14.0,1231.26,175.8942857142857,2,0,2
6469,Customer_6469,30,Male,New York,2022-05-18,0.0,0.0,0.0,0.0,0.0,0,1,0
6470,Customer_6470,43,Male,Phoenix,2023-03-10,1019.6,3.0,9.0,1019.6,339.8666666666667,2,1,2
6471,Customer_6471,43,Male,New York,2023-03-17,220.21,4.0,4.0,220.20999999999998,55.052499999999995,0,1,0
6472,Customer_6472,37,Male,New York,2023-08-01,549.44,3.0,8.0,549.44,183.14666666666668,2,1,2
6473,Customer_6473,35,Female,Phoenix,2023-02-08,1132.24,5.0,10.0,1132.24,226.448,2,0,2
6474,Customer_6474,25,Female,Los Angeles,2023-02-01,274.02,4.0,8.0,274.02,68.505,0,1,0
6475,Customer_6475,18,Male,Houston,2021-03-29,152.34,2.0,3.0,152.34,76.17,0,1,0
6476,Customer_6476,23,Female,New York,2022-03-10,67.32,1.0,1.0,67.32,67.32,0,1,0
6477,Customer_6477,31,Female,Chicago,2022-02-24,366.51,2.0,3.0,366.51,183.255,0,1,0
6478,Customer_6478,47,Female,Houston,2022-03-05,435.94,3.0,5.0,435.94,145.31333333333333,0,1,0
6479,Customer_6479,34,Male,Los Angeles,2021-06-11,371.57,2.0,3.0,371.57,185.785,0,1,0
6480,Customer_6480,29,Male,Houston,2022-05-22,42.94,1.0,2.0,42.94,42.94,0,1,0
6481,Customer_6481,25,Female,Chicago,2021-09-22,372.36,5.0,11.0,372.36,74.47200000000001,0,1,0
6482,Customer_6482,42,Female,Los Angeles,2021-04-20,162.16,2.0,2.0,162.16,81.08,0,1,0
6483,Customer_6483,50,Male,Chicago,2023-06-19,0.0,0.0,0.0,0.0,0.0,0,1,0
6484,Customer_6484,47,Male,Chicago,2022-01-29,1414.06,4.0,11.0,1414.06,353.515,2,0,2
6485,Customer_6485,42,Female,New York,2022-09-12,1096.83,5.0,11.0,1096.83,219.36599999999999,2,0,2
6486,Customer_6486,19,Male,Los Angeles,2022-11-15,187.04,2.0,2.0,187.04000000000002,93.52000000000001,0,1,0
6487,Customer_6487,31,Female,Los Angeles,2022-07-06,0.0,0.0,0.0,0.0,0.0,0,1,0
6488,Customer_6488,56,Female,Los Angeles,2023-03-15,565.26,3.0,5.0,565.26,188.42,2,1,2
6489,Customer_6489,47,Male,Houston,2023-11-25,1932.75,9.0,19.0,1932.75,214.75,1,0,1
6490,Customer_6490,18,Male,Chicago,2022-12-23,163.31,2.0,3.0,163.31,81.655,0,1,0
6491,Customer_6491,34,Female,Phoenix,2021-01-31,451.61,5.0,6.0,451.61,90.322,0,1,0
6492,Customer_6492,39,Male,Los Angeles,2023-03-28,813.66,5.0,8.0,813.66,162.732,2,1,2
6493,Customer_6493,27,Male,Los Angeles,2021-04-16,222.61,4.0,8.0,222.61,55.6525,0,1,0
6494,Customer_6494,18,Male,Houston,2023-10-14,230.49,2.0,4.0,230.49,115.245,0,1,0
6495,Customer_6495,36,Male,Chicago,2023-11-20,220.57,2.0,2.0,220.57,110.285,0,1,0
6496,Customer_6496,26,Male,Chicago,2023-03-05,332.53,2.0,3.0,332.53,166.265,0,1,0
6497,Customer_6497,26,Female,New York,2021-06-10,20.08,1.0,1.0,20.08,20.08,0,1,0
6498,Customer_6498,31,Female,Los Angeles,2021-07-15,1163.47,7.0,13.0,1163.47,166.21,2,0,2
6499,Customer_6499,34,Female,Los Angeles,2022-08-31,2207.63,10.0,22.0,2207.63,220.763,1,0,1
6500,Customer_6500,35,Female,Phoenix,2021-12-04,677.55,6.0,12.0,677.55,112.925,2,1,2
6501,Customer_6501,25,Male,Los Angeles,2023-03-01,438.83,2.0,6.0,438.83,219.415,2,1,2
6502,Customer_6502,33,Female,Phoenix,2022-03-23,963.3,6.0,12.0,963.3,160.54999999999998,2,0,2
6503,Customer_6503,18,Female,Houston,2021-12-03,597.22,6.0,10.0,597.22,99.53666666666668,2,1,2
6504,Customer_6504,38,Female,Los Angeles,2021-05-12,497.5,2.0,5.0,497.5,248.75,2,1,2
6505,Customer_6505,18,Female,Chicago,2021-09-06,1190.09,6.0,19.0,1190.0900000000001,198.34833333333336,2,0,2
6506,Customer_6506,32,Female,Houston,2022-05-14,158.69,3.0,3.0,158.69,52.89666666666667,0,1,0
6507,Customer_6507,45,Male,Phoenix,2021-03-04,0.0,0.0,0.0,0.0,0.0,0,1,0
6508,Customer_6508,23,Female,New York,2023-03-30,2094.4,10.0,21.0,2094.4,209.44,1,0,1
6509,Customer_6509,43,Male,Los Angeles,2021-09-14,1329.94,7.0,18.0,1329.94,189.99142857142857,1,0,1
6510,Customer_6510,48,Male,Los Angeles,2022-04-12,358.02,3.0,6.0,358.02000000000004,119.34000000000002,0,1,0
6511,Customer_6511,18,Female,New York,2023-04-29,128.19,1.0,1.0,128.19,128.19,0,1,0
6512,Customer_6512,33,Female,Chicago,2021-12-27,1687.1,9.0,22.0,1687.1,187.45555555555555,1,0,1
6513,Customer_6513,18,Female,Phoenix,2023-05-30,75.85,1.0,1.0,75.85,75.85,0,1,0
6514,Customer_6514,34,Male,Los Angeles,2021-06-28,2390.16,14.0,33.0,2390.16,170.72571428571428,1,0,1
6515,Customer_6515,35,Male,Houston,2023-08-07,0.0,0.0,0.0,0.0,0.0,0,1,0
6516,Customer_6516,18,Female,Chicago,2022-05-14,350.4,3.0,6.0,350.4,116.8,0,1,0
6517,Customer_6517,56,Male,Los Angeles,2022-11-08,822.51,2.0,5.0,822.51,411.255,2,1,2
6518,Customer_6518,38,Male,New York,2021-10-19,1627.49,8.0,21.0,1627.49,203.43625,1,0,1
6519,Customer_6519,26,Female,Houston,2022-08-11,110.55,1.0,3.0,110.55000000000001,110.55000000000001,0,1,0
6520,Customer_6520,51,Female,Phoenix,2023-03-29,0.0,0.0,0.0,0.0,0.0,0,1,0
6521,Customer_6521,18,Male,Houston,2021-04-09,0.0,0.0,0.0,0.0,0.0,0,1,0
6522,Customer_6522,21,Male,New York,2021-06-30,481.92,2.0,7.0,481.92,240.96,2,1,2
6523,Customer_6523,18,Male,New York,2023-08-11,46.73,1.0,1.0,46.73,46.73,0,1,0
6524,Customer_6524,55,Male,New York,2022-01-09,293.2,4.0,6.0,293.2,73.3,0,1,0
6525,Customer_6525,39,Male,Chicago,2022-09-16,399.82,3.0,4.0,399.82000000000005,133.27333333333334,0,1,0
6526,Customer_6526,42,Female,Houston,2021-09-10,648.91,4.0,8.0,648.91,162.2275,2,1,2
6527,Customer_6527,38,Male,New York,2023-05-13,44.1,1.0,2.0,44.1,44.1,0,1,0
6528,Customer_6528,41,Male,Houston,2021-05-02,507.4,2.0,5.0,507.4,253.7,2,1,2
6529,Customer_6529,36,Male,Chicago,2022-03-18,1032.74,7.0,12.0,1032.74,147.53428571428572,2,0,2
6530,Customer_6530,38,Female,Houston,2021-09-02,817.69,6.0,13.0,817.69,136.28166666666667,2,0,2
6531,Customer_6531,36,Female,Phoenix,2023-05-21,1510.16,7.0,15.0,1510.1599999999999,215.73714285714283,2,0,2
6532,Customer_6532,28,Female,New York,2023-04-07,188.4,2.0,2.0,188.39999999999998,94.19999999999999,0,1,0
6533,Customer_6533,34,Female,Phoenix,2023-12-06,255.6,2.0,4.0,255.6,127.8,0,1,0
6534,Customer_6534,38,Female,New York,2022-03-28,742.76,2.0,6.0,742.76,371.38,2,1,2
6535,Customer_6535,36,Male,Los Angeles,2021-10-23,486.04,5.0,8.0,486.03999999999996,97.208,2,1,2
6536,Customer_6536,19,Male,Phoenix,2023-12-26,895.29,3.0,7.0,895.29,298.43,2,1,2
6537,Customer_6537,20,Female,Phoenix,2022-04-28,365.96,2.0,4.0,365.96,182.98,2,1,2
6538,Customer_6538,47,Male,Chicago,2021-11-05,3068.56,14.0,29.0,3068.56,219.18285714285713,1,0,1
6539,Customer_6539,32,Female,Chicago,2022-08-16,0.0,0.0,0.0,0.0,0.0,0,1,0
6540,Customer_6540,41,Female,Houston,2023-10-16,32.56,1.0,2.0,32.56,32.56,0,1,0
6541,Customer_6541,23,Female,Houston,2022-02-02,358.46,2.0,3.0,358.46000000000004,179.23000000000002,0,1,0
6542,Customer_6542,19,Female,New York,2022-04-14,1180.33,7.0,15.0,1180.33,168.6185714285714,2,0,2
6543,Customer_6543,26,Female,Houston,2022-09-09,0.0,0.0,0.0,0.0,0.0,0,1,0
6544,Customer_6544,33,Female,Chicago,2022-01-27,714.86,3.0,6.0,714.86,238.28666666666666,2,1,2
6545,Customer_6545,28,Female,Los Angeles,2021-04-07,415.97,4.0,5.0,415.97,103.9925,0,1,0
6546,Customer_6546,49,Male,Los Angeles,2023-07-30,245.13,4.0,4.0,245.13,61.2825,0,1,0
6547,Customer_6547,37,Female,Chicago,2023-05-10,1049.51,7.0,10.0,1049.51,149.93,2,0,2
6548,Customer_6548,55,Male,Phoenix,2021-07-14,629.96,2.0,4.0,629.96,314.98,2,1,2
6549,Customer_6549,39,Male,Chicago,2023-08-16,1069.09,4.0,8.0,1069.09,267.2725,2,1,2
6550,Customer_6550,18,Male,Phoenix,2021-03-24,617.82,4.0,9.0,617.8199999999999,154.45499999999998,2,1,2
6551,Customer_6551,47,Male,New York,2021-09-08,563.04,5.0,8.0,563.0400000000001,112.60800000000002,2,1,2
6552,Customer_6552,18,Female,Houston,2023-12-30,570.07,4.0,8.0,570.0699999999999,142.51749999999998,2,1,2
6553,Customer_6553,38,Female,Houston,2021-12-06,0.0,0.0,0.0,0.0,0.0,0,1,0
6554,Customer_6554,26,Male,Houston,2022-12-01,109.46,1.0,2.0,109.46,109.46,0,1,0
6555,Customer_6555,59,Female,Chicago,2021-04-10,56.62,1.0,1.0,56.62,56.62,0,1,0
6556,Customer_6556,51,Male,Chicago,2023-01-03,0.0,0.0,0.0,0.0,0.0,0,1,0
6557,Customer_6557,27,Male,Phoenix,2021-11-19,610.51,4.0,7.0,610.51,152.6275,2,1,2
6558,Customer_6558,34,Male,Houston,2021-01-10,540.14,2.0,4.0,540.14,270.07,2,1,2
6559,Customer_6559,38,Male,New York,2023-10-10,196.44,1.0,1.0,196.44,196.44,0,1,0
6560,Customer_6560,44,Male,Houston,2023-12-06,725.16,5.0,8.0,725.16,145.03199999999998,2,1,2
6561,Customer_6561,35,Male,Los Angeles,2023-03-17,1663.0,8.0,17.0,1663.0,207.875,1,0,1
6562,Customer_6562,24,Female,Los Angeles,2023-06-27,515.38,2.0,6.0,515.38,257.69,2,1,2
6563,Customer_6563,27,Male,Phoenix,2023-11-21,26.19,1.0,1.0,26.19,26.19,0,1,0
6564,Customer_6564,35,Female,Los Angeles,2021-05-10,1184.5,8.0,12.0,1184.5,148.0625,2,0,2
6565,Customer_6565,49,Female,Houston,2023-11-15,895.69,9.0,13.0,895.69,99.52111111111111,2,0,2
6566,Customer_6566,40,Male,Los Angeles,2022-07-18,826.62,3.0,6.0,826.6200000000001,275.54,2,1,2
6567,Customer_6567,26,Female,New York,2021-05-29,0.0,0.0,0.0,0.0,0.0,0,1,0
6568,Customer_6568,42,Female,Chicago,2022-08-02,809.88,5.0,10.0,809.8799999999999,161.97599999999997,2,1,2
6569,Customer_6569,31,Female,New York,2023-10-17,420.3,3.0,4.0,420.3,140.1,0,1,0
6570,Customer_6570,45,Male,Houston,2021-04-29,0.0,0.0,0.0,0.0,0.0,0,1,0
6571,Customer_6571,63,Female,Los Angeles,2021-08-16,0.0,0.0,0.0,0.0,0.0,0,1,0
6572,Customer_6572,31,Male,Los Angeles,2022-09-07,0.0,0.0,0.0,0.0,0.0,0,1,0
6573,Customer_6573,44,Female,New York,2021-08-28,0.0,0.0,0.0,0.0,0.0,0,1,0
6574,Customer_6574,27,Male,Los Angeles,2023-07-02,489.09,4.0,6.0,489.09000000000003,122.27250000000001,2,1,2
6575,Customer_6575,34,Male,Houston,2023-08-24,524.96,1.0,4.0,524.96,524.96,2,1,2
6576,Customer_6576,35,Female,New York,2021-06-08,0.0,0.0,0.0,0.0,0.0,0,1,0
6577,Customer_6577,33,Female,Chicago,2022-07-17,81.54,1.0,2.0,81.54,81.54,0,1,0
6578,Customer_6578,62,Female,Phoenix,2022-04-21,718.4,4.0,6.0,718.4,179.6,2,1,2
6579,Customer_6579,32,Male,Houston,2022-07-02,1825.62,11.0,22.0,1825.6200000000001,165.96545454545455,1,0,1
6580,Customer_6580,41,Male,Houston,2023-11-03,514.62,2.0,6.0,514.62,257.31,2,1,2
6581,Customer_6581,18,Male,New York,2023-05-03,966.34,8.0,16.0,966.34,120.7925,2,0,2
6582,Customer_6582,40,Female,Los Angeles,2021-08-06,51.98,1.0,1.0,51.98,51.98,0,1,0
6583,Customer_6583,48,Male,Phoenix,2023-01-25,297.18,2.0,3.0,297.18,148.59,0,1,0
6584,Customer_6584,29,Male,Houston,2023-01-05,2481.85,11.0,23.0,2481.85,225.62272727272727,1,0,1
6585,Customer_6585,18,Male,Chicago,2023-09-18,1027.66,8.0,16.0,1027.66,128.4575,2,0,2
6586,Customer_6586,35,Male,Chicago,2023-02-20,649.65,4.0,8.0,649.6500000000001,162.41250000000002,2,1,2
6587,Customer_6587,35,Female,Los Angeles,2021-08-10,374.88,5.0,7.0,374.88,74.976,0,1,0
6588,Customer_6588,43,Female,New York,2021-10-15,276.67,3.0,3.0,276.66999999999996,92.22333333333331,0,1,0
6589,Customer_6589,57,Male,Houston,2022-06-08,605.49,1.0,3.0,605.49,605.49,2,1,2
6590,Customer_6590,31,Male,Houston,2022-11-30,47.86,1.0,2.0,47.86,47.86,0,1,0
6591,Customer_6591,26,Male,Chicago,2022-11-12,55.26,1.0,1.0,55.26,55.26,0,1,0
6592,Customer_6592,22,Female,Phoenix,2021-11-20,1455.12,7.0,16.0,1455.1200000000001,207.87428571428572,2,0,2
6593,Customer_6593,37,Female,Los Angeles,2022-09-10,0.0,0.0,0.0,0.0,0.0,0,1,0
6594,Customer_6594,40,Female,Los Angeles,2023-05-11,3346.62,14.0,32.0,3346.62,239.0442857142857,1,0,1
6595,Customer_6595,29,Female,Phoenix,2021-02-10,1175.29,5.0,14.0,1175.2900000000002,235.05800000000005,2,0,2
6596,Customer_6596,44,Male,Houston,2022-01-28,180.96,1.0,4.0,180.96,180.96,0,1,0
6597,Customer_6597,40,Male,Chicago,2021-07-22,747.54,2.0,5.0,747.54,373.77,2,1,2
6598,Customer_6598,35,Female,New York,2023-05-03,269.29,3.0,3.0,269.28999999999996,89.76333333333332,0,1,0
6599,Customer_6599,25,Female,New York,2023-02-13,332.59,3.0,6.0,332.59,110.86333333333333,0,1,0
6600,Customer_6600,30,Female,Chicago,2023-02-21,2074.63,9.0,20.0,2074.63,230.51444444444445,1,0,1
6601,Customer_6601,18,Female,Los Angeles,2021-02-04,195.74,2.0,3.0,195.74,97.87,0,1,0
6602,Customer_6602,38,Male,Houston,2021-02-22,106.6,1.0,1.0,106.6,106.6,0,1,0
6603,Customer_6603,35,Male,Phoenix,2022-05-18,992.09,6.0,13.0,992.09,165.34833333333333,2,0,2
6604,Customer_6604,37,Female,Houston,2021-05-30,618.87,4.0,5.0,618.87,154.7175,2,1,2
6605,Customer_6605,41,Male,Los Angeles,2022-03-13,602.82,3.0,6.0,602.82,200.94000000000003,2,1,2
6606,Customer_6606,39,Male,Houston,2022-03-26,1053.94,8.0,17.0,1053.9399999999998,131.74249999999998,2,0,2
6607,Customer_6607,34,Male,Los Angeles,2022-06-09,1792.52,11.0,17.0,1792.52,162.95636363636365,1,0,1
6608,Customer_6608,36,Female,New York,2021-09-24,3782.61,22.0,42.0,3782.61,171.93681818181818,1,0,1
6609,Customer_6609,20,Male,New York,2021-03-27,2015.06,9.0,23.0,2015.06,223.89555555555555,1,0,1
6610,Customer_6610,29,Female,Los Angeles,2021-11-05,1338.03,7.0,14.0,1338.03,191.14714285714285,2,0,2
6611,Customer_6611,36,Female,Phoenix,2021-09-22,51.58,1.0,2.0,51.58,51.58,0,1,0
6612,Customer_6612,27,Female,New York,2022-05-07,296.88,1.0,2.0,296.88,296.88,2,1,2
6613,Customer_6613,44,Female,New York,2023-11-07,400.03,3.0,4.0,400.03,133.34333333333333,0,1,0
6614,Customer_6614,28,Female,Phoenix,2022-06-06,53.48,1.0,1.0,53.48,53.48,0,1,0
6615,Customer_6615,37,Female,New York,2023-05-28,2326.21,10.0,21.0,2326.21,232.621,1,0,1
6616,Customer_6616,36,Female,Houston,2021-04-04,1447.02,9.0,20.0,1447.02,160.78,1,0,1
6617,Customer_6617,43,Male,Los Angeles,2021-02-03,1154.85,8.0,11.0,1154.85,144.35625,2,0,2
6618,Customer_6618,45,Male,New York,2023-03-12,201.64,3.0,4.0,201.64,67.21333333333332,0,1,0
6619,Customer_6619,43,Female,Phoenix,2022-02-20,576.26,2.0,5.0,576.26,288.13,2,1,2
6620,Customer_6620,18,Male,New York,2022-06-08,874.1,5.0,8.0,874.1,174.82,2,1,2
6621,Customer_6621,48,Male,Chicago,2021-08-21,605.15,4.0,5.0,605.15,151.2875,2,1,2
6622,Customer_6622,52,Male,Los Angeles,2022-08-28,96.09,1.0,1.0,96.09,96.09,0,1,0
6623,Customer_6623,30,Female,New York,2021-04-17,145.92,1.0,2.0,145.92,145.92,0,1,0
6624,Customer_6624,38,Male,New York,2022-06-06,537.41,4.0,8.0,537.4100000000001,134.35250000000002,2,1,2
6625,Customer_6625,25,Male,New York,2022-09-29,0.0,0.0,0.0,0.0,0.0,0,1,0
6626,Customer_6626,18,Male,New York,2023-02-26,1567.84,7.0,12.0,1567.84,223.97714285714284,2,0,2
6627,Customer_6627,27,Female,Houston,2023-10-16,338.09,4.0,5.0,338.09000000000003,84.52250000000001,0,1,0
6628,Customer_6628,29,Female,Chicago,2021-12-07,755.08,6.0,9.0,755.08,125.84666666666668,2,1,2
6629,Customer_6629,31,Male,Los Angeles,2022-11-28,1436.5,7.0,12.0,1436.5,205.21428571428572,2,0,2
6630,Customer_6630,24,Female,Los Angeles,2021-02-28,343.3,4.0,6.0,343.3,85.825,0,1,0
6631,Customer_6631,27,Female,Phoenix,2022-08-09,195.25,2.0,2.0,195.25,97.625,0,1,0
6632,Customer_6632,35,Female,Phoenix,2021-08-31,217.84,2.0,3.0,217.83999999999997,108.91999999999999,0,1,0
6633,Customer_6633,27,Male,Houston,2021-08-16,30.59,1.0,1.0,30.59,30.59,0,1,0
6634,Customer_6634,41,Male,Phoenix,2022-07-14,682.37,5.0,13.0,682.37,136.474,2,1,2
6635,Customer_6635,42,Female,Los Angeles,2022-06-02,21.0,1.0,1.0,21.0,21.0,0,1,0
6636,Customer_6636,61,Male,Los Angeles,2022-07-09,2049.08,10.0,22.0,2049.08,204.908,1,0,1
6637,Customer_6637,47,Female,Chicago,2021-05-07,741.52,4.0,8.0,741.52,185.38,2,1,2
6638,Customer_6638,38,Male,Chicago,2021-12-01,1027.74,7.0,17.0,1027.74,146.82,2,0,2
6639,Customer_6639,28,Male,Chicago,2023-01-28,274.0,2.0,3.0,274.0,137.0,0,1,0
6640,Customer_6640,38,Male,Los Angeles,2021-05-01,890.49,6.0,11.0,890.49,148.415,2,0,2
6641,Customer_6641,39,Male,Phoenix,2022-12-02,313.68,1.0,4.0,313.68,313.68,2,1,2
6642,Customer_6642,29,Female,Houston,2021-08-30,194.91,3.0,4.0,194.91,64.97,0,1,0
6643,Customer_6643,44,Male,Los Angeles,2021-03-19,377.81,3.0,4.0,377.81,125.93666666666667,0,1,0
6644,Customer_6644,20,Female,Houston,2022-03-26,0.0,0.0,0.0,0.0,0.0,0,1,0
6645,Customer_6645,32,Male,Los Angeles,2021-09-22,2210.73,13.0,23.0,2210.73,170.05615384615385,1,0,1
6646,Customer_6646,41,Male,New York,2022-11-13,808.54,2.0,6.0,808.54,404.27,2,1,2
6647,Customer_6647,32,Male,Los Angeles,2021-10-22,327.43,3.0,3.0,327.43,109.14333333333333,0,1,0
6648,Customer_6648,33,Female,Los Angeles,2023-08-23,2925.3,19.0,42.0,2925.3,153.96315789473684,1,0,1
6649,Customer_6649,33,Male,New York,2023-06-09,176.45,2.0,2.0,176.45,88.225,0,1,0
6650,Customer_6650,26,Female,Houston,2021-09-04,1356.83,6.0,15.0,1356.83,226.13833333333332,2,0,2
6651,Customer_6651,48,Female,Los Angeles,2022-02-28,690.13,4.0,9.0,690.13,172.5325,2,1,2
6652,Customer_6652,24,Male,Chicago,2023-12-19,0.0,0.0,0.0,0.0,0.0,0,1,0
6653,Customer_6653,38,Female,New York,2023-04-13,156.59,2.0,5.0,156.59,78.295,0,1,0
6654,Customer_6654,40,Male,New York,2021-01-11,186.83,3.0,4.0,186.82999999999998,62.276666666666664,0,1,0
6655,Customer_6655,25,Female,Phoenix,2021-12-13,238.34,1.0,2.0,238.34,238.34,2,1,2
6656,Customer_6656,36,Female,Chicago,2023-05-02,1452.01,11.0,22.0,1452.01,132.0009090909091,1,0,1
6657,Customer_6657,25,Male,Phoenix,2023-10-26,628.65,8.0,10.0,628.65,78.58125,2,1,2
6658,Customer_6658,50,Male,Phoenix,2021-09-02,801.08,8.0,13.0,801.0799999999999,100.13499999999999,2,0,2
6659,Customer_6659,22,Female,Los Angeles,2021-09-06,379.88,3.0,4.0,379.88,126.62666666666667,0,1,0
6660,Customer_6660,28,Male,Los Angeles,2023-08-03,838.29,6.0,11.0,838.29,139.715,2,1,2
6661,Customer_6661,22,Female,Phoenix,2022-03-11,542.81,4.0,6.0,542.8100000000001,135.70250000000001,2,1,2
6662,Customer_6662,20,Male,Phoenix,2021-04-15,234.77,5.0,7.0,234.77,46.954,0,1,0
6663,Customer_6663,53,Female,Chicago,2021-08-30,80.71,1.0,1.0,80.71,80.71,0,1,0
6664,Customer_6664,41,Male,Houston,2022-06-03,881.93,9.0,13.0,881.93,97.99222222222221,2,0,2
6665,Customer_6665,37,Male,Houston,2022-12-30,669.12,6.0,11.0,669.12,111.52,2,1,2
6666,Customer_6666,28,Male,Los Angeles,2023-12-04,999.86,5.0,11.0,999.86,199.972,2,0,2
6667,Customer_6667,45,Female,Chicago,2023-11-16,61.65,1.0,3.0,61.650000000000006,61.650000000000006,0,1,0
6668,Customer_6668,26,Male,Houston,2021-06-30,225.1,1.0,2.0,225.1,225.1,0,1,0
6669,Customer_6669,44,Male,Houston,2022-08-27,1296.85,4.0,12.0,1296.85,324.2125,2,0,2
6670,Customer_6670,25,Male,New York,2022-03-04,733.67,5.0,13.0,733.6700000000001,146.734,2,1,2
6671,Customer_6671,28,Female,Los Angeles,2021-09-25,929.23,4.0,10.0,929.23,232.3075,2,1,2
6672,Customer_6672,43,Male,New York,2023-05-08,1125.92,10.0,17.0,1125.92,112.59200000000001,1,0,1
6673,Customer_6673,45,Male,New York,2022-08-03,97.27,1.0,1.0,97.27,97.27,0,1,0
6674,Customer_6674,42,Female,Phoenix,2023-05-26,401.94,4.0,6.0,401.94,100.485,0,1,0
6675,Customer_6675,23,Female,New York,2021-05-31,762.7,7.0,10.0,762.6999999999999,108.95714285714284,2,1,2
6676,Customer_6676,30,Male,New York,2022-08-23,122.76,1.0,2.0,122.76,122.76,0,1,0
6677,Customer_6677,37,Female,Los Angeles,2021-04-05,785.92,6.0,11.0,785.92,130.98666666666665,2,1,2
6678,Customer_6678,26,Male,Chicago,2022-01-17,678.23,5.0,8.0,678.23,135.64600000000002,2,1,2
6679,Customer_6679,50,Male,Chicago,2022-05-30,482.79,1.0,3.0,482.79,482.79,2,1,2
6680,Customer_6680,18,Male,New York,2023-07-19,194.64,1.0,3.0,194.64,194.64,0,1,0
6681,Customer_6681,26,Female,New York,2021-07-18,1238.71,9.0,16.0,1238.71,137.63444444444445,1,0,1
6682,Customer_6682,29,Female,New York,2021-01-08,279.99,2.0,4.0,279.99,139.995,0,1,0
6683,Customer_6683,18,Male,Chicago,2023-03-16,291.48,2.0,4.0,291.48,145.74,0,1,0
6684,Customer_6684,20,Female,Los Angeles,2021-11-23,849.67,8.0,11.0,849.67,106.20875,2,0,2
6685,Customer_6685,42,Male,Phoenix,2023-05-21,1443.15,9.0,17.0,1443.15,160.35000000000002,1,0,1
6686,Customer_6686,35,Female,Los Angeles,2023-11-11,228.64,2.0,2.0,228.64,114.32,0,1,0
6687,Customer_6687,52,Female,New York,2021-09-12,881.69,7.0,11.0,881.6899999999999,125.95571428571428,2,0,2
6688,Customer_6688,52,Female,Houston,2023-11-17,51.28,1.0,1.0,51.28,51.28,0,1,0
6689,Customer_6689,40,Male,Los Angeles,2022-06-04,236.95,3.0,3.0,236.95,78.98333333333333,0,1,0
6690,Customer_6690,38,Male,Chicago,2023-07-19,558.91,5.0,7.0,558.91,111.782,2,1,2
6691,Customer_6691,36,Female,Los Angeles,2022-06-14,366.41,3.0,5.0,366.40999999999997,122.13666666666666,0,1,0
6692,Customer_6692,18,Female,Chicago,2023-08-05,1650.28,11.0,23.0,1650.28,150.02545454545455,1,0,1
6693,Customer_6693,20,Female,Houston,2022-05-15,1109.69,3.0,8.0,1109.69,369.8966666666667,2,0,2
6694,Customer_6694,36,Male,Phoenix,2022-05-25,2378.61,10.0,21.0,2378.6099999999997,237.86099999999996,1,0,1
6695,Customer_6695,42,Female,Los Angeles,2022-02-28,1070.2,10.0,20.0,1070.2,107.02000000000001,1,0,1
6696,Customer_6696,38,Male,Los Angeles,2021-05-30,847.83,6.0,10.0,847.83,141.305,2,1,2
6697,Customer_6697,25,Female,Los Angeles,2022-10-30,511.02,2.0,6.0,511.02,255.51,2,1,2
6698,Customer_6698,45,Female,Phoenix,2023-08-04,66.82,1.0,2.0,66.82,66.82,0,1,0
6699,Customer_6699,51,Female,Phoenix,2023-12-07,749.77,5.0,9.0,749.77,149.954,2,1,2
6700,Customer_6700,45,Male,New York,2021-11-08,82.38,1.0,2.0,82.38,82.38,0,1,0
6701,Customer_6701,46,Female,New York,2021-05-19,157.52,3.0,3.0,157.51999999999998,52.50666666666666,0,1,0
6702,Customer_6702,29,Female,Chicago,2023-07-11,446.5,2.0,3.0,446.5,223.25,2,1,2
6703,Customer_6703,47,Male,New York,2021-01-14,0.0,0.0,0.0,0.0,0.0,0,1,0
6704,Customer_6704,37,Male,Los Angeles,2023-02-10,100.78,2.0,2.0,100.78,50.39,0,1,0
6705,Customer_6705,41,Female,New York,2021-07-04,480.12,4.0,6.0,480.12,120.03,0,1,0
6706,Customer_6706,39,Female,Chicago,2021-04-20,307.55,4.0,4.0,307.55,76.8875,0,1,0
6707,Customer_6707,34,Male,Phoenix,2023-01-13,435.01,4.0,5.0,435.01,108.7525,0,1,0
6708,Customer_6708,26,Female,Phoenix,2021-10-08,368.35,3.0,5.0,368.34999999999997,122.78333333333332,0,1,0
6709,Customer_6709,34,Male,Los Angeles,2022-06-27,555.46,2.0,4.0,555.46,277.73,2,1,2
6710,Customer_6710,46,Male,Chicago,2021-03-27,732.19,6.0,10.0,732.19,122.03166666666668,2,1,2
6711,Customer_6711,30,Female,Phoenix,2021-05-18,350.94,1.0,3.0,350.94,350.94,2,1,2
6712,Customer_6712,45,Female,New York,2021-03-18,938.5,8.0,11.0,938.5,117.3125,2,0,2
6713,Customer_6713,43,Female,Houston,2023-09-02,322.29,5.0,9.0,322.29,64.458,0,1,0
6714,Customer_6714,32,Male,Los Angeles,2023-02-15,561.82,4.0,7.0,561.82,140.455,2,1,2
6715,Customer_6715,50,Female,New York,2023-10-14,921.81,8.0,12.0,921.81,115.22625,2,0,2
6716,Customer_6716,31,Female,Los Angeles,2021-04-07,866.3,4.0,7.0,866.3,216.575,2,1,2
6717,Customer_6717,52,Male,New York,2023-09-22,358.43,4.0,6.0,358.43,89.6075,0,1,0
6718,Customer_6718,40,Male,Houston,2023-03-09,2830.97,14.0,29.0,2830.9700000000003,202.21214285714288,1,0,1
6719,Customer_6719,35,Female,Los Angeles,2023-10-30,2313.63,11.0,28.0,2313.63,210.33,1,0,1
6720,Customer_6720,25,Male,Los Angeles,2021-03-24,312.85,5.0,7.0,312.85,62.57000000000001,0,1,0
6721,Customer_6721,34,Female,New York,2021-02-16,2376.59,14.0,27.0,2376.59,169.7564285714286,1,0,1
6722,Customer_6722,33,Female,Phoenix,2022-03-06,315.48,2.0,2.0,315.48,157.74,0,1,0
6723,Customer_6723,21,Female,Chicago,2022-05-28,1753.42,11.0,20.0,1753.42,159.4018181818182,1,0,1
6724,Customer_6724,33,Female,Chicago,2022-05-28,1280.1,8.0,15.0,1280.1,160.0125,2,0,2
6725,Customer_6725,26,Female,Chicago,2022-10-20,3279.6,16.0,33.0,3279.6,204.975,1,0,1
6726,Customer_6726,41,Female,Los Angeles,2022-11-04,2379.68,15.0,32.0,2379.68,158.64533333333333,1,0,1
6727,Customer_6727,49,Male,New York,2022-10-09,168.26,2.0,4.0,168.26,84.13,0,1,0
6728,Customer_6728,22,Male,Houston,2023-03-09,0.0,0.0,0.0,0.0,0.0,0,1,0
6729,Customer_6729,54,Male,New York,2021-03-18,0.0,0.0,0.0,0.0,0.0,0,1,0
6730,Customer_6730,34,Female,New York,2021-03-22,898.27,4.0,11.0,898.27,224.5675,2,1,2
6731,Customer_6731,24,Female,Houston,2022-07-08,644.69,3.0,9.0,644.6899999999999,214.89666666666665,2,1,2
6732,Customer_6732,43,Female,New York,2022-09-28,313.53,4.0,6.0,313.53,78.3825,0,1,0
6733,Customer_6733,30,Male,Los Angeles,2023-01-12,869.95,3.0,9.0,869.9499999999999,289.9833333333333,2,1,2
6734,Customer_6734,34,Male,Chicago,2023-04-26,0.0,0.0,0.0,0.0,0.0,0,1,0
6735,Customer_6735,31,Female,Los Angeles,2021-04-17,450.28,3.0,5.0,450.28000000000003,150.09333333333333,2,1,2
6736,Customer_6736,26,Female,Houston,2023-08-23,526.93,6.0,9.0,526.9300000000001,87.82166666666667,2,1,2
6737,Customer_6737,43,Female,Chicago,2022-11-17,419.2,5.0,8.0,419.20000000000005,83.84,0,1,0
6738,Customer_6738,32,Female,Chicago,2023-07-30,1050.16,3.0,8.0,1050.16,350.05333333333334,2,1,2
6739,Customer_6739,19,Female,Houston,2021-11-08,1105.48,11.0,18.0,1105.48,100.49818181818182,1,0,1
6740,Customer_6740,41,Male,Los Angeles,2022-08-22,3831.16,21.0,44.0,3831.16,182.43619047619046,1,0,1
6741,Customer_6741,22,Male,Los Angeles,2022-11-15,635.28,3.0,6.0,635.2800000000001,211.76000000000002,2,1,2
6742,Customer_6742,22,Female,Los Angeles,2022-09-25,633.44,4.0,6.0,633.44,158.36,2,1,2
6743,Customer_6743,48,Female,Los Angeles,2022-10-30,431.4,2.0,6.0,431.4,215.7,2,1,2
6744,Customer_6744,22,Male,Phoenix,2022-08-22,1020.64,3.0,7.0,1020.6399999999999,340.2133333333333,2,1,2
6745,Customer_6745,18,Female,Houston,2022-02-19,318.06,4.0,8.0,318.06,79.515,0,1,0
6746,Customer_6746,42,Female,New York,2023-02-11,478.48,3.0,6.0,478.47999999999996,159.4933333333333,2,1,2
6747,Customer_6747,32,Female,New York,2022-01-19,610.44,5.0,10.0,610.44,122.08800000000001,2,1,2
6748,Customer_6748,33,Female,New York,2023-11-22,1938.82,10.0,17.0,1938.82,193.882,1,0,1
6749,Customer_6749,32,Female,New York,2022-06-24,341.85,4.0,5.0,341.85,85.4625,0,1,0
6750,Customer_6750,38,Male,New York,2022-05-02,2614.37,12.0,29.0,2614.37,217.86416666666665,1,0,1
6751,Customer_6751,27,Female,Chicago,2021-09-21,99.66,1.0,1.0,99.66,99.66,0,1,0
6752,Customer_6752,51,Female,Phoenix,2021-01-30,510.76,2.0,5.0,510.76,255.38,2,1,2
6753,Customer_6753,19,Male,Houston,2023-06-18,1459.59,12.0,18.0,1459.59,121.6325,1,0,1
6754,Customer_6754,40,Female,New York,2021-05-10,157.16,1.0,2.0,157.16,157.16,0,1,0
6755,Customer_6755,42,Male,Los Angeles,2023-12-30,240.05,2.0,4.0,240.05,120.025,0,1,0
6756,Customer_6756,27,Male,Chicago,2021-04-29,147.29,1.0,1.0,147.29,147.29,0,1,0
6757,Customer_6757,24,Female,Houston,2021-11-23,1164.52,9.0,15.0,1164.52,129.39111111111112,1,0,1
6758,Customer_6758,46,Male,Houston,2023-12-30,248.19,3.0,4.0,248.19,82.73,0,1,0
6759,Customer_6759,24,Female,Phoenix,2021-07-27,267.05,2.0,6.0,267.05,133.525,0,1,0
6760,Customer_6760,28,Male,Chicago,2021-04-01,366.76,4.0,7.0,366.76,91.69,0,1,0
6761,Customer_6761,45,Female,Houston,2021-04-30,0.0,0.0,0.0,0.0,0.0,0,1,0
6762,Customer_6762,35,Male,New York,2023-09-09,92.0,1.0,1.0,92.0,92.0,0,1,0
6763,Customer_6763,18,Male,Chicago,2021-07-26,1387.04,8.0,12.0,1387.04,173.38,2,0,2
6764,Customer_6764,54,Female,New York,2022-02-10,952.16,7.0,13.0,952.16,136.02285714285713,2,0,2
6765,Customer_6765,29,Male,Los Angeles,2023-02-07,55.12,1.0,2.0,55.12,55.12,0,1,0
6766,Customer_6766,31,Male,Chicago,2022-07-01,1480.87,7.0,15.0,1480.87,211.55285714285714,2,0,2
6767,Customer_6767,38,Male,Los Angeles,2021-05-04,453.33,4.0,6.0,453.33,113.3325,0,1,0
6768,Customer_6768,42,Female,New York,2021-04-22,724.26,2.0,5.0,724.26,362.13,2,1,2
6769,Customer_6769,57,Male,New York,2023-10-07,1283.01,5.0,10.0,1283.01,256.602,2,0,2
6770,Customer_6770,18,Female,New York,2023-09-10,223.15,3.0,3.0,223.14999999999998,74.38333333333333,0,1,0
6771,Customer_6771,44,Female,New York,2022-09-06,163.38,2.0,2.0,163.38,81.69,0,1,0
6772,Customer_6772,43,Female,New York,2023-08-03,1043.66,7.0,14.0,1043.66,149.09428571428572,2,0,2
6773,Customer_6773,33,Female,New York,2022-12-07,100.45,1.0,1.0,100.45,100.45,0,1,0
6774,Customer_6774,44,Male,New York,2021-05-27,460.9,3.0,5.0,460.90000000000003,153.63333333333335,2,1,2
6775,Customer_6775,45,Female,Phoenix,2021-05-12,1113.06,3.0,8.0,1113.06,371.02,2,0,2
6776,Customer_6776,20,Male,Los Angeles,2023-01-02,2135.39,6.0,20.0,2135.3900000000003,355.89833333333337,1,0,1
6777,Customer_6777,54,Female,New York,2023-04-30,0.0,0.0,0.0,0.0,0.0,0,1,0
6778,Customer_6778,18,Female,Chicago,2021-04-14,223.86,2.0,3.0,223.86,111.93,0,1,0
6779,Customer_6779,23,Female,Phoenix,2022-07-07,1492.01,7.0,14.0,1492.01,213.1442857142857,2,0,2
6780,Customer_6780,32,Female,Houston,2022-07-22,1204.2,5.0,10.0,1204.2,240.84,2,0,2
6781,Customer_6781,56,Female,Los Angeles,2023-02-01,1354.2,6.0,16.0,1354.2,225.70000000000002,2,0,2
6782,Customer_6782,32,Female,Chicago,2023-07-16,1392.55,5.0,14.0,1392.55,278.51,2,0,2
6783,Customer_6783,35,Male,Houston,2022-10-24,344.84,4.0,7.0,344.84000000000003,86.21000000000001,0,1,0
6784,Customer_6784,51,Female,Houston,2023-08-02,120.66,1.0,2.0,120.66,120.66,0,1,0
6785,Customer_6785,32,Female,Chicago,2023-04-28,970.25,5.0,13.0,970.25,194.05,2,0,2
6786,Customer_6786,22,Female,Phoenix,2023-06-15,1623.92,7.0,17.0,1623.9199999999998,231.98857142857142,1,0,1
6787,Customer_6787,30,Male,Phoenix,2021-06-18,347.52,3.0,5.0,347.52,115.83999999999999,0,1,0
6788,Customer_6788,50,Male,Chicago,2022-07-11,999.77,8.0,18.0,999.77,124.97125,2,0,2
6789,Customer_6789,36,Female,Los Angeles,2023-09-12,695.2,2.0,5.0,695.2,347.6,2,1,2
6790,Customer_6790,56,Female,Chicago,2022-06-04,433.53,3.0,4.0,433.53,144.51,0,1,0
6791,Customer_6791,43,Female,Houston,2021-04-17,1186.12,5.0,12.0,1186.12,237.224,2,0,2
6792,Customer_6792,28,Male,New York,2023-06-04,1055.84,4.0,9.0,1055.84,263.96,2,1,2
6793,Customer_6793,36,Female,Phoenix,2022-10-20,1578.17,12.0,21.0,1578.17,131.51416666666668,1,0,1
6794,Customer_6794,26,Female,New York,2021-01-31,1115.68,8.0,14.0,1115.68,139.46,2,0,2
6795,Customer_6795,28,Female,Chicago,2021-09-04,115.35,1.0,3.0,115.35000000000001,115.35000000000001,0,1,0
6796,Customer_6796,70,Female,Phoenix,2023-07-15,198.61,2.0,3.0,198.60999999999999,99.30499999999999,0,1,0
6797,Customer_6797,46,Female,New York,2021-01-24,471.85,3.0,7.0,471.84999999999997,157.28333333333333,2,1,2
6798,Customer_6798,44,Male,Chicago,2022-05-13,273.02,1.0,2.0,273.02,273.02,2,1,2
6799,Customer_6799,28,Female,New York,2023-05-04,0.0,0.0,0.0,0.0,0.0,0,1,0
6800,Customer_6800,52,Male,Los Angeles,2021-10-31,0.0,0.0,0.0,0.0,0.0,0,1,0
6801,Customer_6801,47,Female,New York,2021-11-12,264.94,3.0,6.0,264.94,88.31333333333333,0,1,0
6802,Customer_6802,56,Female,Los Angeles,2021-10-05,959.85,8.0,17.0,959.85,119.98125,2,0,2
6803,Customer_6803,55,Male,Los Angeles,2022-06-26,399.84,1.0,4.0,399.84,399.84,2,1,2
6804,Customer_6804,19,Female,Phoenix,2023-02-28,1171.83,2.0,7.0,1171.83,585.915,2,0,2
6805,Customer_6805,23,Male,Phoenix,2021-12-22,529.04,3.0,8.0,529.04,176.34666666666666,2,1,2
6806,Customer_6806,24,Male,New York,2021-09-07,310.5,4.0,7.0,310.5,77.625,0,1,0
6807,Customer_6807,25,Female,Houston,2021-04-13,606.51,4.0,8.0,606.51,151.6275,2,1,2
6808,Customer_6808,39,Male,New York,2021-02-04,491.93,5.0,7.0,491.92999999999995,98.386,2,1,2
6809,Customer_6809,29,Female,New York,2022-06-16,811.94,6.0,12.0,811.94,135.32333333333335,2,1,2
6810,Customer_6810,58,Male,New York,2022-07-13,1278.92,9.0,18.0,1278.92,142.10222222222222,1,0,1
6811,Customer_6811,56,Female,Phoenix,2023-12-13,127.03,2.0,2.0,127.03,63.515,0,1,0
6812,Customer_6812,35,Male,Phoenix,2023-02-24,446.38,3.0,5.0,446.38,148.79333333333332,0,1,0
6813,Customer_6813,57,Female,New York,2021-01-18,383.19,4.0,8.0,383.19,95.7975,0,1,0
6814,Customer_6814,51,Female,New York,2021-06-01,40.68,1.0,1.0,40.68,40.68,0,1,0
6815,Customer_6815,30,Male,New York,2023-10-13,620.08,3.0,4.0,620.08,206.69333333333336,2,1,2
6816,Customer_6816,18,Male,Chicago,2023-05-23,176.79,2.0,2.0,176.79,88.395,0,1,0
6817,Customer_6817,33,Male,Chicago,2022-07-03,1407.58,10.0,16.0,1407.58,140.75799999999998,1,0,1
6818,Customer_6818,28,Male,New York,2022-01-14,989.56,3.0,8.0,989.56,329.8533333333333,2,1,2
6819,Customer_6819,37,Male,Houston,2022-04-03,52.83,1.0,1.0,52.83,52.83,0,1,0
6820,Customer_6820,36,Female,Los Angeles,2021-12-19,663.97,4.0,6.0,663.97,165.9925,2,1,2
6821,Customer_6821,36,Female,Phoenix,2022-01-11,0.0,0.0,0.0,0.0,0.0,0,1,0
6822,Customer_6822,41,Female,Chicago,2021-07-27,55.96,1.0,1.0,55.96,55.96,0,1,0
6823,Customer_6823,22,Female,Los Angeles,2022-04-05,1270.26,7.0,13.0,1270.26,181.46571428571428,2,0,2
6824,Customer_6824,40,Female,Houston,2022-06-14,0.0,0.0,0.0,0.0,0.0,0,1,0
6825,Customer_6825,30,Male,Houston,2022-04-30,918.88,4.0,8.0,918.88,229.72,2,1,2
6826,Customer_6826,37,Female,Los Angeles,2021-05-02,207.78,2.0,2.0,207.78,103.89,0,1,0
6827,Customer_6827,46,Male,Los Angeles,2023-03-05,413.68,4.0,8.0,413.68,103.42,0,1,0
6828,Customer_6828,22,Female,Phoenix,2021-09-08,1999.54,7.0,14.0,1999.54,285.6485714285714,1,0,1
6829,Customer_6829,32,Female,New York,2021-02-16,436.86,2.0,6.0,436.85999999999996,218.42999999999998,2,1,2
6830,Customer_6830,34,Female,New York,2023-06-15,171.87,2.0,5.0,171.87,85.935,0,1,0
6831,Customer_6831,29,Male,Los Angeles,2021-09-02,495.31,2.0,5.0,495.31,247.655,2,1,2
6832,Customer_6832,45,Male,Houston,2022-12-25,582.46,4.0,7.0,582.4599999999999,145.61499999999998,2,1,2
6833,Customer_6833,27,Male,Houston,2021-08-06,425.9,3.0,6.0,425.9,141.96666666666667,0,1,0
6834,Customer_6834,29,Female,Phoenix,2023-02-02,219.76,3.0,3.0,219.76,73.25333333333333,0,1,0
6835,Customer_6835,27,Male,Chicago,2022-08-27,0.0,0.0,0.0,0.0,0.0,0,1,0
6836,Customer_6836,47,Female,New York,2021-10-17,1655.94,8.0,17.0,1655.94,206.9925,1,0,1
6837,Customer_6837,30,Female,Chicago,2022-08-25,1032.59,8.0,12.0,1032.59,129.07375,2,0,2
6838,Customer_6838,40,Female,Houston,2023-09-23,342.85,1.0,5.0,342.84999999999997,342.84999999999997,2,1,2
6839,Customer_6839,57,Female,New York,2022-11-27,104.64,2.0,2.0,104.64,52.32,0,1,0
6840,Customer_6840,34,Female,New York,2022-09-02,2050.62,9.0,21.0,2050.62,227.84666666666666,1,0,1
6841,Customer_6841,47,Male,New York,2021-11-02,1610.81,9.0,21.0,1610.81,178.9788888888889,1,0,1
6842,Customer_6842,53,Male,Chicago,2022-06-20,1858.1,8.0,17.0,1858.1,232.2625,1,0,1
6843,Customer_6843,46,Female,Phoenix,2023-01-27,182.38,2.0,2.0,182.38,91.19,0,1,0
6844,Customer_6844,35,Female,Houston,2023-10-11,1043.2,3.0,8.0,1043.1999999999998,347.7333333333333,2,1,2
6845,Customer_6845,42,Female,Phoenix,2021-12-20,699.78,3.0,5.0,699.78,233.26,2,1,2
6846,Customer_6846,21,Female,New York,2023-01-05,814.77,5.0,8.0,814.77,162.954,2,1,2
6847,Customer_6847,26,Male,Phoenix,2021-08-23,245.95,4.0,6.0,245.95000000000002,61.487500000000004,0,1,0
6848,Customer_6848,28,Female,Houston,2021-11-02,621.69,4.0,7.0,621.69,155.4225,2,1,2
6849,Customer_6849,60,Male,Los Angeles,2021-11-10,275.75,1.0,5.0,275.75,275.75,2,1,2
6850,Customer_6850,26,Female,Phoenix,2023-08-06,1587.99,11.0,17.0,1587.99,144.36272727272728,1,0,1
6851,Customer_6851,26,Male,Los Angeles,2023-11-03,457.6,1.0,4.0,457.6,457.6,2,1,2
6852,Customer_6852,24,Female,Phoenix,2023-04-07,1481.81,6.0,16.0,1481.81,246.96833333333333,2,0,2
6853,Customer_6853,41,Male,Phoenix,2021-06-16,956.23,8.0,15.0,956.23,119.52875,2,0,2
6854,Customer_6854,37,Female,Houston,2021-02-22,136.13,2.0,2.0,136.13,68.065,0,1,0
6855,Customer_6855,47,Male,Chicago,2021-10-03,4270.52,19.0,42.0,4270.5199999999995,224.76421052631576,1,0,1
6856,Customer_6856,42,Female,New York,2022-03-23,659.98,4.0,8.0,659.98,164.995,2,1,2
6857,Customer_6857,20,Female,Chicago,2021-12-18,848.19,4.0,9.0,848.19,212.0475,2,1,2
6858,Customer_6858,26,Male,Los Angeles,2021-01-10,431.16,3.0,5.0,431.15999999999997,143.72,0,1,0
6859,Customer_6859,50,Male,Houston,2022-02-14,1900.73,12.0,22.0,1900.73,158.39416666666668,1,0,1
6860,Customer_6860,33,Male,Houston,2021-05-27,635.23,5.0,6.0,635.23,127.046,2,1,2
6861,Customer_6861,48,Male,Phoenix,2023-04-09,933.4,5.0,9.0,933.4,186.68,2,1,2
6862,Customer_6862,33,Male,New York,2022-09-22,568.78,4.0,6.0,568.78,142.195,2,1,2
6863,Customer_6863,24,Female,Houston,2023-05-02,1830.88,12.0,28.0,1830.88,152.57333333333335,1,0,1
6864,Customer_6864,32,Female,Phoenix,2022-03-04,209.72,2.0,4.0,209.72,104.86,0,1,0
6865,Customer_6865,24,Female,Houston,2022-05-03,1981.08,14.0,26.0,1981.08,141.50571428571428,1,0,1
6866,Customer_6866,29,Male,New York,2022-08-07,0.0,0.0,0.0,0.0,0.0,0,1,0
6867,Customer_6867,37,Female,New York,2022-10-18,1027.25,5.0,11.0,1027.25,205.45,2,0,2
6868,Customer_6868,41,Female,New York,2022-09-08,457.96,2.0,3.0,457.96000000000004,228.98000000000002,2,1,2
6869,Customer_6869,18,Male,Chicago,2021-08-03,92.8,2.0,4.0,92.8,46.4,0,1,0
6870,Customer_6870,35,Male,Chicago,2023-09-19,0.0,0.0,0.0,0.0,0.0,0,1,0
6871,Customer_6871,29,Female,Phoenix,2022-05-25,1373.37,13.0,16.0,1373.37,105.64384615384614,1,0,1
6872,Customer_6872,28,Female,Los Angeles,2022-05-26,314.93,3.0,5.0,314.93,104.97666666666667,0,1,0
6873,Customer_6873,36,Female,Los Angeles,2021-01-26,1386.77,7.0,13.0,1386.77,198.10999999999999,2,0,2
6874,Customer_6874,29,Female,Chicago,2021-07-12,460.97,3.0,6.0,460.97,153.65666666666667,2,1,2
6875,Customer_6875,50,Female,Houston,2021-04-13,148.82,1.0,1.0,148.82,148.82,0,1,0
6876,Customer_6876,48,Male,Phoenix,2022-02-15,736.31,5.0,9.0,736.31,147.262,2,1,2
6877,Customer_6877,48,Male,Houston,2023-01-15,1107.23,5.0,12.0,1107.23,221.446,2,0,2
6878,Customer_6878,30,Male,Los Angeles,2021-02-20,556.82,5.0,10.0,556.82,111.364,2,1,2
6879,Customer_6879,24,Female,Chicago,2021-12-09,3774.14,15.0,30.0,3774.14,251.60933333333332,1,0,1
6880,Customer_6880,36,Male,Phoenix,2021-07-21,0.0,0.0,0.0,0.0,0.0,0,1,0
6881,Customer_6881,33,Female,Chicago,2021-10-27,1954.67,8.0,17.0,1954.67,244.33375,1,0,1
6882,Customer_6882,28,Female,New York,2021-05-26,313.58,5.0,5.0,313.58,62.715999999999994,0,1,0
6883,Customer_6883,22,Male,New York,2023-02-09,1218.88,6.0,16.0,1218.88,203.14666666666668,2,0,2
6884,Customer_6884,35,Female,New York,2022-04-07,2523.53,10.0,24.0,2523.5299999999997,252.35299999999998,1,0,1
6885,Customer_6885,31,Female,Houston,2023-07-05,0.0,0.0,0.0,0.0,0.0,0,1,0
6886,Customer_6886,43,Male,New York,2023-04-04,133.23,2.0,6.0,133.23,66.615,0,1,0
6887,Customer_6887,42,Female,New York,2022-05-19,448.63,4.0,6.0,448.63,112.1575,0,1,0
6888,Customer_6888,47,Male,Los Angeles,2021-05-31,513.32,5.0,7.0,513.32,102.66400000000002,2,1,2
6889,Customer_6889,21,Female,Chicago,2021-07-18,196.78,3.0,6.0,196.78000000000003,65.59333333333335,0,1,0
6890,Customer_6890,39,Male,Los Angeles,2022-03-05,336.48,1.0,3.0,336.48,336.48,2,1,2
6891,Customer_6891,27,Female,Houston,2021-10-30,135.57,2.0,2.0,135.57,67.785,0,1,0
6892,Customer_6892,22,Female,New York,2023-06-23,572.37,4.0,6.0,572.37,143.0925,2,1,2
6893,Customer_6893,30,Male,New York,2022-05-13,157.47,1.0,1.0,157.47,157.47,0,1,0
6894,Customer_6894,47,Female,Chicago,2023-06-20,188.72,1.0,4.0,188.72,188.72,0,1,0
6895,Customer_6895,31,Female,Los Angeles,2023-03-02,331.44,2.0,4.0,331.44,165.72,0,1,0
6896,Customer_6896,52,Female,Los Angeles,2021-04-15,751.21,6.0,10.0,751.21,125.20166666666667,2,1,2
6897,Customer_6897,41,Female,New York,2021-01-10,0.0,0.0,0.0,0.0,0.0,0,1,0
6898,Customer_6898,31,Female,Phoenix,2023-11-17,768.55,4.0,7.0,768.55,192.1375,2,1,2
6899,Customer_6899,48,Female,Houston,2022-09-03,779.54,6.0,13.0,779.54,129.92333333333332,2,0,2
6900,Customer_6900,40,Male,New York,2023-02-08,1246.25,10.0,14.0,1246.25,124.625,1,0,1
6901,Customer_6901,25,Female,New York,2021-11-23,0.0,0.0,0.0,0.0,0.0,0,1,0
6902,Customer_6902,55,Female,Phoenix,2023-06-02,305.37,1.0,3.0,305.37,305.37,2,1,2
6903,Customer_6903,38,Female,Houston,2023-06-26,230.05,2.0,4.0,230.04999999999998,115.02499999999999,0,1,0
6904,Customer_6904,35,Female,Los Angeles,2023-01-08,145.45,2.0,2.0,145.45,72.725,0,1,0
6905,Customer_6905,26,Male,Houston,2021-05-07,1137.5,7.0,13.0,1137.5,162.5,2,0,2
6906,Customer_6906,48,Female,Houston,2023-07-13,465.8,4.0,5.0,465.8,116.45,0,1,0
6907,Customer_6907,41,Male,Houston,2021-06-20,180.03,3.0,3.0,180.03,60.01,0,1,0
6908,Customer_6908,42,Female,Chicago,2021-07-31,453.55,4.0,4.0,453.54999999999995,113.38749999999999,0,1,0
6909,Customer_6909,29,Male,Los Angeles,2023-07-13,432.99,2.0,3.0,432.99,216.495,2,1,2
6910,Customer_6910,44,Male,New York,2021-07-08,642.93,2.0,5.0,642.9300000000001,321.46500000000003,2,1,2
6911,Customer_6911,45,Male,Phoenix,2023-07-22,1537.57,9.0,17.0,1537.57,170.8411111111111,1,0,1
6912,Customer_6912,28,Male,Chicago,2022-01-22,389.12,2.0,4.0,389.12,194.56,2,1,2
6913,Customer_6913,19,Male,New York,2023-02-16,819.42,5.0,10.0,819.42,163.884,2,1,2
6914,Customer_6914,41,Female,Phoenix,2023-10-09,421.27,3.0,3.0,421.27000000000004,140.42333333333335,0,1,0
6915,Customer_6915,18,Female,Phoenix,2022-12-27,403.63,2.0,3.0,403.63,201.815,2,1,2
6916,Customer_6916,37,Male,Phoenix,2021-01-23,233.21,2.0,5.0,233.21,116.605,0,1,0
6917,Customer_6917,30,Female,Phoenix,2022-02-05,942.96,3.0,9.0,942.96,314.32,2,1,2
6918,Customer_6918,48,Female,Phoenix,2022-05-20,1750.45,10.0,24.0,1750.45,175.04500000000002,1,0,1
6919,Customer_6919,31,Male,New York,2023-07-10,327.01,5.0,5.0,327.01,65.402,0,1,0
6920,Customer_6920,47,Female,Houston,2021-11-25,534.93,5.0,6.0,534.9300000000001,106.98600000000002,2,1,2
6921,Customer_6921,29,Male,Houston,2022-04-16,657.49,3.0,5.0,657.49,219.16333333333333,2,1,2
6922,Customer_6922,46,Male,New York,2022-02-16,1967.41,10.0,21.0,1967.41,196.741,1,0,1
6923,Customer_6923,58,Male,New York,2023-01-24,396.75,1.0,3.0,396.75,396.75,2,1,2
6924,Customer_6924,23,Male,Phoenix,2021-01-29,1063.52,6.0,12.0,1063.52,177.25333333333333,2,0,2
6925,Customer_6925,38,Female,Los Angeles,2021-09-02,570.58,6.0,13.0,570.58,95.09666666666668,2,1,2
6926,Customer_6926,65,Female,Phoenix,2023-07-27,0.0,0.0,0.0,0.0,0.0,0,1,0
6927,Customer_6927,36,Female,New York,2023-04-06,158.31,2.0,2.0,158.31,79.155,0,1,0
6928,Customer_6928,36,Female,New York,2023-12-20,562.75,5.0,7.0,562.75,112.55,2,1,2
6929,Customer_6929,44,Male,Los Angeles,2021-05-19,1539.18,8.0,19.0,1539.18,192.3975,1,0,1
6930,Customer_6930,35,Male,New York,2021-12-23,255.78,2.0,2.0,255.78,127.89,0,1,0
6931,Customer_6931,18,Female,Houston,2021-07-31,113.4,1.0,5.0,113.4,113.4,0,1,0
6932,Customer_6932,47,Female,Chicago,2022-05-01,352.14,2.0,5.0,352.14,176.07,2,1,2
6933,Customer_6933,18,Male,New York,2021-06-27,0.0,0.0,0.0,0.0,0.0,0,1,0
6934,Customer_6934,30,Female,New York,2022-05-28,415.44,1.0,4.0,415.44,415.44,2,1,2
6935,Customer_6935,48,Female,Los Angeles,2021-04-23,573.35,4.0,7.0,573.35,143.3375,2,1,2
6936,Customer_6936,31,Female,New York,2021-10-10,0.0,0.0,0.0,0.0,0.0,0,1,0
6937,Customer_6937,27,Male,Houston,2022-06-28,86.47,1.0,1.0,86.47,86.47,0,1,0
6938,Customer_6938,45,Male,Los Angeles,2021-02-10,1024.85,5.0,11.0,1024.85,204.96999999999997,2,0,2
6939,Customer_6939,26,Male,New York,2023-07-21,1166.67,10.0,17.0,1166.67,116.667,1,0,1
6940,Customer_6940,22,Male,Chicago,2023-05-05,621.16,4.0,8.0,621.16,155.29,2,1,2
6941,Customer_6941,38,Female,New York,2023-07-15,685.82,4.0,10.0,685.8199999999999,171.45499999999998,2,1,2
6942,Customer_6942,33,Female,New York,2021-11-09,740.47,3.0,9.0,740.47,246.82333333333335,2,1,2
6943,Customer_6943,21,Male,New York,2022-04-16,711.29,6.0,11.0,711.29,118.54833333333333,2,1,2
6944,Customer_6944,42,Female,Phoenix,2021-02-17,842.75,8.0,10.0,842.75,105.34375,2,0,2
6945,Customer_6945,40,Male,Phoenix,2021-05-14,1504.12,9.0,17.0,1504.12,167.12444444444444,1,0,1
6946,Customer_6946,31,Male,Houston,2022-06-03,845.48,6.0,12.0,845.48,140.91333333333333,2,0,2
6947,Customer_6947,32,Male,Los Angeles,2023-09-26,1469.25,6.0,17.0,1469.25,244.875,2,0,2
6948,Customer_6948,40,Male,Los Angeles,2021-11-13,659.56,2.0,4.0,659.56,329.78,2,1,2
6949,Customer_6949,48,Male,Chicago,2021-03-27,0.0,0.0,0.0,0.0,0.0,0,1,0
6950,Customer_6950,32,Male,Houston,2023-12-08,192.71,2.0,4.0,192.70999999999998,96.35499999999999,0,1,0
6951,Customer_6951,42,Female,Phoenix,2023-10-07,831.97,6.0,10.0,831.97,138.66166666666666,2,1,2
6952,Customer_6952,41,Female,New York,2022-05-05,24.19,1.0,1.0,24.19,24.19,0,1,0
6953,Customer_6953,45,Female,New York,2022-02-28,412.9,2.0,4.0,412.9,206.45,2,1,2
6954,Customer_6954,35,Male,Houston,2022-01-22,595.34,3.0,11.0,595.34,198.4466666666667,2,1,2
6955,Customer_6955,25,Female,Houston,2023-07-15,519.48,2.0,4.0,519.48,259.74,2,1,2
6956,Customer_6956,30,Male,Houston,2021-08-28,419.74,4.0,5.0,419.74,104.935,0,1,0
6957,Customer_6957,39,Female,Houston,2021-09-15,856.9,9.0,16.0,856.9,95.21111111111111,2,0,2
6958,Customer_6958,55,Male,Phoenix,2021-02-13,1150.61,8.0,16.0,1150.6100000000001,143.82625000000002,2,0,2
6959,Customer_6959,30,Female,Chicago,2022-10-26,858.34,8.0,13.0,858.3399999999999,107.29249999999999,2,0,2
6960,Customer_6960,44,Male,Phoenix,2023-10-04,547.16,2.0,4.0,547.16,273.58,2,1,2
6961,Customer_6961,31,Male,Phoenix,2023-01-24,33.48,1.0,1.0,33.48,33.48,0,1,0
6962,Customer_6962,36,Female,Houston,2021-04-15,271.9,2.0,2.0,271.9,135.95,0,1,0
6963,Customer_6963,52,Female,Los Angeles,2023-08-12,103.28,2.0,3.0,103.28,51.64,0,1,0
6964,Customer_6964,43,Male,New York,2023-07-16,867.72,8.0,13.0,867.72,108.465,2,0,2
6965,Customer_6965,21,Female,Chicago,2023-08-12,760.32,6.0,11.0,760.32,126.72000000000001,2,1,2
6966,Customer_6966,29,Female,Los Angeles,2022-11-26,0.0,0.0,0.0,0.0,0.0,0,1,0
6967,Customer_6967,49,Male,Phoenix,2021-02-26,115.05,3.0,3.0,115.05,38.35,0,1,0
6968,Customer_6968,37,Male,New York,2021-08-28,60.52,1.0,1.0,60.52,60.52,0,1,0
6969,Customer_6969,22,Male,Los Angeles,2023-09-08,389.94,4.0,5.0,389.94,97.485,0,1,0
6970,Customer_6970,26,Female,Houston,2022-03-03,436.93,3.0,5.0,436.93,145.64333333333335,0,1,0
6971,Customer_6971,43,Female,New York,2022-09-09,352.97,2.0,4.0,352.97,176.485,0,1,0
6972,Customer_6972,46,Male,Los Angeles,2022-07-31,73.78,1.0,1.0,73.78,73.78,0,1,0
6973,Customer_6973,35,Male,Los Angeles,2023-09-29,106.38,1.0,1.0,106.38,106.38,0,1,0
6974,Customer_6974,62,Male,Chicago,2021-05-20,77.64,1.0,2.0,77.64,77.64,0,1,0
6975,Customer_6975,44,Female,New York,2021-03-03,106.05,2.0,3.0,106.05,53.025,0,1,0
6976,Customer_6976,32,Female,Phoenix,2021-06-01,0.0,0.0,0.0,0.0,0.0,0,1,0
6977,Customer_6977,26,Female,Los Angeles,2021-05-10,176.99,2.0,2.0,176.98999999999998,88.49499999999999,0,1,0
6978,Customer_6978,24,Female,Phoenix,2022-03-07,484.88,7.0,8.0,484.88,69.26857142857143,2,1,2
6979,Customer_6979,39,Female,Los Angeles,2022-02-04,1188.59,8.0,16.0,1188.59,148.57375,2,0,2
6980,Customer_6980,30,Female,Los Angeles,2022-11-05,1050.87,4.0,12.0,1050.87,262.7175,2,0,2
6981,Customer_6981,53,Male,New York,2022-06-25,326.4,1.0,2.0,326.4,326.4,2,1,2
6982,Customer_6982,51,Female,New York,2021-07-01,32.02,1.0,1.0,32.02,32.02,0,1,0
6983,Customer_6983,42,Male,Chicago,2023-12-11,180.22,3.0,4.0,180.22,60.07333333333333,0,1,0
6984,Customer_6984,22,Male,New York,2022-06-10,2307.87,15.0,27.0,2307.87,153.858,1,0,1
6985,Customer_6985,28,Male,Los Angeles,2021-12-16,634.72,6.0,8.0,634.72,105.78666666666668,2,1,2
6986,Customer_6986,49,Female,Chicago,2023-12-18,947.46,4.0,11.0,947.46,236.865,2,1,2
6987,Customer_6987,29,Male,Los Angeles,2022-02-23,1311.06,8.0,17.0,1311.06,163.8825,1,0,1
6988,Customer_6988,47,Male,New York,2022-10-02,2936.23,11.0,30.0,2936.23,266.93,1,0,1
6989,Customer_6989,40,Male,Houston,2021-02-06,814.06,4.0,7.0,814.06,203.515,2,1,2
6990,Customer_6990,36,Male,Phoenix,2022-05-09,1690.53,9.0,21.0,1690.53,187.83666666666667,1,0,1
6991,Customer_6991,27,Male,New York,2021-12-25,1021.43,4.0,8.0,1021.4300000000001,255.35750000000002,2,1,2
6992,Customer_6992,34,Male,New York,2022-10-13,2014.56,10.0,25.0,2014.56,201.456,1,0,1
6993,Customer_6993,37,Female,Phoenix,2022-06-23,1045.29,8.0,16.0,1045.29,130.66125,2,0,2
6994,Customer_6994,46,Male,New York,2021-12-10,120.85,2.0,4.0,120.85,60.425,0,1,0
6995,Customer_6995,25,Female,Phoenix,2023-01-15,121.7,1.0,5.0,121.7,121.7,0,1,0
6996,Customer_6996,32,Male,New York,2021-06-20,587.16,3.0,5.0,587.16,195.72,2,1,2
6997,Customer_6997,35,Female,Phoenix,2023-05-16,670.9,6.0,9.0,670.9,111.81666666666666,2,1,2
6998,Customer_6998,42,Female,Los Angeles,2021-01-20,404.98,3.0,6.0,404.98,134.99333333333334,0,1,0
6999,Customer_6999,25,Male,Phoenix,2021-10-30,90.41,2.0,2.0,90.41,45.205,0,1,0
7000,Customer_7000,21,Male,Los Angeles,2023-02-15,1691.35,7.0,16.0,1691.35,241.62142857142857,1,0,1
7001,Customer_7001,42,Female,Chicago,2023-09-24,1059.03,5.0,10.0,1059.03,211.80599999999998,2,0,2
7002,Customer_7002,18,Female,New York,2021-11-23,487.4,3.0,5.0,487.4,162.46666666666667,2,1,2
7003,Customer_7003,49,Male,New York,2022-07-30,1894.04,7.0,20.0,1894.04,270.57714285714286,1,0,1
7004,Customer_7004,33,Female,Houston,2023-11-02,118.34,1.0,2.0,118.34,118.34,0,1,0
7005,Customer_7005,18,Male,Chicago,2021-12-27,257.57,3.0,3.0,257.57,85.85666666666667,0,1,0
7006,Customer_7006,30,Female,Phoenix,2023-02-11,0.0,0.0,0.0,0.0,0.0,0,1,0
7007,Customer_7007,39,Male,Los Angeles,2021-10-23,467.69,4.0,4.0,467.69,116.9225,0,1,0
7008,Customer_7008,29,Male,Phoenix,2023-02-08,1991.0,15.0,28.0,1991.0,132.73333333333332,1,0,1
7009,Customer_7009,35,Female,Los Angeles,2023-01-29,1480.7,8.0,16.0,1480.7,185.0875,1,0,1
7010,Customer_7010,43,Female,Phoenix,2022-10-15,951.46,7.0,13.0,951.46,135.92285714285714,2,0,2
7011,Customer_7011,33,Female,Phoenix,2023-03-29,771.76,5.0,14.0,771.76,154.352,2,0,2
7012,Customer_7012,25,Male,Los Angeles,2022-11-24,867.41,4.0,9.0,867.4100000000001,216.85250000000002,2,1,2
7013,Customer_7013,32,Male,Phoenix,2022-05-15,16.41,1.0,1.0,16.41,16.41,0,1,0
7014,Customer_7014,51,Male,Houston,2023-12-04,594.7,5.0,5.0,594.7,118.94000000000001,2,1,2
7015,Customer_7015,54,Female,New York,2021-05-29,1097.06,6.0,16.0,1097.06,182.84333333333333,2,0,2
7016,Customer_7016,18,Female,Chicago,2023-08-05,1027.3,5.0,12.0,1027.3,205.45999999999998,2,0,2
7017,Customer_7017,47,Female,New York,2022-07-18,171.13,2.0,2.0,171.13,85.565,0,1,0
7018,Customer_7018,38,Female,Houston,2021-03-04,1247.88,7.0,15.0,1247.88,178.26857142857145,2,0,2
7019,Customer_7019,45,Male,New York,2022-01-29,979.65,5.0,12.0,979.65,195.93,2,0,2
7020,Customer_7020,29,Male,New York,2021-02-28,737.73,5.0,8.0,737.73,147.546,2,1,2
7021,Customer_7021,18,Male,Los Angeles,2022-06-04,1353.94,10.0,14.0,1353.94,135.394,1,0,1
7022,Customer_7022,41,Female,Chicago,2023-03-30,0.0,0.0,0.0,0.0,0.0,0,1,0
7023,Customer_7023,25,Male,Phoenix,2022-01-24,197.87,2.0,2.0,197.87,98.935,0,1,0
7024,Customer_7024,20,Male,Phoenix,2022-08-11,0.0,0.0,0.0,0.0,0.0,0,1,0
7025,Customer_7025,20,Male,Los Angeles,2023-10-11,0.0,0.0,0.0,0.0,0.0,0,1,0
7026,Customer_7026,42,Male,New York,2022-09-28,1941.63,10.0,22.0,1941.6299999999999,194.16299999999998,1,0,1
7027,Customer_7027,37,Female,Houston,2022-06-08,0.0,0.0,0.0,0.0,0.0,0,1,0
7028,Customer_7028,44,Female,Chicago,2021-10-07,1642.38,7.0,15.0,1642.38,234.6257142857143,1,0,1
7029,Customer_7029,42,Male,Los Angeles,2023-12-05,238.63,3.0,3.0,238.63,79.54333333333334,0,1,0
7030,Customer_7030,30,Female,Los Angeles,2022-07-19,205.2,3.0,4.0,205.2,68.39999999999999,0,1,0
7031,Customer_7031,34,Female,Chicago,2021-08-22,892.15,4.0,15.0,892.1500000000001,223.03750000000002,2,0,2
7032,Customer_7032,29,Male,Los Angeles,2021-07-05,665.6,4.0,6.0,665.6,166.4,2,1,2
7033,Customer_7033,33,Male,Houston,2023-03-16,1000.72,9.0,17.0,1000.72,111.19111111111111,1,0,1
7034,Customer_7034,24,Male,Chicago,2021-03-16,0.0,0.0,0.0,0.0,0.0,0,1,0
7035,Customer_7035,39,Female,Phoenix,2023-07-27,571.22,6.0,9.0,571.22,95.20333333333333,2,1,2
7036,Customer_7036,47,Female,Chicago,2022-12-11,26.63,1.0,1.0,26.63,26.63,0,1,0
7037,Customer_7037,26,Male,New York,2021-08-21,1203.29,8.0,19.0,1203.29,150.41125,1,0,1
7038,Customer_7038,49,Male,Phoenix,2022-06-19,159.12,2.0,2.0,159.12,79.56,0,1,0
7039,Customer_7039,36,Male,Chicago,2023-06-15,3279.13,19.0,40.0,3279.1299999999997,172.5857894736842,1,0,1
7040,Customer_7040,38,Male,New York,2023-08-30,1427.83,7.0,14.0,1427.83,203.97571428571428,2,0,2
7041,Customer_7041,18,Male,Chicago,2022-10-09,671.15,4.0,7.0,671.15,167.7875,2,1,2
7042,Customer_7042,18,Male,Los Angeles,2021-10-20,212.05,2.0,2.0,212.05,106.025,0,1,0
7043,Customer_7043,37,Female,Houston,2021-02-07,69.2,1.0,1.0,69.2,69.2,0,1,0
7044,Customer_7044,44,Male,Los Angeles,2021-06-17,1533.4,8.0,18.0,1533.3999999999999,191.67499999999998,1,0,1
7045,Customer_7045,28,Male,Houston,2021-04-13,751.21,5.0,7.0,751.21,150.24200000000002,2,1,2
7046,Customer_7046,53,Male,New York,2021-05-25,34.8,1.0,1.0,34.8,34.8,0,1,0
7047,Customer_7047,43,Female,Los Angeles,2023-01-25,752.06,7.0,13.0,752.06,107.43714285714285,2,0,2
7048,Customer_7048,25,Male,Phoenix,2022-10-22,716.57,7.0,13.0,716.57,102.36714285714287,2,0,2
7049,Customer_7049,35,Female,Houston,2022-01-01,0.0,0.0,0.0,0.0,0.0,0,1,0
7050,Customer_7050,62,Female,New York,2021-06-02,2216.26,17.0,33.0,2216.26,130.36823529411765,1,0,1
7051,Customer_7051,21,Female,Los Angeles,2023-04-08,0.0,0.0,0.0,0.0,0.0,0,1,0
7052,Customer_7052,41,Male,Los Angeles,2022-02-26,218.69,3.0,5.0,218.69,72.89666666666666,0,1,0
7053,Customer_7053,31,Female,Chicago,2021-11-15,499.29,5.0,7.0,499.29,99.858,2,1,2
7054,Customer_7054,43,Female,Houston,2022-04-30,77.44,2.0,2.0,77.44,38.72,0,1,0
7055,Customer_7055,49,Female,Houston,2021-03-24,911.16,7.0,11.0,911.16,130.16571428571427,2,0,2
7056,Customer_7056,31,Male,Chicago,2021-03-20,68.1,1.0,1.0,68.1,68.1,0,1,0
7057,Customer_7057,47,Female,Houston,2021-05-31,524.9,3.0,7.0,524.9,174.96666666666667,2,1,2
7058,Customer_7058,59,Female,Los Angeles,2023-01-26,454.99,3.0,5.0,454.99,151.66333333333333,2,1,2
7059,Customer_7059,36,Male,New York,2022-12-31,19.27,1.0,1.0,19.27,19.27,0,1,0
7060,Customer_7060,44,Female,Chicago,2021-01-15,284.37,5.0,8.0,284.37,56.874,0,1,0
7061,Customer_7061,29,Male,Phoenix,2021-04-11,0.0,0.0,0.0,0.0,0.0,0,1,0
7062,Customer_7062,35,Male,Houston,2023-02-19,267.57,2.0,5.0,267.57,133.785,0,1,0
7063,Customer_7063,33,Female,Chicago,2023-11-25,1152.38,3.0,9.0,1152.38,384.1266666666667,2,0,2
7064,Customer_7064,44,Female,Chicago,2021-12-17,1082.5,8.0,14.0,1082.5,135.3125,2,0,2
7065,Customer_7065,48,Male,Phoenix,2023-08-15,1283.42,8.0,19.0,1283.4199999999998,160.42749999999998,1,0,1
7066,Customer_7066,34,Female,Los Angeles,2021-10-10,439.82,2.0,4.0,439.82000000000005,219.91000000000003,2,1,2
7067,Customer_7067,52,Female,Los Angeles,2022-09-29,1046.8,8.0,14.0,1046.8,130.85,2,0,2
7068,Customer_7068,52,Female,Phoenix,2022-06-09,3897.78,20.0,44.0,3897.7799999999997,194.88899999999998,1,0,1
7069,Customer_7069,44,Male,Phoenix,2021-06-14,557.33,6.0,8.0,557.33,92.88833333333334,2,1,2
7070,Customer_7070,29,Female,Los Angeles,2022-03-04,631.52,2.0,6.0,631.52,315.76,2,1,2
7071,Customer_7071,28,Male,Los Angeles,2023-07-23,1324.44,7.0,13.0,1324.44,189.2057142857143,2,0,2
7072,Customer_7072,26,Male,Los Angeles,2022-03-19,202.26,1.0,2.0,202.26,202.26,0,1,0
7073,Customer_7073,45,Female,New York,2022-09-18,77.62,1.0,1.0,77.62,77.62,0,1,0
7074,Customer_7074,22,Female,Phoenix,2021-03-10,1675.57,10.0,17.0,1675.57,167.557,1,0,1
7075,Customer_7075,42,Male,Los Angeles,2021-10-01,1020.28,10.0,19.0,1020.28,102.02799999999999,1,0,1
7076,Customer_7076,23,Female,Phoenix,2022-07-14,200.45,2.0,2.0,200.45,100.225,0,1,0
7077,Customer_7077,44,Male,New York,2023-04-29,868.95,1.0,5.0,868.9499999999999,868.9499999999999,2,0,2
7078,Customer_7078,35,Female,Chicago,2022-07-24,823.37,5.0,7.0,823.37,164.674,2,1,2
7079,Customer_7079,50,Female,New York,2022-08-13,916.13,4.0,8.0,916.13,229.0325,2,1,2
7080,Customer_7080,48,Female,Houston,2022-05-14,1410.73,8.0,20.0,1410.73,176.34125,1,0,1
7081,Customer_7081,51,Female,Chicago,2021-07-23,155.59,3.0,6.0,155.59,51.86333333333334,0,1,0
7082,Customer_7082,51,Female,Chicago,2023-02-14,216.24,1.0,2.0,216.24,216.24,0,1,0
7083,Customer_7083,37,Male,New York,2022-01-23,0.0,0.0,0.0,0.0,0.0,0,1,0
7084,Customer_7084,22,Female,New York,2022-02-20,1666.49,8.0,21.0,1666.49,208.31125,1,0,1
7085,Customer_7085,23,Female,New York,2023-06-20,0.0,0.0,0.0,0.0,0.0,0,1,0
7086,Customer_7086,18,Female,Los Angeles,2021-11-08,1098.97,5.0,10.0,1098.9699999999998,219.79399999999995,2,0,2
7087,Customer_7087,23,Male,Chicago,2021-09-09,865.15,5.0,11.0,865.1500000000001,173.03000000000003,2,1,2
7088,Customer_7088,36,Female,Chicago,2021-07-22,204.96,2.0,3.0,204.96,102.48,0,1,0
7089,Customer_7089,29,Male,Chicago,2021-04-20,460.65,4.0,5.0,460.65000000000003,115.16250000000001,0,1,0
7090,Customer_7090,33,Female,Chicago,2021-03-23,399.29,5.0,13.0,399.28999999999996,79.85799999999999,2,1,2
7091,Customer_7091,40,Female,Los Angeles,2023-02-08,1686.83,6.0,15.0,1686.83,281.1383333333333,2,0,2
7092,Customer_7092,32,Female,New York,2021-07-12,360.0,4.0,4.0,360.0,90.0,0,1,0
7093,Customer_7093,23,Male,New York,2021-05-19,2944.14,12.0,30.0,2944.14,245.345,1,0,1
7094,Customer_7094,34,Female,Houston,2021-08-09,1070.0,4.0,11.0,1070.0,267.5,2,0,2
7095,Customer_7095,25,Female,Chicago,2023-05-11,343.15,2.0,4.0,343.15000000000003,171.57500000000002,0,1,0
7096,Customer_7096,32,Female,New York,2021-12-06,0.0,0.0,0.0,0.0,0.0,0,1,0
7097,Customer_7097,50,Male,New York,2022-04-23,0.0,0.0,0.0,0.0,0.0,0,1,0
7098,Customer_7098,32,Female,Phoenix,2023-08-17,259.96,2.0,4.0,259.96000000000004,129.98000000000002,0,1,0
7099,Customer_7099,54,Female,Houston,2023-03-24,1028.63,3.0,9.0,1028.6299999999999,342.8766666666666,2,1,2
7100,Customer_7100,51,Female,Chicago,2021-07-17,1031.24,8.0,14.0,1031.24,128.905,2,0,2
7101,Customer_7101,29,Female,Los Angeles,2021-07-18,70.0,2.0,2.0,70.0,35.0,0,1,0
7102,Customer_7102,23,Male,Los Angeles,2023-03-27,1359.01,6.0,14.0,1359.01,226.50166666666667,2,0,2
7103,Customer_7103,34,Male,Phoenix,2021-06-24,1595.09,8.0,15.0,1595.09,199.38625,1,0,1
7104,Customer_7104,48,Female,Houston,2022-05-04,481.5,3.0,6.0,481.5,160.5,2,1,2
7105,Customer_7105,30,Female,Los Angeles,2021-11-12,655.09,5.0,9.0,655.09,131.018,2,1,2
7106,Customer_7106,45,Female,Houston,2023-03-31,346.92,4.0,7.0,346.91999999999996,86.72999999999999,0,1,0
7107,Customer_7107,48,Female,Houston,2022-01-15,0.0,0.0,0.0,0.0,0.0,0,1,0
7108,Customer_7108,26,Female,Los Angeles,2022-03-18,1452.87,9.0,23.0,1452.87,161.42999999999998,1,0,1
7109,Customer_7109,28,Male,Los Angeles,2023-05-15,1167.88,6.0,15.0,1167.88,194.64666666666668,2,0,2
7110,Customer_7110,43,Male,New York,2021-05-13,0.0,0.0,0.0,0.0,0.0,0,1,0
7111,Customer_7111,37,Male,New York,2023-09-08,257.28,3.0,3.0,257.28,85.75999999999999,0,1,0
7112,Customer_7112,27,Male,Houston,2023-11-17,889.11,9.0,15.0,889.11,98.79,2,0,2
7113,Customer_7113,31,Male,Los Angeles,2023-07-26,401.02,3.0,6.0,401.02,133.67333333333332,0,1,0
7114,Customer_7114,34,Male,Houston,2022-10-18,23.58,1.0,3.0,23.580000000000002,23.580000000000002,0,1,0
7115,Customer_7115,18,Female,Phoenix,2021-08-24,858.85,5.0,10.0,858.8499999999999,171.76999999999998,2,1,2
7116,Customer_7116,43,Male,New York,2023-09-16,0.0,0.0,0.0,0.0,0.0,0,1,0
7117,Customer_7117,30,Female,Chicago,2023-03-26,939.62,9.0,13.0,939.62,104.40222222222222,2,0,2
7118,Customer_7118,18,Female,Houston,2023-07-08,211.14,1.0,3.0,211.14,211.14,0,1,0
7119,Customer_7119,35,Male,Houston,2022-03-15,1230.29,6.0,17.0,1230.29,205.04833333333332,2,0,2
7120,Customer_7120,27,Female,Houston,2022-08-11,42.72,1.0,2.0,42.72,42.72,0,1,0
7121,Customer_7121,54,Female,Los Angeles,2022-09-03,0.0,0.0,0.0,0.0,0.0,0,1,0
7122,Customer_7122,29,Male,Los Angeles,2021-08-18,2329.15,11.0,22.0,2329.15,211.7409090909091,1,0,1
7123,Customer_7123,23,Female,Chicago,2021-12-06,1107.7,6.0,10.0,1107.7,184.61666666666667,2,0,2
7124,Customer_7124,41,Female,Phoenix,2021-06-13,304.49,2.0,3.0,304.49,152.245,0,1,0
7125,Customer_7125,28,Male,Los Angeles,2021-04-26,492.97,6.0,8.0,492.96999999999997,82.16166666666666,2,1,2
7126,Customer_7126,26,Male,Phoenix,2021-03-12,507.21,1.0,3.0,507.21,507.21,2,1,2
7127,Customer_7127,41,Male,Los Angeles,2023-04-30,1852.09,6.0,19.0,1852.09,308.6816666666667,1,0,1
7128,Customer_7128,24,Female,Phoenix,2023-12-13,764.21,7.0,11.0,764.21,109.17285714285715,2,1,2
7129,Customer_7129,19,Female,Houston,2021-12-08,1942.78,9.0,22.0,1942.7800000000002,215.86444444444447,1,0,1
7130,Customer_7130,54,Male,Los Angeles,2023-07-24,108.2,1.0,4.0,108.2,108.2,0,1,0
7131,Customer_7131,41,Male,Chicago,2022-08-11,313.94,4.0,5.0,313.94,78.485,0,1,0
7132,Customer_7132,32,Female,Los Angeles,2023-02-18,456.22,4.0,5.0,456.21999999999997,114.05499999999999,0,1,0
7133,Customer_7133,35,Female,Los Angeles,2021-11-28,161.74,1.0,1.0,161.74,161.74,0,1,0
7134,Customer_7134,41,Female,New York,2023-08-26,1191.47,8.0,11.0,1191.47,148.93375,2,0,2
7135,Customer_7135,46,Male,New York,2021-04-17,1715.93,10.0,18.0,1715.93,171.59300000000002,1,0,1
7136,Customer_7136,27,Female,Los Angeles,2021-03-23,0.0,0.0,0.0,0.0,0.0,0,1,0
7137,Customer_7137,39,Male,Houston,2022-01-27,158.14,2.0,2.0,158.14,79.07,0,1,0
7138,Customer_7138,29,Female,Chicago,2021-08-18,840.88,5.0,11.0,840.88,168.176,2,1,2
7139,Customer_7139,33,Male,New York,2021-01-20,924.91,6.0,10.0,924.91,154.15166666666667,2,1,2
7140,Customer_7140,37,Male,Phoenix,2023-02-19,584.85,5.0,7.0,584.85,116.97,2,1,2
7141,Customer_7141,35,Male,Chicago,2022-10-14,1308.71,6.0,14.0,1308.71,218.11833333333334,2,0,2
7142,Customer_7142,43,Female,Phoenix,2022-04-17,835.43,3.0,9.0,835.4300000000001,278.4766666666667,2,1,2
7143,Customer_7143,40,Male,Houston,2022-08-15,1194.77,6.0,14.0,1194.77,199.12833333333333,2,0,2
7144,Customer_7144,18,Male,New York,2021-03-15,79.14,1.0,2.0,79.14,79.14,0,1,0
7145,Customer_7145,20,Female,Chicago,2022-10-16,620.27,3.0,8.0,620.27,206.75666666666666,2,1,2
7146,Customer_7146,31,Male,Chicago,2022-04-07,669.11,2.0,5.0,669.11,334.555,2,1,2
7147,Customer_7147,55,Male,New York,2021-11-11,1260.79,4.0,10.0,1260.79,315.1975,2,0,2
7148,Customer_7148,26,Male,New York,2022-10-02,350.24,2.0,3.0,350.24,175.12,0,1,0
7149,Customer_7149,33,Male,New York,2021-10-01,201.18,2.0,4.0,201.18,100.59,0,1,0
7150,Customer_7150,29,Female,Los Angeles,2022-04-27,705.23,2.0,4.0,705.23,352.615,2,1,2
7151,Customer_7151,29,Female,Los Angeles,2021-03-23,0.0,0.0,0.0,0.0,0.0,0,1,0
7152,Customer_7152,37,Female,Chicago,2021-01-31,0.0,0.0,0.0,0.0,0.0,0,1,0
7153,Customer_7153,50,Male,New York,2023-01-16,219.57,3.0,6.0,219.57,73.19,0,1,0
7154,Customer_7154,40,Male,Houston,2023-09-23,756.98,2.0,6.0,756.9799999999999,378.48999999999995,2,1,2
7155,Customer_7155,26,Male,Chicago,2021-02-11,389.36,4.0,6.0,389.36,97.34,0,1,0
7156,Customer_7156,65,Female,Los Angeles,2021-09-08,102.12,1.0,1.0,102.12,102.12,0,1,0
7157,Customer_7157,36,Female,New York,2022-01-22,179.27,1.0,1.0,179.27,179.27,0,1,0
7158,Customer_7158,29,Male,New York,2023-09-23,818.2,5.0,15.0,818.2,163.64000000000001,2,0,2
7159,Customer_7159,51,Female,Los Angeles,2021-09-23,809.33,4.0,9.0,809.33,202.3325,2,1,2
7160,Customer_7160,30,Female,New York,2021-01-22,278.02,3.0,7.0,278.02,92.67333333333333,0,1,0
7161,Customer_7161,53,Male,Los Angeles,2021-03-17,490.51,3.0,5.0,490.51,163.50333333333333,2,1,2
7162,Customer_7162,25,Female,Chicago,2022-11-11,189.61,2.0,3.0,189.61,94.805,0,1,0
7163,Customer_7163,51,Female,Chicago,2023-06-10,290.64,1.0,3.0,290.64,290.64,2,1,2
7164,Customer_7164,37,Female,New York,2023-05-15,629.09,5.0,7.0,629.09,125.81800000000001,2,1,2
7165,Customer_7165,49,Female,Los Angeles,2021-08-28,492.32,6.0,8.0,492.32,82.05333333333333,2,1,2
7166,Customer_7166,56,Male,Chicago,2021-02-20,341.39,2.0,3.0,341.39,170.695,0,1,0
7167,Customer_7167,23,Female,Phoenix,2023-08-18,962.01,6.0,13.0,962.01,160.335,2,0,2
7168,Customer_7168,49,Female,Houston,2022-04-21,576.08,3.0,9.0,576.08,192.02666666666667,2,1,2
7169,Customer_7169,20,Female,Chicago,2023-05-14,1091.92,4.0,12.0,1091.92,272.98,2,0,2
7170,Customer_7170,23,Male,Los Angeles,2023-06-13,156.77,3.0,3.0,156.76999999999998,52.25666666666666,0,1,0
7171,Customer_7171,26,Female,Los Angeles,2022-06-09,171.63,3.0,6.0,171.63,57.21,0,1,0
7172,Customer_7172,41,Male,Phoenix,2021-06-06,437.83,4.0,4.0,437.83,109.4575,0,1,0
7173,Customer_7173,35,Female,New York,2021-07-18,386.06,2.0,4.0,386.06,193.03,2,1,2
7174,Customer_7174,33,Female,Phoenix,2023-10-21,659.18,4.0,7.0,659.18,164.795,2,1,2
7175,Customer_7175,37,Female,Chicago,2022-10-28,281.36,2.0,2.0,281.36,140.68,0,1,0
7176,Customer_7176,42,Male,Houston,2023-01-06,148.27,2.0,5.0,148.26999999999998,74.13499999999999,0,1,0
7177,Customer_7177,42,Male,New York,2021-03-16,431.36,3.0,8.0,431.36,143.78666666666666,2,1,2
7178,Customer_7178,47,Female,Chicago,2023-08-10,882.1,1.0,5.0,882.0999999999999,882.0999999999999,2,0,2
7179,Customer_7179,55,Male,Chicago,2022-12-26,514.95,2.0,4.0,514.95,257.475,2,1,2
7180,Customer_7180,35,Male,New York,2023-10-06,1108.71,6.0,16.0,1108.71,184.785,2,0,2
7181,Customer_7181,29,Female,Los Angeles,2022-01-02,781.11,6.0,8.0,781.11,130.185,2,1,2
7182,Customer_7182,42,Male,Phoenix,2023-01-26,1087.16,5.0,12.0,1087.16,217.43200000000002,2,0,2
7183,Customer_7183,22,Female,Chicago,2021-04-18,210.36,1.0,3.0,210.36,210.36,0,1,0
7184,Customer_7184,28,Male,Los Angeles,2022-11-20,128.28,1.0,1.0,128.28,128.28,0,1,0
7185,Customer_7185,46,Male,New York,2021-04-03,2000.47,11.0,26.0,2000.47,181.8609090909091,1,0,1
7186,Customer_7186,34,Male,Houston,2023-08-24,123.34,1.0,2.0,123.34,123.34,0,1,0
7187,Customer_7187,22,Male,Houston,2021-04-10,549.17,4.0,8.0,549.17,137.2925,2,1,2
7188,Customer_7188,19,Female,Chicago,2021-06-30,301.13,3.0,4.0,301.13,100.37666666666667,0,1,0
7189,Customer_7189,36,Male,Chicago,2022-11-02,293.6,3.0,5.0,293.6,97.86666666666667,0,1,0
7190,Customer_7190,48,Female,Los Angeles,2021-04-06,479.12,3.0,5.0,479.12,159.70666666666668,2,1,2
7191,Customer_7191,47,Female,Chicago,2021-08-20,291.9,1.0,2.0,291.9,291.9,2,1,2
7192,Customer_7192,36,Male,New York,2021-09-08,1429.15,6.0,12.0,1429.15,238.1916666666667,2,0,2
7193,Customer_7193,57,Male,Phoenix,2023-06-23,671.16,3.0,9.0,671.1600000000001,223.72000000000003,2,1,2
7194,Customer_7194,34,Male,Chicago,2021-01-19,1666.35,12.0,23.0,1666.35,138.86249999999998,1,0,1
7195,Customer_7195,33,Female,Los Angeles,2021-07-26,420.89,3.0,6.0,420.89,140.29666666666665,0,1,0
7196,Customer_7196,18,Male,Los Angeles,2021-11-07,0.0,0.0,0.0,0.0,0.0,0,1,0
7197,Customer_7197,30,Male,Houston,2021-04-13,759.37,5.0,10.0,759.3700000000001,151.87400000000002,2,1,2
7198,Customer_7198,44,Female,New York,2021-06-08,1305.5,6.0,14.0,1305.5,217.58333333333334,2,0,2
7199,Customer_7199,52,Female,Los Angeles,2022-01-13,394.98,3.0,4.0,394.98,131.66,0,1,0
7200,Customer_7200,26,Female,Houston,2022-12-15,345.48,1.0,2.0,345.48,345.48,2,1,2
7201,Customer_7201,40,Female,Los Angeles,2021-04-02,1487.25,6.0,15.0,1487.25,247.875,2,0,2
7202,Customer_7202,47,Male,Houston,2022-10-29,0.0,0.0,0.0,0.0,0.0,0,1,0
7203,Customer_7203,35,Male,New York,2021-06-25,1332.13,4.0,12.0,1332.13,333.0325,2,0,2
7204,Customer_7204,18,Male,Houston,2023-01-05,1772.99,8.0,19.0,1772.99,221.62375,1,0,1
7205,Customer_7205,38,Male,New York,2021-06-28,0.0,0.0,0.0,0.0,0.0,0,1,0
7206,Customer_7206,43,Female,New York,2023-01-08,1240.66,3.0,9.0,1240.66,413.55333333333334,2,0,2
7207,Customer_7207,25,Male,Phoenix,2022-03-29,192.46,3.0,3.0,192.46,64.15333333333334,0,1,0
7208,Customer_7208,32,Female,Chicago,2022-08-06,2213.56,10.0,25.0,2213.56,221.356,1,0,1
7209,Customer_7209,22,Male,Los Angeles,2022-05-07,0.0,0.0,0.0,0.0,0.0,0,1,0
7210,Customer_7210,18,Female,New York,2023-08-15,0.0,0.0,0.0,0.0,0.0,0,1,0
7211,Customer_7211,46,Male,Chicago,2021-04-13,453.31,2.0,3.0,453.31,226.655,2,1,2
7212,Customer_7212,35,Female,Chicago,2021-02-10,880.34,6.0,12.0,880.34,146.72333333333333,2,0,2
7213,Customer_7213,53,Female,Phoenix,2022-03-11,529.66,3.0,5.0,529.66,176.5533333333333,2,1,2
7214,Customer_7214,44,Male,Phoenix,2023-08-04,443.5,4.0,7.0,443.5,110.875,0,1,0
7215,Customer_7215,31,Female,Chicago,2022-12-03,918.96,6.0,16.0,918.9599999999999,153.16,2,0,2
7216,Customer_7216,34,Male,Los Angeles,2022-03-13,46.97,1.0,1.0,46.97,46.97,0,1,0
7217,Customer_7217,41,Female,Chicago,2022-12-09,136.24,2.0,3.0,136.24,68.12,0,1,0
7218,Customer_7218,46,Male,Houston,2023-11-21,650.45,2.0,5.0,650.45,325.225,2,1,2
7219,Customer_7219,39,Female,New York,2021-01-30,1477.38,5.0,11.0,1477.38,295.476,2,0,2
7220,Customer_7220,47,Female,Los Angeles,2023-09-13,322.37,2.0,3.0,322.37,161.185,0,1,0
7221,Customer_7221,32,Female,New York,2022-11-15,690.08,4.0,8.0,690.0799999999999,172.51999999999998,2,1,2
7222,Customer_7222,24,Female,New York,2022-01-25,1364.21,8.0,19.0,1364.21,170.52625,1,0,1
7223,Customer_7223,34,Female,New York,2021-10-03,1137.72,7.0,14.0,1137.72,162.53142857142856,2,0,2
7224,Customer_7224,37,Female,Chicago,2021-01-12,349.92,4.0,6.0,349.92,87.48,0,1,0
7225,Customer_7225,22,Female,Houston,2021-02-18,688.5,4.0,11.0,688.5,172.125,2,1,2
7226,Customer_7226,20,Female,Chicago,2021-01-10,277.98,3.0,3.0,277.98,92.66000000000001,0,1,0
7227,Customer_7227,40,Male,Los Angeles,2021-09-18,79.61,1.0,1.0,79.61,79.61,0,1,0
7228,Customer_7228,31,Male,New York,2021-11-16,140.65,2.0,2.0,140.65,70.325,0,1,0
7229,Customer_7229,33,Female,Chicago,2021-07-05,793.92,4.0,10.0,793.92,198.48,2,1,2
7230,Customer_7230,31,Male,Los Angeles,2021-08-17,1314.6,6.0,12.0,1314.6,219.1,2,0,2
7231,Customer_7231,52,Male,Chicago,2022-11-01,657.06,5.0,8.0,657.0600000000001,131.412,2,1,2
7232,Customer_7232,49,Female,Phoenix,2023-02-24,755.0,4.0,9.0,755.0,188.75,2,1,2
7233,Customer_7233,21,Male,New York,2023-04-15,40.2,1.0,1.0,40.2,40.2,0,1,0
7234,Customer_7234,29,Female,New York,2021-01-21,951.63,7.0,10.0,951.63,135.94714285714286,2,0,2
7235,Customer_7235,44,Female,Chicago,2021-01-16,356.21,5.0,7.0,356.21,71.24199999999999,0,1,0
7236,Customer_7236,42,Female,Phoenix,2022-04-25,336.64,2.0,3.0,336.64,168.32,0,1,0
7237,Customer_7237,35,Male,Houston,2021-01-06,280.08,2.0,4.0,280.08000000000004,140.04000000000002,0,1,0
7238,Customer_7238,22,Male,Phoenix,2021-10-25,905.8,3.0,11.0,905.8,301.93333333333334,2,1,2
7239,Customer_7239,27,Female,Los Angeles,2023-07-01,303.62,5.0,5.0,303.62,60.724000000000004,0,1,0
7240,Customer_7240,29,Female,Phoenix,2023-07-30,166.07,2.0,2.0,166.07,83.035,0,1,0
7241,Customer_7241,38,Male,New York,2021-09-16,482.16,1.0,3.0,482.15999999999997,482.15999999999997,2,1,2
7242,Customer_7242,54,Female,New York,2023-10-11,0.0,0.0,0.0,0.0,0.0,0,1,0
7243,Customer_7243,27,Female,Phoenix,2023-11-30,557.66,3.0,7.0,557.66,185.88666666666666,2,1,2
7244,Customer_7244,24,Male,Phoenix,2021-10-03,22.33,1.0,1.0,22.33,22.33,0,1,0
7245,Customer_7245,34,Male,New York,2023-01-14,221.42,2.0,6.0,221.42000000000002,110.71000000000001,0,1,0
7246,Customer_7246,46,Male,New York,2022-06-03,811.78,5.0,8.0,811.78,162.356,2,1,2
7247,Customer_7247,19,Male,New York,2023-04-07,0.0,0.0,0.0,0.0,0.0,0,1,0
7248,Customer_7248,51,Male,New York,2022-08-28,639.29,3.0,6.0,639.29,213.09666666666666,2,1,2
7249,Customer_7249,33,Female,New York,2023-08-07,97.44,2.0,4.0,97.44,48.72,0,1,0
7250,Customer_7250,27,Female,Phoenix,2022-04-25,329.55,2.0,4.0,329.54999999999995,164.77499999999998,0,1,0
7251,Customer_7251,18,Female,Chicago,2022-02-18,788.52,6.0,10.0,788.52,131.42,2,1,2
7252,Customer_7252,43,Male,Houston,2023-09-26,590.78,5.0,10.0,590.78,118.15599999999999,2,1,2
7253,Customer_7253,33,Male,Houston,2023-12-10,47.58,2.0,2.0,47.58,23.79,0,1,0
7254,Customer_7254,37,Female,Chicago,2023-02-16,3557.09,19.0,39.0,3557.09,187.21526315789475,1,0,1
7255,Customer_7255,25,Male,Houston,2021-02-14,250.15,2.0,3.0,250.14999999999998,125.07499999999999,0,1,0
7256,Customer_7256,31,Female,Chicago,2023-04-10,441.38,4.0,10.0,441.38,110.345,2,1,2
7257,Customer_7257,30,Female,Los Angeles,2021-10-02,0.0,0.0,0.0,0.0,0.0,0,1,0
7258,Customer_7258,34,Male,Chicago,2023-11-25,131.89,1.0,1.0,131.89,131.89,0,1,0
7259,Customer_7259,28,Female,Chicago,2022-10-15,635.24,3.0,6.0,635.24,211.74666666666667,2,1,2
7260,Customer_7260,18,Male,Houston,2021-05-24,162.07,1.0,1.0,162.07,162.07,0,1,0
7261,Customer_7261,65,Female,Phoenix,2023-04-15,957.22,5.0,8.0,957.2199999999999,191.444,2,1,2
7262,Customer_7262,20,Male,Los Angeles,2023-01-27,205.68,3.0,4.0,205.68,68.56,0,1,0
7263,Customer_7263,37,Male,Houston,2021-07-12,188.34,1.0,2.0,188.34,188.34,0,1,0
7264,Customer_7264,18,Female,New York,2022-07-01,846.74,7.0,9.0,846.74,120.96285714285715,2,1,2
7265,Customer_7265,18,Male,Houston,2023-02-23,530.26,3.0,8.0,530.26,176.75333333333333,2,1,2
7266,Customer_7266,36,Female,Los Angeles,2021-06-27,2815.88,14.0,29.0,2815.88,201.1342857142857,1,0,1
7267,Customer_7267,37,Female,New York,2023-02-21,2438.86,13.0,26.0,2438.86,187.60461538461539,1,0,1
7268,Customer_7268,49,Female,Los Angeles,2021-11-14,90.86,1.0,1.0,90.86,90.86,0,1,0
7269,Customer_7269,39,Male,Chicago,2021-05-31,272.21,3.0,4.0,272.21000000000004,90.73666666666668,0,1,0
7270,Customer_7270,33,Female,New York,2022-09-03,2176.69,7.0,17.0,2176.69,310.9557142857143,1,0,1
7271,Customer_7271,25,Female,Phoenix,2022-06-25,86.92,1.0,2.0,86.92,86.92,0,1,0
7272,Customer_7272,51,Female,New York,2021-05-30,622.68,4.0,7.0,622.6800000000001,155.67000000000002,2,1,2
7273,Customer_7273,45,Female,Phoenix,2021-09-19,313.52,4.0,7.0,313.52,78.38,0,1,0
7274,Customer_7274,21,Male,Houston,2022-02-17,45.8,1.0,1.0,45.8,45.8,0,1,0
7275,Customer_7275,35,Female,Los Angeles,2022-05-07,108.19,1.0,1.0,108.19,108.19,0,1,0
7276,Customer_7276,37,Female,Los Angeles,2023-09-28,646.17,5.0,6.0,646.1700000000001,129.234,2,1,2
7277,Customer_7277,31,Female,Houston,2021-02-06,354.85,2.0,3.0,354.85,177.425,0,1,0
7278,Customer_7278,43,Female,Chicago,2022-04-26,697.33,3.0,6.0,697.3299999999999,232.4433333333333,2,1,2
7279,Customer_7279,44,Male,Houston,2021-06-29,1754.85,12.0,24.0,1754.85,146.23749999999998,1,0,1
7280,Customer_7280,33,Female,Los Angeles,2022-08-05,1289.25,6.0,13.0,1289.25,214.875,2,0,2
7281,Customer_7281,32,Male,Chicago,2023-09-06,27.94,1.0,1.0,27.94,27.94,0,1,0
7282,Customer_7282,51,Female,Phoenix,2021-12-20,13.38,1.0,1.0,13.38,13.38,0,1,0
7283,Customer_7283,45,Female,New York,2023-08-25,426.92,4.0,6.0,426.92,106.73,0,1,0
7284,Customer_7284,36,Male,Los Angeles,2021-12-30,0.0,0.0,0.0,0.0,0.0,0,1,0
7285,Customer_7285,18,Female,Los Angeles,2021-03-10,0.0,0.0,0.0,0.0,0.0,0,1,0
7286,Customer_7286,39,Male,Houston,2021-11-04,86.16,2.0,2.0,86.16,43.08,0,1,0
7287,Customer_7287,43,Male,Houston,2022-02-27,0.0,0.0,0.0,0.0,0.0,0,1,0
7288,Customer_7288,18,Female,Los Angeles,2022-05-29,0.0,0.0,0.0,0.0,0.0,0,1,0
7289,Customer_7289,38,Female,New York,2021-08-07,1013.01,7.0,18.0,1013.01,144.71571428571428,2,0,2
7290,Customer_7290,30,Male,New York,2023-12-05,0.0,0.0,0.0,0.0,0.0,0,1,0
7291,Customer_7291,33,Female,Los Angeles,2022-01-02,258.88,4.0,5.0,258.88,64.72,0,1,0
7292,Customer_7292,25,Female,Los Angeles,2021-05-02,1459.84,5.0,12.0,1459.84,291.96799999999996,2,0,2
7293,Customer_7293,33,Female,Phoenix,2022-05-10,455.49,4.0,6.0,455.49,113.8725,0,1,0
7294,Customer_7294,50,Female,Los Angeles,2022-07-31,256.44,1.0,2.0,256.44,256.44,2,1,2
7295,Customer_7295,30,Male,Los Angeles,2023-06-03,0.0,0.0,0.0,0.0,0.0,0,1,0
7296,Customer_7296,46,Female,Phoenix,2023-06-14,94.35,1.0,5.0,94.35000000000001,94.35000000000001,0,1,0
7297,Customer_7297,26,Female,Chicago,2022-08-02,653.09,4.0,8.0,653.09,163.2725,2,1,2
7298,Customer_7298,43,Male,Chicago,2021-12-16,837.25,4.0,9.0,837.25,209.3125,2,1,2
7299,Customer_7299,35,Female,New York,2021-04-25,376.01,4.0,10.0,376.01,94.0025,0,1,0
7300,Customer_7300,39,Female,Los Angeles,2022-09-20,107.94,1.0,1.0,107.94,107.94,0,1,0
7301,Customer_7301,35,Male,Phoenix,2021-08-25,813.69,8.0,15.0,813.69,101.71125,2,0,2
7302,Customer_7302,42,Female,Chicago,2021-02-16,0.0,0.0,0.0,0.0,0.0,0,1,0
7303,Customer_7303,18,Male,Los Angeles,2021-10-01,610.22,6.0,11.0,610.22,101.70333333333333,2,1,2
7304,Customer_7304,19,Male,Chicago,2021-04-23,345.42,2.0,6.0,345.41999999999996,172.70999999999998,2,1,2
7305,Customer_7305,40,Female,Phoenix,2022-06-29,1319.79,11.0,21.0,1319.79,119.9809090909091,1,0,1
7306,Customer_7306,18,Male,Los Angeles,2022-02-03,195.38,3.0,3.0,195.38,65.12666666666667,0,1,0
7307,Customer_7307,29,Female,Chicago,2023-03-03,287.8,3.0,4.0,287.8,95.93333333333334,0,1,0
7308,Customer_7308,34,Female,Phoenix,2021-11-12,101.78,2.0,4.0,101.78,50.89,0,1,0
7309,Customer_7309,26,Male,New York,2021-02-20,154.78,2.0,3.0,154.78,77.39,0,1,0
7310,Customer_7310,27,Male,Houston,2021-05-24,182.25,2.0,5.0,182.25,91.125,0,1,0
7311,Customer_7311,38,Female,Chicago,2022-06-12,225.45,4.0,4.0,225.45,56.3625,0,1,0
7312,Customer_7312,46,Male,Houston,2022-01-25,333.76,2.0,4.0,333.76,166.88,0,1,0
7313,Customer_7313,24,Male,Los Angeles,2023-03-30,1706.88,9.0,22.0,1706.88,189.65333333333334,1,0,1
7314,Customer_7314,29,Male,Los Angeles,2023-01-19,1231.43,7.0,17.0,1231.43,175.91857142857143,2,0,2
7315,Customer_7315,27,Female,Houston,2022-02-16,679.21,4.0,6.0,679.21,169.8025,2,1,2
7316,Customer_7316,18,Female,New York,2022-01-19,0.0,0.0,0.0,0.0,0.0,0,1,0
7317,Customer_7317,37,Female,Los Angeles,2023-05-25,66.91,1.0,1.0,66.91,66.91,0,1,0
7318,Customer_7318,45,Male,New York,2023-06-16,2449.55,13.0,31.0,2449.55,188.4269230769231,1,0,1
7319,Customer_7319,46,Female,New York,2022-12-09,188.78,2.0,3.0,188.78,94.39,0,1,0
7320,Customer_7320,25,Male,Phoenix,2021-08-02,0.0,0.0,0.0,0.0,0.0,0,1,0
7321,Customer_7321,21,Female,Los Angeles,2022-07-24,217.55,2.0,4.0,217.55,108.775,0,1,0
7322,Customer_7322,35,Female,Phoenix,2021-08-07,238.68,2.0,3.0,238.68,119.34,0,1,0
7323,Customer_7323,44,Female,New York,2021-08-07,59.67,1.0,1.0,59.67,59.67,0,1,0
7324,Customer_7324,37,Male,Chicago,2021-01-13,761.71,3.0,6.0,761.71,253.90333333333334,2,1,2
7325,Customer_7325,38,Female,New York,2022-02-27,32.76,1.0,1.0,32.76,32.76,0,1,0
7326,Customer_7326,48,Male,Houston,2022-05-01,232.35,2.0,5.0,232.35,116.175,0,1,0
7327,Customer_7327,27,Female,Houston,2023-08-26,8.45,1.0,1.0,8.45,8.45,0,1,0
7328,Customer_7328,33,Female,New York,2023-02-25,330.11,4.0,6.0,330.11,82.5275,0,1,0
7329,Customer_7329,53,Female,Phoenix,2021-04-29,1031.82,8.0,12.0,1031.82,128.9775,2,0,2
7330,Customer_7330,33,Female,New York,2021-09-28,1185.81,6.0,13.0,1185.81,197.635,2,0,2
7331,Customer_7331,21,Female,Chicago,2023-07-01,434.92,6.0,9.0,434.91999999999996,72.48666666666666,0,1,0
7332,Customer_7332,28,Female,Phoenix,2023-04-22,46.29,1.0,1.0,46.29,46.29,0,1,0
7333,Customer_7333,25,Female,Phoenix,2023-12-07,197.13,2.0,4.0,197.13,98.565,0,1,0
7334,Customer_7334,39,Female,Phoenix,2022-10-26,333.8,1.0,5.0,333.8,333.8,2,1,2
7335,Customer_7335,25,Male,Los Angeles,2023-10-21,77.16,1.0,1.0,77.16,77.16,0,1,0
7336,Customer_7336,38,Male,New York,2021-06-22,67.44,2.0,2.0,67.44,33.72,0,1,0
7337,Customer_7337,27,Female,New York,2023-02-26,165.57,2.0,4.0,165.57000000000002,82.78500000000001,0,1,0
7338,Customer_7338,18,Male,Chicago,2021-12-13,47.01,1.0,1.0,47.01,47.01,0,1,0
7339,Customer_7339,38,Male,Houston,2021-08-25,490.59,1.0,3.0,490.59000000000003,490.59000000000003,2,1,2
7340,Customer_7340,37,Female,New York,2023-07-26,1043.75,4.0,11.0,1043.75,260.9375,2,0,2
7341,Customer_7341,41,Male,Chicago,2022-06-27,230.11,2.0,3.0,230.11,115.055,0,1,0
7342,Customer_7342,28,Male,Los Angeles,2022-02-11,1065.98,10.0,15.0,1065.98,106.598,1,0,1
7343,Customer_7343,26,Female,Los Angeles,2021-03-19,314.72,1.0,2.0,314.72,314.72,2,1,2
7344,Customer_7344,39,Female,Chicago,2021-01-12,2236.95,13.0,21.0,2236.95,172.0730769230769,1,0,1
7345,Customer_7345,52,Male,Los Angeles,2021-08-17,798.6,6.0,14.0,798.6,133.1,2,0,2
7346,Customer_7346,35,Male,Houston,2023-04-23,828.9,4.0,10.0,828.9000000000001,207.22500000000002,2,1,2
7347,Customer_7347,40,Female,New York,2023-08-23,2217.21,14.0,27.0,2217.21,158.37214285714285,1,0,1
7348,Customer_7348,31,Female,Houston,2022-11-03,118.8,1.0,2.0,118.8,118.8,0,1,0
7349,Customer_7349,18,Female,New York,2023-04-19,687.8,6.0,9.0,687.8,114.63333333333333,2,1,2
7350,Customer_7350,46,Male,New York,2021-06-13,69.69,2.0,2.0,69.69,34.845,0,1,0
7351,Customer_7351,45,Male,Chicago,2022-01-17,1532.81,8.0,17.0,1532.81,191.60125,1,0,1
7352,Customer_7352,43,Male,Phoenix,2023-01-01,464.95,2.0,5.0,464.95,232.475,2,1,2
7353,Customer_7353,33,Female,Los Angeles,2022-08-05,0.0,0.0,0.0,0.0,0.0,0,1,0
7354,Customer_7354,42,Male,Los Angeles,2023-02-11,98.35,1.0,1.0,98.35,98.35,0,1,0
7355,Customer_7355,45,Male,Chicago,2023-07-31,1103.77,6.0,11.0,1103.77,183.96166666666667,2,0,2
7356,Customer_7356,53,Female,New York,2023-12-23,795.1,5.0,11.0,795.1,159.02,2,1,2
7357,Customer_7357,46,Female,Houston,2023-09-22,1096.97,8.0,13.0,1096.97,137.12125,2,0,2
7358,Customer_7358,36,Male,Houston,2021-09-03,439.3,4.0,6.0,439.3,109.825,0,1,0
7359,Customer_7359,21,Male,New York,2023-09-25,165.03,1.0,1.0,165.03,165.03,0,1,0
7360,Customer_7360,37,Female,Los Angeles,2021-02-19,2131.51,11.0,22.0,2131.51,193.77363636363637,1,0,1
7361,Customer_7361,38,Male,Houston,2022-10-31,1387.14,5.0,13.0,1387.1399999999999,277.428,2,0,2
7362,Customer_7362,43,Female,Los Angeles,2021-08-08,1532.62,8.0,21.0,1532.62,191.5775,1,0,1
7363,Customer_7363,50,Male,Chicago,2023-06-26,764.18,7.0,13.0,764.18,109.16857142857143,2,0,2
7364,Customer_7364,34,Male,New York,2021-12-30,535.69,3.0,11.0,535.69,178.56333333333336,2,1,2
7365,Customer_7365,58,Female,Chicago,2023-09-19,0.0,0.0,0.0,0.0,0.0,0,1,0
7366,Customer_7366,18,Male,New York,2023-07-09,593.18,4.0,8.0,593.1800000000001,148.29500000000002,2,1,2
7367,Customer_7367,40,Male,Houston,2022-07-17,180.59,2.0,2.0,180.59,90.295,0,1,0
7368,Customer_7368,26,Female,Los Angeles,2021-02-11,1880.04,10.0,20.0,1880.04,188.004,1,0,1
7369,Customer_7369,18,Male,Los Angeles,2022-02-27,1274.34,8.0,16.0,1274.34,159.2925,1,0,1
7370,Customer_7370,33,Female,Houston,2021-05-15,584.68,6.0,9.0,584.6800000000001,97.44666666666667,2,1,2
7371,Customer_7371,19,Female,New York,2023-02-25,51.42,1.0,3.0,51.42,51.42,0,1,0
7372,Customer_7372,33,Female,Los Angeles,2023-01-18,71.54,1.0,1.0,71.54,71.54,0,1,0
7373,Customer_7373,35,Female,Los Angeles,2021-03-14,541.36,4.0,5.0,541.36,135.34,2,1,2
7374,Customer_7374,47,Male,Los Angeles,2022-09-27,780.95,5.0,8.0,780.9499999999999,156.19,2,1,2
7375,Customer_7375,18,Female,Phoenix,2022-02-05,837.36,4.0,10.0,837.3599999999999,209.33999999999997,2,1,2
7376,Customer_7376,45,Male,Houston,2023-09-20,751.81,4.0,7.0,751.81,187.9525,2,1,2
7377,Customer_7377,36,Male,New York,2022-04-15,53.0,1.0,2.0,53.0,53.0,0,1,0
7378,Customer_7378,46,Female,Houston,2022-08-02,0.0,0.0,0.0,0.0,0.0,0,1,0
7379,Customer_7379,30,Male,Chicago,2022-04-01,157.47,2.0,2.0,157.47,78.735,0,1,0
7380,Customer_7380,20,Female,Phoenix,2023-07-03,251.67,3.0,5.0,251.67000000000002,83.89,0,1,0
7381,Customer_7381,22,Female,Los Angeles,2021-05-09,1689.42,10.0,23.0,1689.4199999999998,168.94199999999998,1,0,1
7382,Customer_7382,21,Female,Chicago,2022-01-14,448.73,4.0,7.0,448.73,112.1825,0,1,0
7383,Customer_7383,40,Female,Chicago,2022-01-24,0.0,0.0,0.0,0.0,0.0,0,1,0
7384,Customer_7384,51,Female,Chicago,2023-02-25,0.0,0.0,0.0,0.0,0.0,0,1,0
7385,Customer_7385,29,Male,Los Angeles,2022-04-09,0.0,0.0,0.0,0.0,0.0,0,1,0
7386,Customer_7386,42,Female,New York,2023-09-16,95.06,2.0,2.0,95.06,47.53,0,1,0
7387,Customer_7387,18,Female,Houston,2022-07-01,63.58,1.0,1.0,63.58,63.58,0,1,0
7388,Customer_7388,37,Male,Los Angeles,2022-02-13,1702.7,8.0,18.0,1702.7,212.8375,1,0,1
7389,Customer_7389,42,Male,Phoenix,2022-09-10,0.0,0.0,0.0,0.0,0.0,0,1,0
7390,Customer_7390,19,Male,Los Angeles,2023-01-31,555.16,5.0,10.0,555.1600000000001,111.03200000000001,2,1,2
7391,Customer_7391,33,Female,Houston,2022-10-15,320.6,1.0,2.0,320.6,320.6,2,1,2
7392,Customer_7392,43,Male,Phoenix,2023-09-29,475.99,5.0,8.0,475.99,95.19800000000001,2,1,2
7393,Customer_7393,18,Male,Chicago,2022-05-06,1295.05,8.0,15.0,1295.0500000000002,161.88125000000002,2,0,2
7394,Customer_7394,50,Male,Phoenix,2023-03-18,412.87,4.0,4.0,412.87,103.2175,0,1,0
7395,Customer_7395,39,Male,Houston,2021-05-27,1246.32,5.0,12.0,1246.32,249.26399999999998,2,0,2
7396,Customer_7396,43,Female,Los Angeles,2021-09-13,0.0,0.0,0.0,0.0,0.0,0,1,0
7397,Customer_7397,30,Female,Chicago,2022-01-05,131.31,1.0,1.0,131.31,131.31,0,1,0
7398,Customer_7398,18,Female,New York,2022-10-13,348.84,2.0,5.0,348.84000000000003,174.42000000000002,0,1,0
7399,Customer_7399,41,Female,Chicago,2021-03-17,230.52,2.0,7.0,230.52,115.26,0,1,0
7400,Customer_7400,34,Male,New York,2022-07-23,0.0,0.0,0.0,0.0,0.0,0,1,0
7401,Customer_7401,35,Female,Houston,2022-05-20,445.9,2.0,5.0,445.9,222.95,2,1,2
7402,Customer_7402,47,Male,Chicago,2022-10-24,242.68,2.0,5.0,242.68,121.34,0,1,0
7403,Customer_7403,43,Male,Los Angeles,2023-10-13,1106.49,7.0,13.0,1106.49,158.07,2,0,2
7404,Customer_7404,56,Female,Los Angeles,2021-12-13,377.88,3.0,7.0,377.88,125.96,0,1,0
7405,Customer_7405,37,Female,Phoenix,2021-07-01,688.24,3.0,6.0,688.24,229.41333333333333,2,1,2
7406,Customer_7406,27,Male,New York,2021-08-28,710.39,6.0,12.0,710.39,118.39833333333333,2,1,2
7407,Customer_7407,33,Male,New York,2021-03-07,476.61,2.0,3.0,476.61,238.305,2,1,2
7408,Customer_7408,40,Female,New York,2021-06-20,226.62,3.0,7.0,226.62,75.54,0,1,0
7409,Customer_7409,46,Female,Phoenix,2021-06-14,1028.73,5.0,11.0,1028.73,205.746,2,0,2
7410,Customer_7410,19,Male,Phoenix,2023-08-12,205.56,2.0,4.0,205.56,102.78,0,1,0
7411,Customer_7411,35,Male,Chicago,2021-03-04,273.4,4.0,4.0,273.4,68.35,0,1,0
7412,Customer_7412,53,Female,Phoenix,2021-12-21,0.0,0.0,0.0,0.0,0.0,0,1,0
7413,Customer_7413,32,Male,New York,2021-02-20,2154.81,8.0,17.0,2154.81,269.35125,1,0,1
7414,Customer_7414,45,Female,Phoenix,2022-08-07,1970.35,14.0,28.0,1970.35,140.7392857142857,1,0,1
7415,Customer_7415,40,Female,New York,2021-02-12,1889.72,14.0,28.0,1889.72,134.98,1,0,1
7416,Customer_7416,46,Female,New York,2023-08-21,2339.63,17.0,27.0,2339.63,137.62529411764706,1,0,1
7417,Customer_7417,26,Female,New York,2022-11-01,534.11,4.0,8.0,534.11,133.5275,2,1,2
7418,Customer_7418,26,Female,Chicago,2021-03-31,905.45,10.0,12.0,905.45,90.545,2,0,2
7419,Customer_7419,35,Female,Houston,2022-09-08,0.0,0.0,0.0,0.0,0.0,0,1,0
7420,Customer_7420,18,Female,Los Angeles,2022-07-17,561.66,7.0,10.0,561.6600000000001,80.23714285714287,2,1,2
7421,Customer_7421,32,Female,Phoenix,2023-04-15,754.55,6.0,14.0,754.55,125.75833333333333,2,0,2
7422,Customer_7422,38,Female,Los Angeles,2021-12-22,997.99,4.0,11.0,997.99,249.4975,2,0,2
7423,Customer_7423,55,Male,New York,2022-09-09,254.83,4.0,5.0,254.82999999999998,63.707499999999996,0,1,0
7424,Customer_7424,39,Female,Los Angeles,2023-02-06,682.53,3.0,7.0,682.53,227.51,2,1,2
7425,Customer_7425,42,Female,Houston,2021-10-31,2218.5,9.0,25.0,2218.5,246.5,1,0,1
7426,Customer_7426,48,Male,Houston,2022-08-07,502.39,3.0,4.0,502.39,167.46333333333334,2,1,2
7427,Customer_7427,24,Male,Los Angeles,2022-01-02,299.06,3.0,4.0,299.06,99.68666666666667,0,1,0
7428,Customer_7428,33,Female,Chicago,2022-04-04,969.14,5.0,14.0,969.14,193.828,2,0,2
7429,Customer_7429,62,Male,Los Angeles,2021-04-30,33.54,1.0,1.0,33.54,33.54,0,1,0
7430,Customer_7430,34,Male,Chicago,2021-12-30,1153.8,6.0,13.0,1153.8,192.29999999999998,2,0,2
7431,Customer_7431,47,Male,Phoenix,2022-04-29,867.8,5.0,9.0,867.8,173.56,2,1,2
7432,Customer_7432,46,Female,New York,2023-05-02,446.96,6.0,11.0,446.96,74.49333333333333,2,1,2
7433,Customer_7433,19,Male,Phoenix,2023-08-08,724.23,7.0,10.0,724.23,103.46142857142857,2,1,2
7434,Customer_7434,38,Female,Chicago,2021-09-03,0.0,0.0,0.0,0.0,0.0,0,1,0
7435,Customer_7435,37,Male,Los Angeles,2023-02-03,228.31,3.0,3.0,228.31,76.10333333333334,0,1,0
7436,Customer_7436,39,Male,Phoenix,2022-09-23,908.41,6.0,9.0,908.41,151.40166666666667,2,1,2
7437,Customer_7437,27,Female,Chicago,2021-12-31,445.22,3.0,4.0,445.22,148.40666666666667,0,1,0
7438,Customer_7438,23,Male,Los Angeles,2023-06-21,1245.79,6.0,13.0,1245.79,207.63166666666666,2,0,2
7439,Customer_7439,30,Female,New York,2021-07-05,117.32,1.0,1.0,117.32,117.32,0,1,0
7440,Customer_7440,34,Male,New York,2021-10-07,714.01,6.0,9.0,714.01,119.00166666666667,2,1,2
7441,Customer_7441,48,Female,Houston,2023-01-12,1136.05,9.0,17.0,1136.05,126.22777777777777,1,0,1
7442,Customer_7442,55,Female,Chicago,2021-12-18,174.09,3.0,4.0,174.09,58.03,0,1,0
7443,Customer_7443,50,Female,Phoenix,2022-08-12,1365.86,11.0,22.0,1365.86,124.1690909090909,1,0,1
7444,Customer_7444,44,Male,New York,2021-03-23,0.0,0.0,0.0,0.0,0.0,0,1,0
7445,Customer_7445,24,Female,New York,2021-07-15,1470.28,12.0,22.0,1470.2800000000002,122.52333333333335,1,0,1
7446,Customer_7446,31,Female,New York,2021-03-01,1454.99,6.0,13.0,1454.99,242.49833333333333,2,0,2
7447,Customer_7447,37,Female,Chicago,2021-05-31,204.38,1.0,2.0,204.38,204.38,0,1,0
7448,Customer_7448,28,Male,Phoenix,2023-12-21,1476.04,4.0,11.0,1476.04,369.01,2,0,2
7449,Customer_7449,41,Male,Houston,2022-03-04,208.74,2.0,4.0,208.74,104.37,0,1,0
7450,Customer_7450,43,Female,Los Angeles,2023-08-09,1258.7,10.0,19.0,1258.7,125.87,1,0,1
7451,Customer_7451,41,Female,Phoenix,2021-11-27,1736.06,9.0,20.0,1736.06,192.89555555555555,1,0,1
7452,Customer_7452,46,Female,Houston,2023-11-29,1489.0,9.0,17.0,1489.0,165.44444444444446,1,0,1
7453,Customer_7453,25,Female,New York,2023-06-09,213.09,2.0,2.0,213.09,106.545,0,1,0
7454,Customer_7454,45,Female,Houston,2023-08-13,148.72,3.0,4.0,148.72,49.57333333333333,0,1,0
7455,Customer_7455,27,Male,Los Angeles,2021-12-20,837.15,5.0,10.0,837.1500000000001,167.43,2,1,2
7456,Customer_7456,25,Female,New York,2023-06-20,257.3,2.0,6.0,257.3,128.65,0,1,0
7457,Customer_7457,41,Female,New York,2021-08-05,1788.32,8.0,16.0,1788.3200000000002,223.54000000000002,1,0,1
7458,Customer_7458,48,Female,Los Angeles,2021-12-14,21.17,1.0,1.0,21.17,21.17,0,1,0
7459,Customer_7459,40,Male,Los Angeles,2022-02-15,1582.14,8.0,17.0,1582.14,197.7675,1,0,1
7460,Customer_7460,35,Male,Los Angeles,2023-01-01,26.01,1.0,1.0,26.01,26.01,0,1,0
7461,Customer_7461,38,Male,New York,2023-06-17,346.03,3.0,5.0,346.03000000000003,115.34333333333335,0,1,0
7462,Customer_7462,37,Female,Houston,2023-07-04,0.0,0.0,0.0,0.0,0.0,0,1,0
7463,Customer_7463,23,Female,Phoenix,2021-08-31,212.14,3.0,3.0,212.14,70.71333333333332,0,1,0
7464,Customer_7464,21,Female,Houston,2021-01-08,508.08,5.0,10.0,508.08000000000004,101.61600000000001,2,1,2
7465,Customer_7465,34,Female,Los Angeles,2022-09-15,633.63,5.0,8.0,633.63,126.726,2,1,2
7466,Customer_7466,36,Female,New York,2023-07-13,234.99,2.0,5.0,234.99,117.495,0,1,0
7467,Customer_7467,35,Male,New York,2022-08-03,2435.84,11.0,29.0,2435.84,221.44000000000003,1,0,1
7468,Customer_7468,42,Male,New York,2021-06-15,1682.72,7.0,15.0,1682.72,240.38857142857142,1,0,1
7469,Customer_7469,33,Male,Chicago,2021-12-30,0.0,0.0,0.0,0.0,0.0,0,1,0
7470,Customer_7470,41,Female,Chicago,2022-10-20,82.66,1.0,1.0,82.66,82.66,0,1,0
7471,Customer_7471,33,Male,Houston,2022-05-30,73.89,1.0,3.0,73.89,73.89,0,1,0
7472,Customer_7472,55,Female,Houston,2023-01-02,736.76,4.0,7.0,736.76,184.19,2,1,2
7473,Customer_7473,36,Female,Los Angeles,2023-06-29,2429.17,17.0,36.0,2429.17,142.89235294117648,1,0,1
7474,Customer_7474,61,Male,Los Angeles,2021-04-28,780.17,5.0,7.0,780.1700000000001,156.03400000000002,2,1,2
7475,Customer_7475,39,Female,Houston,2023-10-07,331.69,2.0,3.0,331.69,165.845,0,1,0
7476,Customer_7476,33,Female,Los Angeles,2023-02-11,127.56,3.0,5.0,127.56,42.52,0,1,0
7477,Customer_7477,25,Female,New York,2023-07-19,64.5,1.0,1.0,64.5,64.5,0,1,0
7478,Customer_7478,19,Male,Los Angeles,2022-11-27,872.45,5.0,10.0,872.4499999999999,174.48999999999998,2,1,2
7479,Customer_7479,24,Male,Los Angeles,2022-06-06,412.53,4.0,7.0,412.53,103.1325,0,1,0
7480,Customer_7480,25,Female,New York,2021-12-03,1170.91,4.0,15.0,1170.91,292.7275,2,0,2
7481,Customer_7481,39,Male,Houston,2022-03-24,949.43,3.0,7.0,949.43,316.47666666666663,2,1,2
7482,Customer_7482,29,Female,Phoenix,2022-10-15,219.87,2.0,2.0,219.87,109.935,0,1,0
7483,Customer_7483,37,Female,New York,2023-06-09,902.35,3.0,9.0,902.3499999999999,300.7833333333333,2,1,2
7484,Customer_7484,49,Male,New York,2022-08-27,982.07,6.0,11.0,982.07,163.67833333333334,2,0,2
7485,Customer_7485,34,Male,Houston,2022-10-15,25.83,1.0,1.0,25.83,25.83,0,1,0
7486,Customer_7486,58,Male,New York,2023-01-29,1068.21,5.0,10.0,1068.21,213.642,2,0,2
7487,Customer_7487,22,Female,Los Angeles,2022-03-18,861.51,4.0,13.0,861.51,215.3775,2,0,2
7488,Customer_7488,33,Male,New York,2022-02-13,468.28,2.0,6.0,468.28,234.14,2,1,2
7489,Customer_7489,29,Male,New York,2023-03-21,409.79,6.0,7.0,409.78999999999996,68.29833333333333,0,1,0
7490,Customer_7490,45,Male,Houston,2021-03-26,2441.62,10.0,29.0,2441.62,244.16199999999998,1,0,1
7491,Customer_7491,18,Female,Houston,2023-08-11,1706.24,12.0,21.0,1706.24,142.18666666666667,1,0,1
7492,Customer_7492,19,Male,New York,2022-11-28,0.0,0.0,0.0,0.0,0.0,0,1,0
7493,Customer_7493,34,Male,Los Angeles,2021-04-08,1524.48,11.0,19.0,1524.48,138.5890909090909,1,0,1
7494,Customer_7494,52,Female,New York,2022-06-26,143.72,2.0,2.0,143.72,71.86,0,1,0
7495,Customer_7495,37,Female,New York,2021-07-10,149.71,2.0,2.0,149.70999999999998,74.85499999999999,0,1,0
7496,Customer_7496,20,Female,Phoenix,2023-08-26,101.32,1.0,1.0,101.32,101.32,0,1,0
7497,Customer_7497,22,Male,Chicago,2021-09-15,302.83,5.0,9.0,302.83000000000004,60.56600000000001,0,1,0
7498,Customer_7498,53,Male,Chicago,2021-06-04,90.99,1.0,1.0,90.99,90.99,0,1,0
7499,Customer_7499,28,Male,Houston,2023-08-02,1148.72,3.0,9.0,1148.7199999999998,382.9066666666666,2,0,2
7500,Customer_7500,25,Male,Houston,2021-08-16,266.33,2.0,4.0,266.33,133.165,0,1,0
7501,Customer_7501,51,Female,Houston,2022-06-01,1789.46,5.0,12.0,1789.46,357.892,2,0,2
7502,Customer_7502,46,Female,New York,2022-10-03,52.11,1.0,1.0,52.11,52.11,0,1,0
7503,Customer_7503,49,Female,New York,2021-03-15,1619.16,11.0,18.0,1619.16,147.19636363636366,1,0,1
7504,Customer_7504,25,Female,Chicago,2021-12-31,721.91,7.0,13.0,721.91,103.13,2,0,2
7505,Customer_7505,18,Female,Los Angeles,2021-01-24,551.71,2.0,5.0,551.71,275.855,2,1,2
7506,Customer_7506,36,Female,Phoenix,2022-04-08,379.63,5.0,6.0,379.63,75.926,0,1,0
7507,Customer_7507,39,Female,Chicago,2022-04-26,67.11,3.0,3.0,67.11,22.37,0,1,0
7508,Customer_7508,39,Female,Phoenix,2021-02-13,441.98,2.0,4.0,441.98,220.99,2,1,2
7509,Customer_7509,51,Female,New York,2023-11-27,1460.14,10.0,21.0,1460.1399999999999,146.01399999999998,1,0,1
7510,Customer_7510,18,Female,Phoenix,2022-04-06,618.8,7.0,8.0,618.8,88.39999999999999,2,1,2
7511,Customer_7511,44,Female,Los Angeles,2021-03-11,3419.07,18.0,35.0,3419.0699999999997,189.94833333333332,1,0,1
7512,Customer_7512,23,Male,Phoenix,2021-08-01,339.09,4.0,4.0,339.09000000000003,84.77250000000001,0,1,0
7513,Customer_7513,44,Male,New York,2023-07-03,1957.91,12.0,20.0,1957.91,163.15916666666666,1,0,1
7514,Customer_7514,30,Male,Chicago,2021-03-13,225.05,3.0,4.0,225.05,75.01666666666667,0,1,0
7515,Customer_7515,26,Female,Houston,2023-04-08,750.28,1.0,4.0,750.28,750.28,2,1,2
7516,Customer_7516,28,Male,Los Angeles,2021-06-29,355.51,4.0,5.0,355.51,88.8775,0,1,0
7517,Customer_7517,19,Male,Los Angeles,2021-07-27,702.41,3.0,6.0,702.41,234.13666666666666,2,1,2
7518,Customer_7518,35,Male,Phoenix,2021-06-26,653.05,6.0,8.0,653.05,108.84166666666665,2,1,2
7519,Customer_7519,27,Female,Los Angeles,2022-12-08,465.9,3.0,6.0,465.9,155.29999999999998,2,1,2
7520,Customer_7520,44,Male,Chicago,2023-06-03,227.87,2.0,5.0,227.87,113.935,0,1,0
7521,Customer_7521,42,Male,New York,2023-01-21,2183.09,11.0,20.0,2183.09,198.46272727272728,1,0,1
7522,Customer_7522,54,Male,Houston,2021-06-03,864.82,3.0,8.0,864.82,288.27333333333337,2,1,2
7523,Customer_7523,39,Male,Chicago,2021-01-30,0.0,0.0,0.0,0.0,0.0,0,1,0
7524,Customer_7524,41,Female,Los Angeles,2023-11-17,131.81,2.0,4.0,131.81,65.905,0,1,0
7525,Customer_7525,50,Male,New York,2023-09-03,410.51,4.0,5.0,410.51000000000005,102.62750000000001,0,1,0
7526,Customer_7526,28,Female,Chicago,2022-10-06,1066.71,5.0,11.0,1066.71,213.342,2,0,2
7527,Customer_7527,19,Male,New York,2022-11-22,886.75,2.0,6.0,886.75,443.375,2,1,2
7528,Customer_7528,37,Female,New York,2021-04-08,96.36,1.0,4.0,96.36,96.36,0,1,0
7529,Customer_7529,19,Female,Chicago,2021-11-22,155.55,2.0,2.0,155.55,77.775,0,1,0
7530,Customer_7530,62,Female,New York,2021-08-25,1107.09,5.0,12.0,1107.0900000000001,221.41800000000003,2,0,2
7531,Customer_7531,51,Male,New York,2021-05-18,577.92,3.0,6.0,577.9200000000001,192.64000000000001,2,1,2
7532,Customer_7532,59,Female,Chicago,2022-09-22,223.92,1.0,3.0,223.92000000000002,223.92000000000002,2,1,2
7533,Customer_7533,36,Male,New York,2022-09-10,240.24,2.0,2.0,240.24,120.12,0,1,0
7534,Customer_7534,41,Male,Los Angeles,2023-12-06,1519.6,5.0,13.0,1519.6,303.91999999999996,2,0,2
7535,Customer_7535,30,Female,New York,2022-01-25,65.88,1.0,1.0,65.88,65.88,0,1,0
7536,Customer_7536,45,Female,Chicago,2021-12-26,485.37,1.0,3.0,485.37,485.37,2,1,2
7537,Customer_7537,22,Female,Chicago,2022-08-05,569.34,3.0,8.0,569.3399999999999,189.77999999999997,2,1,2
7538,Customer_7538,18,Male,Houston,2021-07-26,392.17,4.0,9.0,392.17,98.0425,0,1,0
7539,Customer_7539,26,Male,Los Angeles,2022-08-24,1214.36,7.0,11.0,1214.36,173.48,2,0,2
7540,Customer_7540,19,Female,New York,2023-09-06,423.35,3.0,5.0,423.35,141.11666666666667,0,1,0
7541,Customer_7541,51,Female,New York,2022-05-30,2544.4,20.0,33.0,2544.4,127.22,1,0,1
7542,Customer_7542,55,Male,Los Angeles,2023-03-21,405.53,4.0,7.0,405.53,101.3825,0,1,0
7543,Customer_7543,20,Male,Phoenix,2022-03-14,1500.08,11.0,17.0,1500.08,136.3709090909091,1,0,1
7544,Customer_7544,49,Male,New York,2022-04-14,2081.76,11.0,21.0,2081.76,189.25090909090912,1,0,1
7545,Customer_7545,45,Male,Los Angeles,2022-09-22,0.0,0.0,0.0,0.0,0.0,0,1,0
7546,Customer_7546,18,Female,New York,2022-01-30,1903.68,7.0,17.0,1903.68,271.95428571428573,1,0,1
7547,Customer_7547,31,Female,Chicago,2021-04-24,341.45,3.0,3.0,341.45,113.81666666666666,0,1,0
7548,Customer_7548,29,Female,Houston,2022-04-08,990.4,7.0,16.0,990.4000000000001,141.4857142857143,2,0,2
7549,Customer_7549,43,Female,Chicago,2022-06-26,0.0,0.0,0.0,0.0,0.0,0,1,0
7550,Customer_7550,21,Female,Phoenix,2021-09-04,507.82,4.0,12.0,507.82,126.955,2,1,2
7551,Customer_7551,34,Female,Chicago,2021-09-30,1092.23,7.0,17.0,1092.23,156.03285714285715,2,0,2
7552,Customer_7552,27,Female,New York,2022-06-29,1851.13,10.0,21.0,1851.13,185.113,1,0,1
7553,Customer_7553,40,Male,Los Angeles,2022-09-15,0.0,0.0,0.0,0.0,0.0,0,1,0
7554,Customer_7554,33,Male,Chicago,2022-12-19,966.24,8.0,12.0,966.24,120.78,2,0,2
7555,Customer_7555,29,Male,Chicago,2023-02-17,64.28,1.0,1.0,64.28,64.28,0,1,0
7556,Customer_7556,33,Male,Chicago,2023-10-18,1056.13,9.0,13.0,1056.13,117.3477777777778,2,0,2
7557,Customer_7557,57,Female,Houston,2022-05-05,1313.92,3.0,11.0,1313.9199999999998,437.9733333333333,2,0,2
7558,Customer_7558,30,Male,Chicago,2021-08-03,903.57,6.0,8.0,903.5699999999999,150.595,2,1,2
7559,Customer_7559,24,Female,Phoenix,2022-08-13,636.26,2.0,4.0,636.26,318.13,2,1,2
7560,Customer_7560,41,Male,Chicago,2021-06-24,330.4,2.0,5.0,330.4,165.2,0,1,0
7561,Customer_7561,33,Female,Houston,2021-02-21,0.0,0.0,0.0,0.0,0.0,0,1,0
7562,Customer_7562,19,Male,New York,2021-10-24,0.0,0.0,0.0,0.0,0.0,0,1,0
7563,Customer_7563,60,Female,Houston,2021-06-24,93.69,2.0,2.0,93.69,46.845,0,1,0
7564,Customer_7564,31,Female,Phoenix,2023-08-27,570.65,4.0,9.0,570.65,142.6625,2,1,2
7565,Customer_7565,31,Male,Los Angeles,2021-12-09,233.22,1.0,2.0,233.22,233.22,2,1,2
7566,Customer_7566,37,Female,Houston,2022-08-23,259.51,3.0,9.0,259.51,86.50333333333333,0,1,0
7567,Customer_7567,54,Male,Houston,2021-06-20,342.86,4.0,6.0,342.85999999999996,85.71499999999999,0,1,0
7568,Customer_7568,18,Male,New York,2023-11-27,187.36,1.0,4.0,187.36,187.36,0,1,0
7569,Customer_7569,38,Male,Chicago,2023-12-24,1150.87,4.0,12.0,1150.87,287.7175,2,0,2
7570,Customer_7570,58,Male,New York,2022-03-31,171.0,2.0,3.0,171.0,85.5,0,1,0
7571,Customer_7571,36,Male,Phoenix,2022-12-28,330.17,3.0,4.0,330.17,110.05666666666667,0,1,0
7572,Customer_7572,21,Female,Houston,2023-06-06,1750.71,6.0,18.0,1750.71,291.785,1,0,1
7573,Customer_7573,28,Male,New York,2023-10-03,293.55,3.0,4.0,293.55,97.85000000000001,0,1,0
7574,Customer_7574,37,Male,New York,2023-01-25,256.93,2.0,3.0,256.93,128.465,0,1,0
7575,Customer_7575,50,Male,Chicago,2021-05-30,1347.58,7.0,17.0,1347.5800000000002,192.51142857142858,2,0,2
7576,Customer_7576,31,Female,Los Angeles,2022-09-28,372.59,3.0,5.0,372.59000000000003,124.19666666666667,0,1,0
7577,Customer_7577,44,Male,New York,2023-08-25,488.16,4.0,5.0,488.16,122.04,0,1,0
7578,Customer_7578,19,Male,Chicago,2022-12-11,209.55,1.0,3.0,209.54999999999998,209.54999999999998,0,1,0
7579,Customer_7579,19,Male,Los Angeles,2021-10-05,562.25,6.0,9.0,562.25,93.70833333333333,2,1,2
7580,Customer_7580,30,Female,New York,2021-02-04,1012.23,4.0,11.0,1012.23,253.0575,2,0,2
7581,Customer_7581,51,Female,Houston,2021-06-24,881.87,5.0,11.0,881.87,176.374,2,1,2
7582,Customer_7582,36,Female,Phoenix,2023-11-23,95.98,1.0,2.0,95.98,95.98,0,1,0
7583,Customer_7583,38,Male,Houston,2022-12-16,25.01,1.0,1.0,25.01,25.01,0,1,0
7584,Customer_7584,38,Male,Houston,2021-09-11,580.86,5.0,10.0,580.86,116.172,2,1,2
7585,Customer_7585,47,Female,New York,2022-07-22,57.75,1.0,3.0,57.75,57.75,0,1,0
7586,Customer_7586,28,Female,Los Angeles,2021-11-19,420.15,2.0,7.0,420.15000000000003,210.07500000000002,2,1,2
7587,Customer_7587,43,Female,New York,2021-01-13,88.62,1.0,1.0,88.62,88.62,0,1,0
7588,Customer_7588,26,Female,Houston,2021-02-19,1264.61,10.0,17.0,1264.61,126.46099999999998,1,0,1
7589,Customer_7589,57,Male,Phoenix,2023-08-11,1184.76,6.0,11.0,1184.76,197.46,2,0,2
7590,Customer_7590,26,Male,Houston,2023-09-21,3504.08,18.0,35.0,3504.08,194.67111111111112,1,0,1
7591,Customer_7591,25,Female,Phoenix,2022-09-08,782.18,4.0,12.0,782.1800000000001,195.54500000000002,2,1,2
7592,Customer_7592,41,Male,Chicago,2023-05-16,92.34,1.0,2.0,92.34,92.34,0,1,0
7593,Customer_7593,36,Female,Los Angeles,2021-04-06,567.3,3.0,7.0,567.3000000000001,189.10000000000002,2,1,2
7594,Customer_7594,39,Male,Los Angeles,2021-12-09,931.57,3.0,8.0,931.5699999999999,310.5233333333333,2,1,2
7595,Customer_7595,38,Female,New York,2023-05-06,93.9,1.0,1.0,93.9,93.9,0,1,0
7596,Customer_7596,23,Female,New York,2021-07-12,313.06,3.0,4.0,313.06,104.35333333333334,0,1,0
7597,Customer_7597,53,Female,Houston,2022-05-26,329.24,1.0,2.0,329.24,329.24,2,1,2
7598,Customer_7598,45,Male,Los Angeles,2021-01-07,358.0,6.0,9.0,358.0,59.666666666666664,0,1,0
7599,Customer_7599,50,Male,Chicago,2021-11-26,0.0,0.0,0.0,0.0,0.0,0,1,0
7600,Customer_7600,29,Male,Chicago,2021-03-24,92.64,1.0,2.0,92.64,92.64,0,1,0
7601,Customer_7601,40,Female,Los Angeles,2023-06-24,48.7,1.0,2.0,48.7,48.7,0,1,0
7602,Customer_7602,37,Female,Chicago,2022-09-18,1383.01,14.0,23.0,1383.01,98.78642857142857,1,0,1
7603,Customer_7603,47,Female,Chicago,2022-06-11,454.16,1.0,4.0,454.16,454.16,2,1,2
7604,Customer_7604,48,Male,Los Angeles,2022-03-16,324.96,2.0,3.0,324.96000000000004,162.48000000000002,0,1,0
7605,Customer_7605,37,Female,Houston,2023-06-09,327.0,1.0,2.0,327.0,327.0,2,1,2
7606,Customer_7606,18,Male,Los Angeles,2023-02-01,894.56,6.0,13.0,894.56,149.09333333333333,2,0,2
7607,Customer_7607,55,Male,Chicago,2023-10-21,47.89,1.0,1.0,47.89,47.89,0,1,0
7608,Customer_7608,41,Male,Phoenix,2021-01-19,722.65,7.0,12.0,722.65,103.23571428571428,2,1,2
7609,Customer_7609,28,Female,Phoenix,2021-01-09,331.76,4.0,8.0,331.76,82.94,0,1,0
7610,Customer_7610,39,Female,Phoenix,2023-11-28,170.56,2.0,2.0,170.56,85.28,0,1,0
7611,Customer_7611,18,Female,Los Angeles,2022-12-24,706.83,3.0,6.0,706.83,235.61,2,1,2
7612,Customer_7612,47,Male,New York,2023-06-23,0.0,0.0,0.0,0.0,0.0,0,1,0
7613,Customer_7613,19,Male,Los Angeles,2021-05-14,1294.51,8.0,14.0,1294.51,161.81375,2,0,2
7614,Customer_7614,33,Female,Los Angeles,2021-04-03,309.03,2.0,5.0,309.03,154.515,0,1,0
7615,Customer_7615,38,Female,Phoenix,2023-03-13,920.1,3.0,9.0,920.0999999999999,306.7,2,1,2
7616,Customer_7616,46,Male,Chicago,2023-05-14,1272.9,7.0,14.0,1272.9,181.84285714285716,2,0,2
7617,Customer_7617,36,Male,New York,2023-02-13,1751.5,11.0,20.0,1751.5,159.22727272727272,1,0,1
7618,Customer_7618,42,Female,New York,2022-06-28,326.39,3.0,5.0,326.39,108.79666666666667,0,1,0
7619,Customer_7619,35,Male,New York,2021-07-07,854.09,7.0,9.0,854.09,122.01285714285714,2,1,2
7620,Customer_7620,35,Female,Chicago,2021-05-16,1749.37,8.0,21.0,1749.37,218.67125,1,0,1
7621,Customer_7621,36,Female,Houston,2021-06-15,262.03,2.0,3.0,262.03,131.015,0,1,0
7622,Customer_7622,33,Male,Phoenix,2023-09-18,484.79,5.0,12.0,484.78999999999996,96.958,2,1,2
7623,Customer_7623,18,Male,Phoenix,2021-09-02,1389.72,6.0,19.0,1389.7199999999998,231.61999999999998,2,0,2
7624,Customer_7624,27,Male,New York,2023-10-30,681.76,2.0,5.0,681.7600000000001,340.88000000000005,2,1,2
7625,Customer_7625,38,Female,Los Angeles,2023-04-10,576.95,3.0,5.0,576.95,192.3166666666667,2,1,2
7626,Customer_7626,32,Male,New York,2022-11-19,234.14,2.0,3.0,234.14000000000001,117.07000000000001,0,1,0
7627,Customer_7627,33,Female,Los Angeles,2021-04-24,1435.06,7.0,13.0,1435.06,205.00857142857143,2,0,2
7628,Customer_7628,31,Female,Phoenix,2021-06-16,186.52,3.0,4.0,186.52,62.17333333333334,0,1,0
7629,Customer_7629,26,Male,Chicago,2022-05-03,551.18,5.0,7.0,551.1800000000001,110.23600000000002,2,1,2
7630,Customer_7630,30,Female,Houston,2022-03-13,686.61,5.0,9.0,686.61,137.322,2,1,2
7631,Customer_7631,32,Male,Chicago,2021-08-11,500.83,3.0,7.0,500.83000000000004,166.94333333333336,2,1,2
7632,Customer_7632,35,Male,New York,2021-07-10,1258.49,5.0,12.0,1258.4899999999998,251.69799999999995,2,0,2
7633,Customer_7633,39,Female,New York,2022-07-30,0.0,0.0,0.0,0.0,0.0,0,1,0
7634,Customer_7634,33,Female,Chicago,2023-03-05,1897.17,15.0,32.0,1897.17,126.47800000000001,1,0,1
7635,Customer_7635,24,Female,Houston,2021-06-22,875.13,4.0,11.0,875.13,218.7825,2,1,2
7636,Customer_7636,20,Female,New York,2022-03-26,1180.47,10.0,17.0,1180.47,118.047,1,0,1
7637,Customer_7637,64,Male,Houston,2021-03-18,112.12,1.0,2.0,112.12,112.12,0,1,0
7638,Customer_7638,23,Male,Houston,2022-09-07,459.33,4.0,7.0,459.33,114.8325,0,1,0
7639,Customer_7639,29,Female,Los Angeles,2021-08-14,0.0,0.0,0.0,0.0,0.0,0,1,0
7640,Customer_7640,41,Female,Houston,2023-01-09,312.96,1.0,4.0,312.96,312.96,2,1,2
7641,Customer_7641,39,Male,Los Angeles,2023-07-30,470.17,2.0,4.0,470.17,235.085,2,1,2
7642,Customer_7642,41,Male,Houston,2021-03-17,625.5,6.0,8.0,625.5,104.25,2,1,2
7643,Customer_7643,30,Female,Houston,2023-11-23,963.44,9.0,14.0,963.4399999999999,107.04888888888888,2,0,2
7644,Customer_7644,38,Female,Phoenix,2021-03-10,880.64,4.0,11.0,880.64,220.16,2,1,2
7645,Customer_7645,36,Male,Los Angeles,2022-02-19,0.0,0.0,0.0,0.0,0.0,0,1,0
7646,Customer_7646,32,Female,Los Angeles,2023-01-01,502.65,2.0,5.0,502.65000000000003,251.32500000000002,2,1,2
7647,Customer_7647,38,Female,New York,2021-12-28,1028.84,8.0,14.0,1028.84,128.605,2,0,2
7648,Customer_7648,47,Male,New York,2023-05-20,798.87,4.0,9.0,798.8700000000001,199.71750000000003,2,1,2
7649,Customer_7649,35,Male,Houston,2023-12-08,98.03,1.0,1.0,98.03,98.03,0,1,0
7650,Customer_7650,35,Male,Phoenix,2021-03-09,1373.45,7.0,15.0,1373.4499999999998,196.20714285714283,2,0,2
7651,Customer_7651,47,Male,Los Angeles,2023-07-25,357.04,2.0,6.0,357.04,178.52,2,1,2
7652,Customer_7652,46,Male,New York,2022-01-12,334.83,4.0,6.0,334.83000000000004,83.70750000000001,0,1,0
7653,Customer_7653,52,Female,Los Angeles,2021-10-03,1174.3,6.0,15.0,1174.3,195.71666666666667,2,0,2
7654,Customer_7654,18,Female,Los Angeles,2023-02-07,2918.57,18.0,35.0,2918.5699999999997,162.14277777777775,1,0,1
7655,Customer_7655,45,Female,Los Angeles,2023-08-08,784.68,2.0,6.0,784.6800000000001,392.34000000000003,2,1,2
7656,Customer_7656,42,Female,New York,2021-07-24,128.25,2.0,4.0,128.25,64.125,0,1,0
7657,Customer_7657,25,Male,Houston,2023-01-15,412.92,4.0,5.0,412.92,103.23,0,1,0
7658,Customer_7658,38,Male,New York,2023-12-25,736.57,4.0,12.0,736.57,184.1425,2,1,2
7659,Customer_7659,47,Male,Chicago,2023-06-30,450.65,1.0,5.0,450.65,450.65,2,1,2
7660,Customer_7660,26,Male,Houston,2021-11-21,2393.31,15.0,27.0,2393.31,159.554,1,0,1
7661,Customer_7661,40,Female,Los Angeles,2022-01-13,457.98,2.0,4.0,457.98,228.99,2,1,2
7662,Customer_7662,45,Female,Chicago,2023-03-28,240.28,2.0,2.0,240.28,120.14,0,1,0
7663,Customer_7663,23,Male,Chicago,2022-11-12,207.58,2.0,2.0,207.57999999999998,103.78999999999999,0,1,0
7664,Customer_7664,33,Male,Chicago,2022-11-02,83.84,2.0,2.0,83.84,41.92,0,1,0
7665,Customer_7665,38,Male,Los Angeles,2022-09-20,341.7,1.0,5.0,341.70000000000005,341.70000000000005,2,1,2
7666,Customer_7666,26,Male,Los Angeles,2023-10-15,97.3,1.0,1.0,97.3,97.3,0,1,0
7667,Customer_7667,25,Male,Houston,2022-03-11,1133.38,6.0,16.0,1133.3799999999999,188.89666666666665,2,0,2
7668,Customer_7668,34,Male,Houston,2023-06-04,309.6,1.0,4.0,309.6,309.6,2,1,2
7669,Customer_7669,44,Female,Los Angeles,2023-11-05,537.96,3.0,6.0,537.96,179.32000000000002,2,1,2
7670,Customer_7670,42,Male,New York,2022-03-22,249.45,3.0,6.0,249.45,83.14999999999999,0,1,0
7671,Customer_7671,26,Male,New York,2021-02-23,943.81,8.0,17.0,943.81,117.97625,2,0,2
7672,Customer_7672,42,Female,New York,2022-11-23,705.49,4.0,10.0,705.49,176.3725,2,1,2
7673,Customer_7673,26,Male,Chicago,2021-01-04,1170.36,3.0,10.0,1170.3600000000001,390.12000000000006,2,0,2
7674,Customer_7674,18,Female,New York,2021-09-14,480.6,4.0,11.0,480.6,120.15,2,1,2
7675,Customer_7675,31,Male,Los Angeles,2023-04-14,53.14,1.0,1.0,53.14,53.14,0,1,0
7676,Customer_7676,47,Female,Houston,2022-04-27,1912.34,9.0,25.0,1912.34,212.48222222222222,1,0,1
7677,Customer_7677,42,Male,Los Angeles,2022-04-06,272.31,3.0,4.0,272.31,90.77,0,1,0
7678,Customer_7678,35,Female,Houston,2023-04-29,2277.91,18.0,24.0,2277.91,126.55055555555555,1,0,1
7679,Customer_7679,30,Male,Houston,2022-04-18,233.5,2.0,7.0,233.5,116.75,0,1,0
7680,Customer_7680,31,Female,New York,2021-07-12,533.99,6.0,12.0,533.99,88.99833333333333,2,1,2
7681,Customer_7681,36,Female,Houston,2021-11-03,707.25,4.0,7.0,707.25,176.8125,2,1,2
7682,Customer_7682,23,Female,Houston,2023-01-29,743.6,1.0,5.0,743.6,743.6,2,0,2
7683,Customer_7683,31,Male,Los Angeles,2023-06-25,0.0,0.0,0.0,0.0,0.0,0,1,0
7684,Customer_7684,33,Female,New York,2021-08-09,274.03,4.0,4.0,274.03000000000003,68.50750000000001,0,1,0
7685,Customer_7685,20,Female,Chicago,2021-06-21,823.64,2.0,6.0,823.64,411.82,2,1,2
7686,Customer_7686,26,Male,Phoenix,2021-06-21,732.11,2.0,6.0,732.1099999999999,366.05499999999995,2,1,2
7687,Customer_7687,40,Female,Chicago,2023-12-23,1811.1,9.0,21.0,1811.1,201.23333333333332,1,0,1
7688,Customer_7688,35,Male,New York,2023-12-25,744.36,5.0,10.0,744.36,148.872,2,1,2
7689,Customer_7689,32,Female,Houston,2021-03-22,238.14,2.0,2.0,238.14,119.07,0,1,0
7690,Customer_7690,25,Male,Los Angeles,2023-01-29,184.6,2.0,4.0,184.60000000000002,92.30000000000001,0,1,0
7691,Customer_7691,52,Female,Chicago,2021-03-14,0.0,0.0,0.0,0.0,0.0,0,1,0
7692,Customer_7692,26,Female,Houston,2021-11-28,0.0,0.0,0.0,0.0,0.0,0,1,0
7693,Customer_7693,38,Male,Chicago,2023-11-15,1596.38,11.0,23.0,1596.3799999999999,145.12545454545455,1,0,1
7694,Customer_7694,30,Male,Houston,2021-08-16,443.58,3.0,10.0,443.58000000000004,147.86,2,1,2
7695,Customer_7695,35,Male,Houston,2021-08-30,308.44,2.0,3.0,308.44,154.22,0,1,0
7696,Customer_7696,40,Female,Chicago,2022-05-18,168.21,1.0,3.0,168.21,168.21,0,1,0
7697,Customer_7697,20,Female,New York,2023-12-16,1116.96,5.0,10.0,1116.96,223.392,2,0,2
7698,Customer_7698,35,Female,Houston,2022-07-06,0.0,0.0,0.0,0.0,0.0,0,1,0
7699,Customer_7699,48,Male,Phoenix,2023-07-13,178.8,1.0,2.0,178.8,178.8,0,1,0
7700,Customer_7700,54,Female,New York,2021-05-01,905.68,5.0,8.0,905.6800000000001,181.13600000000002,2,1,2
7701,Customer_7701,34,Female,Chicago,2021-01-26,656.43,4.0,10.0,656.4300000000001,164.10750000000002,2,1,2
7702,Customer_7702,35,Female,Los Angeles,2022-05-26,656.33,5.0,9.0,656.3299999999999,131.266,2,1,2
7703,Customer_7703,59,Male,Houston,2023-05-31,89.14,1.0,2.0,89.14,89.14,0,1,0
7704,Customer_7704,47,Female,Houston,2021-01-23,2027.45,13.0,21.0,2027.45,155.9576923076923,1,0,1
7705,Customer_7705,28,Male,New York,2021-04-26,1479.92,11.0,19.0,1479.92,134.5381818181818,1,0,1
7706,Customer_7706,28,Female,Phoenix,2022-04-25,352.54,3.0,5.0,352.54,117.51333333333334,0,1,0
7707,Customer_7707,46,Male,New York,2021-11-03,2166.24,13.0,26.0,2166.2400000000002,166.63384615384618,1,0,1
7708,Customer_7708,24,Female,Houston,2021-08-19,1170.09,8.0,14.0,1170.09,146.26125,2,0,2
7709,Customer_7709,47,Male,Los Angeles,2022-12-02,1107.9,5.0,10.0,1107.9,221.58,2,0,2
7710,Customer_7710,39,Male,Los Angeles,2022-05-07,825.58,5.0,8.0,825.5799999999999,165.11599999999999,2,1,2
7711,Customer_7711,41,Female,New York,2023-02-08,104.43,1.0,1.0,104.43,104.43,0,1,0
7712,Customer_7712,32,Male,New York,2021-10-13,515.41,5.0,7.0,515.41,103.082,2,1,2
7713,Customer_7713,28,Female,Chicago,2023-09-15,375.89,3.0,5.0,375.89,125.29666666666667,0,1,0
7714,Customer_7714,51,Male,Chicago,2023-06-09,850.1,5.0,10.0,850.1,170.02,2,1,2
7715,Customer_7715,32,Male,New York,2022-08-21,198.96,1.0,2.0,198.96,198.96,0,1,0
7716,Customer_7716,30,Female,New York,2023-05-07,567.24,5.0,7.0,567.24,113.44800000000001,2,1,2
7717,Customer_7717,34,Female,New York,2023-04-19,1206.12,2.0,8.0,1206.12,603.06,2,0,2
7718,Customer_7718,37,Female,Houston,2023-07-07,651.93,5.0,7.0,651.93,130.386,2,1,2
7719,Customer_7719,24,Female,Houston,2023-07-29,37.43,1.0,1.0,37.43,37.43,0,1,0
7720,Customer_7720,29,Female,New York,2023-03-16,249.31,4.0,5.0,249.31,62.3275,0,1,0
7721,Customer_7721,28,Female,Chicago,2021-06-11,1041.4,5.0,10.0,1041.4,208.28000000000003,2,0,2
7722,Customer_7722,44,Female,New York,2022-09-04,431.57,2.0,5.0,431.57,215.785,2,1,2
7723,Customer_7723,25,Male,Phoenix,2023-08-11,0.0,0.0,0.0,0.0,0.0,0,1,0
7724,Customer_7724,18,Female,Phoenix,2021-10-03,238.26,2.0,7.0,238.26,119.13,0,1,0
7725,Customer_7725,18,Female,Houston,2023-09-24,0.0,0.0,0.0,0.0,0.0,0,1,0
7726,Customer_7726,19,Male,Phoenix,2022-06-13,600.15,8.0,10.0,600.15,75.01875,2,1,2
7727,Customer_7727,50,Female,Houston,2023-08-17,2569.29,14.0,29.0,2569.29,183.5207142857143,1,0,1
7728,Customer_7728,35,Female,Houston,2021-02-19,712.98,3.0,5.0,712.9799999999999,237.65999999999997,2,1,2
7729,Customer_7729,41,Female,Chicago,2022-08-07,455.6,2.0,5.0,455.59999999999997,227.79999999999998,2,1,2
7730,Customer_7730,41,Male,Los Angeles,2023-07-03,1473.34,10.0,23.0,1473.34,147.334,1,0,1
7731,Customer_7731,36,Male,New York,2022-04-22,229.86,1.0,3.0,229.86,229.86,2,1,2
7732,Customer_7732,34,Female,Los Angeles,2022-05-03,668.86,5.0,7.0,668.86,133.772,2,1,2
7733,Customer_7733,46,Male,Chicago,2021-03-21,451.23,2.0,6.0,451.22999999999996,225.61499999999998,2,1,2
7734,Customer_7734,37,Male,New York,2022-07-15,565.16,6.0,11.0,565.16,94.19333333333333,2,1,2
7735,Customer_7735,50,Male,Los Angeles,2022-02-10,1798.98,11.0,24.0,1798.98,163.54363636363635,1,0,1
7736,Customer_7736,42,Male,Los Angeles,2022-06-21,66.17,2.0,3.0,66.17,33.085,0,1,0
7737,Customer_7737,28,Male,New York,2021-09-12,485.03,5.0,10.0,485.03000000000003,97.006,2,1,2
7738,Customer_7738,30,Female,Chicago,2023-08-18,180.03,3.0,4.0,180.03,60.01,0,1,0
7739,Customer_7739,27,Female,Phoenix,2022-05-02,72.26,2.0,2.0,72.25999999999999,36.129999999999995,0,1,0
7740,Customer_7740,48,Female,Houston,2022-05-31,1290.58,7.0,16.0,1290.58,184.3685714285714,2,0,2
7741,Customer_7741,31,Male,Chicago,2022-04-09,104.36,1.0,1.0,104.36,104.36,0,1,0
7742,Customer_7742,26,Male,Chicago,2023-02-19,548.58,2.0,4.0,548.5799999999999,274.28999999999996,2,1,2
7743,Customer_7743,39,Male,Chicago,2021-02-05,1240.97,9.0,18.0,1240.97,137.88555555555556,1,0,1
7744,Customer_7744,34,Male,New York,2021-01-16,0.0,0.0,0.0,0.0,0.0,0,1,0
7745,Customer_7745,38,Female,Phoenix,2023-07-08,625.14,4.0,10.0,625.14,156.285,2,1,2
7746,Customer_7746,56,Male,New York,2022-10-11,820.39,5.0,8.0,820.39,164.078,2,1,2
7747,Customer_7747,45,Male,New York,2023-04-03,1060.7,5.0,12.0,1060.7,212.14000000000001,2,0,2
7748,Customer_7748,35,Male,Houston,2021-03-14,1406.76,8.0,14.0,1406.76,175.845,2,0,2
7749,Customer_7749,20,Male,New York,2023-01-10,1142.07,10.0,19.0,1142.07,114.207,1,0,1
7750,Customer_7750,30,Male,Los Angeles,2023-01-28,396.45,1.0,3.0,396.45000000000005,396.45000000000005,2,1,2
7751,Customer_7751,43,Female,New York,2023-06-25,611.13,6.0,16.0,611.13,101.855,2,0,2
7752,Customer_7752,22,Male,New York,2023-10-16,737.55,7.0,15.0,737.55,105.36428571428571,2,0,2
7753,Customer_7753,59,Female,New York,2023-03-09,0.0,0.0,0.0,0.0,0.0,0,1,0
7754,Customer_7754,35,Male,New York,2023-08-11,1623.18,11.0,22.0,1623.18,147.56181818181818,1,0,1
7755,Customer_7755,36,Male,Chicago,2022-04-29,2566.7,17.0,27.0,2566.7,150.98235294117646,1,0,1
7756,Customer_7756,28,Female,Houston,2022-01-22,2043.08,15.0,35.0,2043.0800000000002,136.20533333333336,1,0,1
7757,Customer_7757,40,Male,Los Angeles,2022-04-03,1454.83,7.0,13.0,1454.83,207.83285714285714,2,0,2
7758,Customer_7758,22,Female,Phoenix,2022-02-26,0.0,0.0,0.0,0.0,0.0,0,1,0
7759,Customer_7759,59,Female,New York,2021-08-20,0.0,0.0,0.0,0.0,0.0,0,1,0
7760,Customer_7760,49,Female,Los Angeles,2022-06-23,93.44,1.0,1.0,93.44,93.44,0,1,0
7761,Customer_7761,46,Male,New York,2022-12-21,804.12,4.0,11.0,804.12,201.03,2,1,2
7762,Customer_7762,20,Male,Chicago,2021-06-04,239.03,3.0,4.0,239.02999999999997,79.67666666666666,0,1,0
7763,Customer_7763,37,Male,Los Angeles,2022-06-03,0.0,0.0,0.0,0.0,0.0,0,1,0
7764,Customer_7764,48,Female,Chicago,2022-08-07,381.96,1.0,4.0,381.96,381.96,2,1,2
7765,Customer_7765,42,Male,Houston,2022-12-01,2061.16,10.0,15.0,2061.16,206.11599999999999,1,0,1
7766,Customer_7766,24,Male,Chicago,2021-04-15,263.9,3.0,4.0,263.9,87.96666666666665,0,1,0
7767,Customer_7767,28,Female,Chicago,2023-03-23,875.53,5.0,8.0,875.53,175.106,2,1,2
7768,Customer_7768,30,Female,Phoenix,2023-08-24,325.82,2.0,3.0,325.82,162.91,0,1,0
7769,Customer_7769,28,Female,Los Angeles,2022-08-19,3114.19,12.0,36.0,3114.19,259.5158333333333,1,0,1
7770,Customer_7770,52,Male,Los Angeles,2023-10-11,2250.75,13.0,30.0,2250.75,173.1346153846154,1,0,1
7771,Customer_7771,18,Male,Houston,2022-06-24,209.6,2.0,3.0,209.6,104.8,0,1,0
7772,Customer_7772,42,Male,Chicago,2021-01-12,724.41,5.0,10.0,724.41,144.882,2,1,2
7773,Customer_7773,21,Female,New York,2021-12-30,145.53,2.0,5.0,145.53,72.765,0,1,0
7774,Customer_7774,24,Male,Los Angeles,2022-10-24,167.94,1.0,1.0,167.94,167.94,0,1,0
7775,Customer_7775,18,Female,Los Angeles,2022-06-22,1545.61,9.0,15.0,1545.6100000000001,171.73444444444445,1,0,1
7776,Customer_7776,29,Female,Los Angeles,2021-11-10,503.88,5.0,7.0,503.88,100.776,2,1,2
7777,Customer_7777,52,Male,New York,2022-08-03,258.79,2.0,5.0,258.79,129.395,0,1,0
7778,Customer_7778,38,Female,Phoenix,2021-09-19,597.66,4.0,8.0,597.66,149.415,2,1,2
7779,Customer_7779,22,Male,Houston,2022-05-11,1299.47,7.0,16.0,1299.47,185.63857142857142,2,0,2
7780,Customer_7780,46,Female,Chicago,2022-09-15,0.0,0.0,0.0,0.0,0.0,0,1,0
7781,Customer_7781,49,Male,Houston,2021-05-10,246.14,2.0,6.0,246.14,123.07,0,1,0
7782,Customer_7782,36,Female,Phoenix,2023-03-03,389.65,2.0,3.0,389.65,194.825,2,1,2
7783,Customer_7783,57,Male,New York,2021-03-30,436.32,4.0,5.0,436.32,109.08,0,1,0
7784,Customer_7784,44,Female,Los Angeles,2023-08-26,1358.6,6.0,10.0,1358.6000000000001,226.43333333333337,2,0,2
7785,Customer_7785,43,Female,Chicago,2022-09-22,1616.07,16.0,30.0,1616.07,101.004375,1,0,1
7786,Customer_7786,26,Male,Houston,2022-05-21,77.64,1.0,2.0,77.64,77.64,0,1,0
7787,Customer_7787,42,Female,New York,2021-07-26,2288.15,15.0,26.0,2288.15,152.54333333333335,1,0,1
7788,Customer_7788,37,Male,Phoenix,2023-12-19,918.4,6.0,15.0,918.4,153.06666666666666,2,0,2
7789,Customer_7789,41,Male,Los Angeles,2022-06-18,101.04,1.0,3.0,101.03999999999999,101.03999999999999,0,1,0
7790,Customer_7790,27,Female,Los Angeles,2023-06-03,438.41,3.0,8.0,438.40999999999997,146.13666666666666,2,1,2
7791,Customer_7791,36,Female,Los Angeles,2023-08-09,232.71,3.0,3.0,232.71,77.57000000000001,0,1,0
7792,Customer_7792,26,Male,New York,2021-10-12,807.02,3.0,7.0,807.02,269.00666666666666,2,1,2
7793,Customer_7793,18,Male,Houston,2022-12-20,252.54,3.0,5.0,252.54000000000002,84.18,0,1,0
7794,Customer_7794,46,Male,Phoenix,2022-05-17,1825.84,10.0,19.0,1825.8400000000001,182.584,1,0,1
7795,Customer_7795,18,Female,Los Angeles,2021-09-15,0.0,0.0,0.0,0.0,0.0,0,1,0
7796,Customer_7796,36,Male,Phoenix,2023-03-21,1233.73,6.0,15.0,1233.73,205.62166666666667,2,0,2
7797,Customer_7797,39,Female,Houston,2021-02-21,1420.47,8.0,13.0,1420.47,177.55875,2,0,2
7798,Customer_7798,39,Male,Chicago,2022-07-04,0.0,0.0,0.0,0.0,0.0,0,1,0
7799,Customer_7799,32,Male,Houston,2022-10-27,0.0,0.0,0.0,0.0,0.0,0,1,0
7800,Customer_7800,38,Female,Los Angeles,2022-10-17,0.0,0.0,0.0,0.0,0.0,0,1,0
7801,Customer_7801,40,Female,Chicago,2023-08-24,719.64,6.0,9.0,719.64,119.94,2,1,2
7802,Customer_7802,43,Female,New York,2022-06-06,834.06,7.0,12.0,834.06,119.15142857142857,2,0,2
7803,Customer_7803,54,Female,Houston,2023-08-27,478.51,3.0,6.0,478.51000000000005,159.50333333333336,2,1,2
7804,Customer_7804,38,Male,New York,2023-09-28,2828.8,15.0,28.0,2828.8,188.58666666666667,1,0,1
7805,Customer_7805,36,Female,Houston,2023-06-07,1337.42,6.0,14.0,1337.42,222.90333333333334,2,0,2
7806,Customer_7806,25,Female,Houston,2023-01-15,895.6,2.0,8.0,895.5999999999999,447.79999999999995,2,1,2
7807,Customer_7807,40,Female,New York,2023-12-29,0.0,0.0,0.0,0.0,0.0,0,1,0
7808,Customer_7808,42,Male,Los Angeles,2023-12-04,294.74,1.0,2.0,294.74,294.74,2,1,2
7809,Customer_7809,33,Male,Chicago,2021-07-30,943.33,9.0,17.0,943.3299999999999,104.81444444444443,1,0,1
7810,Customer_7810,41,Female,Chicago,2021-10-03,827.93,6.0,10.0,827.93,137.98833333333332,2,1,2
7811,Customer_7811,32,Female,Los Angeles,2022-04-24,0.0,0.0,0.0,0.0,0.0,0,1,0
7812,Customer_7812,42,Male,Chicago,2021-07-24,609.76,4.0,8.0,609.76,152.44,2,1,2
7813,Customer_7813,45,Male,Los Angeles,2021-04-29,672.8,4.0,10.0,672.8,168.2,2,1,2
7814,Customer_7814,45,Female,New York,2022-05-01,266.09,4.0,5.0,266.09000000000003,66.52250000000001,0,1,0
7815,Customer_7815,36,Female,New York,2021-04-19,0.0,0.0,0.0,0.0,0.0,0,1,0
7816,Customer_7816,24,Female,New York,2022-03-30,531.6,2.0,6.0,531.6,265.8,2,1,2
7817,Customer_7817,28,Female,Houston,2023-10-29,1898.91,11.0,26.0,1898.91,172.62818181818182,1,0,1
7818,Customer_7818,42,Male,Phoenix,2022-05-27,1269.68,11.0,19.0,1269.68,115.42545454545456,1,0,1
7819,Customer_7819,62,Male,Los Angeles,2023-12-03,921.38,2.0,8.0,921.3799999999999,460.68999999999994,2,1,2
7820,Customer_7820,31,Female,Chicago,2021-05-12,719.31,6.0,14.0,719.31,119.88499999999999,2,0,2
7821,Customer_7821,40,Male,New York,2023-01-21,0.0,0.0,0.0,0.0,0.0,0,1,0
7822,Customer_7822,29,Female,Chicago,2022-01-29,1087.76,9.0,16.0,1087.76,120.86222222222221,1,0,1
7823,Customer_7823,24,Male,New York,2021-07-17,941.6,5.0,12.0,941.6,188.32,2,0,2
7824,Customer_7824,28,Male,Chicago,2021-08-08,518.32,4.0,7.0,518.3199999999999,129.57999999999998,2,1,2
7825,Customer_7825,18,Female,Phoenix,2023-05-18,349.66,3.0,5.0,349.65999999999997,116.55333333333333,0,1,0
7826,Customer_7826,50,Female,New York,2021-04-04,0.0,0.0,0.0,0.0,0.0,0,1,0
7827,Customer_7827,18,Male,Houston,2021-06-02,114.86,3.0,5.0,114.86,38.28666666666667,0,1,0
7828,Customer_7828,32,Female,New York,2022-06-09,1956.5,10.0,23.0,1956.5,195.65,1,0,1
7829,Customer_7829,22,Female,Los Angeles,2022-12-20,423.23,2.0,4.0,423.23,211.615,2,1,2
7830,Customer_7830,25,Male,New York,2023-02-06,0.0,0.0,0.0,0.0,0.0,0,1,0
7831,Customer_7831,50,Male,Los Angeles,2023-03-29,1432.61,7.0,13.0,1432.61,204.6585714285714,2,0,2
7832,Customer_7832,37,Female,New York,2021-09-14,1698.43,6.0,14.0,1698.43,283.07166666666666,2,0,2
7833,Customer_7833,24,Male,Los Angeles,2022-12-02,476.02,3.0,7.0,476.02,158.67333333333332,2,1,2
7834,Customer_7834,29,Female,Los Angeles,2022-05-30,810.23,5.0,12.0,810.23,162.046,2,1,2
7835,Customer_7835,27,Male,Los Angeles,2022-03-21,174.36,1.0,1.0,174.36,174.36,0,1,0
7836,Customer_7836,35,Male,Chicago,2021-06-20,634.21,4.0,7.0,634.21,158.5525,2,1,2
7837,Customer_7837,37,Male,Phoenix,2021-09-27,0.0,0.0,0.0,0.0,0.0,0,1,0
7838,Customer_7838,56,Female,Los Angeles,2022-08-24,1023.59,9.0,14.0,1023.59,113.73222222222222,2,0,2
7839,Customer_7839,18,Male,New York,2022-09-29,883.64,6.0,14.0,883.6400000000001,147.27333333333334,2,0,2
7840,Customer_7840,35,Male,Los Angeles,2021-03-08,0.0,0.0,0.0,0.0,0.0,0,1,0
7841,Customer_7841,32,Female,Phoenix,2023-02-14,1370.09,11.0,24.0,1370.09,124.55363636363636,1,0,1
7842,Customer_7842,45,Female,Chicago,2021-01-08,1086.22,4.0,11.0,1086.2199999999998,271.55499999999995,2,0,2
7843,Customer_7843,39,Female,Los Angeles,2021-05-15,1499.39,8.0,21.0,1499.3899999999999,187.42374999999998,1,0,1
7844,Customer_7844,41,Female,New York,2023-03-27,375.56,4.0,4.0,375.56,93.89,0,1,0
7845,Customer_7845,39,Male,Los Angeles,2023-04-10,1207.1,8.0,13.0,1207.1,150.8875,2,0,2
7846,Customer_7846,25,Female,Los Angeles,2021-01-25,568.21,4.0,5.0,568.21,142.0525,2,1,2
7847,Customer_7847,48,Female,Phoenix,2022-04-10,211.48,1.0,2.0,211.48,211.48,0,1,0
7848,Customer_7848,44,Male,Phoenix,2022-01-09,297.9,2.0,2.0,297.9,148.95,0,1,0
7849,Customer_7849,45,Female,New York,2021-07-15,1346.26,6.0,11.0,1346.26,224.37666666666667,2,0,2
7850,Customer_7850,49,Female,Chicago,2022-12-05,161.99,2.0,2.0,161.99,80.995,0,1,0
7851,Customer_7851,40,Female,New York,2022-02-06,929.17,5.0,13.0,929.1700000000001,185.834,2,0,2
7852,Customer_7852,51,Male,Los Angeles,2021-05-02,815.31,5.0,9.0,815.31,163.06199999999998,2,1,2
7853,Customer_7853,39,Male,Phoenix,2023-02-11,788.02,4.0,8.0,788.02,197.005,2,1,2
7854,Customer_7854,33,Male,Chicago,2022-07-13,0.0,0.0,0.0,0.0,0.0,0,1,0
7855,Customer_7855,35,Female,Los Angeles,2023-08-12,146.91,2.0,3.0,146.91,73.455,0,1,0
7856,Customer_7856,35,Male,New York,2023-06-27,1469.85,9.0,16.0,1469.85,163.31666666666666,1,0,1
7857,Customer_7857,29,Female,Houston,2023-11-29,0.0,0.0,0.0,0.0,0.0,0,1,0
7858,Customer_7858,53,Female,Chicago,2022-09-11,94.82,2.0,2.0,94.82,47.41,0,1,0
7859,Customer_7859,38,Female,Los Angeles,2023-01-11,181.26,1.0,1.0,181.26,181.26,0,1,0
7860,Customer_7860,36,Male,New York,2023-08-05,380.65,4.0,8.0,380.65000000000003,95.16250000000001,0,1,0
7861,Customer_7861,39,Female,Los Angeles,2023-03-08,181.02,2.0,2.0,181.02,90.51,0,1,0
7862,Customer_7862,68,Female,Phoenix,2021-07-25,966.88,4.0,8.0,966.88,241.72,2,1,2
7863,Customer_7863,23,Female,Chicago,2022-08-06,627.2,3.0,8.0,627.2,209.0666666666667,2,1,2
7864,Customer_7864,26,Female,Los Angeles,2022-11-28,795.27,4.0,6.0,795.27,198.8175,2,1,2
7865,Customer_7865,20,Male,Chicago,2022-02-16,246.54,1.0,2.0,246.54,246.54,2,1,2
7866,Customer_7866,32,Female,Houston,2021-07-27,1713.97,13.0,27.0,1713.97,131.84384615384616,1,0,1
7867,Customer_7867,38,Male,Los Angeles,2022-02-09,177.56,2.0,2.0,177.56,88.78,0,1,0
7868,Customer_7868,30,Female,New York,2022-01-23,274.17,3.0,5.0,274.17,91.39,0,1,0
7869,Customer_7869,29,Male,Chicago,2023-05-17,255.48,2.0,3.0,255.48000000000002,127.74000000000001,0,1,0
7870,Customer_7870,37,Male,Chicago,2021-09-28,469.85,3.0,4.0,469.84999999999997,156.61666666666665,2,1,2
7871,Customer_7871,29,Female,Houston,2022-03-13,2426.38,12.0,32.0,2426.38,202.19833333333335,1,0,1
7872,Customer_7872,38,Female,Phoenix,2023-05-08,228.41,3.0,6.0,228.40999999999997,76.13666666666666,0,1,0
7873,Customer_7873,47,Male,Los Angeles,2021-12-11,1689.73,7.0,14.0,1689.73,241.39000000000001,2,0,2
7874,Customer_7874,42,Male,New York,2021-05-29,731.76,4.0,6.0,731.7600000000001,182.94000000000003,2,1,2
7875,Customer_7875,45,Female,Phoenix,2022-09-20,350.98,5.0,5.0,350.98,70.196,0,1,0
7876,Customer_7876,47,Female,Los Angeles,2021-07-06,316.38,2.0,4.0,316.38,158.19,0,1,0
7877,Customer_7877,38,Male,Chicago,2021-01-20,446.14,3.0,5.0,446.14,148.71333333333334,0,1,0
7878,Customer_7878,33,Male,Chicago,2022-01-08,226.72,3.0,9.0,226.72,75.57333333333334,0,1,0
7879,Customer_7879,27,Female,Chicago,2023-09-06,22.29,1.0,1.0,22.29,22.29,0,1,0
7880,Customer_7880,31,Female,New York,2021-03-08,862.0,4.0,7.0,862.0,215.5,2,1,2
7881,Customer_7881,29,Female,Houston,2023-12-22,292.81,3.0,4.0,292.81,97.60333333333334,0,1,0
7882,Customer_7882,43,Male,Houston,2023-02-25,2242.22,16.0,24.0,2242.22,140.13875,1,0,1
7883,Customer_7883,39,Female,Chicago,2022-09-14,879.08,8.0,14.0,879.08,109.885,2,0,2
7884,Customer_7884,43,Male,Chicago,2021-03-26,517.38,3.0,5.0,517.38,172.46,2,1,2
7885,Customer_7885,22,Female,New York,2021-06-25,726.37,6.0,11.0,726.37,121.06166666666667,2,1,2
7886,Customer_7886,51,Female,New York,2021-12-25,477.33,4.0,8.0,477.33000000000004,119.33250000000001,2,1,2
7887,Customer_7887,30,Male,Los Angeles,2023-04-11,639.57,2.0,5.0,639.5699999999999,319.78499999999997,2,1,2
7888,Customer_7888,23,Male,Los Angeles,2021-10-18,0.0,0.0,0.0,0.0,0.0,0,1,0
7889,Customer_7889,30,Male,Phoenix,2021-05-10,648.68,3.0,6.0,648.6800000000001,216.2266666666667,2,1,2
7890,Customer_7890,62,Female,Houston,2022-04-24,83.99,2.0,3.0,83.99000000000001,41.995000000000005,0,1,0
7891,Customer_7891,31,Male,Chicago,2022-10-10,337.54,2.0,3.0,337.54,168.77,0,1,0
7892,Customer_7892,31,Male,Chicago,2022-06-16,2006.39,11.0,21.0,2006.3899999999999,182.3990909090909,1,0,1
7893,Customer_7893,33,Female,New York,2021-09-21,0.0,0.0,0.0,0.0,0.0,0,1,0
7894,Customer_7894,33,Female,Phoenix,2023-08-17,1906.16,13.0,30.0,1906.16,146.6276923076923,1,0,1
7895,Customer_7895,26,Female,Los Angeles,2022-05-18,856.39,6.0,15.0,856.39,142.73166666666665,2,0,2
7896,Customer_7896,37,Female,New York,2023-06-28,61.5,1.0,1.0,61.5,61.5,0,1,0
7897,Customer_7897,47,Male,Chicago,2022-04-20,1197.56,8.0,12.0,1197.56,149.695,2,0,2
7898,Customer_7898,38,Female,Phoenix,2023-06-07,727.36,8.0,10.0,727.36,90.92,2,1,2
7899,Customer_7899,23,Male,Phoenix,2021-01-18,849.17,5.0,11.0,849.1700000000001,169.834,2,1,2
7900,Customer_7900,31,Male,New York,2023-12-29,427.7,3.0,6.0,427.70000000000005,142.5666666666667,0,1,0
7901,Customer_7901,29,Male,Phoenix,2023-06-27,288.61,3.0,4.0,288.61,96.20333333333333,0,1,0
7902,Customer_7902,36,Male,Los Angeles,2021-05-10,1176.16,5.0,11.0,1176.16,235.23200000000003,2,0,2
7903,Customer_7903,50,Female,New York,2023-07-27,655.74,7.0,8.0,655.74,93.67714285714285,2,1,2
7904,Customer_7904,33,Female,Houston,2023-03-26,0.0,0.0,0.0,0.0,0.0,0,1,0
7905,Customer_7905,34,Female,Phoenix,2021-01-15,1381.6,6.0,12.0,1381.6,230.26666666666665,2,0,2
7906,Customer_7906,55,Male,Chicago,2023-10-04,998.25,6.0,12.0,998.25,166.375,2,0,2
7907,Customer_7907,45,Female,Chicago,2022-12-08,259.54,2.0,4.0,259.53999999999996,129.76999999999998,0,1,0
7908,Customer_7908,41,Male,Houston,2022-12-04,347.22,2.0,4.0,347.22,173.61,0,1,0
7909,Customer_7909,57,Female,Houston,2023-01-16,427.79,4.0,5.0,427.78999999999996,106.94749999999999,0,1,0
7910,Customer_7910,40,Female,Phoenix,2022-03-08,452.85,4.0,5.0,452.85,113.2125,0,1,0
7911,Customer_7911,18,Female,Chicago,2023-12-26,291.32,3.0,5.0,291.32000000000005,97.10666666666668,0,1,0
7912,Customer_7912,44,Male,Phoenix,2021-02-05,297.75,3.0,3.0,297.75,99.25,0,1,0
7913,Customer_7913,18,Male,Phoenix,2023-01-17,33.04,1.0,1.0,33.04,33.04,0,1,0
7914,Customer_7914,40,Female,New York,2021-01-17,257.75,2.0,4.0,257.75,128.875,0,1,0
7915,Customer_7915,18,Female,Houston,2022-05-29,747.68,2.0,5.0,747.68,373.84,2,1,2
7916,Customer_7916,30,Female,Chicago,2021-02-02,196.17,3.0,3.0,196.17,65.39,0,1,0
7917,Customer_7917,31,Male,Los Angeles,2021-12-15,0.0,0.0,0.0,0.0,0.0,0,1,0
7918,Customer_7918,27,Male,Chicago,2022-05-23,117.48,1.0,4.0,117.48,117.48,0,1,0
7919,Customer_7919,31,Female,New York,2022-10-08,814.71,2.0,7.0,814.71,407.355,2,1,2
7920,Customer_7920,46,Male,Chicago,2023-07-28,2187.88,10.0,20.0,2187.88,218.788,1,0,1
7921,Customer_7921,27,Female,Phoenix,2023-05-06,428.92,2.0,5.0,428.91999999999996,214.45999999999998,2,1,2
7922,Customer_7922,41,Male,New York,2022-06-01,356.48,2.0,5.0,356.48,178.24,2,1,2
7923,Customer_7923,24,Female,Los Angeles,2023-03-09,1906.0,12.0,25.0,1906.0,158.83333333333334,1,0,1
7924,Customer_7924,33,Male,Phoenix,2022-04-30,456.27,3.0,5.0,456.27000000000004,152.09,2,1,2
7925,Customer_7925,39,Female,Los Angeles,2022-10-26,0.0,0.0,0.0,0.0,0.0,0,1,0
7926,Customer_7926,24,Male,Los Angeles,2022-03-19,501.32,3.0,6.0,501.32000000000005,167.10666666666668,2,1,2
7927,Customer_7927,21,Male,Los Angeles,2022-01-13,621.34,2.0,8.0,621.34,310.67,2,1,2
7928,Customer_7928,40,Male,Chicago,2023-10-11,331.16,4.0,7.0,331.15999999999997,82.78999999999999,0,1,0
7929,Customer_7929,47,Male,Chicago,2023-08-21,97.28,1.0,2.0,97.28,97.28,0,1,0
7930,Customer_7930,34,Male,Houston,2022-07-27,866.16,2.0,5.0,866.1600000000001,433.08000000000004,2,1,2
7931,Customer_7931,30,Female,Los Angeles,2021-12-24,153.52,1.0,2.0,153.52,153.52,0,1,0
7932,Customer_7932,37,Female,Houston,2022-06-22,947.46,5.0,12.0,947.46,189.49200000000002,2,0,2
7933,Customer_7933,36,Female,Chicago,2022-09-13,1533.28,7.0,14.0,1533.28,219.04,2,0,2
7934,Customer_7934,38,Male,Los Angeles,2023-03-17,232.52,2.0,4.0,232.52,116.26,0,1,0
7935,Customer_7935,18,Female,Chicago,2023-12-02,969.45,3.0,6.0,969.45,323.15000000000003,2,1,2
7936,Customer_7936,23,Male,Houston,2023-03-27,232.64,3.0,4.0,232.64,77.54666666666667,0,1,0
7937,Customer_7937,26,Male,Chicago,2021-01-13,1183.59,6.0,11.0,1183.59,197.265,2,0,2
7938,Customer_7938,37,Female,New York,2023-04-04,1964.26,6.0,18.0,1964.26,327.37666666666667,1,0,1
7939,Customer_7939,37,Female,New York,2022-05-04,663.02,5.0,7.0,663.02,132.60399999999998,2,1,2
7940,Customer_7940,42,Female,Los Angeles,2023-12-23,2025.6,9.0,24.0,2025.6,225.06666666666666,1,0,1
7941,Customer_7941,38,Female,Los Angeles,2022-07-09,1062.59,8.0,19.0,1062.59,132.82375,1,0,1
7942,Customer_7942,21,Female,Houston,2023-01-15,0.0,0.0,0.0,0.0,0.0,0,1,0
7943,Customer_7943,51,Female,New York,2021-03-16,879.04,5.0,10.0,879.04,175.808,2,1,2
7944,Customer_7944,49,Male,Houston,2023-02-04,464.76,3.0,4.0,464.76,154.92,0,1,0
7945,Customer_7945,21,Male,Los Angeles,2023-04-05,41.3,1.0,1.0,41.3,41.3,0,1,0
7946,Customer_7946,39,Female,Los Angeles,2021-07-26,1098.72,6.0,14.0,1098.72,183.12,2,0,2
7947,Customer_7947,28,Female,Chicago,2022-11-24,1453.25,6.0,12.0,1453.25,242.20833333333334,2,0,2
7948,Customer_7948,37,Female,New York,2022-11-07,111.32,2.0,2.0,111.32,55.66,0,1,0
7949,Customer_7949,47,Male,Phoenix,2022-07-29,24.22,1.0,1.0,24.22,24.22,0,1,0
7950,Customer_7950,58,Male,New York,2023-06-13,407.01,3.0,4.0,407.01,135.67,0,1,0
7951,Customer_7951,43,Female,Los Angeles,2021-05-05,338.41,5.0,8.0,338.40999999999997,67.68199999999999,0,1,0
7952,Customer_7952,38,Female,Houston,2021-09-14,69.43,1.0,1.0,69.43,69.43,0,1,0
7953,Customer_7953,31,Male,Chicago,2023-01-07,540.98,5.0,11.0,540.98,108.196,2,1,2
7954,Customer_7954,37,Male,Los Angeles,2021-10-15,581.63,3.0,5.0,581.63,193.87666666666667,2,1,2
7955,Customer_7955,50,Female,Los Angeles,2022-09-30,1802.54,10.0,23.0,1802.54,180.254,1,0,1
7956,Customer_7956,35,Male,Houston,2023-02-06,2182.55,10.0,20.0,2182.55,218.25500000000002,1,0,1
7957,Customer_7957,25,Female,Phoenix,2022-05-27,2324.38,13.0,26.0,2324.38,178.79846153846154,1,0,1
7958,Customer_7958,18,Female,Phoenix,2022-07-27,591.6,4.0,11.0,591.6,147.9,2,1,2
7959,Customer_7959,41,Male,Los Angeles,2022-01-03,547.37,2.0,5.0,547.37,273.685,2,1,2
7960,Customer_7960,38,Male,Phoenix,2021-10-12,519.25,1.0,5.0,519.25,519.25,2,1,2
7961,Customer_7961,28,Female,New York,2021-03-04,0.0,0.0,0.0,0.0,0.0,0,1,0
7962,Customer_7962,46,Male,New York,2022-10-08,0.0,0.0,0.0,0.0,0.0,0,1,0
7963,Customer_7963,30,Female,Houston,2023-01-21,748.97,7.0,13.0,748.97,106.99571428571429,2,0,2
7964,Customer_7964,34,Male,New York,2023-02-03,1391.14,5.0,12.0,1391.1399999999999,278.22799999999995,2,0,2
7965,Customer_7965,35,Female,New York,2021-12-27,757.6,3.0,8.0,757.5999999999999,252.5333333333333,2,1,2
7966,Customer_7966,31,Male,New York,2022-01-06,581.64,5.0,8.0,581.64,116.328,2,1,2
7967,Customer_7967,38,Male,Los Angeles,2023-11-11,1290.25,10.0,14.0,1290.25,129.025,1,0,1
7968,Customer_7968,48,Female,Houston,2023-07-30,1109.95,6.0,13.0,1109.95,184.99166666666667,2,0,2
7969,Customer_7969,22,Male,Chicago,2023-07-30,1800.69,12.0,22.0,1800.69,150.0575,1,0,1
7970,Customer_7970,40,Male,New York,2023-05-05,679.73,5.0,8.0,679.73,135.946,2,1,2
7971,Customer_7971,37,Male,Chicago,2023-03-14,2429.58,10.0,26.0,2429.58,242.958,1,0,1
7972,Customer_7972,37,Female,Phoenix,2021-02-15,1091.51,6.0,13.0,1091.51,181.91833333333332,2,0,2
7973,Customer_7973,45,Male,Houston,2021-07-13,337.24,3.0,5.0,337.24,112.41333333333334,0,1,0
7974,Customer_7974,36,Male,Los Angeles,2023-12-17,2766.03,13.0,29.0,2766.0299999999997,212.77153846153846,1,0,1
7975,Customer_7975,40,Female,Phoenix,2021-11-29,182.28,2.0,6.0,182.28,91.14,0,1,0
7976,Customer_7976,43,Male,Houston,2023-01-17,196.95,2.0,2.0,196.95,98.475,0,1,0
7977,Customer_7977,29,Female,New York,2023-05-16,1172.2,9.0,19.0,1172.2,130.24444444444444,1,0,1
7978,Customer_7978,38,Female,New York,2023-11-06,1906.02,7.0,14.0,1906.02,272.2885714285714,1,0,1
7979,Customer_7979,32,Male,New York,2022-10-07,331.2,4.0,5.0,331.2,82.8,0,1,0
7980,Customer_7980,34,Male,Houston,2023-01-14,264.98,3.0,5.0,264.98,88.32666666666667,0,1,0
7981,Customer_7981,31,Male,New York,2021-05-30,931.24,10.0,13.0,931.24,93.124,2,0,2
7982,Customer_7982,40,Female,Chicago,2023-10-03,507.5,5.0,10.0,507.5,101.5,2,1,2
7983,Customer_7983,36,Male,New York,2023-03-13,321.39,3.0,7.0,321.39,107.13,0,1,0
7984,Customer_7984,39,Female,Phoenix,2023-06-01,441.17,4.0,6.0,441.16999999999996,110.29249999999999,0,1,0
7985,Customer_7985,35,Female,Los Angeles,2023-04-06,108.88,1.0,1.0,108.88,108.88,0,1,0
7986,Customer_7986,18,Female,Phoenix,2022-01-26,337.34,2.0,4.0,337.34,168.67,0,1,0
7987,Customer_7987,35,Male,Phoenix,2021-10-08,91.5,1.0,3.0,91.5,91.5,0,1,0
7988,Customer_7988,36,Male,New York,2022-06-23,1453.91,9.0,13.0,1453.91,161.54555555555555,1,0,1
7989,Customer_7989,38,Male,Los Angeles,2021-12-08,837.4,6.0,11.0,837.4,139.56666666666666,2,1,2
7990,Customer_7990,28,Male,New York,2022-11-05,730.11,6.0,16.0,730.11,121.685,2,0,2
7991,Customer_7991,22,Female,Phoenix,2023-10-16,1930.66,15.0,25.0,1930.66,128.71066666666667,1,0,1
7992,Customer_7992,42,Male,Chicago,2021-04-03,135.06,1.0,3.0,135.06,135.06,0,1,0
7993,Customer_7993,32,Female,New York,2023-10-17,487.81,4.0,8.0,487.81,121.9525,2,1,2
7994,Customer_7994,37,Female,New York,2021-04-25,1464.0,4.0,12.0,1464.0,366.0,2,0,2
7995,Customer_7995,32,Female,Los Angeles,2021-04-23,1029.05,7.0,14.0,1029.05,147.00714285714284,2,0,2
7996,Customer_7996,35,Male,Phoenix,2023-12-20,122.2,1.0,1.0,122.2,122.2,0,1,0
7997,Customer_7997,30,Female,Houston,2021-08-25,247.31,5.0,7.0,247.31,49.462,0,1,0
7998,Customer_7998,24,Male,Phoenix,2022-09-30,826.28,5.0,10.0,826.28,165.256,2,1,2
7999,Customer_7999,40,Female,Los Angeles,2023-12-05,890.25,4.0,9.0,890.25,222.5625,2,1,2
8000,Customer_8000,28,Female,New York,2022-12-25,292.38,1.0,2.0,292.38,292.38,2,1,2
8001,Customer_8001,37,Male,Phoenix,2022-05-14,225.75,1.0,5.0,225.75,225.75,2,1,2
8002,Customer_8002,40,Female,New York,2022-03-25,470.92,3.0,6.0,470.91999999999996,156.97333333333333,2,1,2
8003,Customer_8003,29,Male,Phoenix,2021-07-14,251.4,2.0,6.0,251.4,125.7,0,1,0
8004,Customer_8004,22,Male,Los Angeles,2022-07-29,836.49,9.0,21.0,836.49,92.94333333333333,1,0,1
8005,Customer_8005,62,Female,New York,2022-08-05,870.66,6.0,13.0,870.6600000000001,145.11,2,0,2
8006,Customer_8006,29,Male,Houston,2021-11-06,67.25,1.0,1.0,67.25,67.25,0,1,0
8007,Customer_8007,42,Female,Phoenix,2022-08-14,0.0,0.0,0.0,0.0,0.0,0,1,0
8008,Customer_8008,56,Female,Phoenix,2022-07-02,634.53,7.0,10.0,634.53,90.64714285714285,2,1,2
8009,Customer_8009,44,Male,New York,2022-01-24,810.98,7.0,10.0,810.98,115.85428571428572,2,1,2
8010,Customer_8010,32,Female,New York,2023-03-11,95.59,1.0,1.0,95.59,95.59,0,1,0
8011,Customer_8011,34,Male,Chicago,2022-10-23,1364.76,6.0,14.0,1364.76,227.46,2,0,2
8012,Customer_8012,26,Male,Chicago,2023-02-24,1944.47,6.0,17.0,1944.47,324.0783333333333,1,0,1
8013,Customer_8013,45,Male,Houston,2022-06-18,3094.33,19.0,30.0,3094.33,162.8594736842105,1,0,1
8014,Customer_8014,41,Female,New York,2021-10-24,605.69,5.0,9.0,605.69,121.138,2,1,2
8015,Customer_8015,29,Female,Phoenix,2023-04-07,511.81,3.0,10.0,511.81,170.60333333333332,2,1,2
8016,Customer_8016,24,Male,Chicago,2022-12-28,1176.27,7.0,15.0,1176.27,168.03857142857143,2,0,2
8017,Customer_8017,20,Female,Houston,2021-11-27,242.03,3.0,3.0,242.02999999999997,80.67666666666666,0,1,0
8018,Customer_8018,46,Male,Chicago,2022-09-26,603.83,5.0,11.0,603.83,120.766,2,1,2
8019,Customer_8019,36,Male,Los Angeles,2023-05-05,1984.21,12.0,25.0,1984.21,165.35083333333333,1,0,1
8020,Customer_8020,37,Female,Phoenix,2023-12-15,85.05,2.0,2.0,85.05,42.525,0,1,0
8021,Customer_8021,26,Female,Chicago,2023-02-11,1349.93,7.0,16.0,1349.9299999999998,192.84714285714284,2,0,2
8022,Customer_8022,19,Male,Phoenix,2023-05-25,125.0,1.0,1.0,125.0,125.0,0,1,0
8023,Customer_8023,46,Male,Phoenix,2023-01-12,1530.86,6.0,14.0,1530.86,255.14333333333332,2,0,2
8024,Customer_8024,35,Female,Houston,2022-09-30,213.01,3.0,3.0,213.01,71.00333333333333,0,1,0
8025,Customer_8025,45,Female,Chicago,2022-03-18,139.64,1.0,2.0,139.64,139.64,0,1,0
8026,Customer_8026,31,Female,New York,2023-06-12,210.12,1.0,3.0,210.12,210.12,0,1,0
8027,Customer_8027,32,Male,New York,2021-05-26,112.4,1.0,4.0,112.4,112.4,0,1,0
8028,Customer_8028,43,Female,New York,2022-01-26,71.48,1.0,1.0,71.48,71.48,0,1,0
8029,Customer_8029,43,Male,New York,2022-01-08,1010.03,9.0,17.0,1010.03,112.22555555555556,1,0,1
8030,Customer_8030,44,Female,Los Angeles,2023-12-05,605.63,5.0,7.0,605.63,121.126,2,1,2
8031,Customer_8031,32,Male,Los Angeles,2021-09-19,220.98,1.0,3.0,220.98,220.98,2,1,2
8032,Customer_8032,42,Female,Los Angeles,2023-07-20,725.21,4.0,12.0,725.21,181.3025,2,1,2
8033,Customer_8033,47,Male,Los Angeles,2023-01-16,806.55,4.0,7.0,806.5500000000001,201.63750000000002,2,1,2
8034,Customer_8034,34,Female,New York,2022-07-19,102.46,1.0,1.0,102.46,102.46,0,1,0
8035,Customer_8035,29,Male,New York,2022-05-31,225.15,3.0,5.0,225.15,75.05,0,1,0
8036,Customer_8036,50,Female,Houston,2022-11-16,587.64,3.0,5.0,587.64,195.88,2,1,2
8037,Customer_8037,28,Male,Chicago,2022-05-01,0.0,0.0,0.0,0.0,0.0,0,1,0
8038,Customer_8038,42,Male,Los Angeles,2023-04-14,1736.19,10.0,26.0,1736.19,173.619,1,0,1
8039,Customer_8039,34,Female,Chicago,2022-04-11,2329.71,14.0,27.0,2329.71,166.40785714285715,1,0,1
8040,Customer_8040,18,Male,Houston,2022-04-11,0.0,0.0,0.0,0.0,0.0,0,1,0
8041,Customer_8041,47,Male,Los Angeles,2021-01-22,1027.67,8.0,17.0,1027.67,128.45875,2,0,2
8042,Customer_8042,18,Female,Chicago,2022-01-31,661.37,8.0,19.0,661.37,82.67125,2,0,2
8043,Customer_8043,18,Female,Phoenix,2021-05-25,1006.72,6.0,15.0,1006.72,167.78666666666666,2,0,2
8044,Customer_8044,41,Female,Houston,2022-02-24,188.4,1.0,2.0,188.4,188.4,0,1,0
8045,Customer_8045,41,Male,Los Angeles,2021-11-01,111.06,3.0,3.0,111.06,37.02,0,1,0
8046,Customer_8046,28,Male,Chicago,2023-09-28,1025.43,3.0,9.0,1025.43,341.81,2,1,2
8047,Customer_8047,37,Female,New York,2021-02-13,792.88,8.0,11.0,792.88,99.11,2,0,2
8048,Customer_8048,18,Female,Chicago,2021-04-17,0.0,0.0,0.0,0.0,0.0,0,1,0
8049,Customer_8049,43,Male,Phoenix,2021-05-30,288.68,1.0,2.0,288.68,288.68,2,1,2
8050,Customer_8050,38,Male,Chicago,2021-04-20,462.84,2.0,3.0,462.84,231.42,2,1,2
8051,Customer_8051,34,Female,Phoenix,2023-11-08,306.25,2.0,4.0,306.25,153.125,0,1,0
8052,Customer_8052,35,Male,Los Angeles,2023-01-20,0.0,0.0,0.0,0.0,0.0,0,1,0
8053,Customer_8053,40,Male,Phoenix,2021-08-27,211.97,4.0,5.0,211.97,52.9925,0,1,0
8054,Customer_8054,35,Female,Chicago,2022-12-25,314.15,3.0,4.0,314.15,104.71666666666665,0,1,0
8055,Customer_8055,18,Male,New York,2023-01-13,1484.98,10.0,18.0,1484.98,148.498,1,0,1
8056,Customer_8056,59,Female,Chicago,2021-11-24,703.65,8.0,11.0,703.65,87.95625,2,0,2
8057,Customer_8057,48,Female,Los Angeles,2023-05-12,1756.17,10.0,22.0,1756.17,175.61700000000002,1,0,1
8058,Customer_8058,21,Female,New York,2022-04-06,17.36,1.0,1.0,17.36,17.36,0,1,0
8059,Customer_8059,31,Male,Houston,2023-01-14,1275.45,4.0,11.0,1275.45,318.8625,2,0,2
8060,Customer_8060,32,Male,Los Angeles,2021-12-29,87.68,1.0,1.0,87.68,87.68,0,1,0
8061,Customer_8061,47,Female,Houston,2023-06-17,485.12,5.0,8.0,485.12,97.024,2,1,2
8062,Customer_8062,18,Female,Los Angeles,2022-03-19,1749.26,12.0,22.0,1749.26,145.77166666666668,1,0,1
8063,Customer_8063,30,Female,New York,2023-06-05,704.26,6.0,12.0,704.26,117.37666666666667,2,1,2
8064,Customer_8064,18,Male,Phoenix,2023-09-11,1355.63,7.0,13.0,1355.6299999999999,193.66142857142856,2,0,2
8065,Customer_8065,32,Female,Los Angeles,2021-09-18,179.55,1.0,1.0,179.55,179.55,0,1,0
8066,Customer_8066,30,Male,Chicago,2021-10-07,1017.36,7.0,15.0,1017.36,145.33714285714285,2,0,2
8067,Customer_8067,36,Female,Chicago,2023-07-15,627.29,4.0,8.0,627.29,156.8225,2,1,2
8068,Customer_8068,28,Female,Chicago,2023-08-04,1074.78,8.0,20.0,1074.78,134.3475,1,0,1
8069,Customer_8069,27,Female,Phoenix,2021-06-01,610.16,1.0,4.0,610.16,610.16,2,1,2
8070,Customer_8070,42,Female,Houston,2023-03-05,810.64,7.0,12.0,810.64,115.80571428571429,2,0,2
8071,Customer_8071,40,Male,Los Angeles,2023-11-02,59.37,1.0,3.0,59.37,59.37,0,1,0
8072,Customer_8072,41,Female,Phoenix,2021-01-14,487.5,4.0,6.0,487.5,121.875,2,1,2
8073,Customer_8073,33,Female,New York,2023-08-09,562.24,4.0,8.0,562.24,140.56,2,1,2
8074,Customer_8074,29,Female,Chicago,2023-05-17,1763.24,13.0,23.0,1763.24,135.63384615384615,1,0,1
8075,Customer_8075,34,Female,Phoenix,2022-03-21,60.74,1.0,1.0,60.74,60.74,0,1,0
8076,Customer_8076,41,Female,Chicago,2023-03-10,66.63,2.0,4.0,66.63,33.315,0,1,0
8077,Customer_8077,18,Female,Houston,2023-01-02,517.14,6.0,8.0,517.14,86.19,2,1,2
8078,Customer_8078,39,Male,Chicago,2021-08-26,1183.54,5.0,10.0,1183.54,236.708,2,0,2
8079,Customer_8079,38,Male,Houston,2022-06-23,0.0,0.0,0.0,0.0,0.0,0,1,0
8080,Customer_8080,36,Female,Phoenix,2023-02-08,1778.64,6.0,19.0,1778.64,296.44,1,0,1
8081,Customer_8081,33,Female,Los Angeles,2023-03-20,315.33,3.0,4.0,315.33000000000004,105.11000000000001,0,1,0
8082,Customer_8082,18,Male,New York,2023-02-01,1629.0,15.0,28.0,1629.0,108.6,1,0,1
8083,Customer_8083,30,Female,Chicago,2021-03-15,82.61,2.0,4.0,82.61,41.305,0,1,0
8084,Customer_8084,55,Female,Houston,2021-10-23,784.7,4.0,9.0,784.7,196.175,2,1,2
8085,Customer_8085,35,Female,New York,2021-01-14,1483.04,6.0,14.0,1483.04,247.17333333333332,2,0,2
8086,Customer_8086,32,Female,New York,2022-09-04,243.08,2.0,4.0,243.07999999999998,121.53999999999999,0,1,0
8087,Customer_8087,35,Male,Los Angeles,2022-01-30,0.0,0.0,0.0,0.0,0.0,0,1,0
8088,Customer_8088,39,Female,Phoenix,2021-07-10,1556.35,7.0,16.0,1556.35,222.33571428571426,1,0,1
8089,Customer_8089,42,Male,Houston,2023-03-28,403.12,5.0,6.0,403.12,80.624,0,1,0
8090,Customer_8090,32,Female,Los Angeles,2021-04-16,401.27,4.0,6.0,401.27,100.3175,0,1,0
8091,Customer_8091,40,Female,New York,2021-01-07,790.11,6.0,13.0,790.11,131.685,2,0,2
8092,Customer_8092,53,Male,Los Angeles,2023-02-04,505.85,2.0,3.0,505.85,252.925,2,1,2
8093,Customer_8093,46,Female,New York,2022-10-14,1329.49,5.0,10.0,1329.49,265.898,2,0,2
8094,Customer_8094,61,Male,New York,2022-04-30,315.3,1.0,5.0,315.3,315.3,2,1,2
8095,Customer_8095,28,Female,Phoenix,2023-07-21,325.54,3.0,6.0,325.54,108.51333333333334,0,1,0
8096,Customer_8096,53,Male,Phoenix,2022-05-21,41.49,1.0,1.0,41.49,41.49,0,1,0
8097,Customer_8097,26,Female,New York,2022-06-03,39.36,1.0,1.0,39.36,39.36,0,1,0
8098,Customer_8098,39,Male,New York,2023-03-13,976.92,6.0,9.0,976.92,162.82,2,1,2
8099,Customer_8099,43,Female,Los Angeles,2022-03-25,886.82,10.0,13.0,886.8199999999999,88.68199999999999,2,0,2
8100,Customer_8100,29,Male,Los Angeles,2021-10-12,0.0,0.0,0.0,0.0,0.0,0,1,0
8101,Customer_8101,36,Female,New York,2021-03-15,0.0,0.0,0.0,0.0,0.0,0,1,0
8102,Customer_8102,45,Male,Los Angeles,2021-02-14,588.32,4.0,12.0,588.32,147.08,2,1,2
8103,Customer_8103,27,Female,New York,2023-01-15,2061.52,11.0,21.0,2061.52,187.4109090909091,1,0,1
8104,Customer_8104,53,Male,Houston,2022-11-07,1476.21,6.0,22.0,1476.21,246.035,1,0,1
8105,Customer_8105,20,Female,Houston,2022-07-29,0.0,0.0,0.0,0.0,0.0,0,1,0
8106,Customer_8106,56,Female,Chicago,2021-04-03,233.73,3.0,5.0,233.73,77.91,0,1,0
8107,Customer_8107,46,Female,Los Angeles,2021-11-18,409.42,2.0,4.0,409.42,204.71,2,1,2
8108,Customer_8108,34,Female,Phoenix,2022-04-11,961.92,6.0,11.0,961.9200000000001,160.32000000000002,2,0,2
8109,Customer_8109,31,Female,Phoenix,2022-08-27,2046.01,12.0,26.0,2046.0100000000002,170.50083333333336,1,0,1
8110,Customer_8110,29,Male,New York,2023-06-04,1874.35,11.0,23.0,1874.3500000000001,170.39545454545456,1,0,1
8111,Customer_8111,34,Male,New York,2023-10-04,398.3,3.0,4.0,398.3,132.76666666666668,0,1,0
8112,Customer_8112,34,Female,Chicago,2022-07-08,2102.5,11.0,21.0,2102.5,191.13636363636363,1,0,1
8113,Customer_8113,49,Male,New York,2023-01-23,647.95,3.0,10.0,647.95,215.98333333333335,2,1,2
8114,Customer_8114,57,Male,Los Angeles,2021-11-23,2067.55,13.0,25.0,2067.5499999999997,159.04230769230767,1,0,1
8115,Customer_8115,37,Female,Chicago,2022-12-29,105.38,3.0,3.0,105.38,35.126666666666665,0,1,0
8116,Customer_8116,26,Male,Chicago,2022-08-14,625.29,3.0,7.0,625.29,208.42999999999998,2,1,2
8117,Customer_8117,29,Male,Los Angeles,2023-05-01,285.12,1.0,3.0,285.12,285.12,2,1,2
8118,Customer_8118,33,Male,Chicago,2022-03-16,499.64,5.0,6.0,499.64,99.928,0,1,0
8119,Customer_8119,24,Female,Phoenix,2022-12-15,130.76,1.0,2.0,130.76,130.76,0,1,0
8120,Customer_8120,22,Male,New York,2022-03-08,504.85,3.0,5.0,504.85,168.28333333333333,2,1,2
8121,Customer_8121,58,Female,Chicago,2023-08-06,535.8,6.0,8.0,535.8,89.3,2,1,2
8122,Customer_8122,38,Female,New York,2021-11-24,666.28,6.0,12.0,666.28,111.04666666666667,2,1,2
8123,Customer_8123,26,Female,New York,2023-05-11,2354.31,11.0,23.0,2354.31,214.02818181818182,1,0,1
8124,Customer_8124,44,Male,Chicago,2021-08-17,672.19,5.0,10.0,672.19,134.43800000000002,2,1,2
8125,Customer_8125,22,Male,New York,2023-01-14,0.0,0.0,0.0,0.0,0.0,0,1,0
8126,Customer_8126,23,Male,New York,2023-09-29,288.35,3.0,7.0,288.35,96.11666666666667,0,1,0
8127,Customer_8127,26,Female,New York,2023-03-22,144.84,1.0,2.0,144.84,144.84,0,1,0
8128,Customer_8128,53,Female,Chicago,2021-06-23,939.76,5.0,10.0,939.76,187.952,2,1,2
8129,Customer_8129,32,Female,Houston,2022-05-28,930.56,8.0,12.0,930.56,116.32,2,0,2
8130,Customer_8130,18,Female,New York,2021-05-09,792.26,5.0,17.0,792.26,158.452,2,0,2
8131,Customer_8131,48,Female,Chicago,2022-01-09,1765.61,9.0,22.0,1765.61,196.17888888888888,1,0,1
8132,Customer_8132,32,Male,New York,2021-08-24,293.53,2.0,5.0,293.53,146.765,0,1,0
8133,Customer_8133,18,Male,Chicago,2023-01-12,0.0,0.0,0.0,0.0,0.0,0,1,0
8134,Customer_8134,32,Female,Los Angeles,2021-07-09,1435.61,11.0,18.0,1435.61,130.51,1,0,1
8135,Customer_8135,41,Female,Chicago,2021-06-17,1383.4,4.0,12.0,1383.4,345.85,2,0,2
8136,Customer_8136,39,Female,Phoenix,2021-10-18,796.95,7.0,10.0,796.95,113.85000000000001,2,1,2
8137,Customer_8137,55,Female,Phoenix,2021-05-19,1950.07,12.0,22.0,1950.07,162.50583333333333,1,0,1
8138,Customer_8138,26,Male,New York,2022-07-22,1020.66,6.0,11.0,1020.66,170.10999999999999,2,0,2
8139,Customer_8139,36,Male,Phoenix,2023-12-11,1580.84,12.0,21.0,1580.84,131.73666666666665,1,0,1
8140,Customer_8140,27,Male,New York,2023-09-18,0.0,0.0,0.0,0.0,0.0,0,1,0
8141,Customer_8141,18,Female,Phoenix,2021-10-25,352.43,2.0,3.0,352.43,176.215,0,1,0
8142,Customer_8142,45,Female,Los Angeles,2021-09-13,382.54,4.0,5.0,382.54,95.635,0,1,0
8143,Customer_8143,40,Female,Los Angeles,2021-11-05,683.08,3.0,7.0,683.08,227.69333333333336,2,1,2
8144,Customer_8144,38,Male,New York,2021-04-01,464.72,3.0,6.0,464.71999999999997,154.90666666666667,2,1,2
8145,Customer_8145,40,Male,New York,2021-05-29,1954.83,13.0,21.0,1954.83,150.37153846153845,1,0,1
8146,Customer_8146,27,Female,Houston,2023-11-20,490.94,3.0,5.0,490.94,163.64666666666668,2,1,2
8147,Customer_8147,24,Female,Phoenix,2022-04-07,1213.51,7.0,12.0,1213.51,173.35857142857142,2,0,2
8148,Customer_8148,35,Female,Chicago,2022-09-27,1582.39,11.0,23.0,1582.3899999999999,143.85363636363635,1,0,1
8149,Customer_8149,48,Male,Houston,2022-09-29,1145.4,7.0,14.0,1145.4,163.62857142857143,2,0,2
8150,Customer_8150,53,Male,Houston,2022-10-08,159.9,1.0,1.0,159.9,159.9,0,1,0
8151,Customer_8151,44,Male,Los Angeles,2022-06-02,577.26,3.0,6.0,577.26,192.42,2,1,2
8152,Customer_8152,35,Male,New York,2021-07-09,0.0,0.0,0.0,0.0,0.0,0,1,0
8153,Customer_8153,38,Female,New York,2021-03-20,537.09,6.0,9.0,537.09,89.515,2,1,2
8154,Customer_8154,35,Female,Los Angeles,2023-03-27,1759.76,13.0,19.0,1759.76,135.36615384615385,1,0,1
8155,Customer_8155,24,Female,New York,2021-03-13,652.77,3.0,9.0,652.77,217.59,2,1,2
8156,Customer_8156,35,Female,New York,2021-02-12,0.0,0.0,0.0,0.0,0.0,0,1,0
8157,Customer_8157,20,Male,New York,2023-03-14,536.67,4.0,6.0,536.6700000000001,134.16750000000002,2,1,2
8158,Customer_8158,34,Male,New York,2021-12-23,0.0,0.0,0.0,0.0,0.0,0,1,0
8159,Customer_8159,53,Female,Phoenix,2021-01-08,150.23,2.0,4.0,150.23000000000002,75.11500000000001,0,1,0
8160,Customer_8160,44,Male,New York,2022-03-13,360.56,3.0,4.0,360.56,120.18666666666667,0,1,0
8161,Customer_8161,25,Female,Chicago,2021-03-21,525.1,4.0,5.0,525.1,131.275,2,1,2
8162,Customer_8162,34,Female,Chicago,2022-11-20,99.1,2.0,2.0,99.1,49.55,0,1,0
8163,Customer_8163,26,Female,Chicago,2022-07-30,2148.05,12.0,25.0,2148.05,179.0041666666667,1,0,1
8164,Customer_8164,34,Female,New York,2023-06-19,970.62,6.0,11.0,970.62,161.77,2,0,2
8165,Customer_8165,46,Female,Los Angeles,2021-10-15,945.81,7.0,11.0,945.81,135.1157142857143,2,0,2
8166,Customer_8166,42,Female,New York,2023-08-21,156.29,3.0,4.0,156.29,52.096666666666664,0,1,0
8167,Customer_8167,62,Female,Los Angeles,2022-12-21,37.02,2.0,2.0,37.02,18.51,0,1,0
8168,Customer_8168,48,Male,New York,2023-08-14,376.44,4.0,8.0,376.44,94.11,0,1,0
8169,Customer_8169,37,Female,Chicago,2021-08-14,24.79,1.0,1.0,24.79,24.79,0,1,0
8170,Customer_8170,42,Female,Houston,2021-10-05,366.66,2.0,3.0,366.66,183.33,0,1,0
8171,Customer_8171,33,Female,Chicago,2023-06-14,772.53,3.0,7.0,772.53,257.51,2,1,2
8172,Customer_8172,23,Male,Los Angeles,2023-03-03,627.12,3.0,6.0,627.1199999999999,209.03999999999996,2,1,2
8173,Customer_8173,49,Female,Los Angeles,2023-10-24,1491.06,10.0,17.0,1491.0600000000002,149.10600000000002,1,0,1
8174,Customer_8174,46,Male,Houston,2022-06-29,979.08,10.0,15.0,979.0799999999999,97.90799999999999,1,0,1
8175,Customer_8175,32,Female,New York,2022-04-23,260.48,1.0,2.0,260.48,260.48,2,1,2
8176,Customer_8176,38,Male,Houston,2023-11-20,0.0,0.0,0.0,0.0,0.0,0,1,0
8177,Customer_8177,49,Male,Houston,2022-02-23,266.99,4.0,4.0,266.99,66.7475,0,1,0
8178,Customer_8178,44,Female,Los Angeles,2023-11-18,211.8,1.0,5.0,211.8,211.8,2,1,2
8179,Customer_8179,19,Female,Los Angeles,2022-09-01,0.0,0.0,0.0,0.0,0.0,0,1,0
8180,Customer_8180,38,Female,Chicago,2021-03-28,646.58,6.0,9.0,646.5799999999999,107.76333333333332,2,1,2
8181,Customer_8181,33,Male,New York,2023-11-16,366.82,4.0,4.0,366.82,91.705,0,1,0
8182,Customer_8182,47,Female,New York,2021-04-30,117.4,1.0,1.0,117.4,117.4,0,1,0
8183,Customer_8183,46,Female,New York,2022-12-14,0.0,0.0,0.0,0.0,0.0,0,1,0
8184,Customer_8184,50,Male,New York,2022-01-27,438.02,2.0,4.0,438.02,219.01,2,1,2
8185,Customer_8185,23,Female,Chicago,2021-12-19,490.96,3.0,4.0,490.96000000000004,163.65333333333334,2,1,2
8186,Customer_8186,26,Male,Houston,2021-01-15,417.96,3.0,5.0,417.96,139.32,0,1,0
8187,Customer_8187,47,Male,New York,2021-11-01,0.0,0.0,0.0,0.0,0.0,0,1,0
8188,Customer_8188,28,Female,Phoenix,2022-09-15,266.3,3.0,6.0,266.3,88.76666666666667,0,1,0
8189,Customer_8189,18,Female,Phoenix,2022-06-04,0.0,0.0,0.0,0.0,0.0,0,1,0
8190,Customer_8190,41,Female,Phoenix,2023-05-03,764.6,6.0,10.0,764.6,127.43333333333334,2,1,2
8191,Customer_8191,29,Male,Houston,2022-10-02,2236.99,12.0,24.0,2236.9900000000002,186.41583333333335,1,0,1
8192,Customer_8192,55,Male,Los Angeles,2022-01-22,614.88,4.0,7.0,614.8799999999999,153.71999999999997,2,1,2
8193,Customer_8193,38,Male,New York,2023-06-24,668.08,8.0,10.0,668.0799999999999,83.50999999999999,2,1,2
8194,Customer_8194,37,Male,Chicago,2021-01-14,17.31,1.0,1.0,17.31,17.31,0,1,0
8195,Customer_8195,31,Male,Chicago,2021-04-01,712.43,3.0,5.0,712.43,237.47666666666666,2,1,2
8196,Customer_8196,52,Female,Houston,2021-01-04,296.1,2.0,5.0,296.09999999999997,148.04999999999998,0,1,0
8197,Customer_8197,39,Female,Phoenix,2023-10-19,509.36,4.0,8.0,509.36,127.34,2,1,2
8198,Customer_8198,31,Male,Chicago,2023-03-07,55.68,1.0,1.0,55.68,55.68,0,1,0
8199,Customer_8199,26,Female,Los Angeles,2021-08-04,1400.84,10.0,20.0,1400.84,140.084,1,0,1
8200,Customer_8200,34,Female,New York,2022-12-05,392.12,3.0,3.0,392.12,130.70666666666668,0,1,0
8201,Customer_8201,24,Male,New York,2023-01-01,263.42,3.0,3.0,263.42,87.80666666666667,0,1,0
8202,Customer_8202,46,Female,Chicago,2021-01-17,517.5,2.0,5.0,517.5,258.75,2,1,2
8203,Customer_8203,18,Male,Chicago,2022-05-10,353.52,3.0,3.0,353.52,117.83999999999999,0,1,0
8204,Customer_8204,33,Male,Houston,2022-03-20,961.31,7.0,14.0,961.3100000000001,137.33,2,0,2
8205,Customer_8205,42,Female,Chicago,2023-02-18,1243.46,9.0,13.0,1243.46,138.16222222222223,2,0,2
8206,Customer_8206,39,Male,Phoenix,2021-06-15,557.59,3.0,5.0,557.59,185.86333333333334,2,1,2
8207,Customer_8207,27,Female,Chicago,2021-12-23,0.0,0.0,0.0,0.0,0.0,0,1,0
8208,Customer_8208,42,Female,Houston,2021-08-22,845.77,4.0,8.0,845.7700000000001,211.44250000000002,2,1,2
8209,Customer_8209,25,Female,New York,2021-06-24,390.17,2.0,5.0,390.16999999999996,195.08499999999998,2,1,2
8210,Customer_8210,35,Female,Phoenix,2022-11-28,112.9,1.0,1.0,112.9,112.9,0,1,0
8211,Customer_8211,42,Female,Houston,2021-08-26,1882.14,8.0,19.0,1882.1399999999999,235.26749999999998,1,0,1
8212,Customer_8212,40,Female,New York,2023-09-15,574.44,2.0,5.0,574.44,287.22,2,1,2
8213,Customer_8213,28,Female,New York,2023-10-11,2014.42,15.0,28.0,2014.42,134.29466666666667,1,0,1
8214,Customer_8214,48,Female,Phoenix,2023-07-01,414.61,3.0,7.0,414.61,138.20333333333335,2,1,2
8215,Customer_8215,36,Male,New York,2022-09-22,351.2,2.0,3.0,351.2,175.6,0,1,0
8216,Customer_8216,43,Male,Los Angeles,2022-08-11,293.83,4.0,5.0,293.83,73.4575,0,1,0
8217,Customer_8217,52,Female,Los Angeles,2023-03-05,713.36,5.0,8.0,713.36,142.672,2,1,2
8218,Customer_8218,47,Female,Chicago,2023-07-09,278.22,4.0,5.0,278.22,69.555,0,1,0
8219,Customer_8219,47,Female,Houston,2022-02-11,2345.6,10.0,19.0,2345.6,234.56,1,0,1
8220,Customer_8220,37,Female,Los Angeles,2021-06-26,1098.6,6.0,15.0,1098.6,183.1,2,0,2
8221,Customer_8221,44,Male,Los Angeles,2021-04-29,895.85,8.0,13.0,895.85,111.98125,2,0,2
8222,Customer_8222,37,Male,Phoenix,2022-09-06,641.9,5.0,10.0,641.9,128.38,2,1,2
8223,Customer_8223,22,Female,Houston,2021-12-31,1157.83,9.0,16.0,1157.83,128.64777777777778,1,0,1
8224,Customer_8224,38,Female,Phoenix,2022-05-01,382.27,2.0,3.0,382.27,191.135,2,1,2
8225,Customer_8225,38,Female,Los Angeles,2021-11-18,535.96,4.0,8.0,535.96,133.99,2,1,2
8226,Customer_8226,41,Male,New York,2021-05-19,150.09,3.0,4.0,150.09,50.03,0,1,0
8227,Customer_8227,34,Female,Los Angeles,2021-11-29,534.99,4.0,7.0,534.99,133.7475,2,1,2
8228,Customer_8228,27,Male,Houston,2021-08-12,455.91,3.0,4.0,455.90999999999997,151.97,0,1,0
8229,Customer_8229,42,Male,New York,2022-07-26,0.0,0.0,0.0,0.0,0.0,0,1,0
8230,Customer_8230,21,Female,Los Angeles,2023-02-15,512.01,3.0,6.0,512.01,170.67,2,1,2
8231,Customer_8231,51,Male,New York,2023-08-25,1149.21,5.0,10.0,1149.21,229.842,2,0,2
8232,Customer_8232,32,Male,Los Angeles,2022-08-16,1361.43,8.0,17.0,1361.43,170.17875,1,0,1
8233,Customer_8233,38,Male,Houston,2023-03-20,271.26,1.0,2.0,271.26,271.26,2,1,2
8234,Customer_8234,41,Female,New York,2023-09-14,346.85,4.0,4.0,346.84999999999997,86.71249999999999,0,1,0
8235,Customer_8235,41,Female,Houston,2023-10-21,679.52,5.0,8.0,679.5200000000001,135.90400000000002,2,1,2
8236,Customer_8236,20,Male,Phoenix,2023-05-11,845.08,6.0,12.0,845.08,140.84666666666666,2,0,2
8237,Customer_8237,44,Male,New York,2021-07-06,459.0,3.0,5.0,459.0,153.0,2,1,2
8238,Customer_8238,38,Male,Houston,2021-09-06,960.84,8.0,11.0,960.84,120.105,2,0,2
8239,Customer_8239,28,Male,Phoenix,2023-12-05,148.45,2.0,4.0,148.45,74.225,0,1,0
8240,Customer_8240,27,Male,Phoenix,2023-10-21,1746.62,11.0,28.0,1746.62,158.78363636363636,1,0,1
8241,Customer_8241,31,Male,New York,2021-09-03,452.09,2.0,3.0,452.09000000000003,226.04500000000002,2,1,2
8242,Customer_8242,21,Female,New York,2023-07-16,489.32,3.0,8.0,489.32000000000005,163.10666666666668,2,1,2
8243,Customer_8243,54,Male,New York,2021-01-15,910.41,5.0,9.0,910.41,182.082,2,1,2
8244,Customer_8244,51,Male,Houston,2023-04-06,300.22,2.0,2.0,300.22,150.11,0,1,0
8245,Customer_8245,40,Male,Houston,2022-11-20,1421.56,10.0,17.0,1421.56,142.156,1,0,1
8246,Customer_8246,33,Male,Houston,2022-12-28,744.91,4.0,7.0,744.91,186.2275,2,1,2
8247,Customer_8247,33,Female,Los Angeles,2022-06-21,153.36,2.0,4.0,153.36,76.68,0,1,0
8248,Customer_8248,43,Male,New York,2022-05-07,333.74,3.0,6.0,333.73999999999995,111.24666666666666,0,1,0
8249,Customer_8249,54,Male,Chicago,2021-10-19,504.05,4.0,5.0,504.04999999999995,126.01249999999999,0,1,0
8250,Customer_8250,29,Female,Chicago,2021-04-27,473.37,4.0,7.0,473.37,118.3425,2,1,2
8251,Customer_8251,23,Female,Houston,2022-08-15,1019.12,8.0,17.0,1019.12,127.39,2,0,2
8252,Customer_8252,52,Female,Los Angeles,2022-11-18,1268.31,7.0,13.0,1268.31,181.18714285714285,2,0,2
8253,Customer_8253,18,Female,Los Angeles,2023-01-14,398.48,2.0,3.0,398.48,199.24,2,1,2
8254,Customer_8254,24,Female,Los Angeles,2023-08-06,741.9,5.0,8.0,741.9,148.38,2,1,2
8255,Customer_8255,32,Female,New York,2022-11-14,601.02,4.0,6.0,601.02,150.255,2,1,2
8256,Customer_8256,18,Male,Los Angeles,2022-09-21,0.0,0.0,0.0,0.0,0.0,0,1,0
8257,Customer_8257,47,Male,New York,2022-08-16,3157.86,18.0,45.0,3157.86,175.43666666666667,1,0,1
8258,Customer_8258,44,Male,Los Angeles,2022-01-22,859.67,6.0,13.0,859.6700000000001,143.27833333333334,2,0,2
8259,Customer_8259,29,Male,New York,2022-10-14,533.81,3.0,5.0,533.81,177.93666666666664,2,1,2
8260,Customer_8260,49,Female,New York,2021-07-12,0.0,0.0,0.0,0.0,0.0,0,1,0
8261,Customer_8261,51,Female,Houston,2021-04-11,514.1,3.0,7.0,514.1,171.36666666666667,2,1,2
8262,Customer_8262,34,Male,Los Angeles,2023-12-30,0.0,0.0,0.0,0.0,0.0,0,1,0
8263,Customer_8263,30,Female,Chicago,2022-03-20,642.32,6.0,8.0,642.3199999999999,107.05333333333333,2,1,2
8264,Customer_8264,60,Male,Houston,2022-03-09,214.9,1.0,2.0,214.9,214.9,0,1,0
8265,Customer_8265,43,Male,Chicago,2022-06-21,1043.65,6.0,10.0,1043.65,173.9416666666667,2,0,2
8266,Customer_8266,38,Female,Phoenix,2022-08-24,1315.85,7.0,13.0,1315.85,187.97857142857143,2,0,2
8267,Customer_8267,50,Male,New York,2022-12-09,990.78,5.0,10.0,990.78,198.156,2,1,2
8268,Customer_8268,38,Female,Houston,2021-11-15,1640.64,14.0,26.0,1640.6399999999999,117.18857142857142,1,0,1
8269,Customer_8269,29,Female,Phoenix,2021-08-13,1037.41,4.0,10.0,1037.4099999999999,259.35249999999996,2,0,2
8270,Customer_8270,36,Male,Phoenix,2022-01-23,888.01,4.0,9.0,888.01,222.0025,2,1,2
8271,Customer_8271,46,Female,New York,2023-04-26,169.51,2.0,4.0,169.51,84.755,0,1,0
8272,Customer_8272,18,Male,Los Angeles,2021-03-12,118.74,2.0,2.0,118.74,59.37,0,1,0
8273,Customer_8273,32,Female,New York,2022-03-20,803.09,5.0,11.0,803.09,160.618,2,1,2
8274,Customer_8274,50,Male,Chicago,2022-08-22,699.97,3.0,6.0,699.97,233.32333333333335,2,1,2
8275,Customer_8275,29,Male,Houston,2022-01-22,446.98,3.0,4.0,446.98,148.99333333333334,0,1,0
8276,Customer_8276,52,Male,Los Angeles,2021-01-18,360.6,3.0,9.0,360.6,120.2,0,1,0
8277,Customer_8277,51,Female,Chicago,2022-07-07,25.25,1.0,1.0,25.25,25.25,0,1,0
8278,Customer_8278,34,Female,Houston,2023-05-24,928.3,9.0,11.0,928.3,103.14444444444445,2,0,2
8279,Customer_8279,29,Male,Los Angeles,2021-10-07,1489.19,8.0,16.0,1489.19,186.14875,1,0,1
8280,Customer_8280,32,Female,Phoenix,2023-02-10,323.42,2.0,4.0,323.42,161.71,0,1,0
8281,Customer_8281,64,Male,Houston,2023-08-12,95.45,1.0,1.0,95.45,95.45,0,1,0
8282,Customer_8282,56,Male,New York,2021-11-25,970.94,6.0,10.0,970.94,161.82333333333335,2,0,2
8283,Customer_8283,36,Male,Chicago,2022-05-23,578.07,2.0,6.0,578.0699999999999,289.03499999999997,2,1,2
8284,Customer_8284,28,Male,New York,2022-03-26,179.44,1.0,2.0,179.44,179.44,0,1,0
8285,Customer_8285,36,Female,Chicago,2023-04-19,98.03,1.0,1.0,98.03,98.03,0,1,0
8286,Customer_8286,38,Male,Phoenix,2022-01-28,2805.55,14.0,30.0,2805.55,200.39642857142857,1,0,1
8287,Customer_8287,21,Male,Phoenix,2021-04-19,936.13,7.0,9.0,936.13,133.73285714285714,2,0,2
8288,Customer_8288,36,Female,Los Angeles,2021-12-25,41.84,2.0,2.0,41.84,20.92,0,1,0
8289,Customer_8289,50,Male,Los Angeles,2023-08-14,1428.52,6.0,15.0,1428.52,238.08666666666667,2,0,2
8290,Customer_8290,18,Female,New York,2023-07-24,68.08,1.0,2.0,68.08,68.08,0,1,0
8291,Customer_8291,44,Female,Chicago,2021-11-14,0.0,0.0,0.0,0.0,0.0,0,1,0
8292,Customer_8292,50,Female,New York,2021-12-07,442.68,1.0,4.0,442.68,442.68,2,1,2
8293,Customer_8293,29,Male,Chicago,2021-12-15,1537.97,6.0,17.0,1537.97,256.3283333333333,2,0,2
8294,Customer_8294,54,Female,New York,2021-01-27,325.25,1.0,5.0,325.25,325.25,2,1,2
8295,Customer_8295,27,Male,Los Angeles,2022-09-30,0.0,0.0,0.0,0.0,0.0,0,1,0
8296,Customer_8296,40,Male,New York,2022-02-05,632.53,4.0,8.0,632.53,158.1325,2,1,2
8297,Customer_8297,32,Female,Phoenix,2021-11-12,1146.05,6.0,15.0,1146.05,191.00833333333333,2,0,2
8298,Customer_8298,32,Female,Houston,2022-01-03,917.59,6.0,9.0,917.59,152.93166666666667,2,1,2
8299,Customer_8299,28,Male,Los Angeles,2021-12-09,332.46,3.0,4.0,332.46,110.82,0,1,0
8300,Customer_8300,43,Female,New York,2022-11-24,462.1,3.0,7.0,462.1,154.03333333333333,2,1,2
8301,Customer_8301,44,Male,Chicago,2023-06-23,623.2,5.0,9.0,623.2,124.64000000000001,2,1,2
8302,Customer_8302,34,Female,New York,2021-07-05,754.22,7.0,11.0,754.22,107.74571428571429,2,1,2
8303,Customer_8303,20,Female,Chicago,2023-04-16,151.84,2.0,2.0,151.84,75.92,0,1,0
8304,Customer_8304,39,Male,Houston,2021-11-15,0.0,0.0,0.0,0.0,0.0,0,1,0
8305,Customer_8305,40,Female,Chicago,2023-08-13,46.0,1.0,1.0,46.0,46.0,0,1,0
8306,Customer_8306,33,Female,Chicago,2022-08-17,538.8,2.0,7.0,538.8,269.4,2,1,2
8307,Customer_8307,56,Female,Chicago,2023-09-19,1864.68,8.0,22.0,1864.68,233.085,1,0,1
8308,Customer_8308,18,Female,Phoenix,2023-03-04,493.33,3.0,4.0,493.33,164.44333333333333,2,1,2
8309,Customer_8309,18,Male,Phoenix,2021-12-19,631.86,4.0,7.0,631.8599999999999,157.96499999999997,2,1,2
8310,Customer_8310,27,Male,Chicago,2021-12-21,994.54,3.0,7.0,994.5400000000001,331.5133333333334,2,1,2
8311,Customer_8311,43,Female,Los Angeles,2021-04-16,781.16,3.0,7.0,781.1600000000001,260.3866666666667,2,1,2
8312,Customer_8312,23,Male,Los Angeles,2022-02-22,0.0,0.0,0.0,0.0,0.0,0,1,0
8313,Customer_8313,24,Male,New York,2022-10-04,76.41,2.0,2.0,76.41,38.205,0,1,0
8314,Customer_8314,45,Female,Chicago,2021-07-24,385.62,2.0,5.0,385.62,192.81,2,1,2
8315,Customer_8315,40,Female,Chicago,2022-07-19,1321.16,7.0,12.0,1321.16,188.73714285714286,2,0,2
8316,Customer_8316,39,Male,New York,2021-07-08,928.98,7.0,13.0,928.98,132.71142857142857,2,0,2
8317,Customer_8317,44,Male,New York,2022-06-27,602.25,1.0,3.0,602.25,602.25,2,1,2
8318,Customer_8318,30,Male,Chicago,2021-09-15,176.72,1.0,4.0,176.72,176.72,0,1,0
8319,Customer_8319,31,Male,Phoenix,2022-03-29,544.48,4.0,7.0,544.48,136.12,2,1,2
8320,Customer_8320,44,Female,Chicago,2021-03-19,1204.45,8.0,13.0,1204.45,150.55625,2,0,2
8321,Customer_8321,20,Male,Houston,2023-11-13,1195.92,6.0,16.0,1195.92,199.32000000000002,2,0,2
8322,Customer_8322,18,Female,Los Angeles,2022-05-18,500.5,4.0,5.0,500.5,125.125,0,1,0
8323,Customer_8323,30,Male,Chicago,2021-07-04,1083.02,9.0,20.0,1083.02,120.33555555555556,1,0,1
8324,Customer_8324,45,Female,Los Angeles,2022-07-01,74.26,1.0,1.0,74.26,74.26,0,1,0
8325,Customer_8325,38,Female,Chicago,2021-02-18,739.72,6.0,9.0,739.72,123.28666666666668,2,1,2
8326,Customer_8326,44,Female,New York,2021-06-17,457.79,3.0,6.0,457.79,152.59666666666666,2,1,2
8327,Customer_8327,18,Male,Chicago,2021-01-21,448.21,4.0,6.0,448.21000000000004,112.05250000000001,0,1,0
8328,Customer_8328,38,Female,Los Angeles,2022-01-27,640.4,2.0,5.0,640.4,320.2,2,1,2
8329,Customer_8329,42,Female,Los Angeles,2023-06-22,54.2,1.0,2.0,54.2,54.2,0,1,0
8330,Customer_8330,20,Female,Phoenix,2021-08-17,2890.34,16.0,34.0,2890.34,180.64625,1,0,1
8331,Customer_8331,44,Female,New York,2021-12-18,260.82,1.0,2.0,260.82,260.82,2,1,2
8332,Customer_8332,34,Male,Los Angeles,2021-08-13,308.18,1.0,2.0,308.18,308.18,2,1,2
8333,Customer_8333,69,Male,Chicago,2021-08-22,534.77,2.0,7.0,534.77,267.385,2,1,2
8334,Customer_8334,18,Female,Phoenix,2021-09-23,1470.3,6.0,14.0,1470.3,245.04999999999998,2,0,2
8335,Customer_8335,50,Female,Los Angeles,2023-05-08,0.0,0.0,0.0,0.0,0.0,0,1,0
8336,Customer_8336,31,Male,Houston,2021-11-10,1357.87,11.0,22.0,1357.87,123.44272727272727,1,0,1
8337,Customer_8337,18,Female,Phoenix,2022-05-14,173.8,2.0,2.0,173.8,86.9,0,1,0
8338,Customer_8338,29,Female,Los Angeles,2023-05-27,1466.42,8.0,14.0,1466.42,183.3025,1,0,1
8339,Customer_8339,38,Female,Los Angeles,2021-07-30,345.96,2.0,4.0,345.96000000000004,172.98000000000002,0,1,0
8340,Customer_8340,46,Female,Los Angeles,2021-04-09,82.96,1.0,2.0,82.96,82.96,0,1,0
8341,Customer_8341,54,Female,Houston,2021-12-11,0.0,0.0,0.0,0.0,0.0,0,1,0
8342,Customer_8342,51,Male,New York,2023-06-23,1173.05,7.0,13.0,1173.05,167.57857142857142,2,0,2
8343,Customer_8343,24,Male,Los Angeles,2022-06-08,292.93,2.0,4.0,292.93,146.465,0,1,0
8344,Customer_8344,47,Male,Houston,2021-04-28,424.12,3.0,7.0,424.12,141.37333333333333,2,1,2
8345,Customer_8345,39,Female,Chicago,2022-08-23,0.0,0.0,0.0,0.0,0.0,0,1,0
8346,Customer_8346,28,Female,Los Angeles,2023-05-06,2492.53,8.0,19.0,2492.5299999999997,311.56624999999997,1,0,1
8347,Customer_8347,33,Female,Chicago,2021-07-28,238.27,5.0,6.0,238.26999999999998,47.653999999999996,0,1,0
8348,Customer_8348,27,Male,New York,2022-04-26,126.95,1.0,1.0,126.95,126.95,0,1,0
8349,Customer_8349,35,Male,Los Angeles,2023-07-12,681.34,5.0,10.0,681.34,136.268,2,1,2
8350,Customer_8350,27,Male,Chicago,2021-11-25,295.32,2.0,4.0,295.32,147.66,0,1,0
8351,Customer_8351,24,Female,Phoenix,2022-02-21,704.02,5.0,7.0,704.02,140.804,2,1,2
8352,Customer_8352,40,Female,Los Angeles,2021-09-11,694.46,4.0,10.0,694.46,173.615,2,1,2
8353,Customer_8353,42,Female,Phoenix,2023-08-03,817.65,3.0,6.0,817.6500000000001,272.55,2,1,2
8354,Customer_8354,33,Male,Chicago,2021-01-05,620.89,4.0,5.0,620.89,155.2225,2,1,2
8355,Customer_8355,50,Male,New York,2021-10-30,753.67,6.0,11.0,753.6700000000001,125.61166666666668,2,1,2
8356,Customer_8356,32,Male,Houston,2023-09-07,1388.98,12.0,20.0,1388.98,115.74833333333333,1,0,1
8357,Customer_8357,32,Male,New York,2022-08-30,272.55,3.0,6.0,272.54999999999995,90.84999999999998,0,1,0
8358,Customer_8358,42,Female,Phoenix,2023-08-22,396.47,3.0,6.0,396.47,132.15666666666667,0,1,0
8359,Customer_8359,34,Male,Phoenix,2023-01-06,1013.1,9.0,15.0,1013.1,112.56666666666666,2,0,2
8360,Customer_8360,36,Male,Los Angeles,2022-01-25,403.56,4.0,5.0,403.56,100.89,0,1,0
8361,Customer_8361,18,Female,Los Angeles,2023-04-30,317.02,3.0,6.0,317.02,105.67333333333333,0,1,0
8362,Customer_8362,35,Female,Los Angeles,2023-03-30,41.6,1.0,2.0,41.6,41.6,0,1,0
8363,Customer_8363,18,Female,Los Angeles,2021-01-12,1328.3,4.0,11.0,1328.3,332.075,2,0,2
8364,Customer_8364,22,Female,Los Angeles,2021-12-03,320.51,3.0,3.0,320.51,106.83666666666666,0,1,0
8365,Customer_8365,20,Female,Los Angeles,2022-08-30,181.65,2.0,2.0,181.65,90.825,0,1,0
8366,Customer_8366,24,Male,Chicago,2021-05-09,120.15,2.0,2.0,120.14999999999999,60.074999999999996,0,1,0
8367,Customer_8367,29,Female,New York,2021-01-11,260.63,3.0,6.0,260.63,86.87666666666667,0,1,0
8368,Customer_8368,30,Female,Houston,2022-05-05,756.75,4.0,9.0,756.75,189.1875,2,1,2
8369,Customer_8369,42,Female,Houston,2021-09-29,821.7,2.0,6.0,821.7,410.85,2,1,2
8370,Customer_8370,37,Male,Chicago,2023-05-31,815.35,7.0,12.0,815.35,116.47857142857143,2,0,2
8371,Customer_8371,18,Male,Phoenix,2021-01-09,81.3,1.0,1.0,81.3,81.3,0,1,0
8372,Customer_8372,36,Female,New York,2023-06-06,619.22,5.0,9.0,619.22,123.84400000000001,2,1,2
8373,Customer_8373,39,Male,New York,2023-02-15,1603.65,10.0,20.0,1603.65,160.365,1,0,1
8374,Customer_8374,31,Male,Chicago,2021-10-08,151.4,2.0,4.0,151.39999999999998,75.69999999999999,0,1,0
8375,Customer_8375,34,Female,Los Angeles,2022-04-03,803.88,5.0,9.0,803.88,160.776,2,1,2
8376,Customer_8376,37,Female,Chicago,2023-07-25,556.9,4.0,9.0,556.9000000000001,139.22500000000002,2,1,2
8377,Customer_8377,43,Male,Phoenix,2022-03-27,424.9,3.0,10.0,424.9,141.63333333333333,2,1,2
8378,Customer_8378,18,Male,Phoenix,2023-03-02,929.85,8.0,14.0,929.8499999999999,116.23124999999999,2,0,2
8379,Customer_8379,32,Male,Chicago,2023-03-23,669.39,4.0,8.0,669.39,167.3475,2,1,2
8380,Customer_8380,52,Male,Houston,2021-02-25,228.27,1.0,3.0,228.27,228.27,2,1,2
8381,Customer_8381,51,Male,New York,2022-12-09,2146.92,11.0,26.0,2146.92,195.17454545454547,1,0,1
8382,Customer_8382,44,Male,New York,2022-01-14,958.44,6.0,14.0,958.4399999999999,159.73999999999998,2,0,2
8383,Customer_8383,41,Female,Houston,2023-10-07,663.66,3.0,5.0,663.66,221.22,2,1,2
8384,Customer_8384,53,Female,Los Angeles,2021-01-23,364.02,2.0,3.0,364.02,182.01,0,1,0
8385,Customer_8385,56,Female,Los Angeles,2023-02-11,325.92,1.0,4.0,325.92,325.92,2,1,2
8386,Customer_8386,34,Male,Los Angeles,2021-08-19,444.74,2.0,3.0,444.74,222.37,2,1,2
8387,Customer_8387,24,Male,Chicago,2021-07-29,1317.48,4.0,9.0,1317.48,329.37,2,0,2
8388,Customer_8388,32,Male,New York,2023-05-16,0.0,0.0,0.0,0.0,0.0,0,1,0
8389,Customer_8389,69,Female,Chicago,2023-06-18,334.54,5.0,8.0,334.53999999999996,66.90799999999999,0,1,0
8390,Customer_8390,18,Male,New York,2023-05-23,375.63,2.0,6.0,375.63,187.815,2,1,2
8391,Customer_8391,30,Female,New York,2021-12-29,450.09,5.0,8.0,450.09000000000003,90.018,0,1,0
8392,Customer_8392,19,Female,Los Angeles,2022-04-20,642.8,7.0,12.0,642.8000000000001,91.82857142857144,2,1,2
8393,Customer_8393,36,Male,New York,2021-07-14,415.0,2.0,5.0,415.0,207.5,2,1,2
8394,Customer_8394,22,Male,Phoenix,2023-07-22,688.63,3.0,7.0,688.6300000000001,229.54333333333338,2,1,2
8395,Customer_8395,34,Male,New York,2023-11-02,664.79,5.0,7.0,664.79,132.958,2,1,2
8396,Customer_8396,18,Female,New York,2023-02-23,149.64,1.0,3.0,149.64000000000001,149.64000000000001,0,1,0
8397,Customer_8397,42,Female,Chicago,2023-12-22,814.66,8.0,13.0,814.66,101.8325,2,0,2
8398,Customer_8398,48,Female,Chicago,2022-06-13,22.53,1.0,1.0,22.53,22.53,0,1,0
8399,Customer_8399,31,Female,New York,2021-09-28,708.16,3.0,6.0,708.1600000000001,236.05333333333337,2,1,2
8400,Customer_8400,34,Male,New York,2022-06-22,0.0,0.0,0.0,0.0,0.0,0,1,0
8401,Customer_8401,33,Male,Phoenix,2022-10-19,258.38,2.0,2.0,258.38,129.19,0,1,0
8402,Customer_8402,37,Male,Chicago,2021-03-06,541.0,1.0,5.0,541.0,541.0,2,1,2
8403,Customer_8403,35,Female,Los Angeles,2023-05-12,538.7,2.0,4.0,538.7,269.35,2,1,2
8404,Customer_8404,43,Male,Chicago,2022-05-05,1535.44,14.0,25.0,1535.44,109.67428571428572,1,0,1
8405,Customer_8405,49,Female,Los Angeles,2023-12-28,241.74,2.0,4.0,241.74,120.87,0,1,0
8406,Customer_8406,26,Male,Los Angeles,2021-12-28,1476.36,7.0,14.0,1476.36,210.9085714285714,2,0,2
8407,Customer_8407,32,Female,Chicago,2022-07-26,951.89,6.0,11.0,951.89,158.64833333333334,2,0,2
8408,Customer_8408,45,Female,Phoenix,2023-09-22,50.37,1.0,1.0,50.37,50.37,0,1,0
8409,Customer_8409,19,Female,New York,2023-02-08,98.23,2.0,2.0,98.22999999999999,49.114999999999995,0,1,0
8410,Customer_8410,18,Male,Houston,2023-11-09,1418.18,5.0,12.0,1418.18,283.636,2,0,2
8411,Customer_8411,37,Female,New York,2022-06-29,1777.95,12.0,21.0,1777.95,148.1625,1,0,1
8412,Customer_8412,40,Female,New York,2023-09-06,138.32,2.0,2.0,138.32,69.16,0,1,0
8413,Customer_8413,27,Male,New York,2023-07-21,1286.41,9.0,12.0,1286.4099999999999,142.93444444444444,2,0,2
8414,Customer_8414,29,Female,New York,2021-04-01,740.5,6.0,7.0,740.5,123.41666666666667,2,1,2
8415,Customer_8415,27,Female,Phoenix,2023-08-31,1339.98,8.0,17.0,1339.98,167.4975,1,0,1
8416,Customer_8416,25,Female,Los Angeles,2021-08-26,169.88,2.0,2.0,169.88,84.94,0,1,0
8417,Customer_8417,43,Female,New York,2022-04-07,839.51,8.0,13.0,839.51,104.93875,2,0,2
8418,Customer_8418,22,Male,Phoenix,2023-11-14,117.69,1.0,1.0,117.69,117.69,0,1,0
8419,Customer_8419,32,Male,Phoenix,2023-05-01,1115.38,8.0,19.0,1115.38,139.4225,1,0,1
8420,Customer_8420,25,Female,Houston,2023-07-10,186.55,3.0,4.0,186.54999999999998,62.18333333333333,0,1,0
8421,Customer_8421,19,Male,Phoenix,2023-06-26,375.27,2.0,5.0,375.27000000000004,187.63500000000002,2,1,2
8422,Customer_8422,45,Female,New York,2023-02-16,1697.01,13.0,24.0,1697.01,130.53923076923076,1,0,1
8423,Customer_8423,29,Female,Houston,2023-10-27,1883.65,12.0,29.0,1883.65,156.97083333333333,1,0,1
8424,Customer_8424,37,Female,Houston,2022-07-24,32.94,1.0,2.0,32.94,32.94,0,1,0
8425,Customer_8425,18,Female,Phoenix,2022-09-04,1140.76,6.0,14.0,1140.76,190.12666666666667,2,0,2
8426,Customer_8426,27,Female,Houston,2022-09-26,98.92,1.0,2.0,98.92,98.92,0,1,0
8427,Customer_8427,43,Male,Los Angeles,2023-09-10,267.69,3.0,5.0,267.69000000000005,89.23000000000002,0,1,0
8428,Customer_8428,63,Male,Houston,2022-04-08,0.0,0.0,0.0,0.0,0.0,0,1,0
8429,Customer_8429,18,Female,Los Angeles,2022-10-25,140.5,1.0,1.0,140.5,140.5,0,1,0
8430,Customer_8430,33,Male,Los Angeles,2023-09-17,585.27,2.0,5.0,585.27,292.635,2,1,2
8431,Customer_8431,40,Male,New York,2022-03-07,1420.43,6.0,15.0,1420.43,236.73833333333334,2,0,2
8432,Customer_8432,28,Male,Phoenix,2023-05-28,1235.54,7.0,14.0,1235.54,176.50571428571428,2,0,2
8433,Customer_8433,44,Male,Los Angeles,2022-03-01,145.93,2.0,3.0,145.93,72.965,0,1,0
8434,Customer_8434,25,Female,Chicago,2021-04-15,220.83,2.0,2.0,220.83,110.415,0,1,0
8435,Customer_8435,37,Male,Los Angeles,2021-09-09,2715.11,10.0,24.0,2715.11,271.511,1,0,1
8436,Customer_8436,29,Male,Phoenix,2022-10-07,1034.4,8.0,13.0,1034.4,129.3,2,0,2
8437,Customer_8437,48,Male,Los Angeles,2021-06-27,0.0,0.0,0.0,0.0,0.0,0,1,0
8438,Customer_8438,28,Female,Houston,2022-12-21,2283.26,6.0,20.0,2283.2599999999998,380.5433333333333,1,0,1
8439,Customer_8439,31,Female,Phoenix,2023-12-17,682.64,8.0,13.0,682.64,85.33,2,0,2
8440,Customer_8440,45,Male,Los Angeles,2023-06-11,3550.19,13.0,32.0,3550.19,273.09153846153845,1,0,1
8441,Customer_8441,24,Female,Los Angeles,2022-02-13,493.7,3.0,5.0,493.70000000000005,164.5666666666667,2,1,2
8442,Customer_8442,36,Female,Houston,2023-08-12,816.14,3.0,7.0,816.14,272.0466666666667,2,1,2
8443,Customer_8443,18,Male,Phoenix,2021-09-19,544.74,4.0,7.0,544.74,136.185,2,1,2
8444,Customer_8444,23,Female,Houston,2023-01-12,1050.38,2.0,8.0,1050.38,525.19,2,0,2
8445,Customer_8445,39,Male,New York,2022-10-16,0.0,0.0,0.0,0.0,0.0,0,1,0
8446,Customer_8446,24,Male,Phoenix,2022-07-29,842.05,6.0,12.0,842.05,140.34166666666667,2,0,2
8447,Customer_8447,29,Male,Los Angeles,2021-04-28,331.87,3.0,5.0,331.87,110.62333333333333,0,1,0
8448,Customer_8448,40,Female,Chicago,2023-08-29,1732.55,9.0,13.0,1732.55,192.50555555555556,1,0,1
8449,Customer_8449,29,Female,Houston,2021-11-04,651.31,3.0,7.0,651.3100000000001,217.10333333333335,2,1,2
8450,Customer_8450,44,Male,New York,2022-05-05,710.17,6.0,10.0,710.1700000000001,118.36166666666668,2,1,2
8451,Customer_8451,37,Male,Houston,2023-01-27,0.0,0.0,0.0,0.0,0.0,0,1,0
8452,Customer_8452,40,Male,Chicago,2022-10-10,1096.63,7.0,14.0,1096.6299999999999,156.66142857142856,2,0,2
8453,Customer_8453,49,Female,Phoenix,2022-08-31,747.03,6.0,7.0,747.03,124.505,2,1,2
8454,Customer_8454,39,Female,New York,2023-01-07,50.16,1.0,1.0,50.16,50.16,0,1,0
8455,Customer_8455,52,Male,Los Angeles,2021-01-24,708.19,5.0,9.0,708.19,141.638,2,1,2
8456,Customer_8456,45,Female,Houston,2023-01-23,1457.49,7.0,13.0,1457.49,208.21285714285713,2,0,2
8457,Customer_8457,29,Male,New York,2023-09-28,249.76,2.0,2.0,249.76,124.88,0,1,0
8458,Customer_8458,49,Female,New York,2021-12-15,160.34,1.0,2.0,160.34,160.34,0,1,0
8459,Customer_8459,38,Female,Phoenix,2021-01-25,217.8,1.0,2.0,217.8,217.8,0,1,0
8460,Customer_8460,31,Female,Los Angeles,2023-10-12,673.06,4.0,8.0,673.06,168.265,2,1,2
8461,Customer_8461,38,Female,Phoenix,2022-08-22,0.0,0.0,0.0,0.0,0.0,0,1,0
8462,Customer_8462,47,Male,New York,2023-03-12,29.68,1.0,1.0,29.68,29.68,0,1,0
8463,Customer_8463,40,Male,Los Angeles,2023-06-29,171.58,2.0,4.0,171.58,85.79,0,1,0
8464,Customer_8464,55,Female,Houston,2023-08-17,0.0,0.0,0.0,0.0,0.0,0,1,0
8465,Customer_8465,47,Male,Chicago,2023-11-18,54.56,1.0,1.0,54.56,54.56,0,1,0
8466,Customer_8466,41,Female,Chicago,2022-06-25,1127.43,6.0,11.0,1127.43,187.905,2,0,2
8467,Customer_8467,24,Male,Chicago,2022-05-06,541.31,4.0,7.0,541.31,135.3275,2,1,2
8468,Customer_8468,33,Female,Houston,2022-05-03,241.63,2.0,4.0,241.63,120.815,0,1,0
8469,Customer_8469,36,Male,New York,2023-03-02,816.82,6.0,13.0,816.8199999999999,136.13666666666666,2,0,2
8470,Customer_8470,43,Male,Los Angeles,2021-06-21,1493.87,13.0,22.0,1493.87,114.91307692307691,1,0,1
8471,Customer_8471,42,Male,New York,2021-02-07,1437.11,7.0,18.0,1437.1100000000001,205.3014285714286,1,0,1
8472,Customer_8472,37,Male,Chicago,2021-10-26,174.58,2.0,2.0,174.57999999999998,87.28999999999999,0,1,0
8473,Customer_8473,36,Male,Los Angeles,2023-11-17,0.0,0.0,0.0,0.0,0.0,0,1,0
8474,Customer_8474,43,Male,Los Angeles,2022-10-10,1693.88,7.0,14.0,1693.8799999999999,241.9828571428571,2,0,2
8475,Customer_8475,26,Male,Chicago,2023-01-18,1640.32,7.0,16.0,1640.3200000000002,234.3314285714286,1,0,1
8476,Customer_8476,54,Male,New York,2023-07-15,1351.88,8.0,14.0,1351.88,168.985,2,0,2
8477,Customer_8477,18,Female,New York,2021-01-13,888.17,3.0,9.0,888.17,296.0566666666667,2,1,2
8478,Customer_8478,51,Female,Houston,2021-09-16,42.9,1.0,1.0,42.9,42.9,0,1,0
8479,Customer_8479,35,Male,Los Angeles,2023-09-07,2106.19,17.0,24.0,2106.19,123.8935294117647,1,0,1
8480,Customer_8480,46,Female,Phoenix,2022-09-08,295.98,1.0,2.0,295.98,295.98,2,1,2
8481,Customer_8481,39,Male,Houston,2021-10-05,1387.04,6.0,18.0,1387.04,231.17333333333332,2,0,2
8482,Customer_8482,39,Female,New York,2023-08-12,729.76,7.0,10.0,729.76,104.25142857142858,2,1,2
8483,Customer_8483,41,Male,Chicago,2023-12-26,466.22,3.0,4.0,466.21999999999997,155.40666666666667,0,1,0
8484,Customer_8484,44,Female,New York,2023-03-19,188.13,2.0,2.0,188.13,94.065,0,1,0
8485,Customer_8485,31,Female,Houston,2022-10-18,505.71,4.0,8.0,505.71000000000004,126.42750000000001,2,1,2
8486,Customer_8486,46,Female,Phoenix,2023-02-22,279.36,1.0,2.0,279.36,279.36,2,1,2
8487,Customer_8487,23,Male,Chicago,2022-05-14,233.7,3.0,3.0,233.7,77.89999999999999,0,1,0
8488,Customer_8488,35,Female,Houston,2021-07-24,2494.93,14.0,33.0,2494.93,178.2092857142857,1,0,1
8489,Customer_8489,44,Female,New York,2022-08-10,0.0,0.0,0.0,0.0,0.0,0,1,0
8490,Customer_8490,46,Male,Los Angeles,2023-11-08,346.78,3.0,5.0,346.78,115.59333333333332,0,1,0
8491,Customer_8491,40,Male,Phoenix,2022-09-06,687.05,6.0,11.0,687.05,114.50833333333333,2,1,2
8492,Customer_8492,31,Female,New York,2023-09-27,1780.13,9.0,21.0,1780.13,197.79222222222222,1,0,1
8493,Customer_8493,45,Female,Los Angeles,2022-10-06,632.47,4.0,9.0,632.47,158.1175,2,1,2
8494,Customer_8494,28,Female,Los Angeles,2023-04-01,418.01,4.0,7.0,418.01,104.5025,0,1,0
8495,Customer_8495,54,Male,Houston,2021-02-27,749.0,5.0,10.0,749.0,149.8,2,1,2
8496,Customer_8496,34,Female,Los Angeles,2022-08-20,173.92,3.0,3.0,173.92000000000002,57.973333333333336,0,1,0
8497,Customer_8497,18,Female,Phoenix,2021-11-11,59.1,1.0,1.0,59.1,59.1,0,1,0
8498,Customer_8498,22,Female,New York,2021-06-11,2048.26,11.0,23.0,2048.26,186.20545454545456,1,0,1
8499,Customer_8499,35,Female,Los Angeles,2021-11-20,229.4,3.0,3.0,229.4,76.46666666666667,0,1,0
8500,Customer_8500,37,Male,Houston,2022-12-19,1656.79,10.0,19.0,1656.79,165.679,1,0,1
8501,Customer_8501,57,Female,New York,2022-08-03,204.73,2.0,2.0,204.73,102.365,0,1,0
8502,Customer_8502,24,Female,Chicago,2023-06-18,102.11,2.0,4.0,102.11000000000001,51.05500000000001,0,1,0
8503,Customer_8503,35,Female,New York,2023-01-30,1195.3,5.0,11.0,1195.3000000000002,239.06000000000003,2,0,2
8504,Customer_8504,23,Female,New York,2022-05-17,160.62,1.0,2.0,160.62,160.62,0,1,0
8505,Customer_8505,30,Female,New York,2021-02-26,67.31,1.0,1.0,67.31,67.31,0,1,0
8506,Customer_8506,54,Male,Phoenix,2021-10-24,1142.99,8.0,16.0,1142.99,142.87375,2,0,2
8507,Customer_8507,23,Male,Chicago,2023-10-25,236.27,3.0,3.0,236.27,78.75666666666667,0,1,0
8508,Customer_8508,41,Male,Houston,2022-02-14,231.32,3.0,5.0,231.32,77.10666666666667,0,1,0
8509,Customer_8509,39,Male,Los Angeles,2023-03-18,1014.86,9.0,14.0,1014.86,112.76222222222222,2,0,2
8510,Customer_8510,35,Male,Chicago,2022-09-12,185.59,1.0,1.0,185.59,185.59,0,1,0
8511,Customer_8511,41,Female,Chicago,2023-02-18,844.19,4.0,10.0,844.19,211.0475,2,1,2
8512,Customer_8512,22,Male,Phoenix,2023-02-18,785.42,3.0,10.0,785.42,261.8066666666667,2,1,2
8513,Customer_8513,53,Male,Houston,2022-07-20,631.08,5.0,6.0,631.08,126.21600000000001,2,1,2
8514,Customer_8514,56,Male,Houston,2023-09-25,476.85,3.0,5.0,476.85,158.95000000000002,2,1,2
8515,Customer_8515,36,Female,New York,2021-06-15,850.16,3.0,5.0,850.1600000000001,283.3866666666667,2,1,2
8516,Customer_8516,62,Female,Chicago,2023-02-27,156.32,3.0,4.0,156.32,52.10666666666666,0,1,0
8517,Customer_8517,31,Male,Los Angeles,2022-10-28,324.62,3.0,4.0,324.62,108.20666666666666,0,1,0
8518,Customer_8518,39,Male,Phoenix,2021-05-08,621.34,4.0,7.0,621.3399999999999,155.33499999999998,2,1,2
8519,Customer_8519,51,Male,Los Angeles,2021-03-17,899.8,7.0,13.0,899.8,128.54285714285714,2,0,2
8520,Customer_8520,30,Female,Los Angeles,2023-06-06,1178.56,3.0,8.0,1178.56,392.8533333333333,2,0,2
8521,Customer_8521,20,Female,Los Angeles,2023-02-21,2044.93,10.0,20.0,2044.93,204.493,1,0,1
8522,Customer_8522,18,Female,New York,2022-03-10,2750.65,15.0,25.0,2750.65,183.37666666666667,1,0,1
8523,Customer_8523,58,Male,New York,2022-09-27,1690.8,9.0,19.0,1690.8,187.86666666666667,1,0,1
8524,Customer_8524,29,Female,Phoenix,2022-09-07,671.13,3.0,9.0,671.13,223.71,2,1,2
8525,Customer_8525,33,Female,Chicago,2023-09-13,589.15,4.0,7.0,589.15,147.2875,2,1,2
8526,Customer_8526,23,Male,Phoenix,2022-06-10,525.0,4.0,5.0,525.0,131.25,2,1,2
8527,Customer_8527,45,Female,Houston,2022-03-17,255.4,2.0,4.0,255.39999999999998,127.69999999999999,0,1,0
8528,Customer_8528,26,Male,Los Angeles,2022-08-10,270.75,3.0,5.0,270.75,90.25,0,1,0
8529,Customer_8529,30,Female,Chicago,2022-01-26,263.41,2.0,5.0,263.40999999999997,131.70499999999998,0,1,0
8530,Customer_8530,38,Male,New York,2021-09-01,446.52,1.0,4.0,446.52,446.52,2,1,2
8531,Customer_8531,23,Male,Phoenix,2023-02-07,1417.34,9.0,14.0,1417.34,157.48222222222222,1,0,1
8532,Customer_8532,33,Male,Los Angeles,2022-02-19,513.91,4.0,8.0,513.91,128.4775,2,1,2
8533,Customer_8533,50,Male,Los Angeles,2022-03-03,378.14,2.0,4.0,378.14,189.07,2,1,2
8534,Customer_8534,40,Female,Los Angeles,2021-09-06,508.47,6.0,7.0,508.47,84.745,2,1,2
8535,Customer_8535,36,Female,Los Angeles,2023-11-25,0.0,0.0,0.0,0.0,0.0,0,1,0
8536,Customer_8536,37,Female,Los Angeles,2023-04-19,742.88,4.0,12.0,742.88,185.72,2,1,2
8537,Customer_8537,31,Male,Los Angeles,2021-09-10,907.22,6.0,9.0,907.2199999999999,151.20333333333332,2,1,2
8538,Customer_8538,57,Male,Houston,2023-05-12,1350.29,6.0,13.0,1350.29,225.04833333333332,2,0,2
8539,Customer_8539,26,Female,Houston,2023-03-30,665.05,5.0,10.0,665.05,133.01,2,1,2
8540,Customer_8540,37,Male,Los Angeles,2023-05-12,801.56,6.0,9.0,801.56,133.59333333333333,2,1,2
8541,Customer_8541,36,Female,Los Angeles,2021-07-29,206.86,1.0,2.0,206.86,206.86,0,1,0
8542,Customer_8542,46,Male,Phoenix,2021-04-20,626.87,4.0,7.0,626.87,156.7175,2,1,2
8543,Customer_8543,47,Male,New York,2021-11-26,326.73,3.0,4.0,326.73,108.91000000000001,0,1,0
8544,Customer_8544,35,Female,Phoenix,2021-05-22,1204.82,5.0,16.0,1204.82,240.964,2,0,2
8545,Customer_8545,38,Female,New York,2022-11-07,0.0,0.0,0.0,0.0,0.0,0,1,0
8546,Customer_8546,39,Female,Houston,2021-03-28,92.9,1.0,2.0,92.9,92.9,0,1,0
8547,Customer_8547,18,Male,Chicago,2021-05-20,872.25,1.0,5.0,872.25,872.25,2,0,2
8548,Customer_8548,18,Female,Chicago,2022-11-05,643.31,6.0,11.0,643.31,107.21833333333332,2,1,2
8549,Customer_8549,28,Female,Phoenix,2021-01-26,287.54,4.0,9.0,287.54,71.885,0,1,0
8550,Customer_8550,29,Female,New York,2022-10-08,410.52,3.0,8.0,410.52000000000004,136.84,2,1,2
8551,Customer_8551,22,Female,Los Angeles,2023-06-30,25.23,1.0,1.0,25.23,25.23,0,1,0
8552,Customer_8552,43,Male,Chicago,2021-12-28,103.98,1.0,1.0,103.98,103.98,0,1,0
8553,Customer_8553,35,Male,Houston,2021-12-26,0.0,0.0,0.0,0.0,0.0,0,1,0
8554,Customer_8554,33,Female,New York,2023-09-23,216.17,3.0,5.0,216.17000000000002,72.05666666666667,0,1,0
8555,Customer_8555,21,Male,Houston,2021-03-18,0.0,0.0,0.0,0.0,0.0,0,1,0
8556,Customer_8556,35,Male,Los Angeles,2021-04-05,495.31,3.0,4.0,495.31,165.10333333333332,2,1,2
8557,Customer_8557,18,Female,New York,2023-08-15,838.07,5.0,7.0,838.0699999999999,167.61399999999998,2,1,2
8558,Customer_8558,33,Female,Houston,2023-09-24,359.7,2.0,3.0,359.7,179.85,0,1,0
8559,Customer_8559,36,Male,New York,2021-08-06,957.64,8.0,14.0,957.64,119.705,2,0,2
8560,Customer_8560,38,Male,Chicago,2022-01-03,999.74,4.0,9.0,999.74,249.935,2,1,2
8561,Customer_8561,18,Female,New York,2021-02-21,1099.08,9.0,14.0,1099.08,122.11999999999999,2,0,2
8562,Customer_8562,37,Female,Los Angeles,2022-11-18,0.0,0.0,0.0,0.0,0.0,0,1,0
8563,Customer_8563,24,Female,Chicago,2023-04-05,244.72,1.0,2.0,244.72,244.72,2,1,2
8564,Customer_8564,26,Male,Chicago,2021-02-02,442.2,6.0,8.0,442.20000000000005,73.7,0,1,0
8565,Customer_8565,43,Female,Los Angeles,2023-05-22,281.08,3.0,7.0,281.08,93.69333333333333,0,1,0
8566,Customer_8566,57,Female,Los Angeles,2022-10-06,1353.49,9.0,17.0,1353.49,150.38777777777779,1,0,1
8567,Customer_8567,36,Male,New York,2022-03-01,1189.2,7.0,15.0,1189.1999999999998,169.88571428571427,2,0,2
8568,Customer_8568,26,Male,Los Angeles,2023-02-26,818.83,7.0,11.0,818.83,116.97571428571429,2,0,2
8569,Customer_8569,37,Female,Phoenix,2023-10-28,1691.8,8.0,19.0,1691.8,211.475,1,0,1
8570,Customer_8570,45,Female,Phoenix,2022-05-10,1317.25,6.0,11.0,1317.2500000000002,219.5416666666667,2,0,2
8571,Customer_8571,42,Male,New York,2023-01-09,700.44,3.0,6.0,700.4399999999999,233.48,2,1,2
8572,Customer_8572,65,Female,New York,2023-02-06,1318.27,7.0,10.0,1318.27,188.3242857142857,2,0,2
8573,Customer_8573,27,Female,Phoenix,2022-11-27,1047.84,5.0,8.0,1047.84,209.56799999999998,2,1,2
8574,Customer_8574,38,Male,Chicago,2021-07-18,1425.98,8.0,12.0,1425.98,178.2475,2,0,2
8575,Customer_8575,52,Female,Chicago,2022-12-16,449.24,2.0,7.0,449.24,224.62,2,1,2
8576,Customer_8576,51,Male,Houston,2022-03-11,309.8,2.0,4.0,309.8,154.9,0,1,0
8577,Customer_8577,18,Male,Los Angeles,2021-10-15,2053.69,7.0,15.0,2053.69,293.38428571428574,1,0,1
8578,Customer_8578,35,Female,Chicago,2022-12-20,1184.71,10.0,14.0,1184.71,118.471,1,0,1
8579,Customer_8579,51,Female,Phoenix,2022-07-21,790.38,5.0,12.0,790.38,158.076,2,1,2
8580,Customer_8580,67,Male,Houston,2023-03-22,226.77,2.0,3.0,226.76999999999998,113.38499999999999,0,1,0
8581,Customer_8581,43,Male,New York,2022-02-12,852.36,3.0,8.0,852.36,284.12,2,1,2
8582,Customer_8582,31,Male,New York,2023-07-06,0.0,0.0,0.0,0.0,0.0,0,1,0
8583,Customer_8583,24,Male,New York,2023-06-29,284.61,2.0,3.0,284.61,142.305,0,1,0
8584,Customer_8584,59,Female,Houston,2022-12-18,60.27,1.0,3.0,60.269999999999996,60.269999999999996,0,1,0
8585,Customer_8585,43,Male,Los Angeles,2023-04-05,215.48,3.0,3.0,215.48000000000002,71.82666666666667,0,1,0
8586,Customer_8586,26,Female,New York,2023-10-23,92.2,1.0,2.0,92.2,92.2,0,1,0
8587,Customer_8587,33,Female,Phoenix,2021-07-04,468.61,3.0,7.0,468.61,156.20333333333335,2,1,2
8588,Customer_8588,38,Female,New York,2022-11-05,234.32,1.0,4.0,234.32,234.32,2,1,2
8589,Customer_8589,41,Female,New York,2022-08-25,187.14,1.0,2.0,187.14,187.14,0,1,0
8590,Customer_8590,25,Male,New York,2023-02-02,358.81,4.0,6.0,358.81,89.7025,0,1,0
8591,Customer_8591,28,Female,New York,2021-01-22,730.01,8.0,11.0,730.01,91.25125,2,0,2
8592,Customer_8592,18,Female,Los Angeles,2021-07-31,0.0,0.0,0.0,0.0,0.0,0,1,0
8593,Customer_8593,46,Female,Phoenix,2022-04-22,942.65,3.0,11.0,942.65,314.21666666666664,2,1,2
8594,Customer_8594,31,Male,Phoenix,2022-04-11,0.0,0.0,0.0,0.0,0.0,0,1,0
8595,Customer_8595,40,Male,Los Angeles,2023-09-16,0.0,0.0,0.0,0.0,0.0,0,1,0
8596,Customer_8596,51,Female,Los Angeles,2021-06-21,263.96,1.0,2.0,263.96,263.96,2,1,2
8597,Customer_8597,37,Female,Chicago,2022-11-06,471.99,6.0,14.0,471.99,78.665,2,1,2
8598,Customer_8598,34,Female,New York,2023-03-08,1355.8,6.0,12.0,1355.8,225.96666666666667,2,0,2
8599,Customer_8599,37,Male,New York,2021-09-01,2075.98,11.0,22.0,2075.98,188.72545454545454,1,0,1
8600,Customer_8600,36,Male,Phoenix,2022-02-25,433.54,3.0,4.0,433.54,144.51333333333335,0,1,0
8601,Customer_8601,49,Male,New York,2022-01-14,199.56,2.0,4.0,199.56,99.78,0,1,0
8602,Customer_8602,38,Male,New York,2021-12-07,635.2,3.0,7.0,635.2,211.73333333333335,2,1,2
8603,Customer_8603,29,Female,Chicago,2023-08-12,0.0,0.0,0.0,0.0,0.0,0,1,0
8604,Customer_8604,47,Male,Chicago,2022-11-02,433.15,4.0,9.0,433.15,108.2875,2,1,2
8605,Customer_8605,49,Male,New York,2021-05-03,34.02,1.0,1.0,34.02,34.02,0,1,0
8606,Customer_8606,20,Female,New York,2023-05-22,440.19,3.0,4.0,440.19000000000005,146.73000000000002,0,1,0
8607,Customer_8607,52,Female,Los Angeles,2022-03-10,168.57,2.0,2.0,168.57,84.285,0,1,0
8608,Customer_8608,39,Male,Houston,2021-07-07,849.43,3.0,7.0,849.43,283.1433333333333,2,1,2
8609,Customer_8609,38,Male,New York,2023-11-04,265.75,3.0,4.0,265.75,88.58333333333333,0,1,0
8610,Customer_8610,46,Female,Los Angeles,2021-03-11,2229.0,11.0,23.0,2229.0,202.63636363636363,1,0,1
8611,Customer_8611,29,Male,Chicago,2022-10-13,1116.37,8.0,12.0,1116.37,139.54625,2,0,2
8612,Customer_8612,45,Male,Phoenix,2023-04-17,610.37,5.0,8.0,610.37,122.074,2,1,2
8613,Customer_8613,31,Female,Los Angeles,2022-08-14,280.08,3.0,3.0,280.08,93.36,0,1,0
8614,Customer_8614,19,Female,New York,2021-11-14,763.45,6.0,12.0,763.4499999999999,127.24166666666666,2,1,2
8615,Customer_8615,24,Female,Chicago,2022-03-13,164.04,1.0,2.0,164.04,164.04,0,1,0
8616,Customer_8616,41,Male,Houston,2021-08-15,91.04,1.0,2.0,91.04,91.04,0,1,0
8617,Customer_8617,25,Female,New York,2021-06-29,810.32,2.0,5.0,810.32,405.16,2,1,2
8618,Customer_8618,53,Female,Los Angeles,2022-06-20,922.77,5.0,12.0,922.77,184.554,2,0,2
8619,Customer_8619,48,Female,New York,2021-09-27,20.42,1.0,1.0,20.42,20.42,0,1,0
8620,Customer_8620,50,Male,New York,2023-08-04,166.76,3.0,4.0,166.76,55.586666666666666,0,1,0
8621,Customer_8621,36,Female,Chicago,2022-10-21,393.16,2.0,4.0,393.15999999999997,196.57999999999998,2,1,2
8622,Customer_8622,38,Female,Los Angeles,2021-10-12,0.0,0.0,0.0,0.0,0.0,0,1,0
8623,Customer_8623,22,Female,Houston,2023-11-12,1431.82,8.0,17.0,1431.82,178.9775,1,0,1
8624,Customer_8624,46,Male,Chicago,2021-01-02,431.34,4.0,7.0,431.34000000000003,107.83500000000001,0,1,0
8625,Customer_8625,39,Male,Los Angeles,2021-04-13,242.93,2.0,8.0,242.92999999999998,121.46499999999999,0,1,0
8626,Customer_8626,41,Female,Los Angeles,2023-11-26,503.08,3.0,7.0,503.08000000000004,167.69333333333336,2,1,2
8627,Customer_8627,54,Male,Chicago,2021-10-01,954.3,8.0,12.0,954.3,119.2875,2,0,2
8628,Customer_8628,28,Male,New York,2023-12-11,171.51,2.0,3.0,171.51000000000002,85.75500000000001,0,1,0
8629,Customer_8629,34,Male,Phoenix,2023-06-15,696.73,2.0,8.0,696.73,348.365,2,1,2
8630,Customer_8630,39,Male,Phoenix,2021-01-17,0.0,0.0,0.0,0.0,0.0,0,1,0
8631,Customer_8631,25,Female,New York,2022-03-12,965.33,5.0,11.0,965.3299999999999,193.06599999999997,2,0,2
8632,Customer_8632,33,Female,New York,2023-05-08,2161.47,7.0,18.0,2161.47,308.78142857142853,1,0,1
8633,Customer_8633,40,Male,New York,2022-11-17,286.63,2.0,6.0,286.63000000000005,143.31500000000003,0,1,0
8634,Customer_8634,31,Male,Chicago,2021-09-20,77.56,1.0,2.0,77.56,77.56,0,1,0
8635,Customer_8635,49,Male,Chicago,2022-01-29,612.76,1.0,4.0,612.76,612.76,2,1,2
8636,Customer_8636,18,Female,Houston,2021-07-27,580.65,3.0,5.0,580.65,193.54999999999998,2,1,2
8637,Customer_8637,47,Male,Houston,2023-03-19,57.4,1.0,1.0,57.4,57.4,0,1,0
8638,Customer_8638,42,Male,Los Angeles,2022-04-10,421.51,3.0,4.0,421.51,140.50333333333333,0,1,0
8639,Customer_8639,29,Female,Chicago,2021-12-24,953.31,6.0,11.0,953.31,158.885,2,0,2
8640,Customer_8640,25,Female,Houston,2021-12-20,2627.72,13.0,34.0,2627.72,202.13230769230768,1,0,1
8641,Customer_8641,18,Male,Chicago,2022-01-11,1402.71,6.0,12.0,1402.71,233.785,2,0,2
8642,Customer_8642,26,Male,Chicago,2023-09-16,2373.87,13.0,29.0,2373.87,182.6053846153846,1,0,1
8643,Customer_8643,47,Female,Chicago,2021-01-18,705.41,2.0,5.0,705.41,352.705,2,1,2
8644,Customer_8644,34,Male,Chicago,2022-12-17,1222.12,4.0,10.0,1222.12,305.53,2,0,2
8645,Customer_8645,48,Female,Chicago,2022-04-30,979.41,2.0,6.0,979.4100000000001,489.70500000000004,2,1,2
8646,Customer_8646,28,Female,Chicago,2023-10-23,554.65,6.0,9.0,554.65,92.44166666666666,2,1,2
8647,Customer_8647,43,Male,Houston,2023-08-08,274.74,3.0,4.0,274.74,91.58,0,1,0
8648,Customer_8648,27,Male,Chicago,2022-01-11,94.46,2.0,2.0,94.46000000000001,47.230000000000004,0,1,0
8649,Customer_8649,24,Male,Chicago,2023-07-03,756.86,7.0,14.0,756.86,108.12285714285714,2,0,2
8650,Customer_8650,34,Male,Houston,2022-07-20,958.66,6.0,14.0,958.6600000000001,159.77666666666667,2,0,2
8651,Customer_8651,28,Female,Los Angeles,2023-05-15,484.07,5.0,6.0,484.07,96.814,0,1,0
8652,Customer_8652,18,Male,New York,2022-09-04,1367.24,8.0,18.0,1367.24,170.905,1,0,1
8653,Customer_8653,33,Female,New York,2023-11-29,159.34,2.0,2.0,159.34,79.67,0,1,0
8654,Customer_8654,36,Female,Chicago,2022-03-12,761.35,6.0,7.0,761.35,126.89166666666667,2,1,2
8655,Customer_8655,49,Female,Chicago,2022-10-10,686.48,3.0,8.0,686.48,228.82666666666668,2,1,2
8656,Customer_8656,45,Female,Phoenix,2021-12-28,700.29,2.0,7.0,700.2900000000001,350.14500000000004,2,1,2
8657,Customer_8657,48,Female,Los Angeles,2022-07-16,604.23,7.0,12.0,604.23,86.31857142857143,2,1,2
8658,Customer_8658,43,Female,Los Angeles,2021-03-24,613.83,5.0,7.0,613.83,122.766,2,1,2
8659,Customer_8659,39,Female,New York,2023-11-17,266.1,1.0,2.0,266.1,266.1,2,1,2
8660,Customer_8660,21,Female,New York,2021-01-21,595.8,4.0,9.0,595.8,148.95,2,1,2
8661,Customer_8661,37,Male,Houston,2023-12-05,427.47,3.0,5.0,427.46999999999997,142.48999999999998,0,1,0
8662,Customer_8662,42,Female,New York,2023-08-12,418.54,2.0,3.0,418.54,209.27,2,1,2
8663,Customer_8663,51,Female,Chicago,2022-11-25,715.06,5.0,9.0,715.06,143.012,2,1,2
8664,Customer_8664,43,Male,Houston,2023-03-09,319.96,1.0,2.0,319.96,319.96,2,1,2
8665,Customer_8665,49,Male,Chicago,2022-04-24,242.87,3.0,5.0,242.87,80.95666666666666,0,1,0
8666,Customer_8666,24,Male,Phoenix,2023-05-13,160.22,1.0,1.0,160.22,160.22,0,1,0
8667,Customer_8667,31,Female,Los Angeles,2022-10-18,801.1,2.0,6.0,801.0999999999999,400.54999999999995,2,1,2
8668,Customer_8668,40,Male,Los Angeles,2023-02-02,927.25,4.0,7.0,927.25,231.8125,2,1,2
8669,Customer_8669,48,Female,Phoenix,2022-09-10,403.44,3.0,8.0,403.44,134.48,2,1,2
8670,Customer_8670,33,Female,Phoenix,2022-12-12,127.78,1.0,2.0,127.78,127.78,0,1,0
8671,Customer_8671,34,Female,New York,2021-12-03,1192.04,3.0,11.0,1192.04,397.34666666666664,2,0,2
8672,Customer_8672,43,Male,New York,2023-02-07,63.63,1.0,1.0,63.63,63.63,0,1,0
8673,Customer_8673,23,Female,New York,2023-03-30,50.76,1.0,2.0,50.76,50.76,0,1,0
8674,Customer_8674,53,Female,Los Angeles,2022-01-20,1793.44,10.0,25.0,1793.44,179.344,1,0,1
8675,Customer_8675,25,Female,Phoenix,2023-10-18,337.51,4.0,6.0,337.51,84.3775,0,1,0
8676,Customer_8676,18,Male,Chicago,2023-12-14,1362.05,7.0,19.0,1362.05,194.57857142857142,1,0,1
8677,Customer_8677,35,Male,Los Angeles,2022-08-15,1985.7,8.0,22.0,1985.7,248.2125,1,0,1
8678,Customer_8678,54,Female,Phoenix,2023-04-11,122.38,1.0,2.0,122.38,122.38,0,1,0
8679,Customer_8679,41,Male,Los Angeles,2023-12-18,301.88,2.0,3.0,301.88,150.94,0,1,0
8680,Customer_8680,43,Male,Los Angeles,2022-05-18,610.95,7.0,16.0,610.95,87.27857142857144,2,0,2
8681,Customer_8681,35,Male,Phoenix,2021-07-08,1843.37,9.0,18.0,1843.37,204.81888888888886,1,0,1
8682,Customer_8682,33,Female,Houston,2023-05-20,311.61,1.0,3.0,311.61,311.61,2,1,2
8683,Customer_8683,18,Male,Houston,2022-08-02,85.11,1.0,1.0,85.11,85.11,0,1,0
8684,Customer_8684,18,Female,Chicago,2023-03-10,1806.82,15.0,26.0,1806.82,120.45466666666667,1,0,1
8685,Customer_8685,37,Male,Houston,2021-05-11,1133.31,7.0,20.0,1133.31,161.90142857142857,1,0,1
8686,Customer_8686,49,Female,New York,2022-11-09,788.42,4.0,7.0,788.42,197.105,2,1,2
8687,Customer_8687,39,Female,Chicago,2023-08-07,2114.77,7.0,17.0,2114.77,302.11,1,0,1
8688,Customer_8688,42,Female,Phoenix,2021-06-01,212.28,2.0,6.0,212.28,106.14,0,1,0
8689,Customer_8689,52,Male,Los Angeles,2023-07-11,310.27,4.0,5.0,310.27,77.5675,0,1,0
8690,Customer_8690,39,Female,Houston,2022-12-14,1757.68,10.0,17.0,1757.68,175.768,1,0,1
8691,Customer_8691,34,Male,Chicago,2023-03-16,658.8,7.0,11.0,658.8,94.11428571428571,2,1,2
8692,Customer_8692,26,Female,New York,2022-03-08,1166.62,4.0,13.0,1166.6200000000001,291.65500000000003,2,0,2
8693,Customer_8693,57,Male,Houston,2021-01-28,1925.71,12.0,25.0,1925.71,160.47583333333333,1,0,1
8694,Customer_8694,41,Male,New York,2021-12-21,1612.54,11.0,21.0,1612.54,146.59454545454545,1,0,1
8695,Customer_8695,25,Male,Chicago,2022-11-09,74.42,1.0,1.0,74.42,74.42,0,1,0
8696,Customer_8696,22,Male,New York,2021-05-16,434.0,3.0,5.0,434.00000000000006,144.66666666666669,0,1,0
8697,Customer_8697,49,Male,Phoenix,2023-12-28,602.9,4.0,6.0,602.9,150.725,2,1,2
8698,Customer_8698,24,Female,Los Angeles,2021-06-03,177.25,1.0,1.0,177.25,177.25,0,1,0
8699,Customer_8699,55,Male,New York,2021-11-22,1131.85,5.0,13.0,1131.85,226.36999999999998,2,0,2
8700,Customer_8700,18,Female,New York,2023-03-27,99.84,1.0,1.0,99.84,99.84,0,1,0
8701,Customer_8701,51,Male,Phoenix,2021-04-18,0.0,0.0,0.0,0.0,0.0,0,1,0
8702,Customer_8702,40,Male,Houston,2023-12-06,165.66,1.0,1.0,165.66,165.66,0,1,0
8703,Customer_8703,36,Female,Houston,2022-03-30,0.0,0.0,0.0,0.0,0.0,0,1,0
8704,Customer_8704,33,Female,Chicago,2021-11-19,1554.99,5.0,15.0,1554.99,310.998,2,0,2
8705,Customer_8705,56,Female,Chicago,2021-10-12,170.52,3.0,5.0,170.52,56.84,0,1,0
8706,Customer_8706,43,Male,New York,2022-10-12,0.0,0.0,0.0,0.0,0.0,0,1,0
8707,Customer_8707,25,Male,Chicago,2023-01-19,0.0,0.0,0.0,0.0,0.0,0,1,0
8708,Customer_8708,18,Male,New York,2022-03-25,573.39,4.0,5.0,573.39,143.3475,2,1,2
8709,Customer_8709,37,Male,Phoenix,2021-11-17,512.21,6.0,13.0,512.21,85.36833333333334,2,1,2
8710,Customer_8710,35,Male,Houston,2021-10-05,209.95,2.0,2.0,209.95,104.975,0,1,0
8711,Customer_8711,18,Female,Los Angeles,2022-09-04,188.21,3.0,4.0,188.21,62.73666666666667,0,1,0
8712,Customer_8712,34,Female,New York,2023-11-04,448.43,5.0,10.0,448.43,89.686,2,1,2
8713,Customer_8713,29,Male,Houston,2022-02-18,2265.39,13.0,19.0,2265.39,174.26076923076923,1,0,1
8714,Customer_8714,35,Male,New York,2022-05-09,1263.9,5.0,11.0,1263.9,252.78000000000003,2,0,2
8715,Customer_8715,43,Male,New York,2021-02-16,50.97,2.0,3.0,50.97,25.485,0,1,0
8716,Customer_8716,51,Female,New York,2022-10-18,908.85,4.0,8.0,908.85,227.2125,2,1,2
8717,Customer_8717,45,Female,Chicago,2023-02-08,84.63,1.0,1.0,84.63,84.63,0,1,0
8718,Customer_8718,27,Female,Houston,2022-03-08,0.0,0.0,0.0,0.0,0.0,0,1,0
8719,Customer_8719,39,Female,Los Angeles,2023-08-14,1443.53,10.0,16.0,1443.53,144.353,1,0,1
8720,Customer_8720,36,Female,New York,2022-01-12,0.0,0.0,0.0,0.0,0.0,0,1,0
8721,Customer_8721,20,Male,Los Angeles,2023-11-14,524.81,2.0,5.0,524.8100000000001,262.40500000000003,2,1,2
8722,Customer_8722,39,Female,Houston,2023-06-28,450.9,2.0,4.0,450.9,225.45,2,1,2
8723,Customer_8723,55,Male,New York,2021-11-21,1988.25,11.0,28.0,1988.25,180.75,1,0,1
8724,Customer_8724,35,Female,New York,2021-11-12,499.14,2.0,6.0,499.14,249.57,2,1,2
8725,Customer_8725,18,Male,Phoenix,2021-08-09,1623.54,7.0,16.0,1623.54,231.93428571428572,1,0,1
8726,Customer_8726,35,Female,Phoenix,2021-08-02,496.92,5.0,7.0,496.91999999999996,99.38399999999999,2,1,2
8727,Customer_8727,22,Female,Phoenix,2023-04-25,267.68,2.0,2.0,267.68,133.84,0,1,0
8728,Customer_8728,44,Female,Houston,2022-01-20,747.15,5.0,12.0,747.15,149.43,2,1,2
8729,Customer_8729,41,Male,New York,2023-10-25,470.15,4.0,9.0,470.15,117.5375,2,1,2
8730,Customer_8730,33,Male,New York,2023-05-27,0.0,0.0,0.0,0.0,0.0,0,1,0
8731,Customer_8731,31,Female,Los Angeles,2022-10-15,1566.28,4.0,11.0,1566.28,391.57,2,0,2
8732,Customer_8732,33,Female,Los Angeles,2021-10-14,359.16,1.0,2.0,359.16,359.16,2,1,2
8733,Customer_8733,35,Male,Phoenix,2022-01-19,894.3,7.0,9.0,894.3000000000001,127.75714285714287,2,1,2
8734,Customer_8734,27,Female,Houston,2023-10-15,955.91,4.0,9.0,955.91,238.9775,2,1,2
8735,Customer_8735,20,Female,Houston,2023-04-27,662.46,5.0,6.0,662.46,132.49200000000002,2,1,2
8736,Customer_8736,48,Male,New York,2022-06-01,720.46,6.0,13.0,720.46,120.07666666666667,2,1,2
8737,Customer_8737,31,Male,Phoenix,2021-05-07,157.98,3.0,3.0,157.98,52.66,0,1,0
8738,Customer_8738,37,Female,Houston,2023-12-05,0.0,0.0,0.0,0.0,0.0,0,1,0
8739,Customer_8739,38,Female,New York,2022-09-15,0.0,0.0,0.0,0.0,0.0,0,1,0
8740,Customer_8740,39,Male,Phoenix,2021-10-17,0.0,0.0,0.0,0.0,0.0,0,1,0
8741,Customer_8741,22,Female,Los Angeles,2022-11-28,1848.39,8.0,17.0,1848.3899999999999,231.04874999999998,1,0,1
8742,Customer_8742,18,Female,New York,2021-06-06,120.93,2.0,3.0,120.93,60.465,0,1,0
8743,Customer_8743,29,Male,Chicago,2022-02-10,875.52,5.0,11.0,875.52,175.10399999999998,2,1,2
8744,Customer_8744,39,Male,Chicago,2023-05-27,585.53,2.0,6.0,585.53,292.765,2,1,2
8745,Customer_8745,27,Female,New York,2023-11-13,781.67,6.0,14.0,781.6700000000001,130.27833333333334,2,0,2
8746,Customer_8746,31,Male,Los Angeles,2021-07-16,443.36,3.0,6.0,443.36,147.78666666666666,2,1,2
8747,Customer_8747,58,Male,Phoenix,2022-04-24,372.19,3.0,5.0,372.19,124.06333333333333,0,1,0
8748,Customer_8748,18,Female,Houston,2021-10-12,103.56,1.0,3.0,103.56,103.56,0,1,0
8749,Customer_8749,27,Male,Houston,2021-11-04,156.12,1.0,1.0,156.12,156.12,0,1,0
8750,Customer_8750,56,Female,New York,2021-12-11,1023.52,5.0,10.0,1023.52,204.704,2,0,2
8751,Customer_8751,35,Female,New York,2023-10-18,173.3,2.0,2.0,173.3,86.65,0,1,0
8752,Customer_8752,27,Male,Los Angeles,2023-09-18,1352.13,5.0,13.0,1352.1299999999999,270.426,2,0,2
8753,Customer_8753,48,Female,New York,2022-02-02,0.0,0.0,0.0,0.0,0.0,0,1,0
8754,Customer_8754,36,Female,New York,2023-02-24,567.84,3.0,8.0,567.84,189.28,2,1,2
8755,Customer_8755,31,Female,New York,2023-03-07,865.1,6.0,14.0,865.1,144.18333333333334,2,0,2
8756,Customer_8756,37,Female,Chicago,2022-09-28,684.92,4.0,10.0,684.92,171.23,2,1,2
8757,Customer_8757,28,Male,Los Angeles,2022-03-26,273.23,2.0,4.0,273.23,136.615,0,1,0
8758,Customer_8758,24,Male,Houston,2023-02-11,888.23,6.0,10.0,888.2299999999999,148.03833333333333,2,1,2
8759,Customer_8759,34,Male,New York,2022-11-12,1191.12,6.0,11.0,1191.12,198.51999999999998,2,0,2
8760,Customer_8760,24,Female,Los Angeles,2022-07-02,2802.37,17.0,31.0,2802.37,164.84529411764706,1,0,1
8761,Customer_8761,35,Female,New York,2021-08-17,129.79,1.0,1.0,129.79,129.79,0,1,0
8762,Customer_8762,39,Female,Chicago,2021-09-01,0.0,0.0,0.0,0.0,0.0,0,1,0
8763,Customer_8763,44,Female,New York,2021-03-06,0.0,0.0,0.0,0.0,0.0,0,1,0
8764,Customer_8764,47,Female,Phoenix,2023-08-04,90.19,2.0,2.0,90.19,45.095,0,1,0
8765,Customer_8765,31,Male,Houston,2023-10-24,172.79,2.0,2.0,172.79,86.395,0,1,0
8766,Customer_8766,40,Male,Chicago,2023-11-27,1305.5,6.0,14.0,1305.5,217.58333333333334,2,0,2
8767,Customer_8767,40,Male,New York,2023-09-29,249.47,4.0,8.0,249.47000000000003,62.36750000000001,0,1,0
8768,Customer_8768,39,Female,Chicago,2021-01-03,367.41,2.0,5.0,367.40999999999997,183.70499999999998,2,1,2
8769,Customer_8769,30,Male,Houston,2023-08-13,862.88,5.0,7.0,862.88,172.576,2,1,2
8770,Customer_8770,24,Female,New York,2021-05-23,752.24,4.0,9.0,752.24,188.06,2,1,2
8771,Customer_8771,41,Female,Chicago,2023-12-16,1658.13,8.0,17.0,1658.1299999999999,207.26624999999999,1,0,1
8772,Customer_8772,18,Male,Houston,2021-03-02,398.51,3.0,4.0,398.51,132.83666666666667,0,1,0
8773,Customer_8773,32,Male,Houston,2021-03-09,331.04,4.0,5.0,331.04,82.76,0,1,0
8774,Customer_8774,18,Female,Houston,2021-03-20,1657.67,9.0,24.0,1657.67,184.18555555555557,1,0,1
8775,Customer_8775,20,Female,Phoenix,2022-01-02,251.8,2.0,3.0,251.8,125.9,0,1,0
8776,Customer_8776,25,Female,Phoenix,2023-08-16,828.02,7.0,11.0,828.02,118.28857142857143,2,0,2
8777,Customer_8777,47,Male,Los Angeles,2022-06-10,382.64,3.0,5.0,382.64,127.54666666666667,0,1,0
8778,Customer_8778,43,Female,Chicago,2022-01-25,227.18,2.0,4.0,227.18,113.59,0,1,0
8779,Customer_8779,29,Male,Houston,2022-06-05,1523.4,6.0,12.0,1523.4,253.9,2,0,2
8780,Customer_8780,43,Female,Houston,2021-09-10,487.05,4.0,8.0,487.05,121.7625,2,1,2
8781,Customer_8781,45,Female,Phoenix,2021-01-03,587.8,6.0,9.0,587.8,97.96666666666665,2,1,2
8782,Customer_8782,33,Female,New York,2022-11-27,346.07,4.0,7.0,346.07,86.5175,0,1,0
8783,Customer_8783,20,Female,Los Angeles,2021-02-15,244.49,4.0,5.0,244.49,61.1225,0,1,0
8784,Customer_8784,33,Female,Los Angeles,2022-10-15,659.49,2.0,9.0,659.49,329.745,2,1,2
8785,Customer_8785,34,Male,Los Angeles,2022-06-09,0.0,0.0,0.0,0.0,0.0,0,1,0
8786,Customer_8786,21,Male,New York,2022-02-22,193.05,2.0,4.0,193.05,96.525,0,1,0
8787,Customer_8787,39,Male,Houston,2023-09-29,156.89,2.0,2.0,156.89,78.445,0,1,0
8788,Customer_8788,38,Male,New York,2023-12-03,0.0,0.0,0.0,0.0,0.0,0,1,0
8789,Customer_8789,40,Male,Houston,2023-06-15,166.15,2.0,3.0,166.15,83.075,0,1,0
8790,Customer_8790,38,Male,Houston,2022-11-27,448.55,5.0,7.0,448.55,89.71000000000001,0,1,0
8791,Customer_8791,43,Male,Los Angeles,2022-07-13,282.62,2.0,2.0,282.62,141.31,0,1,0
8792,Customer_8792,33,Female,Los Angeles,2023-07-20,0.0,0.0,0.0,0.0,0.0,0,1,0
8793,Customer_8793,37,Female,Chicago,2022-08-18,759.82,8.0,12.0,759.8199999999999,94.97749999999999,2,0,2
8794,Customer_8794,31,Female,Houston,2023-05-17,1856.61,11.0,22.0,1856.61,168.78272727272727,1,0,1
8795,Customer_8795,29,Female,Phoenix,2022-01-19,699.42,3.0,7.0,699.4200000000001,233.14000000000001,2,1,2
8796,Customer_8796,50,Female,Phoenix,2021-08-05,1849.03,11.0,22.0,1849.03,168.09363636363636,1,0,1
8797,Customer_8797,18,Male,Phoenix,2023-04-13,276.82,2.0,3.0,276.82,138.41,0,1,0
8798,Customer_8798,45,Female,Chicago,2023-03-17,1009.65,8.0,13.0,1009.65,126.20625,2,0,2
8799,Customer_8799,28,Female,Phoenix,2023-11-23,1829.26,9.0,21.0,1829.26,203.2511111111111,1,0,1
8800,Customer_8800,27,Male,Houston,2023-02-20,0.0,0.0,0.0,0.0,0.0,0,1,0
8801,Customer_8801,38,Female,Phoenix,2021-08-04,697.51,4.0,6.0,697.51,174.3775,2,1,2
8802,Customer_8802,19,Female,New York,2021-04-11,494.3,3.0,3.0,494.3,164.76666666666668,2,1,2
8803,Customer_8803,26,Female,Phoenix,2022-04-15,944.15,4.0,11.0,944.15,236.0375,2,1,2
8804,Customer_8804,26,Female,Chicago,2021-06-29,708.47,6.0,12.0,708.47,118.07833333333333,2,1,2
8805,Customer_8805,33,Female,Houston,2022-10-01,538.24,6.0,8.0,538.24,89.70666666666666,2,1,2
8806,Customer_8806,26,Male,New York,2022-01-12,1524.06,10.0,16.0,1524.06,152.406,1,0,1
8807,Customer_8807,53,Male,Los Angeles,2022-11-12,270.4,1.0,5.0,270.4,270.4,2,1,2
8808,Customer_8808,55,Female,Los Angeles,2023-03-28,329.73,4.0,5.0,329.73,82.4325,0,1,0
8809,Customer_8809,18,Female,Los Angeles,2021-10-07,419.03,5.0,7.0,419.03000000000003,83.80600000000001,0,1,0
8810,Customer_8810,41,Female,New York,2023-04-29,0.0,0.0,0.0,0.0,0.0,0,1,0
8811,Customer_8811,44,Male,Houston,2023-01-23,569.89,4.0,9.0,569.89,142.4725,2,1,2
8812,Customer_8812,41,Female,New York,2021-09-07,166.16,1.0,2.0,166.16,166.16,0,1,0
8813,Customer_8813,28,Female,Los Angeles,2023-07-03,322.9,3.0,6.0,322.9,107.63333333333333,0,1,0
8814,Customer_8814,32,Male,New York,2023-02-12,828.22,8.0,13.0,828.22,103.5275,2,0,2
8815,Customer_8815,27,Female,Chicago,2022-10-03,1501.69,7.0,14.0,1501.69,214.52714285714288,2,0,2
8816,Customer_8816,30,Female,Los Angeles,2021-11-23,290.9,1.0,2.0,290.9,290.9,2,1,2
8817,Customer_8817,22,Female,Los Angeles,2023-06-09,0.0,0.0,0.0,0.0,0.0,0,1,0
8818,Customer_8818,34,Male,Chicago,2023-02-10,446.06,6.0,7.0,446.06,74.34333333333333,0,1,0
8819,Customer_8819,18,Male,Chicago,2022-01-12,2524.29,14.0,23.0,2524.29,180.30642857142857,1,0,1
8820,Customer_8820,33,Male,New York,2023-11-05,652.89,8.0,13.0,652.89,81.61125,2,0,2
8821,Customer_8821,21,Female,New York,2022-11-27,770.88,6.0,13.0,770.88,128.48,2,0,2
8822,Customer_8822,37,Male,New York,2022-04-26,909.8,4.0,12.0,909.8,227.45,2,1,2
8823,Customer_8823,28,Male,Phoenix,2023-11-06,401.16,4.0,9.0,401.15999999999997,100.28999999999999,0,1,0
8824,Customer_8824,38,Male,Los Angeles,2022-07-29,547.34,5.0,6.0,547.34,109.468,2,1,2
8825,Customer_8825,47,Female,Chicago,2022-04-30,1696.41,7.0,16.0,1696.4099999999999,242.3442857142857,1,0,1
8826,Customer_8826,52,Male,New York,2023-07-29,765.86,6.0,8.0,765.86,127.64333333333333,2,1,2
8827,Customer_8827,18,Female,Chicago,2021-09-14,0.0,0.0,0.0,0.0,0.0,0,1,0
8828,Customer_8828,26,Female,New York,2021-01-27,391.78,4.0,8.0,391.78,97.945,0,1,0
8829,Customer_8829,32,Male,New York,2023-11-15,572.84,3.0,7.0,572.8399999999999,190.94666666666663,2,1,2
8830,Customer_8830,40,Female,Los Angeles,2023-12-22,279.46,2.0,4.0,279.46,139.73,0,1,0
8831,Customer_8831,18,Male,Los Angeles,2021-08-21,21.35,1.0,1.0,21.35,21.35,0,1,0
8832,Customer_8832,24,Female,New York,2021-12-15,102.15,1.0,1.0,102.15,102.15,0,1,0
8833,Customer_8833,36,Female,Houston,2022-02-18,999.24,11.0,16.0,999.24,90.84,1,0,1
8834,Customer_8834,36,Male,Phoenix,2022-02-10,109.14,1.0,1.0,109.14,109.14,0,1,0
8835,Customer_8835,39,Male,Los Angeles,2023-08-17,536.12,5.0,10.0,536.12,107.224,2,1,2
8836,Customer_8836,40,Female,Chicago,2022-05-31,41.82,1.0,1.0,41.82,41.82,0,1,0
8837,Customer_8837,39,Female,Phoenix,2023-10-07,604.27,5.0,6.0,604.27,120.854,2,1,2
8838,Customer_8838,37,Male,Houston,2021-10-14,719.28,5.0,9.0,719.28,143.856,2,1,2
8839,Customer_8839,36,Female,Los Angeles,2021-11-03,72.74,1.0,2.0,72.74,72.74,0,1,0
8840,Customer_8840,42,Male,Houston,2022-07-16,390.93,2.0,4.0,390.93,195.465,2,1,2
8841,Customer_8841,18,Male,New York,2023-02-21,36.52,1.0,1.0,36.52,36.52,0,1,0
8842,Customer_8842,52,Female,Chicago,2023-10-29,364.52,2.0,3.0,364.52,182.26,0,1,0
8843,Customer_8843,18,Female,Los Angeles,2021-12-23,408.23,2.0,3.0,408.23,204.115,2,1,2
8844,Customer_8844,23,Female,New York,2022-08-04,0.0,0.0,0.0,0.0,0.0,0,1,0
8845,Customer_8845,33,Male,Los Angeles,2021-05-19,867.91,8.0,11.0,867.91,108.48875,2,0,2
8846,Customer_8846,42,Female,New York,2022-02-27,210.08,2.0,2.0,210.08,105.04,0,1,0
8847,Customer_8847,18,Female,Houston,2022-02-01,76.83,2.0,3.0,76.83,38.415,0,1,0
8848,Customer_8848,35,Female,Los Angeles,2023-04-12,314.97,2.0,2.0,314.97,157.485,0,1,0
8849,Customer_8849,44,Male,Chicago,2021-11-01,1538.04,8.0,15.0,1538.04,192.255,1,0,1
8850,Customer_8850,46,Female,New York,2023-11-09,688.78,3.0,6.0,688.78,229.59333333333333,2,1,2
8851,Customer_8851,27,Female,New York,2021-08-14,106.81,2.0,3.0,106.81,53.405,0,1,0
8852,Customer_8852,32,Male,Chicago,2023-05-01,898.56,4.0,8.0,898.56,224.64,2,1,2
8853,Customer_8853,28,Male,Phoenix,2022-05-10,166.44,1.0,4.0,166.44,166.44,0,1,0
8854,Customer_8854,31,Male,New York,2022-09-19,418.47,5.0,7.0,418.47,83.694,0,1,0
8855,Customer_8855,24,Female,Los Angeles,2021-11-23,661.25,7.0,11.0,661.25,94.46428571428571,2,1,2
8856,Customer_8856,25,Female,Phoenix,2022-05-20,712.36,10.0,11.0,712.36,71.236,2,0,2
8857,Customer_8857,40,Male,New York,2022-08-30,451.15,2.0,4.0,451.15,225.575,2,1,2
8858,Customer_8858,36,Female,Phoenix,2022-08-30,1551.32,8.0,12.0,1551.32,193.915,2,0,2
8859,Customer_8859,40,Male,Chicago,2023-10-01,814.82,5.0,10.0,814.8199999999999,162.964,2,1,2
8860,Customer_8860,37,Male,Los Angeles,2022-05-24,175.98,1.0,3.0,175.98,175.98,0,1,0
8861,Customer_8861,43,Female,Los Angeles,2022-10-19,1073.72,7.0,13.0,1073.72,153.38857142857142,2,0,2
8862,Customer_8862,45,Male,Los Angeles,2022-06-15,372.12,2.0,4.0,372.12,186.06,2,1,2
8863,Customer_8863,18,Male,Los Angeles,2021-02-06,1305.6,7.0,23.0,1305.6,186.5142857142857,1,0,1
8864,Customer_8864,26,Female,Phoenix,2021-11-10,143.14,2.0,2.0,143.14,71.57,0,1,0
8865,Customer_8865,32,Male,Houston,2021-08-08,0.0,0.0,0.0,0.0,0.0,0,1,0
8866,Customer_8866,35,Female,Chicago,2022-10-02,1186.53,8.0,13.0,1186.53,148.31625,2,0,2
8867,Customer_8867,28,Female,Houston,2022-02-08,877.67,4.0,10.0,877.67,219.4175,2,1,2
8868,Customer_8868,45,Female,Los Angeles,2022-04-24,2086.73,9.0,22.0,2086.73,231.85888888888888,1,0,1
8869,Customer_8869,57,Male,Chicago,2022-12-23,0.0,0.0,0.0,0.0,0.0,0,1,0
8870,Customer_8870,37,Male,Los Angeles,2023-07-26,271.12,2.0,4.0,271.12,135.56,0,1,0
8871,Customer_8871,36,Female,Houston,2023-04-04,230.35,3.0,5.0,230.35,76.78333333333333,0,1,0
8872,Customer_8872,44,Female,Los Angeles,2021-08-08,136.23,1.0,3.0,136.23,136.23,0,1,0
8873,Customer_8873,18,Male,Chicago,2022-01-02,0.0,0.0,0.0,0.0,0.0,0,1,0
8874,Customer_8874,35,Female,Phoenix,2023-09-11,505.5,1.0,5.0,505.5,505.5,2,1,2
8875,Customer_8875,46,Male,Los Angeles,2022-11-15,2333.02,13.0,26.0,2333.02,179.46307692307693,1,0,1
8876,Customer_8876,28,Female,New York,2023-08-27,1261.32,8.0,17.0,1261.3200000000002,157.66500000000002,1,0,1
8877,Customer_8877,22,Female,Chicago,2023-11-22,901.89,8.0,11.0,901.8900000000001,112.73625000000001,2,0,2
8878,Customer_8878,33,Female,Los Angeles,2023-10-16,1429.35,5.0,14.0,1429.35,285.87,2,0,2
8879,Customer_8879,34,Male,Houston,2023-12-14,169.96,1.0,1.0,169.96,169.96,0,1,0
8880,Customer_8880,25,Female,Phoenix,2022-02-27,397.96,3.0,4.0,397.96,132.65333333333334,0,1,0
8881,Customer_8881,58,Male,Chicago,2023-10-01,754.85,5.0,10.0,754.8499999999999,150.96999999999997,2,1,2
8882,Customer_8882,30,Female,Los Angeles,2021-08-22,671.64,3.0,6.0,671.64,223.88,2,1,2
8883,Customer_8883,22,Female,Chicago,2023-04-09,540.58,6.0,11.0,540.58,90.09666666666668,2,1,2
8884,Customer_8884,34,Female,New York,2023-01-13,600.49,4.0,12.0,600.49,150.1225,2,1,2
8885,Customer_8885,45,Male,Los Angeles,2023-09-14,876.02,9.0,15.0,876.02,97.33555555555556,2,0,2
8886,Customer_8886,35,Male,Phoenix,2023-05-29,0.0,0.0,0.0,0.0,0.0,0,1,0
8887,Customer_8887,40,Female,Chicago,2023-01-03,540.85,4.0,6.0,540.85,135.2125,2,1,2
8888,Customer_8888,25,Female,New York,2022-11-06,696.81,3.0,7.0,696.81,232.26999999999998,2,1,2
8889,Customer_8889,51,Female,New York,2022-10-17,378.23,3.0,6.0,378.23,126.07666666666667,0,1,0
8890,Customer_8890,41,Female,Houston,2021-09-15,569.01,3.0,5.0,569.01,189.67,2,1,2
8891,Customer_8891,47,Female,Houston,2023-09-29,190.96,2.0,2.0,190.95999999999998,95.47999999999999,0,1,0
8892,Customer_8892,39,Male,Houston,2022-09-16,1049.83,10.0,13.0,1049.83,104.98299999999999,2,0,2
8893,Customer_8893,44,Male,Los Angeles,2021-04-09,1898.48,6.0,17.0,1898.4800000000002,316.41333333333336,1,0,1
8894,Customer_8894,25,Female,Phoenix,2021-01-12,475.14,3.0,5.0,475.14,158.38,2,1,2
8895,Customer_8895,30,Female,Chicago,2023-03-24,178.12,2.0,2.0,178.12,89.06,0,1,0
8896,Customer_8896,50,Male,Houston,2021-06-28,1183.87,10.0,17.0,1183.8700000000001,118.38700000000001,1,0,1
8897,Customer_8897,52,Male,Chicago,2023-10-28,435.47,4.0,8.0,435.46999999999997,108.86749999999999,0,1,0
8898,Customer_8898,22,Female,New York,2021-06-01,905.38,5.0,12.0,905.38,181.076,2,0,2
8899,Customer_8899,38,Female,Phoenix,2023-04-15,309.28,2.0,4.0,309.28,154.64,0,1,0
8900,Customer_8900,30,Female,New York,2022-08-05,1422.28,10.0,18.0,1422.28,142.228,1,0,1
8901,Customer_8901,27,Female,Los Angeles,2022-07-19,959.75,8.0,12.0,959.75,119.96875,2,0,2
8902,Customer_8902,38,Female,Houston,2021-07-15,656.68,6.0,7.0,656.68,109.44666666666666,2,1,2
8903,Customer_8903,48,Female,Chicago,2021-11-21,1190.35,5.0,12.0,1190.35,238.07,2,0,2
8904,Customer_8904,40,Male,Houston,2022-04-27,692.98,2.0,5.0,692.98,346.49,2,1,2
8905,Customer_8905,31,Female,Chicago,2021-07-27,1487.86,12.0,24.0,1487.8600000000001,123.98833333333334,1,0,1
8906,Customer_8906,41,Female,Los Angeles,2023-07-25,1244.23,11.0,18.0,1244.23,113.11181818181818,1,0,1
8907,Customer_8907,31,Female,Phoenix,2023-08-15,759.56,6.0,11.0,759.56,126.59333333333332,2,1,2
8908,Customer_8908,40,Male,New York,2022-03-02,228.02,3.0,5.0,228.01999999999998,76.00666666666666,0,1,0
8909,Customer_8909,50,Male,Phoenix,2023-12-22,943.2,3.0,6.0,943.1999999999999,314.4,2,1,2
8910,Customer_8910,18,Female,New York,2022-07-21,1991.53,7.0,19.0,1991.53,284.5042857142857,1,0,1
8911,Customer_8911,44,Female,Houston,2022-09-10,1337.46,7.0,13.0,1337.46,191.06571428571428,2,0,2
8912,Customer_8912,18,Male,New York,2023-08-03,909.84,5.0,14.0,909.84,181.96800000000002,2,0,2
8913,Customer_8913,49,Female,Chicago,2023-06-06,794.41,4.0,9.0,794.4100000000001,198.60250000000002,2,1,2
8914,Customer_8914,28,Female,Phoenix,2023-07-18,0.0,0.0,0.0,0.0,0.0,0,1,0
8915,Customer_8915,22,Female,Chicago,2021-10-11,659.19,7.0,10.0,659.19,94.17,2,1,2
8916,Customer_8916,43,Female,Houston,2023-12-17,0.0,0.0,0.0,0.0,0.0,0,1,0
8917,Customer_8917,39,Female,Houston,2022-11-12,200.25,3.0,3.0,200.25,66.75,0,1,0
8918,Customer_8918,24,Male,Houston,2022-01-11,0.0,0.0,0.0,0.0,0.0,0,1,0
8919,Customer_8919,21,Male,Phoenix,2022-01-11,151.32,2.0,4.0,151.32,75.66,0,1,0
8920,Customer_8920,33,Female,Los Angeles,2023-02-11,229.47,2.0,2.0,229.46999999999997,114.73499999999999,0,1,0
8921,Customer_8921,22,Male,New York,2023-02-27,1247.37,3.0,13.0,1247.3700000000001,415.79,2,0,2
8922,Customer_8922,23,Female,New York,2022-01-08,180.04,2.0,4.0,180.04000000000002,90.02000000000001,0,1,0
8923,Customer_8923,36,Female,New York,2023-05-07,1371.17,10.0,16.0,1371.17,137.11700000000002,1,0,1
8924,Customer_8924,24,Male,New York,2021-09-01,559.9,8.0,12.0,559.9,69.9875,2,1,2
8925,Customer_8925,40,Male,Chicago,2023-02-01,617.76,8.0,10.0,617.76,77.22,2,1,2
8926,Customer_8926,51,Female,New York,2023-11-29,1157.71,8.0,14.0,1157.71,144.71375,2,0,2
8927,Customer_8927,33,Female,New York,2022-09-25,393.52,1.0,4.0,393.52,393.52,2,1,2
8928,Customer_8928,36,Male,New York,2021-03-27,203.42,2.0,3.0,203.42,101.71,0,1,0
8929,Customer_8929,57,Male,Houston,2021-04-09,272.68,2.0,4.0,272.68,136.34,0,1,0
8930,Customer_8930,22,Male,Chicago,2022-01-09,38.03,1.0,1.0,38.03,38.03,0,1,0
8931,Customer_8931,48,Female,Los Angeles,2023-01-28,131.33,2.0,4.0,131.32999999999998,65.66499999999999,0,1,0
8932,Customer_8932,47,Female,Phoenix,2022-09-17,668.62,4.0,8.0,668.62,167.155,2,1,2
8933,Customer_8933,44,Female,New York,2023-09-10,510.64,1.0,4.0,510.64,510.64,2,1,2
8934,Customer_8934,49,Female,Phoenix,2021-03-24,1143.47,6.0,14.0,1143.47,190.57833333333335,2,0,2
8935,Customer_8935,38,Male,Chicago,2021-01-01,625.41,4.0,6.0,625.41,156.3525,2,1,2
8936,Customer_8936,29,Female,New York,2022-03-13,484.92,2.0,7.0,484.9200000000001,242.46000000000004,2,1,2
8937,Customer_8937,47,Female,Houston,2022-11-17,1655.06,10.0,22.0,1655.06,165.506,1,0,1
8938,Customer_8938,47,Male,Houston,2021-09-07,0.0,0.0,0.0,0.0,0.0,0,1,0
8939,Customer_8939,47,Female,Los Angeles,2022-02-14,384.88,5.0,5.0,384.88,76.976,0,1,0
8940,Customer_8940,35,Female,Phoenix,2023-01-08,287.72,4.0,7.0,287.71999999999997,71.92999999999999,0,1,0
8941,Customer_8941,27,Male,New York,2022-05-05,2460.45,12.0,25.0,2460.45,205.0375,1,0,1
8942,Customer_8942,37,Male,Los Angeles,2021-08-27,436.78,3.0,7.0,436.78,145.59333333333333,2,1,2
8943,Customer_8943,45,Male,New York,2023-07-12,546.51,2.0,4.0,546.51,273.255,2,1,2
8944,Customer_8944,46,Female,New York,2022-06-24,648.2,5.0,9.0,648.2,129.64000000000001,2,1,2
8945,Customer_8945,30,Male,New York,2022-01-15,1690.21,8.0,21.0,1690.21,211.27625,1,0,1
8946,Customer_8946,38,Male,Phoenix,2023-03-10,233.87,2.0,4.0,233.87,116.935,0,1,0
8947,Customer_8947,21,Female,New York,2023-08-01,428.46,5.0,6.0,428.46000000000004,85.69200000000001,0,1,0
8948,Customer_8948,46,Female,Los Angeles,2022-11-26,1968.46,9.0,22.0,1968.46,218.71777777777777,1,0,1
8949,Customer_8949,26,Male,Chicago,2021-05-15,2034.23,12.0,24.0,2034.23,169.51916666666668,1,0,1
8950,Customer_8950,44,Female,Phoenix,2021-12-27,1154.87,9.0,16.0,1154.87,128.31888888888886,1,0,1
8951,Customer_8951,22,Male,Phoenix,2022-07-23,452.23,7.0,10.0,452.23,64.60428571428572,2,1,2
8952,Customer_8952,46,Female,Houston,2021-07-05,1302.45,8.0,20.0,1302.4499999999998,162.80624999999998,1,0,1
8953,Customer_8953,39,Female,Phoenix,2022-04-23,2051.84,9.0,22.0,2051.84,227.98222222222225,1,0,1
8954,Customer_8954,26,Female,Houston,2023-06-07,924.22,4.0,11.0,924.22,231.055,2,1,2
8955,Customer_8955,43,Male,Phoenix,2021-01-01,711.14,7.0,12.0,711.14,101.59142857142857,2,1,2
8956,Customer_8956,29,Female,Houston,2023-04-30,169.46,1.0,1.0,169.46,169.46,0,1,0
8957,Customer_8957,43,Male,New York,2023-08-26,0.0,0.0,0.0,0.0,0.0,0,1,0
8958,Customer_8958,32,Male,Los Angeles,2022-06-25,0.0,0.0,0.0,0.0,0.0,0,1,0
8959,Customer_8959,18,Male,Chicago,2023-09-19,1145.8,5.0,10.0,1145.8,229.16,2,0,2
8960,Customer_8960,24,Male,Los Angeles,2022-12-03,1712.39,12.0,22.0,1712.39,142.69916666666668,1,0,1
8961,Customer_8961,30,Male,Los Angeles,2021-09-27,907.57,4.0,9.0,907.5699999999999,226.89249999999998,2,1,2
8962,Customer_8962,50,Female,Chicago,2023-06-17,940.53,6.0,12.0,940.5300000000001,156.75500000000002,2,0,2
8963,Customer_8963,45,Male,Phoenix,2022-02-23,477.66,2.0,4.0,477.65999999999997,238.82999999999998,2,1,2
8964,Customer_8964,53,Male,New York,2021-07-14,505.93,3.0,5.0,505.93,168.64333333333335,2,1,2
8965,Customer_8965,53,Female,Houston,2021-09-12,1280.49,6.0,13.0,1280.49,213.415,2,0,2
8966,Customer_8966,29,Female,Houston,2021-03-20,241.71,1.0,3.0,241.70999999999998,241.70999999999998,2,1,2
8967,Customer_8967,33,Male,Phoenix,2023-02-25,0.0,0.0,0.0,0.0,0.0,0,1,0
8968,Customer_8968,30,Female,Phoenix,2023-03-25,0.0,0.0,0.0,0.0,0.0,0,1,0
8969,Customer_8969,28,Male,Houston,2022-03-23,1056.37,6.0,12.0,1056.3700000000001,176.0616666666667,2,0,2
8970,Customer_8970,18,Female,Chicago,2021-05-03,723.1,6.0,10.0,723.1,120.51666666666667,2,1,2
8971,Customer_8971,35,Female,New York,2022-11-07,480.52,3.0,7.0,480.52000000000004,160.17333333333335,2,1,2
8972,Customer_8972,21,Male,Chicago,2021-12-25,311.72,2.0,4.0,311.72,155.86,0,1,0
8973,Customer_8973,35,Female,Houston,2021-08-27,745.41,7.0,13.0,745.4100000000001,106.48714285714287,2,0,2
8974,Customer_8974,58,Female,Phoenix,2023-03-16,1100.96,8.0,17.0,1100.96,137.62,2,0,2
8975,Customer_8975,29,Male,Houston,2022-11-14,1594.48,5.0,15.0,1594.48,318.896,2,0,2
8976,Customer_8976,37,Female,New York,2022-10-31,393.36,3.0,6.0,393.36,131.12,0,1,0
8977,Customer_8977,45,Male,Chicago,2021-07-23,34.22,1.0,2.0,34.22,34.22,0,1,0
8978,Customer_8978,38,Male,Los Angeles,2021-05-23,1344.61,9.0,12.0,1344.6100000000001,149.40111111111113,2,0,2
8979,Customer_8979,38,Male,New York,2021-07-06,1196.19,5.0,12.0,1196.19,239.238,2,0,2
8980,Customer_8980,31,Female,New York,2021-05-02,1342.51,7.0,16.0,1342.51,191.78714285714287,2,0,2
8981,Customer_8981,32,Female,New York,2021-10-11,295.7,2.0,4.0,295.7,147.85,0,1,0
8982,Customer_8982,24,Male,Houston,2023-08-07,2142.45,9.0,17.0,2142.45,238.04999999999998,1,0,1
8983,Customer_8983,44,Male,Los Angeles,2022-06-11,1331.43,7.0,15.0,1331.43,190.20428571428573,2,0,2
8984,Customer_8984,18,Male,Los Angeles,2022-01-19,1101.15,7.0,10.0,1101.15,157.30714285714288,2,0,2
8985,Customer_8985,46,Male,Phoenix,2023-06-17,1616.85,7.0,16.0,1616.85,230.97857142857143,1,0,1
8986,Customer_8986,20,Female,Los Angeles,2021-07-06,92.82,1.0,1.0,92.82,92.82,0,1,0
8987,Customer_8987,46,Female,New York,2023-10-29,344.55,4.0,6.0,344.55,86.1375,0,1,0
8988,Customer_8988,31,Female,Los Angeles,2022-09-16,136.5,2.0,4.0,136.5,68.25,0,1,0
8989,Customer_8989,21,Female,New York,2022-06-29,24.38,1.0,1.0,24.38,24.38,0,1,0
8990,Customer_8990,41,Female,New York,2023-07-03,3612.48,15.0,32.0,3612.48,240.832,1,0,1
8991,Customer_8991,45,Male,New York,2021-03-31,978.96,5.0,13.0,978.96,195.792,2,0,2
8992,Customer_8992,30,Female,Chicago,2022-05-11,702.91,6.0,12.0,702.91,117.15166666666666,2,1,2
8993,Customer_8993,43,Female,New York,2023-08-18,670.13,3.0,5.0,670.13,223.37666666666667,2,1,2
8994,Customer_8994,18,Female,Los Angeles,2021-04-26,1331.35,9.0,18.0,1331.35,147.92777777777778,1,0,1
8995,Customer_8995,20,Male,Phoenix,2022-11-16,676.33,7.0,15.0,676.3299999999999,96.61857142857141,2,0,2
8996,Customer_8996,49,Male,Los Angeles,2023-11-10,492.34,2.0,3.0,492.34000000000003,246.17000000000002,2,1,2
8997,Customer_8997,33,Male,Phoenix,2021-05-12,647.97,4.0,9.0,647.97,161.9925,2,1,2
8998,Customer_8998,18,Male,Chicago,2021-08-11,291.97,4.0,5.0,291.97,72.9925,0,1,0
8999,Customer_8999,27,Female,Los Angeles,2022-03-12,158.38,2.0,4.0,158.38,79.19,0,1,0
9000,Customer_9000,25,Male,Houston,2023-11-29,949.93,5.0,10.0,949.93,189.986,2,1,2
