customer_id,age,frequency,total_spent_history,recency_days,online_ratio,account_tenure_days,churn_probability,churn_prediction,churn_risk_level,marketing_action
2001,33,0.0,0.0,303.0,0.0,1022,0.7222,1,Risque Élevé,Rétention Urgente : Appel VIP / Bon d'achat 20% / Enquête insatisfaction
2002,59,3.0,243.23000000000002,20.0,0.3333333333333333,572,0.4276,0,Risque Moyen,Réactivation Ciblée : Emailing personnalisé / Remise panier moyen
2003,51,5.0,1122.91,39.0,1.0,1250,0.3694,0,Risque Moyen,Réactivation Ciblée : Emailing personnalisé / Remise panier moyen
2004,18,1.0,43.91,181.0,1.0,849,0.6568,1,Risque Élevé,Rétention Urgente : Appel VIP / Bon d'achat 20% / Enquête insatisfaction
2005,39,7.0,1264.34,18.0,0.8571428571428571,636,0.2516,0,Risque Faible,Fidélisation Active : Programme fidélité / Ventes privées / Parrainage
2006,35,2.0,273.11,181.0,0.5,1289,0.5845,1,Risque Moyen,Réactivation Ciblée : Emailing personnalisé / Remise panier moyen
2007,44,1.0,61.87,249.0,0.0,950,0.6349,1,Risque Moyen,Réactivation Ciblée : Emailing personnalisé / Remise panier moyen
2008,27,2.0,578.63,25.0,0.0,785,0.5488,1,Risque Moyen,Réactivation Ciblée : Emailing personnalisé / Remise panier moyen
2009,26,7.0,2005.5800000000002,11.0,0.7142857142857143,657,0.2874,0,Risque Faible,Fidélisation Active : Programme fidélité / Ventes privées / Parrainage
2010,28,5.0,937.71,83.0,0.2,1135,0.3915,0,Risque Moyen,Réactivation Ciblée : Emailing personnalisé / Remise panier moyen
2011,29,2.0,601.1,194.0,0.5,1108,0.5939,1,Risque Moyen,Réactivation Ciblée : Emailing personnalisé / Remise panier moyen
2012,44,3.0,954.0899999999999,14.0,0.3333333333333333,436,0.4674,0,Risque Moyen,Réactivation Ciblée : Emailing personnalisé / Remise panier moyen
2013,22,5.0,658.35,99.0,0.2,712,0.3784,0,Risque Moyen,Réactivation Ciblée : Emailing personnalisé / Remise panier moyen
2014,28,5.0,873.74,63.0,0.2,323,0.3626,0,Risque Moyen,Réactivation Ciblée : Emailing personnalisé / Remise panier moyen
2015,18,1.0,59.49,77.0,0.0,1291,0.6338,1,Risque Moyen,Réactivation Ciblée : Emailing personnalisé / Remise panier moyen
2016,46,5.0,1154.37,10.0,0.4,627,0.3511,0,Risque Moyen,Réactivation Ciblée : Emailing personnalisé / Remise panier moyen
2017,49,1.0,231.09,10.0,1.0,697,0.5868,1,Risque Moyen,Réactivation Ciblée : Emailing personnalisé / Remise panier moyen
2018,31,6.0,1824.77,9.0,0.3333333333333333,331,0.3281,0,Risque Faible,Fidélisation Active : Programme fidélité / Ventes privées / Parrainage
2019,32,3.0,679.1099999999999,92.0,0.3333333333333333,1339,0.5138,1,Risque Moyen,Réactivation Ciblée : Emailing personnalisé / Remise panier moyen
2020,40,2.0,311.0,69.0,0.5,931,0.5456,1,Risque Moyen,Réactivation Ciblée : Emailing personnalisé / Remise panier moyen
2021,51,2.0,217.60000000000002,207.0,0.0,1306,0.5597,1,Risque Moyen,Réactivation Ciblée : Emailing personnalisé / Remise panier moyen
2022,39,7.0,818.47,44.0,0.42857142857142855,1212,0.2474,0,Risque Faible,Fidélisation Active : Programme fidélité / Ventes privées / Parrainage
2023,27,3.0,569.74,166.0,0.6666666666666666,800,0.5205,1,Risque Moyen,Réactivation Ciblée : Emailing personnalisé / Remise panier moyen
2024,18,6.0,914.11,52.0,0.6666666666666666,426,0.3145,0,Risque Faible,Fidélisation Active : Programme fidélité / Ventes privées / Parrainage
2025,23,0.0,0.0,303.0,0.0,592,0.7239,1,Risque Élevé,Rétention Urgente : Appel VIP / Bon d'achat 20% / Enquête insatisfaction
2026,36,6.0,1684.68,20.0,0.8333333333333334,1115,0.3364,0,Risque Faible,Fidélisation Active : Programme fidélité / Ventes privées / Parrainage
2027,28,4.0,474.28000000000003,27.0,0.0,362,0.3991,0,Risque Moyen,Réactivation Ciblée : Emailing personnalisé / Remise panier moyen
2028,37,7.0,693.05,44.0,0.8571428571428571,496,0.2328,0,Risque Faible,Fidélisation Active : Programme fidélité / Ventes privées / Parrainage
2029,29,1.0,77.1,209.0,0.0,1170,0.6466,1,Risque Moyen,Réactivation Ciblée : Emailing personnalisé / Remise panier moyen
2030,23,12.0,1340.74,3.0,0.4166666666666667,488,0.0738,0,Risque Faible,Fidélisation Active : Programme fidélité / Ventes privées / Parrainage
2031,22,0.0,0.0,303.0,0.0,1363,0.7378,1,Risque Élevé,Rétention Urgente : Appel VIP / Bon d'achat 20% / Enquête insatisfaction
2032,52,2.0,376.22999999999996,168.0,0.5,548,0.5447,1,Risque Moyen,Réactivation Ciblée : Emailing personnalisé / Remise panier moyen
2033,45,0.0,0.0,303.0,0.0,1121,0.7129,1,Risque Élevé,Rétention Urgente : Appel VIP / Bon d'achat 20% / Enquête insatisfaction
2034,54,8.0,1322.83,54.0,0.5,1365,0.2031,0,Risque Faible,Fidélisation Active : Programme fidélité / Ventes privées / Parrainage
2035,41,4.0,426.18,142.0,0.5,856,0.4236,0,Risque Moyen,Réactivation Ciblée : Emailing personnalisé / Remise panier moyen
2036,30,3.0,1115.3600000000001,61.0,1.0,531,0.5146,1,Risque Moyen,Réactivation Ciblée : Emailing personnalisé / Remise panier moyen
2037,50,6.0,694.24,78.0,0.6666666666666666,863,0.2822,0,Risque Faible,Fidélisation Active : Programme fidélité / Ventes privées / Parrainage
2038,35,1.0,63.59,109.0,0.0,1338,0.6233,1,Risque Moyen,Réactivation Ciblée : Emailing personnalisé / Remise panier moyen
2039,37,1.0,587.92,195.0,1.0,660,0.635,1,Risque Moyen,Réactivation Ciblée : Emailing personnalisé / Remise panier moyen
2040,35,1.0,148.14,209.0,1.0,483,0.6363,1,Risque Moyen,Réactivation Ciblée : Emailing personnalisé / Remise panier moyen
2041,18,5.0,975.3600000000001,107.0,0.4,621,0.3881,0,Risque Moyen,Réactivation Ciblée : Emailing personnalisé / Remise panier moyen
2042,53,2.0,314.04999999999995,89.0,0.5,1290,0.5409,1,Risque Moyen,Réactivation Ciblée : Emailing personnalisé / Remise panier moyen
2043,40,1.0,148.92,62.0,0.0,1126,0.6046,1,Risque Moyen,Réactivation Ciblée : Emailing personnalisé / Remise panier moyen
2044,39,3.0,463.86,107.0,0.3333333333333333,868,0.4862,0,Risque Moyen,Réactivation Ciblée : Emailing personnalisé / Remise panier moyen
2045,34,3.0,256.19,33.0,0.6666666666666666,1164,0.4817,0,Risque Moyen,Réactivation Ciblée : Emailing personnalisé / Remise panier moyen
2046,37,1.0,137.92,131.0,1.0,646,0.6235,1,Risque Moyen,Réactivation Ciblée : Emailing personnalisé / Remise panier moyen
2047,28,7.0,1845.74,14.0,0.8571428571428571,1036,0.2868,0,Risque Faible,Fidélisation Active : Programme fidélité / Ventes privées / Parrainage
2048,42,1.0,20.37,71.0,1.0,766,0.6076,1,Risque Moyen,Réactivation Ciblée : Emailing personnalisé / Remise panier moyen
2049,21,7.0,919.3399999999999,78.0,0.5714285714285714,1203,0.2682,0,Risque Faible,Fidélisation Active : Programme fidélité / Ventes privées / Parrainage
2050,37,0.0,0.0,303.0,0.0,1208,0.7218,1,Risque Élevé,Rétention Urgente : Appel VIP / Bon d'achat 20% / Enquête insatisfaction
2051,41,1.0,123.64,35.0,0.0,1363,0.6031,1,Risque Moyen,Réactivation Ciblée : Emailing personnalisé / Remise panier moyen
2052,33,4.0,452.43,148.0,0.5,1164,0.437,0,Risque Moyen,Réactivation Ciblée : Emailing personnalisé / Remise panier moyen
2053,39,7.0,1633.54,25.0,0.5714285714285714,837,0.2673,0,Risque Faible,Fidélisation Active : Programme fidélité / Ventes privées / Parrainage
2054,24,0.0,0.0,303.0,0.0,1324,0.7354,1,Risque Élevé,Rétention Urgente : Appel VIP / Bon d'achat 20% / Enquête insatisfaction
2055,24,0.0,0.0,303.0,0.0,912,0.7285,1,Risque Élevé,Rétention Urgente : Appel VIP / Bon d'achat 20% / Enquête insatisfaction
2056,38,1.0,90.4,245.0,1.0,1142,0.6601,1,Risque Élevé,Rétention Urgente : Appel VIP / Bon d'achat 20% / Enquête insatisfaction
2057,42,2.0,96.71,166.0,0.0,1317,0.561,1,Risque Moyen,Réactivation Ciblée : Emailing personnalisé / Remise panier moyen
2058,18,4.0,816.55,94.0,0.5,898,0.4575,0,Risque Moyen,Réactivation Ciblée : Emailing personnalisé / Remise panier moyen
2059,41,3.0,441.77000000000004,28.0,0.3333333333333333,472,0.4574,0,Risque Moyen,Réactivation Ciblée : Emailing personnalisé / Remise panier moyen
2060,29,5.0,741.56,45.0,0.4,755,0.3619,0,Risque Moyen,Réactivation Ciblée : Emailing personnalisé / Remise panier moyen
2061,33,0.0,0.0,303.0,0.0,857,0.7194,1,Risque Élevé,Rétention Urgente : Appel VIP / Bon d'achat 20% / Enquête insatisfaction
2062,20,3.0,381.12,17.0,0.3333333333333333,583,0.4793,0,Risque Moyen,Réactivation Ciblée : Emailing personnalisé / Remise panier moyen
2063,26,1.0,42.15,108.0,0.0,954,0.6252,1,Risque Moyen,Réactivation Ciblée : Emailing personnalisé / Remise panier moyen
2064,46,6.0,1344.11,87.0,0.3333333333333333,755,0.3174,0,Risque Faible,Fidélisation Active : Programme fidélité / Ventes privées / Parrainage
2065,35,3.0,750.52,162.0,1.0,849,0.5229,1,Risque Moyen,Réactivation Ciblée : Emailing personnalisé / Remise panier moyen
2066,31,1.0,56.99,186.0,0.0,695,0.6306,1,Risque Moyen,Réactivation Ciblée : Emailing personnalisé / Remise panier moyen
2067,34,2.0,305.53999999999996,145.0,0.5,1024,0.577,1,Risque Moyen,Réactivation Ciblée : Emailing personnalisé / Remise panier moyen
2068,40,0.0,0.0,303.0,0.0,318,0.7033,1,Risque Élevé,Rétention Urgente : Appel VIP / Bon d'achat 20% / Enquête insatisfaction
2069,40,2.0,688.75,70.0,0.0,594,0.5463,1,Risque Moyen,Réactivation Ciblée : Emailing personnalisé / Remise panier moyen
2070,34,2.0,128.34,7.0,0.5,784,0.5279,1,Risque Moyen,Réactivation Ciblée : Emailing personnalisé / Remise panier moyen
2071,47,1.0,170.32,154.0,1.0,489,0.614,1,Risque Moyen,Réactivation Ciblée : Emailing personnalisé / Remise panier moyen
2072,46,1.0,23.86,65.0,1.0,471,0.5959,1,Risque Moyen,Réactivation Ciblée : Emailing personnalisé / Remise panier moyen
2073,40,2.0,166.18,87.0,0.5,521,0.5338,1,Risque Moyen,Réactivation Ciblée : Emailing personnalisé / Remise panier moyen
2074,36,1.0,54.55,82.0,1.0,644,0.6135,1,Risque Moyen,Réactivation Ciblée : Emailing personnalisé / Remise panier moyen
2075,42,1.0,229.54,130.0,0.0,712,0.6072,1,Risque Moyen,Réactivation Ciblée : Emailing personnalisé / Remise panier moyen
2076,38,4.0,762.9499999999999,55.0,0.0,758,0.4163,0,Risque Moyen,Réactivation Ciblée : Emailing personnalisé / Remise panier moyen
2077,47,6.0,1590.6799999999998,30.0,0.3333333333333333,345,0.314,0,Risque Faible,Fidélisation Active : Programme fidélité / Ventes privées / Parrainage
2078,45,5.0,1308.7,94.0,1.0,422,0.3711,0,Risque Moyen,Réactivation Ciblée : Emailing personnalisé / Remise panier moyen
2079,24,1.0,91.94,216.0,1.0,1189,0.6636,1,Risque Élevé,Rétention Urgente : Appel VIP / Bon d'achat 20% / Enquête insatisfaction
2080,23,1.0,316.71,187.0,0.0,722,0.6403,1,Risque Moyen,Réactivation Ciblée : Emailing personnalisé / Remise panier moyen
2081,27,7.0,774.78,20.0,0.5714285714285714,931,0.241,0,Risque Faible,Fidélisation Active : Programme fidélité / Ventes privées / Parrainage
2082,46,5.0,288.7,28.0,1.0,974,0.328,0,Risque Faible,Fidélisation Active : Programme fidélité / Ventes privées / Parrainage
2083,18,1.0,60.66,57.0,0.0,775,0.6233,1,Risque Moyen,Réactivation Ciblée : Emailing personnalisé / Remise panier moyen
2084,39,3.0,394.53,154.0,0.6666666666666666,1312,0.5101,1,Risque Moyen,Réactivation Ciblée : Emailing personnalisé / Remise panier moyen
2085,39,6.0,634.0799999999999,66.0,0.3333333333333333,1043,0.29,0,Risque Faible,Fidélisation Active : Programme fidélité / Ventes privées / Parrainage
2086,48,2.0,352.03999999999996,8.0,0.5,1047,0.5264,1,Risque Moyen,Réactivation Ciblée : Emailing personnalisé / Remise panier moyen
2087,37,5.0,699.0799999999999,130.0,0.6,1186,0.3782,0,Risque Moyen,Réactivation Ciblée : Emailing personnalisé / Remise panier moyen
2088,20,5.0,1334.58,17.0,0.6,1134,0.399,0,Risque Moyen,Réactivation Ciblée : Emailing personnalisé / Remise panier moyen
2089,24,1.0,595.64,54.0,1.0,750,0.6213,1,Risque Moyen,Réactivation Ciblée : Emailing personnalisé / Remise panier moyen
2090,22,0.0,0.0,303.0,0.0,1103,0.7335,1,Risque Élevé,Rétention Urgente : Appel VIP / Bon d'achat 20% / Enquête insatisfaction
2091,29,1.0,50.16,207.0,0.0,360,0.6324,1,Risque Moyen,Réactivation Ciblée : Emailing personnalisé / Remise panier moyen
2092,33,1.0,72.28,64.0,0.0,527,0.5993,1,Risque Moyen,Réactivation Ciblée : Emailing personnalisé / Remise panier moyen
2093,22,10.0,1944.03,2.0,0.7,1040,0.1484,0,Risque Faible,Fidélisation Active : Programme fidélité / Ventes privées / Parrainage
2094,51,1.0,374.34,144.0,0.0,686,0.5979,1,Risque Moyen,Réactivation Ciblée : Emailing personnalisé / Remise panier moyen
2095,20,1.0,45.63,63.0,1.0,1345,0.6407,1,Risque Moyen,Réactivation Ciblée : Emailing personnalisé / Remise panier moyen
2096,50,4.0,834.7700000000001,82.0,0.0,1173,0.4179,0,Risque Moyen,Réactivation Ciblée : Emailing personnalisé / Remise panier moyen
2097,48,13.0,2954.02,20.0,0.5384615384615384,758,0.0762,0,Risque Faible,Fidélisation Active : Programme fidélité / Ventes privées / Parrainage
2098,45,3.0,543.03,84.0,1.0,756,0.4862,0,Risque Moyen,Réactivation Ciblée : Emailing personnalisé / Remise panier moyen
2099,27,5.0,788.55,119.0,0.8,737,0.3849,0,Risque Moyen,Réactivation Ciblée : Emailing personnalisé / Remise panier moyen
2100,39,0.0,0.0,303.0,0.0,1048,0.7172,1,Risque Élevé,Rétention Urgente : Appel VIP / Bon d'achat 20% / Enquête insatisfaction
2101,21,1.0,119.94,240.0,1.0,1166,0.6744,1,Risque Élevé,Rétention Urgente : Appel VIP / Bon d'achat 20% / Enquête insatisfaction
2102,45,1.0,29.38,28.0,1.0,1192,0.6039,1,Risque Moyen,Réactivation Ciblée : Emailing personnalisé / Remise panier moyen
2103,34,2.0,126.5,181.0,0.5,742,0.5651,1,Risque Moyen,Réactivation Ciblée : Emailing personnalisé / Remise panier moyen
2104,30,7.0,1558.41,71.0,0.7142857142857143,1337,0.2946,0,Risque Faible,Fidélisation Active : Programme fidélité / Ventes privées / Parrainage
2105,22,5.0,885.04,8.0,0.6,423,0.3622,0,Risque Moyen,Réactivation Ciblée : Emailing personnalisé / Remise panier moyen
2106,18,3.0,819.25,64.0,0.6666666666666666,642,0.5164,1,Risque Moyen,Réactivation Ciblée : Emailing personnalisé / Remise panier moyen
2107,24,5.0,369.54,16.0,0.6,415,0.3377,0,Risque Faible,Fidélisation Active : Programme fidélité / Ventes privées / Parrainage
2108,47,3.0,497.73,154.0,0.6666666666666666,549,0.4855,0,Risque Moyen,Réactivation Ciblée : Emailing personnalisé / Remise panier moyen
2109,31,2.0,75.63,139.0,0.5,578,0.5549,1,Risque Moyen,Réactivation Ciblée : Emailing personnalisé / Remise panier moyen
2110,33,0.0,0.0,303.0,0.0,1126,0.724,1,Risque Élevé,Rétention Urgente : Appel VIP / Bon d'achat 20% / Enquête insatisfaction
2111,42,1.0,103.44,164.0,1.0,1299,0.6366,1,Risque Moyen,Réactivation Ciblée : Emailing personnalisé / Remise panier moyen
2112,55,2.0,705.38,18.0,0.5,354,0.5123,1,Risque Moyen,Réactivation Ciblée : Emailing personnalisé / Remise panier moyen
2113,50,4.0,640.6500000000001,41.0,0.75,274,0.3923,0,Risque Moyen,Réactivation Ciblée : Emailing personnalisé / Remise panier moyen
2114,24,3.0,495.71999999999997,7.0,0.6666666666666666,1211,0.4932,0,Risque Moyen,Réactivation Ciblée : Emailing personnalisé / Remise panier moyen
2115,18,7.0,988.89,46.0,0.42857142857142855,820,0.2599,0,Risque Faible,Fidélisation Active : Programme fidélité / Ventes privées / Parrainage
2116,61,0.0,0.0,303.0,0.0,1043,0.6965,1,Risque Élevé,Rétention Urgente : Appel VIP / Bon d'achat 20% / Enquête insatisfaction
2117,60,9.0,1439.53,95.0,0.5555555555555556,310,0.1558,0,Risque Faible,Fidélisation Active : Programme fidélité / Ventes privées / Parrainage
2118,37,3.0,543.85,16.0,0.3333333333333333,909,0.4759,0,Risque Moyen,Réactivation Ciblée : Emailing personnalisé / Remise panier moyen
2119,21,5.0,629.01,81.0,0.8,953,0.3718,0,Risque Moyen,Réactivation Ciblée : Emailing personnalisé / Remise panier moyen
2120,46,4.0,656.08,17.0,0.5,798,0.398,0,Risque Moyen,Réactivation Ciblée : Emailing personnalisé / Remise panier moyen
2121,34,3.0,535.05,1.0,0.3333333333333333,483,0.4645,0,Risque Moyen,Réactivation Ciblée : Emailing personnalisé / Remise panier moyen
2122,34,7.0,1025.73,21.0,0.42857142857142855,858,0.2536,0,Risque Faible,Fidélisation Active : Programme fidélité / Ventes privées / Parrainage
2123,45,3.0,294.26,162.0,0.3333333333333333,1001,0.4873,0,Risque Moyen,Réactivation Ciblée : Emailing personnalisé / Remise panier moyen
2124,39,4.0,815.53,36.0,0.5,457,0.4122,0,Risque Moyen,Réactivation Ciblée : Emailing personnalisé / Remise panier moyen
2125,22,0.0,0.0,303.0,0.0,486,0.723,1,Risque Élevé,Rétention Urgente : Appel VIP / Bon d'achat 20% / Enquête insatisfaction
2126,31,1.0,38.46,271.0,0.0,1162,0.6573,1,Risque Élevé,Rétention Urgente : Appel VIP / Bon d'achat 20% / Enquête insatisfaction
2127,42,1.0,7.72,61.0,0.0,791,0.5952,1,Risque Moyen,Réactivation Ciblée : Emailing personnalisé / Remise panier moyen
2128,41,1.0,152.9,109.0,1.0,700,0.6135,1,Risque Moyen,Réactivation Ciblée : Emailing personnalisé / Remise panier moyen
2129,38,1.0,688.24,8.0,0.0,1263,0.5948,1,Risque Moyen,Réactivation Ciblée : Emailing personnalisé / Remise panier moyen
2130,45,1.0,105.72,46.0,1.0,703,0.6028,1,Risque Moyen,Réactivation Ciblée : Emailing personnalisé / Remise panier moyen
2131,31,0.0,0.0,303.0,0.0,327,0.7119,1,Risque Élevé,Rétention Urgente : Appel VIP / Bon d'achat 20% / Enquête insatisfaction
2132,37,5.0,1033.4099999999999,54.0,0.8,1109,0.3731,0,Risque Moyen,Réactivation Ciblée : Emailing personnalisé / Remise panier moyen
2133,18,15.0,2709.7799999999997,16.0,0.5333333333333333,1056,0.0466,0,Risque Faible,Fidélisation Active : Programme fidélité / Ventes privées / Parrainage
2134,30,2.0,289.94,33.0,0.5,738,0.5508,1,Risque Moyen,Réactivation Ciblée : Emailing personnalisé / Remise panier moyen
2135,43,1.0,143.01,238.0,0.0,832,0.6343,1,Risque Moyen,Réactivation Ciblée : Emailing personnalisé / Remise panier moyen
2136,31,2.0,223.04999999999998,1.0,0.5,695,0.5319,1,Risque Moyen,Réactivation Ciblée : Emailing personnalisé / Remise panier moyen
2137,30,3.0,421.92,2.0,0.0,1019,0.4714,0,Risque Moyen,Réactivation Ciblée : Emailing personnalisé / Remise panier moyen
2138,24,3.0,389.78,5.0,1.0,1154,0.4901,0,Risque Moyen,Réactivation Ciblée : Emailing personnalisé / Remise panier moyen
2139,46,4.0,590.55,125.0,0.75,1041,0.4268,0,Risque Moyen,Réactivation Ciblée : Emailing personnalisé / Remise panier moyen
2140,41,4.0,294.13000000000005,7.0,0.5,522,0.3856,0,Risque Moyen,Réactivation Ciblée : Emailing personnalisé / Remise panier moyen
2141,44,2.0,118.03999999999999,54.0,0.5,1271,0.5372,1,Risque Moyen,Réactivation Ciblée : Emailing personnalisé / Remise panier moyen
2142,18,1.0,179.68,57.0,0.0,710,0.6224,1,Risque Moyen,Réactivation Ciblée : Emailing personnalisé / Remise panier moyen
2143,33,6.0,924.99,20.0,0.3333333333333333,1069,0.3029,0,Risque Faible,Fidélisation Active : Programme fidélité / Ventes privées / Parrainage
2144,32,0.0,0.0,303.0,0.0,1339,0.7286,1,Risque Élevé,Rétention Urgente : Appel VIP / Bon d'achat 20% / Enquête insatisfaction
2145,32,3.0,368.84000000000003,27.0,0.3333333333333333,1197,0.4764,0,Risque Moyen,Réactivation Ciblée : Emailing personnalisé / Remise panier moyen
2146,28,1.0,37.08,171.0,0.0,351,0.624,1,Risque Moyen,Réactivation Ciblée : Emailing personnalisé / Remise panier moyen
2147,31,4.0,207.95999999999998,57.0,0.5,446,0.4004,0,Risque Moyen,Réactivation Ciblée : Emailing personnalisé / Remise panier moyen
2148,44,2.0,322.64,235.0,0.5,1285,0.5828,1,Risque Moyen,Réactivation Ciblée : Emailing personnalisé / Remise panier moyen
2149,18,1.0,434.25,80.0,1.0,384,0.6259,1,Risque Moyen,Réactivation Ciblée : Emailing personnalisé / Remise panier moyen
2150,55,4.0,432.43,100.0,1.0,730,0.3983,0,Risque Moyen,Réactivation Ciblée : Emailing personnalisé / Remise panier moyen
2151,40,1.0,82.26,259.0,1.0,1284,0.6598,1,Risque Élevé,Rétention Urgente : Appel VIP / Bon d'achat 20% / Enquête insatisfaction
2152,35,0.0,0.0,303.0,0.0,705,0.7149,1,Risque Élevé,Rétention Urgente : Appel VIP / Bon d'achat 20% / Enquête insatisfaction
2153,45,1.0,180.24,53.0,1.0,850,0.6022,1,Risque Moyen,Réactivation Ciblée : Emailing personnalisé / Remise panier moyen
2154,19,3.0,736.48,122.0,0.3333333333333333,1185,0.5292,1,Risque Moyen,Réactivation Ciblée : Emailing personnalisé / Remise panier moyen
2155,28,1.0,28.46,121.0,0.0,396,0.6146,1,Risque Moyen,Réactivation Ciblée : Emailing personnalisé / Remise panier moyen
2156,34,8.0,509.23,37.0,0.625,1028,0.1825,0,Risque Faible,Fidélisation Active : Programme fidélité / Ventes privées / Parrainage
2157,50,0.0,0.0,303.0,0.0,1142,0.7087,1,Risque Élevé,Rétention Urgente : Appel VIP / Bon d'achat 20% / Enquête insatisfaction
2158,34,1.0,152.22,111.0,1.0,532,0.6201,1,Risque Moyen,Réactivation Ciblée : Emailing personnalisé / Remise panier moyen
2159,40,2.0,474.74,30.0,0.0,1105,0.5423,1,Risque Moyen,Réactivation Ciblée : Emailing personnalisé / Remise panier moyen
2160,29,3.0,265.63,142.0,0.3333333333333333,919,0.4962,0,Risque Moyen,Réactivation Ciblée : Emailing personnalisé / Remise panier moyen
2161,40,3.0,106.89,88.0,0.3333333333333333,1199,0.4753,0,Risque Moyen,Réactivation Ciblée : Emailing personnalisé / Remise panier moyen
2162,53,4.0,577.1500000000001,101.0,0.75,803,0.4085,0,Risque Moyen,Réactivation Ciblée : Emailing personnalisé / Remise panier moyen
2163,46,8.0,672.01,44.0,0.5,1237,0.184,0,Risque Faible,Fidélisation Active : Programme fidélité / Ventes privées / Parrainage
2164,34,5.0,641.03,147.0,0.6,542,0.3698,0,Risque Moyen,Réactivation Ciblée : Emailing personnalisé / Remise panier moyen
2165,42,1.0,165.29,80.0,0.0,763,0.5965,1,Risque Moyen,Réactivation Ciblée : Emailing personnalisé / Remise panier moyen
2166,41,8.0,1378.6599999999999,77.0,0.5,299,0.1999,0,Risque Faible,Fidélisation Active : Programme fidélité / Ventes privées / Parrainage
2167,41,2.0,213.01,14.0,0.5,1019,0.5281,1,Risque Moyen,Réactivation Ciblée : Emailing personnalisé / Remise panier moyen
2168,47,5.0,858.9100000000001,200.0,1.0,1270,0.3961,0,Risque Moyen,Réactivation Ciblée : Emailing personnalisé / Remise panier moyen
2169,47,4.0,400.58000000000004,41.0,0.5,308,0.3773,0,Risque Moyen,Réactivation Ciblée : Emailing personnalisé / Remise panier moyen
2170,34,5.0,812.7,7.0,0.6,360,0.3419,0,Risque Faible,Fidélisation Active : Programme fidélité / Ventes privées / Parrainage
2171,42,0.0,0.0,303.0,0.0,1294,0.7187,1,Risque Élevé,Rétention Urgente : Appel VIP / Bon d'achat 20% / Enquête insatisfaction
2172,31,0.0,0.0,303.0,0.0,1311,0.729,1,Risque Élevé,Rétention Urgente : Appel VIP / Bon d'achat 20% / Enquête insatisfaction
2173,25,4.0,1613.0,42.0,0.75,326,0.4652,0,Risque Moyen,Réactivation Ciblée : Emailing personnalisé / Remise panier moyen
2174,32,2.0,281.18,27.0,0.5,967,0.5413,1,Risque Moyen,Réactivation Ciblée : Emailing personnalisé / Remise panier moyen
2175,34,1.0,79.23,236.0,0.0,1181,0.647,1,Risque Moyen,Réactivation Ciblée : Emailing personnalisé / Remise panier moyen
2176,18,0.0,0.0,303.0,0.0,1230,0.7391,1,Risque Élevé,Rétention Urgente : Appel VIP / Bon d'achat 20% / Enquête insatisfaction
2177,44,2.0,157.86,33.0,0.5,1226,0.5323,1,Risque Moyen,Réactivation Ciblée : Emailing personnalisé / Remise panier moyen
2178,18,12.0,1886.38,5.0,0.5,1261,0.0926,0,Risque Faible,Fidélisation Active : Programme fidélité / Ventes privées / Parrainage
2179,65,4.0,114.89,26.0,0.5,1148,0.3627,0,Risque Moyen,Réactivation Ciblée : Emailing personnalisé / Remise panier moyen
2180,52,3.0,408.57,13.0,1.0,1224,0.4623,0,Risque Moyen,Réactivation Ciblée : Emailing personnalisé / Remise panier moyen
2181,32,2.0,691.4200000000001,86.0,0.5,511,0.5584,1,Risque Moyen,Réactivation Ciblée : Emailing personnalisé / Remise panier moyen
2182,35,5.0,563.03,147.0,0.8,859,0.3725,0,Risque Moyen,Réactivation Ciblée : Emailing personnalisé / Remise panier moyen
2183,38,3.0,191.06,148.0,0.6666666666666666,993,0.4905,0,Risque Moyen,Réactivation Ciblée : Emailing personnalisé / Remise panier moyen
2184,29,4.0,1091.42,69.0,0.5,1364,0.4613,0,Risque Moyen,Réactivation Ciblée : Emailing personnalisé / Remise panier moyen
2185,37,5.0,421.94,30.0,0.6,981,0.3419,0,Risque Faible,Fidélisation Active : Programme fidélité / Ventes privées / Parrainage
2186,33,8.0,1557.46,64.0,0.375,801,0.2181,0,Risque Faible,Fidélisation Active : Programme fidélité / Ventes privées / Parrainage
2187,34,2.0,254.19,37.0,0.5,385,0.5326,1,Risque Moyen,Réactivation Ciblée : Emailing personnalisé / Remise panier moyen
2188,37,1.0,345.45000000000005,185.0,1.0,809,0.6371,1,Risque Moyen,Réactivation Ciblée : Emailing personnalisé / Remise panier moyen
2189,21,2.0,123.03,69.0,0.5,1004,0.5607,1,Risque Moyen,Réactivation Ciblée : Emailing personnalisé / Remise panier moyen
2190,35,0.0,0.0,303.0,0.0,952,0.7192,1,Risque Élevé,Rétention Urgente : Appel VIP / Bon d'achat 20% / Enquête insatisfaction
2191,37,2.0,132.21,268.0,0.5,1348,0.5954,1,Risque Moyen,Réactivation Ciblée : Emailing personnalisé / Remise panier moyen
2192,36,1.0,254.18,76.0,0.0,755,0.6028,1,Risque Moyen,Réactivation Ciblée : Emailing personnalisé / Remise panier moyen
2193,33,4.0,1084.1100000000001,24.0,0.5,852,0.4401,0,Risque Moyen,Réactivation Ciblée : Emailing personnalisé / Remise panier moyen
2194,48,2.0,173.52,157.0,0.5,708,0.5443,1,Risque Moyen,Réactivation Ciblée : Emailing personnalisé / Remise panier moyen
2195,31,1.0,23.83,216.0,1.0,1039,0.6545,1,Risque Élevé,Rétention Urgente : Appel VIP / Bon d'achat 20% / Enquête insatisfaction
2196,38,1.0,410.0,22.0,0.0,991,0.5981,1,Risque Moyen,Réactivation Ciblée : Emailing personnalisé / Remise panier moyen
2197,49,4.0,424.03000000000003,143.0,0.25,1209,0.4154,0,Risque Moyen,Réactivation Ciblée : Emailing personnalisé / Remise panier moyen
2198,34,0.0,0.0,303.0,0.0,711,0.7159,1,Risque Élevé,Rétention Urgente : Appel VIP / Bon d'achat 20% / Enquête insatisfaction
2199,37,6.0,798.44,66.0,0.16666666666666666,1015,0.3008,0,Risque Faible,Fidélisation Active : Programme fidélité / Ventes privées / Parrainage
2200,34,1.0,319.38,56.0,1.0,1290,0.6237,1,Risque Moyen,Réactivation Ciblée : Emailing personnalisé / Remise panier moyen
2201,49,2.0,309.51,73.0,1.0,1217,0.5459,1,Risque Moyen,Réactivation Ciblée : Emailing personnalisé / Remise panier moyen
2202,32,1.0,117.22,106.0,0.0,852,0.6173,1,Risque Moyen,Réactivation Ciblée : Emailing personnalisé / Remise panier moyen
2203,49,2.0,136.32999999999998,217.0,0.5,986,0.5615,1,Risque Moyen,Réactivation Ciblée : Emailing personnalisé / Remise panier moyen
2204,34,2.0,336.69,92.0,0.5,676,0.5502,1,Risque Moyen,Réactivation Ciblée : Emailing personnalisé / Remise panier moyen
2205,26,0.0,0.0,303.0,0.0,1017,0.7285,1,Risque Élevé,Rétention Urgente : Appel VIP / Bon d'achat 20% / Enquête insatisfaction
2206,42,3.0,264.64,47.0,0.3333333333333333,418,0.4498,0,Risque Moyen,Réactivation Ciblée : Emailing personnalisé / Remise panier moyen
2207,32,2.0,226.14999999999998,122.0,1.0,1236,0.5724,1,Risque Moyen,Réactivation Ciblée : Emailing personnalisé / Remise panier moyen
2208,42,3.0,433.26,148.0,0.6666666666666666,735,0.4919,0,Risque Moyen,Réactivation Ciblée : Emailing personnalisé / Remise panier moyen
2209,18,3.0,1108.83,31.0,0.3333333333333333,1200,0.5323,1,Risque Moyen,Réactivation Ciblée : Emailing personnalisé / Remise panier moyen
2210,35,0.0,0.0,303.0,0.0,503,0.7113,1,Risque Élevé,Rétention Urgente : Appel VIP / Bon d'achat 20% / Enquête insatisfaction
2211,30,1.0,87.79,37.0,1.0,978,0.6168,1,Risque Moyen,Réactivation Ciblée : Emailing personnalisé / Remise panier moyen
2212,23,3.0,584.1800000000001,6.0,0.0,549,0.4727,0,Risque Moyen,Réactivation Ciblée : Emailing personnalisé / Remise panier moyen
2213,29,9.0,1734.18,9.0,0.4444444444444444,1271,0.1768,0,Risque Faible,Fidélisation Active : Programme fidélité / Ventes privées / Parrainage
2214,29,3.0,495.0,84.0,1.0,377,0.4926,0,Risque Moyen,Réactivation Ciblée : Emailing personnalisé / Remise panier moyen
2215,34,2.0,303.97999999999996,108.0,0.0,589,0.5456,1,Risque Moyen,Réactivation Ciblée : Emailing personnalisé / Remise panier moyen
2216,20,3.0,413.18,191.0,1.0,1029,0.5444,1,Risque Moyen,Réactivation Ciblée : Emailing personnalisé / Remise panier moyen
2217,38,1.0,276.4,196.0,1.0,1237,0.6497,1,Risque Moyen,Réactivation Ciblée : Emailing personnalisé / Remise panier moyen
2218,50,1.0,153.29,23.0,0.0,1159,0.5839,1,Risque Moyen,Réactivation Ciblée : Emailing personnalisé / Remise panier moyen
2219,38,8.0,1823.9499999999998,53.0,0.625,340,0.2157,0,Risque Faible,Fidélisation Active : Programme fidélité / Ventes privées / Parrainage
2220,44,0.0,0.0,303.0,0.0,992,0.7116,1,Risque Élevé,Rétention Urgente : Appel VIP / Bon d'achat 20% / Enquête insatisfaction
2221,47,3.0,299.46,9.0,0.3333333333333333,729,0.4499,0,Risque Moyen,Réactivation Ciblée : Emailing personnalisé / Remise panier moyen
2222,49,2.0,231.18,127.0,0.5,291,0.5309,1,Risque Moyen,Réactivation Ciblée : Emailing personnalisé / Remise panier moyen
2223,56,2.0,318.47,218.0,0.0,928,0.5525,1,Risque Moyen,Réactivation Ciblée : Emailing personnalisé / Remise panier moyen
2224,30,1.0,189.6,102.0,1.0,1128,0.6319,1,Risque Moyen,Réactivation Ciblée : Emailing personnalisé / Remise panier moyen
2225,27,14.0,2658.35,21.0,0.5714285714285714,868,0.0605,0,Risque Faible,Fidélisation Active : Programme fidélité / Ventes privées / Parrainage
2226,44,10.0,1654.55,6.0,0.3,1346,0.1355,0,Risque Faible,Fidélisation Active : Programme fidélité / Ventes privées / Parrainage
2227,43,1.0,98.01,28.0,1.0,737,0.5958,1,Risque Moyen,Réactivation Ciblée : Emailing personnalisé / Remise panier moyen
2228,44,3.0,228.77,63.0,1.0,352,0.4605,0,Risque Moyen,Réactivation Ciblée : Emailing personnalisé / Remise panier moyen
2229,56,3.0,456.34999999999997,77.0,0.6666666666666666,1194,0.4731,0,Risque Moyen,Réactivation Ciblée : Emailing personnalisé / Remise panier moyen
2230,35,2.0,140.95,122.0,0.5,1171,0.5605,1,Risque Moyen,Réactivation Ciblée : Emailing personnalisé / Remise panier moyen
2231,40,2.0,194.11,114.0,0.0,1270,0.5505,1,Risque Moyen,Réactivation Ciblée : Emailing personnalisé / Remise panier moyen
2232,24,7.0,1238.55,4.0,0.5714285714285714,624,0.2554,0,Risque Faible,Fidélisation Active : Programme fidélité / Ventes privées / Parrainage
2233,58,0.0,0.0,303.0,0.0,916,0.697,1,Risque Élevé,Rétention Urgente : Appel VIP / Bon d'achat 20% / Enquête insatisfaction
2234,31,0.0,0.0,303.0,0.0,395,0.7131,1,Risque Élevé,Rétention Urgente : Appel VIP / Bon d'achat 20% / Enquête insatisfaction
2235,32,4.0,294.64,57.0,0.75,870,0.4159,0,Risque Moyen,Réactivation Ciblée : Emailing personnalisé / Remise panier moyen
2236,31,0.0,0.0,303.0,0.0,1228,0.7276,1,Risque Élevé,Rétention Urgente : Appel VIP / Bon d'achat 20% / Enquête insatisfaction
2237,28,0.0,0.0,303.0,0.0,596,0.7194,1,Risque Élevé,Rétention Urgente : Appel VIP / Bon d'achat 20% / Enquête insatisfaction
2238,27,5.0,886.52,17.0,0.8,1194,0.3724,0,Risque Moyen,Réactivation Ciblée : Emailing personnalisé / Remise panier moyen
2239,29,4.0,528.4399999999999,135.0,0.5,949,0.4367,0,Risque Moyen,Réactivation Ciblée : Emailing personnalisé / Remise panier moyen
2240,20,4.0,773.48,7.0,0.75,693,0.429,0,Risque Moyen,Réactivation Ciblée : Emailing personnalisé / Remise panier moyen
2241,26,6.0,1141.78,10.0,0.3333333333333333,837,0.3166,0,Risque Faible,Fidélisation Active : Programme fidélité / Ventes privées / Parrainage
2242,56,7.0,1349.77,34.0,0.42857142857142855,451,0.23,0,Risque Faible,Fidélisation Active : Programme fidélité / Ventes privées / Parrainage
2243,43,11.0,1933.27,85.0,0.6363636363636364,1008,0.115,0,Risque Faible,Fidélisation Active : Programme fidélité / Ventes privées / Parrainage
2244,45,2.0,333.23,216.0,0.5,923,0.5786,1,Risque Moyen,Réactivation Ciblée : Emailing personnalisé / Remise panier moyen
2245,48,0.0,0.0,303.0,0.0,813,0.7047,1,Risque Élevé,Rétention Urgente : Appel VIP / Bon d'achat 20% / Enquête insatisfaction
2246,55,13.0,1319.6399999999999,87.0,0.7692307692307693,661,0.0539,0,Risque Faible,Fidélisation Active : Programme fidélité / Ventes privées / Parrainage
2247,18,3.0,550.48,9.0,0.3333333333333333,808,0.4961,0,Risque Moyen,Réactivation Ciblée : Emailing personnalisé / Remise panier moyen
2248,21,0.0,0.0,303.0,0.0,372,0.7219,1,Risque Élevé,Rétention Urgente : Appel VIP / Bon d'achat 20% / Enquête insatisfaction
2249,26,6.0,961.31,16.0,0.3333333333333333,1310,0.3128,0,Risque Faible,Fidélisation Active : Programme fidélité / Ventes privées / Parrainage
2250,30,7.0,512.72,34.0,0.8571428571428571,484,0.2282,0,Risque Faible,Fidélisation Active : Programme fidélité / Ventes privées / Parrainage
2251,32,3.0,335.61,32.0,1.0,402,0.4693,0,Risque Moyen,Réactivation Ciblée : Emailing personnalisé / Remise panier moyen
2252,30,0.0,0.0,303.0,0.0,424,0.7146,1,Risque Élevé,Rétention Urgente : Appel VIP / Bon d'achat 20% / Enquête insatisfaction
2253,37,1.0,90.39,139.0,0.0,1106,0.6223,1,Risque Moyen,Réactivation Ciblée : Emailing personnalisé / Remise panier moyen
2254,35,5.0,776.25,23.0,0.6,1173,0.3667,0,Risque Moyen,Réactivation Ciblée : Emailing personnalisé / Remise panier moyen
2255,27,1.0,135.19,262.0,1.0,1015,0.6658,1,Risque Élevé,Rétention Urgente : Appel VIP / Bon d'achat 20% / Enquête insatisfaction
2256,18,5.0,788.37,10.0,0.4,483,0.3585,0,Risque Moyen,Réactivation Ciblée : Emailing personnalisé / Remise panier moyen
2257,24,1.0,125.86,234.0,1.0,428,0.652,1,Risque Élevé,Rétention Urgente : Appel VIP / Bon d'achat 20% / Enquête insatisfaction
2258,29,3.0,344.72,11.0,0.6666666666666666,454,0.4699,0,Risque Moyen,Réactivation Ciblée : Emailing personnalisé / Remise panier moyen
2259,32,1.0,139.36,61.0,0.0,1322,0.6212,1,Risque Moyen,Réactivation Ciblée : Emailing personnalisé / Remise panier moyen
2260,23,1.0,342.52,55.0,1.0,616,0.6192,1,Risque Moyen,Réactivation Ciblée : Emailing personnalisé / Remise panier moyen
2261,30,12.0,1613.55,17.0,0.8333333333333334,1139,0.0847,0,Risque Faible,Fidélisation Active : Programme fidélité / Ventes privées / Parrainage
2262,23,4.0,315.95,83.0,0.5,612,0.4177,0,Risque Moyen,Réactivation Ciblée : Emailing personnalisé / Remise panier moyen
2263,34,2.0,461.91999999999996,56.0,0.5,1053,0.5591,1,Risque Moyen,Réactivation Ciblée : Emailing personnalisé / Remise panier moyen
2264,23,4.0,941.91,142.0,0.75,607,0.4634,0,Risque Moyen,Réactivation Ciblée : Emailing personnalisé / Remise panier moyen
2265,26,0.0,0.0,303.0,0.0,1307,0.7334,1,Risque Élevé,Rétention Urgente : Appel VIP / Bon d'achat 20% / Enquête insatisfaction
2266,21,0.0,0.0,303.0,0.0,1131,0.7348,1,Risque Élevé,Rétention Urgente : Appel VIP / Bon d'achat 20% / Enquête insatisfaction
2267,33,0.0,0.0,303.0,0.0,1291,0.7269,1,Risque Élevé,Rétention Urgente : Appel VIP / Bon d'achat 20% / Enquête insatisfaction
2268,25,0.0,0.0,303.0,0.0,635,0.7228,1,Risque Élevé,Rétention Urgente : Appel VIP / Bon d'achat 20% / Enquête insatisfaction
2269,45,4.0,409.86,13.0,0.5,810,0.3861,0,Risque Moyen,Réactivation Ciblée : Emailing personnalisé / Remise panier moyen
2270,39,4.0,516.82,3.0,0.5,425,0.3882,0,Risque Moyen,Réactivation Ciblée : Emailing personnalisé / Remise panier moyen
2271,34,0.0,0.0,303.0,0.0,719,0.7161,1,Risque Élevé,Rétention Urgente : Appel VIP / Bon d'achat 20% / Enquête insatisfaction
2272,26,7.0,1381.9299999999998,3.0,0.42857142857142855,321,0.2487,0,Risque Faible,Fidélisation Active : Programme fidélité / Ventes privées / Parrainage
2273,39,0.0,0.0,303.0,0.0,316,0.7043,1,Risque Élevé,Rétention Urgente : Appel VIP / Bon d'achat 20% / Enquête insatisfaction
2274,43,1.0,51.5,188.0,1.0,1018,0.6356,1,Risque Moyen,Réactivation Ciblée : Emailing personnalisé / Remise panier moyen
2275,37,0.0,0.0,303.0,0.0,456,0.7086,1,Risque Élevé,Rétention Urgente : Appel VIP / Bon d'achat 20% / Enquête insatisfaction
2276,53,3.0,792.8499999999999,87.0,0.6666666666666666,1019,0.4892,0,Risque Moyen,Réactivation Ciblée : Emailing personnalisé / Remise panier moyen
2277,40,3.0,844.1500000000001,76.0,1.0,893,0.5063,1,Risque Moyen,Réactivation Ciblée : Emailing personnalisé / Remise panier moyen
2278,45,1.0,199.24,113.0,0.0,1077,0.6124,1,Risque Moyen,Réactivation Ciblée : Emailing personnalisé / Remise panier moyen
2279,36,1.0,33.74,56.0,1.0,481,0.6049,1,Risque Moyen,Réactivation Ciblée : Emailing personnalisé / Remise panier moyen
2280,42,3.0,939.22,208.0,0.3333333333333333,901,0.5307,1,Risque Moyen,Réactivation Ciblée : Emailing personnalisé / Remise panier moyen
2281,26,3.0,593.2,15.0,0.6666666666666666,1063,0.4946,0,Risque Moyen,Réactivation Ciblée : Emailing personnalisé / Remise panier moyen
2282,30,4.0,1248.9,74.0,0.5,891,0.461,0,Risque Moyen,Réactivation Ciblée : Emailing personnalisé / Remise panier moyen
2283,39,0.0,0.0,303.0,0.0,920,0.715,1,Risque Élevé,Rétention Urgente : Appel VIP / Bon d'achat 20% / Enquête insatisfaction
2284,39,0.0,0.0,303.0,0.0,1139,0.7188,1,Risque Élevé,Rétention Urgente : Appel VIP / Bon d'achat 20% / Enquête insatisfaction
2285,41,5.0,408.53,2.0,0.8,304,0.3192,0,Risque Faible,Fidélisation Active : Programme fidélité / Ventes privées / Parrainage
2286,47,2.0,429.01,111.0,1.0,576,0.5451,1,Risque Moyen,Réactivation Ciblée : Emailing personnalisé / Remise panier moyen
2287,19,2.0,550.8399999999999,88.0,0.5,695,0.5768,1,Risque Moyen,Réactivation Ciblée : Emailing personnalisé / Remise panier moyen
2288,24,6.0,894.12,17.0,0.16666666666666666,545,0.2988,0,Risque Faible,Fidélisation Active : Programme fidélité / Ventes privées / Parrainage
2289,38,2.0,164.47,88.0,1.0,533,0.5443,1,Risque Moyen,Réactivation Ciblée : Emailing personnalisé / Remise panier moyen
2290,27,0.0,0.0,303.0,0.0,324,0.7156,1,Risque Élevé,Rétention Urgente : Appel VIP / Bon d'achat 20% / Enquête insatisfaction
2291,70,1.0,45.04,270.0,0.0,1022,0.6133,1,Risque Moyen,Réactivation Ciblée : Emailing personnalisé / Remise panier moyen
2292,41,2.0,148.58999999999997,13.0,0.5,1359,0.5404,1,Risque Moyen,Réactivation Ciblée : Emailing personnalisé / Remise panier moyen
2293,34,1.0,360.71999999999997,39.0,1.0,1282,0.6195,1,Risque Moyen,Réactivation Ciblée : Emailing personnalisé / Remise panier moyen
2294,29,7.0,1336.05,41.0,0.5714285714285714,824,0.2638,0,Risque Faible,Fidélisation Active : Programme fidélité / Ventes privées / Parrainage
2295,30,3.0,114.74000000000001,234.0,0.3333333333333333,496,0.504,1,Risque Moyen,Réactivation Ciblée : Emailing personnalisé / Remise panier moyen
2296,35,3.0,416.31,45.0,1.0,654,0.4808,0,Risque Moyen,Réactivation Ciblée : Emailing personnalisé / Remise panier moyen
2297,36,0.0,0.0,303.0,0.0,1365,0.7254,1,Risque Élevé,Rétention Urgente : Appel VIP / Bon d'achat 20% / Enquête insatisfaction
2298,30,6.0,597.48,34.0,0.3333333333333333,322,0.2753,0,Risque Faible,Fidélisation Active : Programme fidélité / Ventes privées / Parrainage
2299,32,3.0,611.76,86.0,0.6666666666666666,468,0.4934,0,Risque Moyen,Réactivation Ciblée : Emailing personnalisé / Remise panier moyen
2300,50,6.0,820.78,127.0,0.16666666666666666,1096,0.2965,0,Risque Faible,Fidélisation Active : Programme fidélité / Ventes privées / Parrainage
2301,50,6.0,849.09,38.0,0.3333333333333333,488,0.2758,0,Risque Faible,Fidélisation Active : Programme fidélité / Ventes privées / Parrainage
2302,38,4.0,729.3199999999999,49.0,1.0,433,0.4119,0,Risque Moyen,Réactivation Ciblée : Emailing personnalisé / Remise panier moyen
2303,20,3.0,139.62,128.0,1.0,1367,0.519,1,Risque Moyen,Réactivation Ciblée : Emailing personnalisé / Remise panier moyen
2304,41,2.0,137.83999999999997,168.0,0.5,1220,0.569,1,Risque Moyen,Réactivation Ciblée : Emailing personnalisé / Remise panier moyen
2305,52,1.0,107.74,48.0,0.0,421,0.5744,1,Risque Moyen,Réactivation Ciblée : Emailing personnalisé / Remise panier moyen
2306,50,0.0,0.0,303.0,0.0,1217,0.71,1,Risque Élevé,Rétention Urgente : Appel VIP / Bon d'achat 20% / Enquête insatisfaction
2307,43,0.0,0.0,303.0,0.0,1063,0.7138,1,Risque Élevé,Rétention Urgente : Appel VIP / Bon d'achat 20% / Enquête insatisfaction
2308,51,0.0,0.0,303.0,0.0,487,0.6959,1,Risque Élevé,Rétention Urgente : Appel VIP / Bon d'achat 20% / Enquête insatisfaction
2309,36,0.0,0.0,303.0,0.0,894,0.7173,1,Risque Élevé,Rétention Urgente : Appel VIP / Bon d'achat 20% / Enquête insatisfaction
2310,42,1.0,82.08,255.0,0.0,562,0.6362,1,Risque Moyen,Réactivation Ciblée : Emailing personnalisé / Remise panier moyen
2311,28,8.0,1414.99,2.0,0.625,274,0.2045,0,Risque Faible,Fidélisation Active : Programme fidélité / Ventes privées / Parrainage
2312,38,0.0,0.0,303.0,0.0,1336,0.7231,1,Risque Élevé,Rétention Urgente : Appel VIP / Bon d'achat 20% / Enquête insatisfaction
2313,50,8.0,2306.54,85.0,0.625,591,0.2372,0,Risque Faible,Fidélisation Active : Programme fidélité / Ventes privées / Parrainage
2314,29,2.0,225.49,8.0,0.0,574,0.5296,1,Risque Moyen,Réactivation Ciblée : Emailing personnalisé / Remise panier moyen
2315,26,1.0,56.2,120.0,1.0,1002,0.6411,1,Risque Moyen,Réactivation Ciblée : Emailing personnalisé / Remise panier moyen
2316,36,2.0,176.10999999999999,145.0,1.0,1107,0.5693,1,Risque Moyen,Réactivation Ciblée : Emailing personnalisé / Remise panier moyen
2317,33,0.0,0.0,303.0,0.0,723,0.717,1,Risque Élevé,Rétention Urgente : Appel VIP / Bon d'achat 20% / Enquête insatisfaction
2318,42,4.0,285.27,3.0,0.5,831,0.3835,0,Risque Moyen,Réactivation Ciblée : Emailing personnalisé / Remise panier moyen
2319,30,4.0,410.45,42.0,0.75,302,0.4029,0,Risque Moyen,Réactivation Ciblée : Emailing personnalisé / Remise panier moyen
2320,54,7.0,1667.82,40.0,0.14285714285714285,1353,0.2609,0,Risque Faible,Fidélisation Active : Programme fidélité / Ventes privées / Parrainage
2321,21,2.0,583.59,184.0,1.0,1264,0.6088,1,Risque Moyen,Réactivation Ciblée : Emailing personnalisé / Remise panier moyen
2322,49,5.0,713.57,20.0,0.4,578,0.3281,0,Risque Faible,Fidélisation Active : Programme fidélité / Ventes privées / Parrainage
2323,27,1.0,22.4,201.0,1.0,649,0.648,1,Risque Moyen,Réactivation Ciblée : Emailing personnalisé / Remise panier moyen
2324,18,4.0,405.69,22.0,0.5,286,0.4043,0,Risque Moyen,Réactivation Ciblée : Emailing personnalisé / Remise panier moyen
2325,38,2.0,673.14,120.0,0.0,360,0.5499,1,Risque Moyen,Réactivation Ciblée : Emailing personnalisé / Remise panier moyen
2326,32,2.0,109.19,109.0,0.5,1321,0.5678,1,Risque Moyen,Réactivation Ciblée : Emailing personnalisé / Remise panier moyen
2327,23,9.0,1449.33,9.0,0.5555555555555556,709,0.1709,0,Risque Faible,Fidélisation Active : Programme fidélité / Ventes privées / Parrainage
2328,18,9.0,1052.3,32.0,0.4444444444444444,568,0.1612,0,Risque Faible,Fidélisation Active : Programme fidélité / Ventes privées / Parrainage
2329,35,5.0,461.84,63.0,0.6,1255,0.3554,0,Risque Moyen,Réactivation Ciblée : Emailing personnalisé / Remise panier moyen
2330,46,13.0,1844.17,32.0,0.46153846153846156,1073,0.0638,0,Risque Faible,Fidélisation Active : Programme fidélité / Ventes privées / Parrainage
2331,41,2.0,555.37,82.0,0.5,931,0.5518,1,Risque Moyen,Réactivation Ciblée : Emailing personnalisé / Remise panier moyen
2332,36,0.0,0.0,303.0,0.0,1103,0.7209,1,Risque Élevé,Rétention Urgente : Appel VIP / Bon d'achat 20% / Enquête insatisfaction
2333,40,1.0,69.24,46.0,0.0,1207,0.6061,1,Risque Moyen,Réactivation Ciblée : Emailing personnalisé / Remise panier moyen
2334,35,0.0,0.0,303.0,0.0,865,0.7177,1,Risque Élevé,Rétention Urgente : Appel VIP / Bon d'achat 20% / Enquête insatisfaction
2335,19,5.0,1214.38,33.0,0.4,309,0.3759,0,Risque Moyen,Réactivation Ciblée : Emailing personnalisé / Remise panier moyen
2336,19,1.0,139.24,155.0,0.0,782,0.6375,1,Risque Moyen,Réactivation Ciblée : Emailing personnalisé / Remise panier moyen
2337,33,1.0,53.04,11.0,1.0,911,0.6072,1,Risque Moyen,Réactivation Ciblée : Emailing personnalisé / Remise panier moyen
2338,33,9.0,1746.52,35.0,0.7777777777777778,363,0.1762,0,Risque Faible,Fidélisation Active : Programme fidélité / Ventes privées / Parrainage
2339,44,2.0,356.79999999999995,96.0,0.5,1097,0.5514,1,Risque Moyen,Réactivation Ciblée : Emailing personnalisé / Remise panier moyen
2340,43,3.0,161.08,168.0,0.3333333333333333,889,0.4888,0,Risque Moyen,Réactivation Ciblée : Emailing personnalisé / Remise panier moyen
2341,42,2.0,261.42999999999995,153.0,1.0,412,0.5597,1,Risque Moyen,Réactivation Ciblée : Emailing personnalisé / Remise panier moyen
2342,32,9.0,1925.12,13.0,0.7777777777777778,1210,0.183,0,Risque Faible,Fidélisation Active : Programme fidélité / Ventes privées / Parrainage
2343,20,7.0,1513.16,119.0,0.2857142857142857,614,0.2907,0,Risque Faible,Fidélisation Active : Programme fidélité / Ventes privées / Parrainage
2344,40,5.0,1014.9,69.0,1.0,1165,0.3817,0,Risque Moyen,Réactivation Ciblée : Emailing personnalisé / Remise panier moyen
2345,41,3.0,831.26,7.0,0.3333333333333333,574,0.4729,0,Risque Moyen,Réactivation Ciblée : Emailing personnalisé / Remise panier moyen
2346,18,1.0,89.18,249.0,1.0,857,0.6698,1,Risque Élevé,Rétention Urgente : Appel VIP / Bon d'achat 20% / Enquête insatisfaction
2347,26,5.0,1311.1599999999999,6.0,0.4,1253,0.3916,0,Risque Moyen,Réactivation Ciblée : Emailing personnalisé / Remise panier moyen
2348,27,0.0,0.0,303.0,0.0,977,0.7269,1,Risque Élevé,Rétention Urgente : Appel VIP / Bon d'achat 20% / Enquête insatisfaction
2349,36,4.0,205.49,62.0,0.5,681,0.3967,0,Risque Moyen,Réactivation Ciblée : Emailing personnalisé / Remise panier moyen
2350,26,1.0,234.64,212.0,1.0,439,0.6463,1,Risque Moyen,Réactivation Ciblée : Emailing personnalisé / Remise panier moyen
2351,35,3.0,465.91999999999996,98.0,0.6666666666666666,643,0.49,0,Risque Moyen,Réactivation Ciblée : Emailing personnalisé / Remise panier moyen
2352,33,2.0,155.55,172.0,1.0,1000,0.5779,1,Risque Moyen,Réactivation Ciblée : Emailing personnalisé / Remise panier moyen
2353,33,3.0,1311.47,27.0,1.0,800,0.5131,1,Risque Moyen,Réactivation Ciblée : Emailing personnalisé / Remise panier moyen
2354,27,2.0,149.14000000000001,151.0,1.0,468,0.5687,1,Risque Moyen,Réactivation Ciblée : Emailing personnalisé / Remise panier moyen
2355,28,4.0,271.7,26.0,0.75,628,0.4058,0,Risque Moyen,Réactivation Ciblée : Emailing personnalisé / Remise panier moyen
2356,23,3.0,411.43,12.0,0.6666666666666666,1042,0.4893,0,Risque Moyen,Réactivation Ciblée : Emailing personnalisé / Remise panier moyen
2357,39,5.0,972.6299999999999,99.0,0.6,1332,0.3845,0,Risque Moyen,Réactivation Ciblée : Emailing personnalisé / Remise panier moyen
2358,41,2.0,255.44,1.0,0.5,383,0.5124,1,Risque Moyen,Réactivation Ciblée : Emailing personnalisé / Remise panier moyen
2359,27,13.0,2170.16,4.0,0.6153846153846154,989,0.071,0,Risque Faible,Fidélisation Active : Programme fidélité / Ventes privées / Parrainage
2360,52,3.0,500.07,89.0,1.0,573,0.4699,0,Risque Moyen,Réactivation Ciblée : Emailing personnalisé / Remise panier moyen
2361,32,0.0,0.0,303.0,0.0,1000,0.7228,1,Risque Élevé,Rétention Urgente : Appel VIP / Bon d'achat 20% / Enquête insatisfaction
2362,52,1.0,44.73,48.0,0.0,1145,0.5883,1,Risque Moyen,Réactivation Ciblée : Emailing personnalisé / Remise panier moyen
2363,28,2.0,562.08,55.0,1.0,555,0.5582,1,Risque Moyen,Réactivation Ciblée : Emailing personnalisé / Remise panier moyen
2364,18,6.0,541.55,39.0,1.0,645,0.2955,0,Risque Faible,Fidélisation Active : Programme fidélité / Ventes privées / Parrainage
2365,39,14.0,2227.0,20.0,0.5714285714285714,666,0.0502,0,Risque Faible,Fidélisation Active : Programme fidélité / Ventes privées / Parrainage
2366,38,0.0,0.0,303.0,0.0,1306,0.7226,1,Risque Élevé,Rétention Urgente : Appel VIP / Bon d'achat 20% / Enquête insatisfaction
2367,35,3.0,1348.21,26.0,0.6666666666666666,1270,0.5244,1,Risque Moyen,Réactivation Ciblée : Emailing personnalisé / Remise panier moyen
2368,28,2.0,187.31,14.0,0.5,592,0.5374,1,Risque Moyen,Réactivation Ciblée : Emailing personnalisé / Remise panier moyen
2369,35,10.0,1398.6499999999999,24.0,0.6,1294,0.1358,0,Risque Faible,Fidélisation Active : Programme fidélité / Ventes privées / Parrainage
2370,29,0.0,0.0,303.0,0.0,1185,0.7286,1,Risque Élevé,Rétention Urgente : Appel VIP / Bon d'achat 20% / Enquête insatisfaction
2371,32,4.0,1307.22,100.0,0.75,288,0.4565,0,Risque Moyen,Réactivation Ciblée : Emailing personnalisé / Remise panier moyen
2372,44,1.0,55.05,87.0,0.0,900,0.6002,1,Risque Moyen,Réactivation Ciblée : Emailing personnalisé / Remise panier moyen
2373,37,7.0,1558.5,44.0,0.7142857142857143,1229,0.2761,0,Risque Faible,Fidélisation Active : Programme fidélité / Ventes privées / Parrainage
2374,42,1.0,86.23,5.0,0.0,1010,0.5867,1,Risque Moyen,Réactivation Ciblée : Emailing personnalisé / Remise panier moyen
2375,32,2.0,418.02000000000004,3.0,1.0,389,0.5404,1,Risque Moyen,Réactivation Ciblée : Emailing personnalisé / Remise panier moyen
2376,31,0.0,0.0,303.0,0.0,1069,0.7249,1,Risque Élevé,Rétention Urgente : Appel VIP / Bon d'achat 20% / Enquête insatisfaction
2377,22,3.0,313.4,41.0,0.3333333333333333,943,0.4966,0,Risque Moyen,Réactivation Ciblée : Emailing personnalisé / Remise panier moyen
2378,31,1.0,321.57,33.0,1.0,374,0.6034,1,Risque Moyen,Réactivation Ciblée : Emailing personnalisé / Remise panier moyen
2379,18,10.0,2257.58,41.0,0.5,1208,0.1659,0,Risque Faible,Fidélisation Active : Programme fidélité / Ventes privées / Parrainage
2380,29,3.0,221.17000000000002,146.0,0.3333333333333333,968,0.499,0,Risque Moyen,Réactivation Ciblée : Emailing personnalisé / Remise panier moyen
2381,34,4.0,1015.3100000000001,4.0,0.75,628,0.4219,0,Risque Moyen,Réactivation Ciblée : Emailing personnalisé / Remise panier moyen
2382,41,0.0,0.0,303.0,0.0,507,0.7058,1,Risque Élevé,Rétention Urgente : Appel VIP / Bon d'achat 20% / Enquête insatisfaction
2383,32,6.0,1553.62,24.0,0.5,875,0.3228,0,Risque Faible,Fidélisation Active : Programme fidélité / Ventes privées / Parrainage
2384,39,2.0,76.5,61.0,0.5,880,0.5352,1,Risque Moyen,Réactivation Ciblée : Emailing personnalisé / Remise panier moyen
2385,18,0.0,0.0,303.0,0.0,843,0.7326,1,Risque Élevé,Rétention Urgente : Appel VIP / Bon d'achat 20% / Enquête insatisfaction
2386,34,8.0,774.3399999999999,4.0,0.625,632,0.18,0,Risque Faible,Fidélisation Active : Programme fidélité / Ventes privées / Parrainage
2387,18,3.0,219.62,135.0,0.3333333333333333,1011,0.512,1,Risque Moyen,Réactivation Ciblée : Emailing personnalisé / Remise panier moyen
2388,22,0.0,0.0,303.0,0.0,804,0.7284,1,Risque Élevé,Rétention Urgente : Appel VIP / Bon d'achat 20% / Enquête insatisfaction
2389,33,0.0,0.0,303.0,0.0,339,0.7103,1,Risque Élevé,Rétention Urgente : Appel VIP / Bon d'achat 20% / Enquête insatisfaction
2390,49,0.0,0.0,303.0,0.0,1279,0.712,1,Risque Élevé,Rétention Urgente : Appel VIP / Bon d'achat 20% / Enquête insatisfaction
2391,39,5.0,704.93,131.0,0.8,1305,0.381,0,Risque Moyen,Réactivation Ciblée : Emailing personnalisé / Remise panier moyen
2392,35,16.0,2139.61,14.0,0.3125,312,0.0271,0,Risque Faible,Fidélisation Active : Programme fidélité / Ventes privées / Parrainage
2393,35,0.0,0.0,303.0,0.0,1116,0.722,1,Risque Élevé,Rétention Urgente : Appel VIP / Bon d'achat 20% / Enquête insatisfaction
2394,27,5.0,1055.99,62.0,0.4,1262,0.3973,0,Risque Moyen,Réactivation Ciblée : Emailing personnalisé / Remise panier moyen
2395,29,7.0,1147.24,30.0,0.42857142857142855,439,0.2451,0,Risque Faible,Fidélisation Active : Programme fidélité / Ventes privées / Parrainage
2396,40,2.0,310.51,9.0,0.0,855,0.525,1,Risque Moyen,Réactivation Ciblée : Emailing personnalisé / Remise panier moyen
2397,20,0.0,0.0,303.0,0.0,1233,0.7374,1,Risque Élevé,Rétention Urgente : Appel VIP / Bon d'achat 20% / Enquête insatisfaction
2398,42,0.0,0.0,303.0,0.0,740,0.709,1,Risque Élevé,Rétention Urgente : Appel VIP / Bon d'achat 20% / Enquête insatisfaction
2399,31,2.0,120.33000000000001,116.0,0.5,960,0.5609,1,Risque Moyen,Réactivation Ciblée : Emailing personnalisé / Remise panier moyen
2400,44,4.0,1066.27,99.0,1.0,1248,0.4534,0,Risque Moyen,Réactivation Ciblée : Emailing personnalisé / Remise panier moyen
2401,46,1.0,519.24,113.0,0.0,569,0.5964,1,Risque Moyen,Réactivation Ciblée : Emailing personnalisé / Remise panier moyen
2402,18,1.0,35.15,88.0,0.0,545,0.6214,1,Risque Moyen,Réactivation Ciblée : Emailing personnalisé / Remise panier moyen
2403,29,1.0,118.34,181.0,1.0,864,0.6468,1,Risque Moyen,Réactivation Ciblée : Emailing personnalisé / Remise panier moyen
2404,26,2.0,262.62,74.0,0.5,1362,0.5727,1,Risque Moyen,Réactivation Ciblée : Emailing personnalisé / Remise panier moyen
2405,18,4.0,845.4200000000001,14.0,0.75,425,0.4338,0,Risque Moyen,Réactivation Ciblée : Emailing personnalisé / Remise panier moyen
2406,24,5.0,593.45,5.0,0.4,1178,0.3581,0,Risque Moyen,Réactivation Ciblée : Emailing personnalisé / Remise panier moyen
2407,62,3.0,280.91,34.0,0.3333333333333333,912,0.4441,0,Risque Moyen,Réactivation Ciblée : Emailing personnalisé / Remise panier moyen
2408,42,1.0,147.36,190.0,1.0,983,0.6351,1,Risque Moyen,Réactivation Ciblée : Emailing personnalisé / Remise panier moyen
2409,56,8.0,699.79,18.0,0.625,566,0.1649,0,Risque Faible,Fidélisation Active : Programme fidélité / Ventes privées / Parrainage
2410,44,0.0,0.0,303.0,0.0,503,0.7029,1,Risque Élevé,Rétention Urgente : Appel VIP / Bon d'achat 20% / Enquête insatisfaction
2411,27,0.0,0.0,303.0,0.0,346,0.716,1,Risque Élevé,Rétention Urgente : Appel VIP / Bon d'achat 20% / Enquête insatisfaction
2412,31,4.0,453.53,49.0,0.5,1091,0.4184,0,Risque Moyen,Réactivation Ciblée : Emailing personnalisé / Remise panier moyen
2413,41,7.0,984.13,85.0,0.42857142857142855,542,0.2406,0,Risque Faible,Fidélisation Active : Programme fidélité / Ventes privées / Parrainage
2414,40,1.0,84.73,180.0,0.0,424,0.6139,1,Risque Moyen,Réactivation Ciblée : Emailing personnalisé / Remise panier moyen
2415,29,1.0,87.96,161.0,0.0,1317,0.6455,1,Risque Moyen,Réactivation Ciblée : Emailing personnalisé / Remise panier moyen
2416,18,5.0,362.34,52.0,0.6,973,0.3598,0,Risque Moyen,Réactivation Ciblée : Emailing personnalisé / Remise panier moyen
2417,70,3.0,209.2,163.0,0.3333333333333333,590,0.4523,0,Risque Moyen,Réactivation Ciblée : Emailing personnalisé / Remise panier moyen
2418,33,2.0,479.42999999999995,7.0,0.0,675,0.5339,1,Risque Moyen,Réactivation Ciblée : Emailing personnalisé / Remise panier moyen
2419,31,4.0,805.48,33.0,0.5,1158,0.4327,0,Risque Moyen,Réactivation Ciblée : Emailing personnalisé / Remise panier moyen
2420,36,0.0,0.0,303.0,0.0,479,0.71,1,Risque Élevé,Rétention Urgente : Appel VIP / Bon d'achat 20% / Enquête insatisfaction
2421,32,5.0,1084.28,6.0,0.2,1099,0.3677,0,Risque Moyen,Réactivation Ciblée : Emailing personnalisé / Remise panier moyen
2422,36,0.0,0.0,303.0,0.0,824,0.716,1,Risque Élevé,Rétention Urgente : Appel VIP / Bon d'achat 20% / Enquête insatisfaction
2423,49,0.0,0.0,303.0,0.0,362,0.6956,1,Risque Élevé,Rétention Urgente : Appel VIP / Bon d'achat 20% / Enquête insatisfaction
2424,34,5.0,1158.05,15.0,0.4,524,0.3587,0,Risque Moyen,Réactivation Ciblée : Emailing personnalisé / Remise panier moyen
2425,22,1.0,50.7,257.0,1.0,353,0.6582,1,Risque Élevé,Rétention Urgente : Appel VIP / Bon d'achat 20% / Enquête insatisfaction
2426,33,2.0,392.24,195.0,0.5,971,0.5831,1,Risque Moyen,Réactivation Ciblée : Emailing personnalisé / Remise panier moyen
2427,30,11.0,1971.1200000000001,24.0,0.5454545454545454,555,0.1127,0,Risque Faible,Fidélisation Active : Programme fidélité / Ventes privées / Parrainage
2428,51,8.0,1158.39,20.0,0.5,730,0.1861,0,Risque Faible,Fidélisation Active : Programme fidélité / Ventes privées / Parrainage
2429,48,1.0,654.68,194.0,0.0,876,0.6158,1,Risque Moyen,Réactivation Ciblée : Emailing personnalisé / Remise panier moyen
2430,36,4.0,855.6899999999999,12.0,0.25,418,0.4123,0,Risque Moyen,Réactivation Ciblée : Emailing personnalisé / Remise panier moyen
2431,21,2.0,285.84,92.0,0.5,1241,0.5778,1,Risque Moyen,Réactivation Ciblée : Emailing personnalisé / Remise panier moyen
2432,22,2.0,99.46000000000001,102.0,0.5,1295,0.5745,1,Risque Moyen,Réactivation Ciblée : Emailing personnalisé / Remise panier moyen
2433,35,6.0,932.98,10.0,0.3333333333333333,917,0.2985,0,Risque Faible,Fidélisation Active : Programme fidélité / Ventes privées / Parrainage
2434,39,5.0,264.96999999999997,96.0,0.6,931,0.3428,0,Risque Faible,Fidélisation Active : Programme fidélité / Ventes privées / Parrainage
2435,31,1.0,249.38,90.0,1.0,921,0.6254,1,Risque Moyen,Réactivation Ciblée : Emailing personnalisé / Remise panier moyen
2436,30,3.0,628.99,18.0,0.6666666666666666,810,0.4907,0,Risque Moyen,Réactivation Ciblée : Emailing personnalisé / Remise panier moyen
2437,28,0.0,0.0,303.0,0.0,399,0.716,1,Risque Élevé,Rétention Urgente : Appel VIP / Bon d'achat 20% / Enquête insatisfaction
2438,35,4.0,522.39,35.0,0.75,432,0.4024,0,Risque Moyen,Réactivation Ciblée : Emailing personnalisé / Remise panier moyen
2439,18,1.0,320.85,61.0,1.0,1086,0.6415,1,Risque Moyen,Réactivation Ciblée : Emailing personnalisé / Remise panier moyen
2440,23,6.0,1042.36,49.0,0.6666666666666666,609,0.3151,0,Risque Faible,Fidélisation Active : Programme fidélité / Ventes privées / Parrainage
2441,28,2.0,123.13,101.0,0.5,1283,0.5657,1,Risque Moyen,Réactivation Ciblée : Emailing personnalisé / Remise panier moyen
2442,48,4.0,959.73,36.0,0.75,1205,0.4236,0,Risque Moyen,Réactivation Ciblée : Emailing personnalisé / Remise panier moyen
2443,26,2.0,76.36,140.0,0.5,492,0.561,1,Risque Moyen,Réactivation Ciblée : Emailing personnalisé / Remise panier moyen
2444,37,1.0,61.64,16.0,1.0,288,0.593,1,Risque Moyen,Réactivation Ciblée : Emailing personnalisé / Remise panier moyen
2445,37,4.0,1082.62,153.0,0.25,1163,0.4698,0,Risque Moyen,Réactivation Ciblée : Emailing personnalisé / Remise panier moyen
2446,49,8.0,1450.23,14.0,0.75,1221,0.2045,0,Risque Faible,Fidélisation Active : Programme fidélité / Ventes privées / Parrainage
2447,49,3.0,582.4399999999999,54.0,0.3333333333333333,578,0.4627,0,Risque Moyen,Réactivation Ciblée : Emailing personnalisé / Remise panier moyen
2448,34,1.0,295.56,164.0,1.0,324,0.6249,1,Risque Moyen,Réactivation Ciblée : Emailing personnalisé / Remise panier moyen
2449,30,0.0,0.0,303.0,0.0,422,0.7145,1,Risque Élevé,Rétention Urgente : Appel VIP / Bon d'achat 20% / Enquête insatisfaction
2450,28,0.0,0.0,303.0,0.0,812,0.7232,1,Risque Élevé,Rétention Urgente : Appel VIP / Bon d'achat 20% / Enquête insatisfaction
2451,32,2.0,458.53999999999996,123.0,0.5,608,0.5622,1,Risque Moyen,Réactivation Ciblée : Emailing personnalisé / Remise panier moyen
2452,30,1.0,357.44,11.0,1.0,1339,0.6211,1,Risque Moyen,Réactivation Ciblée : Emailing personnalisé / Remise panier moyen
2453,41,2.0,97.42,64.0,1.0,1144,0.5453,1,Risque Moyen,Réactivation Ciblée : Emailing personnalisé / Remise panier moyen
2454,40,0.0,0.0,303.0,0.0,940,0.7144,1,Risque Élevé,Rétention Urgente : Appel VIP / Bon d'achat 20% / Enquête insatisfaction
2455,42,3.0,302.19,8.0,1.0,840,0.4654,0,Risque Moyen,Réactivation Ciblée : Emailing personnalisé / Remise panier moyen
2456,49,4.0,914.6600000000001,2.0,0.0,317,0.385,0,Risque Moyen,Réactivation Ciblée : Emailing personnalisé / Remise panier moyen
2457,55,0.0,0.0,303.0,0.0,1243,0.7058,1,Risque Élevé,Rétention Urgente : Appel VIP / Bon d'achat 20% / Enquête insatisfaction
2458,36,6.0,1254.1399999999999,54.0,0.3333333333333333,556,0.3048,0,Risque Faible,Fidélisation Active : Programme fidélité / Ventes privées / Parrainage
2459,47,3.0,201.96,27.0,0.6666666666666666,870,0.4621,0,Risque Moyen,Réactivation Ciblée : Emailing personnalisé / Remise panier moyen
2460,31,5.0,395.12,63.0,0.8,715,0.3526,0,Risque Moyen,Réactivation Ciblée : Emailing personnalisé / Remise panier moyen
2461,48,1.0,35.74,143.0,1.0,1231,0.6255,1,Risque Moyen,Réactivation Ciblée : Emailing personnalisé / Remise panier moyen
2462,47,6.0,1400.3200000000002,14.0,0.8333333333333334,375,0.3006,0,Risque Faible,Fidélisation Active : Programme fidélité / Ventes privées / Parrainage
2463,46,3.0,538.38,15.0,0.3333333333333333,628,0.4637,0,Risque Moyen,Réactivation Ciblée : Emailing personnalisé / Remise panier moyen
2464,36,4.0,709.5799999999999,9.0,0.5,1155,0.4165,0,Risque Moyen,Réactivation Ciblée : Emailing personnalisé / Remise panier moyen
2465,28,6.0,909.84,131.0,0.6666666666666666,1078,0.3378,0,Risque Faible,Fidélisation Active : Programme fidélité / Ventes privées / Parrainage
2466,20,3.0,174.16,95.0,0.0,425,0.4853,0,Risque Moyen,Réactivation Ciblée : Emailing personnalisé / Remise panier moyen
2467,35,2.0,257.42,13.0,0.5,998,0.5393,1,Risque Moyen,Réactivation Ciblée : Emailing personnalisé / Remise panier moyen
2468,52,1.0,24.02,49.0,1.0,839,0.5936,1,Risque Moyen,Réactivation Ciblée : Emailing personnalisé / Remise panier moyen
2469,32,9.0,1449.51,89.0,0.7777777777777778,677,0.1763,0,Risque Faible,Fidélisation Active : Programme fidélité / Ventes privées / Parrainage
2470,44,3.0,215.37,232.0,0.6666666666666666,820,0.4993,0,Risque Moyen,Réactivation Ciblée : Emailing personnalisé / Remise panier moyen
2471,44,2.0,186.01000000000002,46.0,1.0,595,0.5279,1,Risque Moyen,Réactivation Ciblée : Emailing personnalisé / Remise panier moyen
2472,32,1.0,52.3,192.0,1.0,352,0.6347,1,Risque Moyen,Réactivation Ciblée : Emailing personnalisé / Remise panier moyen
2473,49,6.0,1211.75,29.0,0.6666666666666666,950,0.3075,0,Risque Faible,Fidélisation Active : Programme fidélité / Ventes privées / Parrainage
2474,18,1.0,101.23,4.0,1.0,1008,0.6232,1,Risque Moyen,Réactivation Ciblée : Emailing personnalisé / Remise panier moyen
2475,22,4.0,809.7,13.0,0.5,449,0.4277,0,Risque Moyen,Réactivation Ciblée : Emailing personnalisé / Remise panier moyen
2476,25,0.0,0.0,303.0,0.0,802,0.7257,1,Risque Élevé,Rétention Urgente : Appel VIP / Bon d'achat 20% / Enquête insatisfaction
2477,26,5.0,794.8199999999999,53.0,0.2,651,0.3643,0,Risque Moyen,Réactivation Ciblée : Emailing personnalisé / Remise panier moyen
2478,39,3.0,843.8100000000001,44.0,0.6666666666666666,642,0.4954,0,Risque Moyen,Réactivation Ciblée : Emailing personnalisé / Remise panier moyen
2479,38,2.0,207.04,50.0,0.0,1002,0.5354,1,Risque Moyen,Réactivation Ciblée : Emailing personnalisé / Remise panier moyen
2480,39,5.0,512.8,23.0,0.6,967,0.3394,0,Risque Faible,Fidélisation Active : Programme fidélité / Ventes privées / Parrainage
2481,42,1.0,54.08,125.0,0.0,1266,0.6239,1,Risque Moyen,Réactivation Ciblée : Emailing personnalisé / Remise panier moyen
2482,25,4.0,867.97,96.0,0.25,582,0.4381,0,Risque Moyen,Réactivation Ciblée : Emailing personnalisé / Remise panier moyen
2483,22,5.0,602.12,46.0,0.6,1044,0.3683,0,Risque Moyen,Réactivation Ciblée : Emailing personnalisé / Remise panier moyen
2484,39,5.0,688.65,10.0,0.4,996,0.3434,0,Risque Faible,Fidélisation Active : Programme fidélité / Ventes privées / Parrainage
2485,28,0.0,0.0,303.0,0.0,1031,0.7269,1,Risque Élevé,Rétention Urgente : Appel VIP / Bon d'achat 20% / Enquête insatisfaction
2486,18,7.0,650.99,67.0,0.7142857142857143,478,0.2463,0,Risque Faible,Fidélisation Active : Programme fidélité / Ventes privées / Parrainage
2487,46,2.0,188.35,45.0,1.0,312,0.5216,1,Risque Moyen,Réactivation Ciblée : Emailing personnalisé / Remise panier moyen
2488,50,3.0,603.9,20.0,0.3333333333333333,277,0.4504,0,Risque Moyen,Réactivation Ciblée : Emailing personnalisé / Remise panier moyen
2489,52,2.0,187.0,222.0,1.0,372,0.5571,1,Risque Moyen,Réactivation Ciblée : Emailing personnalisé / Remise panier moyen
2490,37,1.0,39.34,49.0,1.0,1337,0.6198,1,Risque Moyen,Réactivation Ciblée : Emailing personnalisé / Remise panier moyen
2491,42,2.0,509.71999999999997,82.0,1.0,442,0.5494,1,Risque Moyen,Réactivation Ciblée : Emailing personnalisé / Remise panier moyen
2492,50,7.0,848.73,55.0,0.42857142857142855,749,0.2261,0,Risque Faible,Fidélisation Active : Programme fidélité / Ventes privées / Parrainage
2493,28,5.0,428.58,10.0,0.6,491,0.336,0,Risque Faible,Fidélisation Active : Programme fidélité / Ventes privées / Parrainage
2494,47,5.0,973.35,2.0,0.6,1194,0.3534,0,Risque Moyen,Réactivation Ciblée : Emailing personnalisé / Remise panier moyen
2495,38,3.0,844.22,27.0,0.3333333333333333,1354,0.4957,0,Risque Moyen,Réactivation Ciblée : Emailing personnalisé / Remise panier moyen
2496,45,10.0,2315.63,27.0,0.6,294,0.1413,0,Risque Faible,Fidélisation Active : Programme fidélité / Ventes privées / Parrainage
2497,37,10.0,2015.62,3.0,0.7,1262,0.1451,0,Risque Faible,Fidélisation Active : Programme fidélité / Ventes privées / Parrainage
2498,49,0.0,0.0,303.0,0.0,900,0.7053,1,Risque Élevé,Rétention Urgente : Appel VIP / Bon d'achat 20% / Enquête insatisfaction
2499,37,0.0,0.0,303.0,0.0,1167,0.7211,1,Risque Élevé,Rétention Urgente : Appel VIP / Bon d'achat 20% / Enquête insatisfaction
2500,19,0.0,0.0,303.0,0.0,304,0.7226,1,Risque Élevé,Rétention Urgente : Appel VIP / Bon d'achat 20% / Enquête insatisfaction
2501,51,1.0,66.1,19.0,1.0,452,0.5817,1,Risque Moyen,Réactivation Ciblée : Emailing personnalisé / Remise panier moyen
2502,25,1.0,100.53,121.0,0.0,1033,0.6338,1,Risque Moyen,Réactivation Ciblée : Emailing personnalisé / Remise panier moyen
2503,49,2.0,355.23,50.0,1.0,1264,0.5449,1,Risque Moyen,Réactivation Ciblée : Emailing personnalisé / Remise panier moyen
2504,34,3.0,544.06,43.0,0.6666666666666666,1166,0.4946,0,Risque Moyen,Réactivation Ciblée : Emailing personnalisé / Remise panier moyen
2505,48,3.0,384.79999999999995,117.0,0.0,1304,0.4836,0,Risque Moyen,Réactivation Ciblée : Emailing personnalisé / Remise panier moyen
2506,47,1.0,67.74,186.0,1.0,816,0.6267,1,Risque Moyen,Réactivation Ciblée : Emailing personnalisé / Remise panier moyen
2507,40,0.0,0.0,303.0,0.0,1145,0.718,1,Risque Élevé,Rétention Urgente : Appel VIP / Bon d'achat 20% / Enquête insatisfaction
2508,41,2.0,332.27,88.0,1.0,989,0.5538,1,Risque Moyen,Réactivation Ciblée : Emailing personnalisé / Remise panier moyen
2509,40,1.0,114.78,160.0,1.0,1114,0.6341,1,Risque Moyen,Réactivation Ciblée : Emailing personnalisé / Remise panier moyen
2510,18,2.0,101.09,5.0,0.5,1198,0.5538,1,Risque Moyen,Réactivation Ciblée : Emailing personnalisé / Remise panier moyen
2511,36,3.0,449.48,38.0,0.3333333333333333,756,0.4715,0,Risque Moyen,Réactivation Ciblée : Emailing personnalisé / Remise panier moyen
2512,23,2.0,535.44,24.0,0.5,717,0.5543,1,Risque Moyen,Réactivation Ciblée : Emailing personnalisé / Remise panier moyen
2513,37,4.0,1766.0900000000001,12.0,0.25,651,0.4496,0,Risque Moyen,Réactivation Ciblée : Emailing personnalisé / Remise panier moyen
2514,22,6.0,646.8000000000001,64.0,0.5,537,0.2986,0,Risque Faible,Fidélisation Active : Programme fidélité / Ventes privées / Parrainage
2515,22,9.0,1859.6100000000001,5.0,0.7777777777777778,550,0.1824,0,Risque Faible,Fidélisation Active : Programme fidélité / Ventes privées / Parrainage
2516,53,4.0,372.93,179.0,1.0,1296,0.4272,0,Risque Moyen,Réactivation Ciblée : Emailing personnalisé / Remise panier moyen
2517,47,3.0,697.86,63.0,0.6666666666666666,285,0.4743,0,Risque Moyen,Réactivation Ciblée : Emailing personnalisé / Remise panier moyen
2518,35,2.0,162.2,96.0,1.0,914,0.5639,1,Risque Moyen,Réactivation Ciblée : Emailing personnalisé / Remise panier moyen
2519,37,1.0,69.6,182.0,0.0,1033,0.6301,1,Risque Moyen,Réactivation Ciblée : Emailing personnalisé / Remise panier moyen
2520,32,2.0,220.43,108.0,1.0,701,0.5621,1,Risque Moyen,Réactivation Ciblée : Emailing personnalisé / Remise panier moyen
2521,41,3.0,873.6600000000001,6.0,0.3333333333333333,1355,0.4907,0,Risque Moyen,Réactivation Ciblée : Emailing personnalisé / Remise panier moyen
2522,28,0.0,0.0,303.0,0.0,1342,0.7322,1,Risque Élevé,Rétention Urgente : Appel VIP / Bon d'achat 20% / Enquête insatisfaction
2523,46,5.0,1457.03,41.0,0.6,295,0.3737,0,Risque Moyen,Réactivation Ciblée : Emailing personnalisé / Remise panier moyen
2524,32,6.0,1237.28,11.0,0.8333333333333334,1182,0.3182,0,Risque Faible,Fidélisation Active : Programme fidélité / Ventes privées / Parrainage
2525,30,1.0,56.99,99.0,0.0,288,0.6053,1,Risque Moyen,Réactivation Ciblée : Emailing personnalisé / Remise panier moyen
2526,35,4.0,421.23,65.0,0.5,598,0.4061,0,Risque Moyen,Réactivation Ciblée : Emailing personnalisé / Remise panier moyen
2527,28,3.0,1180.6,39.0,0.6666666666666666,702,0.5138,1,Risque Moyen,Réactivation Ciblée : Emailing personnalisé / Remise panier moyen
2528,39,5.0,802.88,136.0,0.4,379,0.3607,0,Risque Moyen,Réactivation Ciblée : Emailing personnalisé / Remise panier moyen
2529,29,4.0,502.55,14.0,0.25,311,0.3979,0,Risque Moyen,Réactivation Ciblée : Emailing personnalisé / Remise panier moyen
2530,40,2.0,221.75,158.0,0.5,831,0.5591,1,Risque Moyen,Réactivation Ciblée : Emailing personnalisé / Remise panier moyen
2531,48,8.0,546.9,36.0,0.625,433,0.1717,0,Risque Faible,Fidélisation Active : Programme fidélité / Ventes privées / Parrainage
2532,27,2.0,148.89000000000001,105.0,0.0,998,0.5629,1,Risque Moyen,Réactivation Ciblée : Emailing personnalisé / Remise panier moyen
2533,34,6.0,714.3,48.0,0.6666666666666666,1283,0.3071,0,Risque Faible,Fidélisation Active : Programme fidélité / Ventes privées / Parrainage
2534,40,7.0,954.82,41.0,0.7142857142857143,1209,0.2512,0,Risque Faible,Fidélisation Active : Programme fidélité / Ventes privées / Parrainage
2535,30,1.0,154.33,235.0,1.0,944,0.6557,1,Risque Élevé,Rétention Urgente : Appel VIP / Bon d'achat 20% / Enquête insatisfaction
2536,40,6.0,860.5899999999999,59.0,0.6666666666666666,1094,0.305,0,Risque Faible,Fidélisation Active : Programme fidélité / Ventes privées / Parrainage
2537,41,4.0,878.5,64.0,0.75,1111,0.4368,0,Risque Moyen,Réactivation Ciblée : Emailing personnalisé / Remise panier moyen
2538,47,4.0,663.96,4.0,0.5,406,0.3864,0,Risque Moyen,Réactivation Ciblée : Emailing personnalisé / Remise panier moyen
2539,28,2.0,79.25,33.0,0.0,395,0.5254,1,Risque Moyen,Réactivation Ciblée : Emailing personnalisé / Remise panier moyen
2540,25,4.0,910.83,53.0,0.5,842,0.4385,0,Risque Moyen,Réactivation Ciblée : Emailing personnalisé / Remise panier moyen
2541,32,3.0,694.09,53.0,0.6666666666666666,836,0.4922,0,Risque Moyen,Réactivation Ciblée : Emailing personnalisé / Remise panier moyen
2542,24,4.0,1020.72,96.0,0.75,286,0.4481,0,Risque Moyen,Réactivation Ciblée : Emailing personnalisé / Remise panier moyen
2543,41,2.0,532.5300000000001,131.0,0.5,1256,0.5689,1,Risque Moyen,Réactivation Ciblée : Emailing personnalisé / Remise panier moyen
2544,22,0.0,0.0,303.0,0.0,1112,0.7336,1,Risque Élevé,Rétention Urgente : Appel VIP / Bon d'achat 20% / Enquête insatisfaction
2545,61,0.0,0.0,303.0,0.0,1040,0.6964,1,Risque Élevé,Rétention Urgente : Appel VIP / Bon d'achat 20% / Enquête insatisfaction
2546,49,9.0,1986.36,64.0,0.6666666666666666,592,0.1777,0,Risque Faible,Fidélisation Active : Programme fidélité / Ventes privées / Parrainage
2547,35,4.0,375.24,34.0,1.0,1318,0.4163,0,Risque Moyen,Réactivation Ciblée : Emailing personnalisé / Remise panier moyen
2548,45,3.0,400.3,84.0,0.3333333333333333,1148,0.4785,0,Risque Moyen,Réactivation Ciblée : Emailing personnalisé / Remise panier moyen
2549,18,3.0,638.1200000000001,111.0,1.0,586,0.5219,1,Risque Moyen,Réactivation Ciblée : Emailing personnalisé / Remise panier moyen
2550,63,5.0,824.36,91.0,0.6,773,0.3356,0,Risque Faible,Fidélisation Active : Programme fidélité / Ventes privées / Parrainage
2551,29,2.0,327.77000000000004,222.0,1.0,1147,0.6013,1,Risque Moyen,Réactivation Ciblée : Emailing personnalisé / Remise panier moyen
2552,34,0.0,0.0,303.0,0.0,426,0.7109,1,Risque Élevé,Rétention Urgente : Appel VIP / Bon d'achat 20% / Enquête insatisfaction
2553,18,1.0,160.67,36.0,0.0,291,0.6036,1,Risque Moyen,Réactivation Ciblée : Emailing personnalisé / Remise panier moyen
2554,40,10.0,1130.95,1.0,0.4,1171,0.1224,0,Risque Faible,Fidélisation Active : Programme fidélité / Ventes privées / Parrainage
2555,23,6.0,632.1199999999999,20.0,0.5,1241,0.3072,0,Risque Faible,Fidélisation Active : Programme fidélité / Ventes privées / Parrainage
2556,36,2.0,278.67,120.0,1.0,336,0.5515,1,Risque Moyen,Réactivation Ciblée : Emailing personnalisé / Remise panier moyen
2557,29,0.0,0.0,303.0,0.0,382,0.7148,1,Risque Élevé,Rétention Urgente : Appel VIP / Bon d'achat 20% / Enquête insatisfaction
2558,23,1.0,299.14,185.0,0.0,1142,0.6464,1,Risque Moyen,Réactivation Ciblée : Emailing personnalisé / Remise panier moyen
2559,26,3.0,1116.08,138.0,0.3333333333333333,811,0.5366,1,Risque Moyen,Réactivation Ciblée : Emailing personnalisé / Remise panier moyen
2560,37,1.0,72.33,254.0,0.0,329,0.6308,1,Risque Moyen,Réactivation Ciblée : Emailing personnalisé / Remise panier moyen
2561,21,11.0,1567.88,4.0,0.6363636363636364,1154,0.1132,0,Risque Faible,Fidélisation Active : Programme fidélité / Ventes privées / Parrainage
2562,27,4.0,779.8599999999999,5.0,0.5,514,0.4187,0,Risque Moyen,Réactivation Ciblée : Emailing personnalisé / Remise panier moyen
2563,42,1.0,194.22,161.0,1.0,944,0.6297,1,Risque Moyen,Réactivation Ciblée : Emailing personnalisé / Remise panier moyen
2564,64,1.0,203.06,144.0,0.0,1051,0.5936,1,Risque Moyen,Réactivation Ciblée : Emailing personnalisé / Remise panier moyen
2565,40,12.0,1644.63,59.0,0.5833333333333334,1009,0.0848,0,Risque Faible,Fidélisation Active : Programme fidélité / Ventes privées / Parrainage
2566,25,3.0,250.67,8.0,1.0,433,0.4765,0,Risque Moyen,Réactivation Ciblée : Emailing personnalisé / Remise panier moyen
2567,31,1.0,67.84,186.0,0.0,411,0.6248,1,Risque Moyen,Réactivation Ciblée : Emailing personnalisé / Remise panier moyen
2568,35,2.0,203.39999999999998,58.0,0.0,449,0.5351,1,Risque Moyen,Réactivation Ciblée : Emailing personnalisé / Remise panier moyen
2569,31,3.0,868.96,134.0,0.3333333333333333,467,0.5089,1,Risque Moyen,Réactivation Ciblée : Emailing personnalisé / Remise panier moyen
2570,45,1.0,72.13,263.0,0.0,1171,0.641,1,Risque Moyen,Réactivation Ciblée : Emailing personnalisé / Remise panier moyen
2571,37,1.0,539.28,97.0,1.0,971,0.6196,1,Risque Moyen,Réactivation Ciblée : Emailing personnalisé / Remise panier moyen
2572,45,3.0,471.04,9.0,0.6666666666666666,779,0.4728,0,Risque Moyen,Réactivation Ciblée : Emailing personnalisé / Remise panier moyen
2573,32,0.0,0.0,303.0,0.0,1127,0.7249,1,Risque Élevé,Rétention Urgente : Appel VIP / Bon d'achat 20% / Enquête insatisfaction
2574,50,5.0,818.82,41.0,0.8,940,0.3459,0,Risque Faible,Fidélisation Active : Programme fidélité / Ventes privées / Parrainage
2575,33,4.0,369.8,17.0,0.75,758,0.4003,0,Risque Moyen,Réactivation Ciblée : Emailing personnalisé / Remise panier moyen
2576,24,3.0,518.55,195.0,1.0,1363,0.5403,1,Risque Moyen,Réactivation Ciblée : Emailing personnalisé / Remise panier moyen
2577,59,2.0,175.51,166.0,0.5,659,0.5372,1,Risque Moyen,Réactivation Ciblée : Emailing personnalisé / Remise panier moyen
2578,18,2.0,112.09,179.0,0.5,1009,0.5918,1,Risque Moyen,Réactivation Ciblée : Emailing personnalisé / Remise panier moyen
2579,27,1.0,451.71,211.0,1.0,325,0.6419,1,Risque Moyen,Réactivation Ciblée : Emailing personnalisé / Remise panier moyen
2580,28,5.0,1154.78,36.0,0.4,866,0.3801,0,Risque Moyen,Réactivation Ciblée : Emailing personnalisé / Remise panier moyen
2581,63,6.0,1358.33,52.0,0.3333333333333333,1142,0.3019,0,Risque Faible,Fidélisation Active : Programme fidélité / Ventes privées / Parrainage
2582,55,3.0,748.22,97.0,0.0,1260,0.4876,0,Risque Moyen,Réactivation Ciblée : Emailing personnalisé / Remise panier moyen
2583,51,3.0,221.59,152.0,0.6666666666666666,626,0.4719,0,Risque Moyen,Réactivation Ciblée : Emailing personnalisé / Remise panier moyen
2584,31,11.0,1518.74,62.0,0.6363636363636364,558,0.1038,0,Risque Faible,Fidélisation Active : Programme fidélité / Ventes privées / Parrainage
2585,62,0.0,0.0,303.0,0.0,583,0.6871,1,Risque Élevé,Rétention Urgente : Appel VIP / Bon d'achat 20% / Enquête insatisfaction
2586,39,2.0,199.07,47.0,0.5,1141,0.5464,1,Risque Moyen,Réactivation Ciblée : Emailing personnalisé / Remise panier moyen
2587,46,3.0,469.13,115.0,0.3333333333333333,517,0.4705,0,Risque Moyen,Réactivation Ciblée : Emailing personnalisé / Remise panier moyen
2588,37,4.0,201.18,5.0,1.0,541,0.386,0,Risque Moyen,Réactivation Ciblée : Emailing personnalisé / Remise panier moyen
2589,34,1.0,361.6,83.0,1.0,990,0.6207,1,Risque Moyen,Réactivation Ciblée : Emailing personnalisé / Remise panier moyen
2590,32,6.0,796.65,2.0,0.3333333333333333,984,0.2875,0,Risque Faible,Fidélisation Active : Programme fidélité / Ventes privées / Parrainage
2591,33,2.0,381.8,66.0,0.0,1256,0.5532,1,Risque Moyen,Réactivation Ciblée : Emailing personnalisé / Remise panier moyen
2592,42,3.0,694.84,112.0,0.3333333333333333,1078,0.4996,0,Risque Moyen,Réactivation Ciblée : Emailing personnalisé / Remise panier moyen
2593,39,5.0,386.58,46.0,0.4,1078,0.3359,0,Risque Faible,Fidélisation Active : Programme fidélité / Ventes privées / Parrainage
2594,35,8.0,1052.52,65.0,0.5,692,0.1934,0,Risque Faible,Fidélisation Active : Programme fidélité / Ventes privées / Parrainage
2595,52,7.0,1108.31,36.0,0.5714285714285714,1309,0.2407,0,Risque Faible,Fidélisation Active : Programme fidélité / Ventes privées / Parrainage
2596,18,9.0,2195.2400000000002,42.0,0.7777777777777778,1263,0.2152,0,Risque Faible,Fidélisation Active : Programme fidélité / Ventes privées / Parrainage
2597,41,1.0,71.01,113.0,0.0,746,0.6096,1,Risque Moyen,Réactivation Ciblée : Emailing personnalisé / Remise panier moyen
2598,43,1.0,110.62,51.0,1.0,1280,0.6116,1,Risque Moyen,Réactivation Ciblée : Emailing personnalisé / Remise panier moyen
2599,48,4.0,297.64,105.0,0.5,627,0.3927,0,Risque Moyen,Réactivation Ciblée : Emailing personnalisé / Remise panier moyen
2600,34,2.0,596.79,9.0,1.0,469,0.5424,1,Risque Moyen,Réactivation Ciblée : Emailing personnalisé / Remise panier moyen
2601,37,7.0,561.75,38.0,0.2857142857142857,924,0.2223,0,Risque Faible,Fidélisation Active : Programme fidélité / Ventes privées / Parrainage
2602,46,11.0,1752.06,16.0,0.6363636363636364,362,0.0986,0,Risque Faible,Fidélisation Active : Programme fidélité / Ventes privées / Parrainage
2603,51,1.0,71.59,172.0,1.0,1063,0.6245,1,Risque Moyen,Réactivation Ciblée : Emailing personnalisé / Remise panier moyen
2604,32,2.0,114.46000000000001,49.0,0.0,754,0.5349,1,Risque Moyen,Réactivation Ciblée : Emailing personnalisé / Remise panier moyen
2605,38,4.0,1403.0700000000002,98.0,0.0,1167,0.4586,0,Risque Moyen,Réactivation Ciblée : Emailing personnalisé / Remise panier moyen
2606,53,4.0,733.55,12.0,0.5,425,0.3844,0,Risque Moyen,Réactivation Ciblée : Emailing personnalisé / Remise panier moyen
2607,18,0.0,0.0,303.0,0.0,322,0.7238,1,Risque Élevé,Rétention Urgente : Appel VIP / Bon d'achat 20% / Enquête insatisfaction
2608,27,4.0,289.93,13.0,0.5,898,0.4055,0,Risque Moyen,Réactivation Ciblée : Emailing personnalisé / Remise panier moyen
2609,51,7.0,1478.8999999999999,46.0,0.5714285714285714,390,0.2465,0,Risque Faible,Fidélisation Active : Programme fidélité / Ventes privées / Parrainage
2610,47,0.0,0.0,303.0,0.0,1060,0.71,1,Risque Élevé,Rétention Urgente : Appel VIP / Bon d'achat 20% / Enquête insatisfaction
2611,41,9.0,1475.57,7.0,0.4444444444444444,636,0.1609,0,Risque Faible,Fidélisation Active : Programme fidélité / Ventes privées / Parrainage
2612,30,1.0,408.28,246.0,0.0,833,0.6479,1,Risque Moyen,Réactivation Ciblée : Emailing personnalisé / Remise panier moyen
2613,25,4.0,845.0699999999999,4.0,0.75,993,0.4316,0,Risque Moyen,Réactivation Ciblée : Emailing personnalisé / Remise panier moyen
2614,28,2.0,266.85,127.0,0.5,870,0.5653,1,Risque Moyen,Réactivation Ciblée : Emailing personnalisé / Remise panier moyen
2615,52,5.0,565.39,112.0,0.6,733,0.3431,0,Risque Faible,Fidélisation Active : Programme fidélité / Ventes privées / Parrainage
2616,28,3.0,201.42000000000002,82.0,0.6666666666666666,1227,0.4926,0,Risque Moyen,Réactivation Ciblée : Emailing personnalisé / Remise panier moyen
2617,36,3.0,134.70000000000002,25.0,0.3333333333333333,293,0.4453,0,Risque Moyen,Réactivation Ciblée : Emailing personnalisé / Remise panier moyen
2618,27,0.0,0.0,303.0,0.0,275,0.7147,1,Risque Élevé,Rétention Urgente : Appel VIP / Bon d'achat 20% / Enquête insatisfaction
2619,44,9.0,1071.11,13.0,0.6666666666666666,1109,0.1524,0,Risque Faible,Fidélisation Active : Programme fidélité / Ventes privées / Parrainage
2620,29,0.0,0.0,303.0,0.0,991,0.7253,1,Risque Élevé,Rétention Urgente : Appel VIP / Bon d'achat 20% / Enquête insatisfaction
2621,34,4.0,921.64,33.0,0.75,306,0.4245,0,Risque Moyen,Réactivation Ciblée : Emailing personnalisé / Remise panier moyen
2622,18,6.0,633.72,10.0,0.6666666666666666,1021,0.3059,0,Risque Faible,Fidélisation Active : Programme fidélité / Ventes privées / Parrainage
2623,18,2.0,745.64,152.0,1.0,541,0.5954,1,Risque Moyen,Réactivation Ciblée : Emailing personnalisé / Remise panier moyen
2624,35,8.0,1504.4199999999998,34.0,0.0,863,0.2086,0,Risque Faible,Fidélisation Active : Programme fidélité / Ventes privées / Parrainage
2625,20,4.0,891.87,7.0,0.25,987,0.4422,0,Risque Moyen,Réactivation Ciblée : Emailing personnalisé / Remise panier moyen
2626,58,7.0,1173.8600000000001,11.0,0.5714285714285714,944,0.2312,0,Risque Faible,Fidélisation Active : Programme fidélité / Ventes privées / Parrainage
2627,18,3.0,759.35,28.0,0.6666666666666666,1047,0.509,1,Risque Moyen,Réactivation Ciblée : Emailing personnalisé / Remise panier moyen
2628,26,4.0,267.46000000000004,115.0,0.5,1119,0.4303,0,Risque Moyen,Réactivation Ciblée : Emailing personnalisé / Remise panier moyen
2629,35,5.0,1015.3299999999999,18.0,0.8,1189,0.3707,0,Risque Moyen,Réactivation Ciblée : Emailing personnalisé / Remise panier moyen
2630,31,7.0,849.27,19.0,0.8571428571428571,365,0.238,0,Risque Faible,Fidélisation Active : Programme fidélité / Ventes privées / Parrainage
2631,23,6.0,780.3000000000001,17.0,0.5,1340,0.3099,0,Risque Faible,Fidélisation Active : Programme fidélité / Ventes privées / Parrainage
2632,24,3.0,669.19,39.0,0.6666666666666666,631,0.4994,0,Risque Moyen,Réactivation Ciblée : Emailing personnalisé / Remise panier moyen
2633,24,1.0,400.40999999999997,86.0,0.0,1182,0.6265,1,Risque Moyen,Réactivation Ciblée : Emailing personnalisé / Remise panier moyen
2634,32,11.0,1779.3600000000001,10.0,0.36363636363636365,1314,0.1102,0,Risque Faible,Fidélisation Active : Programme fidélité / Ventes privées / Parrainage
2635,56,0.0,0.0,303.0,0.0,491,0.6912,1,Risque Élevé,Rétention Urgente : Appel VIP / Bon d'achat 20% / Enquête insatisfaction
2636,36,6.0,681.83,43.0,0.5,855,0.2849,0,Risque Faible,Fidélisation Active : Programme fidélité / Ventes privées / Parrainage
2637,48,8.0,938.91,2.0,0.875,1352,0.1894,0,Risque Faible,Fidélisation Active : Programme fidélité / Ventes privées / Parrainage
2638,41,4.0,304.99,16.0,0.5,1281,0.3993,0,Risque Moyen,Réactivation Ciblée : Emailing personnalisé / Remise panier moyen
2639,47,8.0,1296.35,12.0,0.25,287,0.1852,0,Risque Faible,Fidélisation Active : Programme fidélité / Ventes privées / Parrainage
2640,18,1.0,210.75,151.0,1.0,665,0.6529,1,Risque Élevé,Rétention Urgente : Appel VIP / Bon d'achat 20% / Enquête insatisfaction
2641,32,1.0,51.11,156.0,1.0,644,0.6331,1,Risque Moyen,Réactivation Ciblée : Emailing personnalisé / Remise panier moyen
2642,49,6.0,594.52,2.0,0.16666666666666666,299,0.2495,0,Risque Faible,Fidélisation Active : Programme fidélité / Ventes privées / Parrainage
2643,29,2.0,749.05,159.0,0.5,474,0.5821,1,Risque Moyen,Réactivation Ciblée : Emailing personnalisé / Remise panier moyen
2644,54,2.0,343.15,8.0,1.0,917,0.5202,1,Risque Moyen,Réactivation Ciblée : Emailing personnalisé / Remise panier moyen
2645,51,4.0,610.86,83.0,0.5,942,0.4143,0,Risque Moyen,Réactivation Ciblée : Emailing personnalisé / Remise panier moyen
2646,30,5.0,539.89,11.0,1.0,1251,0.3589,0,Risque Moyen,Réactivation Ciblée : Emailing personnalisé / Remise panier moyen
2647,29,1.0,113.10000000000001,268.0,0.0,681,0.6523,1,Risque Élevé,Rétention Urgente : Appel VIP / Bon d'achat 20% / Enquête insatisfaction
2648,24,0.0,0.0,303.0,0.0,347,0.7187,1,Risque Élevé,Rétention Urgente : Appel VIP / Bon d'achat 20% / Enquête insatisfaction
2649,28,1.0,189.94,218.0,1.0,789,0.6529,1,Risque Élevé,Rétention Urgente : Appel VIP / Bon d'achat 20% / Enquête insatisfaction
2650,21,3.0,426.56,22.0,0.6666666666666666,1118,0.4937,0,Risque Moyen,Réactivation Ciblée : Emailing personnalisé / Remise panier moyen
2651,40,5.0,956.98,8.0,0.4,966,0.3527,0,Risque Moyen,Réactivation Ciblée : Emailing personnalisé / Remise panier moyen
2652,19,0.0,0.0,303.0,0.0,448,0.725,1,Risque Élevé,Rétention Urgente : Appel VIP / Bon d'achat 20% / Enquête insatisfaction
2653,42,4.0,414.73,80.0,0.75,1169,0.4181,0,Risque Moyen,Réactivation Ciblée : Emailing personnalisé / Remise panier moyen
2654,42,0.0,0.0,303.0,0.0,294,0.701,1,Risque Élevé,Rétention Urgente : Appel VIP / Bon d'achat 20% / Enquête insatisfaction
2655,18,3.0,747.3800000000001,47.0,1.0,455,0.5061,1,Risque Moyen,Réactivation Ciblée : Emailing personnalisé / Remise panier moyen
2656,52,3.0,620.4000000000001,3.0,0.3333333333333333,1049,0.4593,0,Risque Moyen,Réactivation Ciblée : Emailing personnalisé / Remise panier moyen
2657,41,11.0,2489.3,20.0,0.45454545454545453,1170,0.123,0,Risque Faible,Fidélisation Active : Programme fidélité / Ventes privées / Parrainage
2658,43,9.0,1111.91,1.0,0.4444444444444444,1224,0.1492,0,Risque Faible,Fidélisation Active : Programme fidélité / Ventes privées / Parrainage
2659,27,0.0,0.0,303.0,0.0,286,0.7149,1,Risque Élevé,Rétention Urgente : Appel VIP / Bon d'achat 20% / Enquête insatisfaction
2660,42,3.0,354.12,36.0,0.3333333333333333,1226,0.4737,0,Risque Moyen,Réactivation Ciblée : Emailing personnalisé / Remise panier moyen
2661,47,7.0,696.61,78.0,0.42857142857142855,319,0.2256,0,Risque Faible,Fidélisation Active : Programme fidélité / Ventes privées / Parrainage
2662,34,1.0,81.14,41.0,0.0,843,0.5997,1,Risque Moyen,Réactivation Ciblée : Emailing personnalisé / Remise panier moyen
2663,57,1.0,93.92,214.0,1.0,1247,0.6322,1,Risque Moyen,Réactivation Ciblée : Emailing personnalisé / Remise panier moyen
2664,35,5.0,485.26,1.0,0.4,1104,0.3368,0,Risque Faible,Fidélisation Active : Programme fidélité / Ventes privées / Parrainage
2665,48,2.0,57.17,230.0,0.0,338,0.5446,1,Risque Moyen,Réactivation Ciblée : Emailing personnalisé / Remise panier moyen
2666,38,4.0,325.44,88.0,0.75,638,0.4059,0,Risque Moyen,Réactivation Ciblée : Emailing personnalisé / Remise panier moyen
2667,41,1.0,67.58,226.0,1.0,973,0.6463,1,Risque Moyen,Réactivation Ciblée : Emailing personnalisé / Remise panier moyen
2668,18,1.0,46.51,202.0,0.0,456,0.6429,1,Risque Moyen,Réactivation Ciblée : Emailing personnalisé / Remise panier moyen
2669,39,2.0,297.46,153.0,0.0,1261,0.5661,1,Risque Moyen,Réactivation Ciblée : Emailing personnalisé / Remise panier moyen
2670,27,1.0,311.1,188.0,1.0,510,0.6407,1,Risque Moyen,Réactivation Ciblée : Emailing personnalisé / Remise panier moyen
2671,26,4.0,310.86,29.0,0.5,733,0.4114,0,Risque Moyen,Réactivation Ciblée : Emailing personnalisé / Remise panier moyen
2672,54,1.0,159.89999999999998,101.0,0.0,436,0.5853,1,Risque Moyen,Réactivation Ciblée : Emailing personnalisé / Remise panier moyen
2673,33,4.0,527.91,12.0,0.25,600,0.402,0,Risque Moyen,Réactivation Ciblée : Emailing personnalisé / Remise panier moyen
2674,24,2.0,731.5999999999999,228.0,0.5,336,0.5971,1,Risque Moyen,Réactivation Ciblée : Emailing personnalisé / Remise panier moyen
2675,31,8.0,828.6,8.0,0.75,1333,0.1954,0,Risque Faible,Fidélisation Active : Programme fidélité / Ventes privées / Parrainage
2676,21,5.0,1383.76,71.0,0.4,341,0.3885,0,Risque Moyen,Réactivation Ciblée : Emailing personnalisé / Remise panier moyen
2677,51,8.0,1207.89,62.0,0.5,956,0.2045,0,Risque Faible,Fidélisation Active : Programme fidélité / Ventes privées / Parrainage
2678,27,1.0,72.14,32.0,1.0,886,0.6194,1,Risque Moyen,Réactivation Ciblée : Emailing personnalisé / Remise panier moyen
2679,41,2.0,616.8899999999999,92.0,0.5,457,0.5493,1,Risque Moyen,Réactivation Ciblée : Emailing personnalisé / Remise panier moyen
2680,50,2.0,275.78000000000003,52.0,0.0,766,0.5206,1,Risque Moyen,Réactivation Ciblée : Emailing personnalisé / Remise panier moyen
2681,29,2.0,217.49,187.0,0.5,287,0.564,1,Risque Moyen,Réactivation Ciblée : Emailing personnalisé / Remise panier moyen
2682,41,12.0,3216.53,7.0,0.5833333333333334,1197,0.1102,0,Risque Faible,Fidélisation Active : Programme fidélité / Ventes privées / Parrainage
2683,24,4.0,420.33000000000004,25.0,0.5,1109,0.416,0,Risque Moyen,Réactivation Ciblée : Emailing personnalisé / Remise panier moyen
2684,62,8.0,1891.74,41.0,0.5,1344,0.2126,0,Risque Faible,Fidélisation Active : Programme fidélité / Ventes privées / Parrainage
2685,45,5.0,576.48,31.0,0.6,1171,0.3489,0,Risque Faible,Fidélisation Active : Programme fidélité / Ventes privées / Parrainage
2686,33,1.0,58.34,246.0,0.0,790,0.6427,1,Risque Moyen,Réactivation Ciblée : Emailing personnalisé / Remise panier moyen
2687,26,2.0,359.23,64.0,0.5,946,0.5592,1,Risque Moyen,Réactivation Ciblée : Emailing personnalisé / Remise panier moyen
2688,34,4.0,654.45,89.0,0.5,577,0.4261,0,Risque Moyen,Réactivation Ciblée : Emailing personnalisé / Remise panier moyen
2689,31,1.0,88.08,164.0,1.0,1363,0.6534,1,Risque Élevé,Rétention Urgente : Appel VIP / Bon d'achat 20% / Enquête insatisfaction
2690,56,4.0,1022.44,35.0,0.5,1297,0.4242,0,Risque Moyen,Réactivation Ciblée : Emailing personnalisé / Remise panier moyen
2691,22,3.0,180.91,69.0,0.3333333333333333,440,0.4773,0,Risque Moyen,Réactivation Ciblée : Emailing personnalisé / Remise panier moyen
2692,36,5.0,660.05,27.0,0.8,937,0.3519,0,Risque Moyen,Réactivation Ciblée : Emailing personnalisé / Remise panier moyen
2693,35,5.0,699.3,35.0,0.4,406,0.3414,0,Risque Faible,Fidélisation Active : Programme fidélité / Ventes privées / Parrainage
2694,34,3.0,148.17000000000002,20.0,0.6666666666666666,989,0.4719,0,Risque Moyen,Réactivation Ciblée : Emailing personnalisé / Remise panier moyen
2695,34,3.0,642.14,2.0,0.6666666666666666,819,0.481,0,Risque Moyen,Réactivation Ciblée : Emailing personnalisé / Remise panier moyen
2696,34,2.0,448.45,61.0,0.5,561,0.5473,1,Risque Moyen,Réactivation Ciblée : Emailing personnalisé / Remise panier moyen
2697,45,3.0,156.49,35.0,1.0,1313,0.4673,0,Risque Moyen,Réactivation Ciblée : Emailing personnalisé / Remise panier moyen
2698,42,4.0,396.83,3.0,0.75,754,0.3905,0,Risque Moyen,Réactivation Ciblée : Emailing personnalisé / Remise panier moyen
2699,40,5.0,746.69,89.0,0.8,1153,0.3637,0,Risque Moyen,Réactivation Ciblée : Emailing personnalisé / Remise panier moyen
2700,18,6.0,1135.16,65.0,0.8333333333333334,1348,0.3365,0,Risque Faible,Fidélisation Active : Programme fidélité / Ventes privées / Parrainage
2701,38,2.0,132.86,199.0,1.0,1159,0.579,1,Risque Moyen,Réactivation Ciblée : Emailing personnalisé / Remise panier moyen
2702,18,2.0,346.2,109.0,0.5,1078,0.5867,1,Risque Moyen,Réactivation Ciblée : Emailing personnalisé / Remise panier moyen
2703,42,2.0,411.72,230.0,0.5,654,0.5765,1,Risque Moyen,Réactivation Ciblée : Emailing personnalisé / Remise panier moyen
2704,51,1.0,232.0,172.0,0.0,534,0.6026,1,Risque Moyen,Réactivation Ciblée : Emailing personnalisé / Remise panier moyen
2705,25,11.0,2169.46,13.0,0.36363636363636365,1181,0.1225,0,Risque Faible,Fidélisation Active : Programme fidélité / Ventes privées / Parrainage
2706,32,13.0,2068.67,57.0,0.6153846153846154,1178,0.0701,0,Risque Faible,Fidélisation Active : Programme fidélité / Ventes privées / Parrainage
2707,28,2.0,378.36,168.0,0.0,962,0.5746,1,Risque Moyen,Réactivation Ciblée : Emailing personnalisé / Remise panier moyen
2708,49,8.0,1735.64,16.0,0.5,1155,0.2144,0,Risque Faible,Fidélisation Active : Programme fidélité / Ventes privées / Parrainage
2709,36,6.0,954.38,99.0,0.8333333333333334,815,0.3088,0,Risque Faible,Fidélisation Active : Programme fidélité / Ventes privées / Parrainage
2710,54,11.0,1509.33,5.0,0.2727272727272727,409,0.0884,0,Risque Faible,Fidélisation Active : Programme fidélité / Ventes privées / Parrainage
2711,40,0.0,0.0,303.0,0.0,776,0.7115,1,Risque Élevé,Rétention Urgente : Appel VIP / Bon d'achat 20% / Enquête insatisfaction
2712,38,10.0,1795.35,3.0,0.7,1328,0.1394,0,Risque Faible,Fidélisation Active : Programme fidélité / Ventes privées / Parrainage
2713,36,0.0,0.0,303.0,0.0,999,0.7191,1,Risque Élevé,Rétention Urgente : Appel VIP / Bon d'achat 20% / Enquête insatisfaction
2714,44,8.0,697.8299999999999,24.0,0.625,1349,0.187,0,Risque Faible,Fidélisation Active : Programme fidélité / Ventes privées / Parrainage
2715,18,0.0,0.0,303.0,0.0,336,0.724,1,Risque Élevé,Rétention Urgente : Appel VIP / Bon d'achat 20% / Enquête insatisfaction
2716,36,0.0,0.0,303.0,0.0,544,0.7111,1,Risque Élevé,Rétention Urgente : Appel VIP / Bon d'achat 20% / Enquête insatisfaction
2717,34,8.0,1198.7,20.0,0.5,1351,0.2093,0,Risque Faible,Fidélisation Active : Programme fidélité / Ventes privées / Parrainage
2718,43,3.0,210.45999999999998,88.0,0.6666666666666666,621,0.4707,0,Risque Moyen,Réactivation Ciblée : Emailing personnalisé / Remise panier moyen
2719,33,5.0,573.9300000000001,1.0,0.6,1050,0.3391,0,Risque Faible,Fidélisation Active : Programme fidélité / Ventes privées / Parrainage
2720,24,2.0,319.8,39.0,1.0,508,0.5516,1,Risque Moyen,Réactivation Ciblée : Emailing personnalisé / Remise panier moyen
2721,35,5.0,693.49,107.0,0.4,401,0.3496,0,Risque Faible,Fidélisation Active : Programme fidélité / Ventes privées / Parrainage
2722,23,3.0,391.23,39.0,0.3333333333333333,1117,0.4882,0,Risque Moyen,Réactivation Ciblée : Emailing personnalisé / Remise panier moyen
2723,18,2.0,264.15,85.0,0.5,1029,0.579,1,Risque Moyen,Réactivation Ciblée : Emailing personnalisé / Remise panier moyen
2724,43,0.0,0.0,303.0,0.0,618,0.7059,1,Risque Élevé,Rétention Urgente : Appel VIP / Bon d'achat 20% / Enquête insatisfaction
2725,41,4.0,878.64,151.0,0.25,401,0.4372,0,Risque Moyen,Réactivation Ciblée : Emailing personnalisé / Remise panier moyen
2726,40,2.0,261.64,31.0,0.5,907,0.5358,1,Risque Moyen,Réactivation Ciblée : Emailing personnalisé / Remise panier moyen
2727,49,0.0,0.0,303.0,0.0,738,0.7024,1,Risque Élevé,Rétention Urgente : Appel VIP / Bon d'achat 20% / Enquête insatisfaction
2728,28,4.0,597.85,23.0,0.0,968,0.4213,0,Risque Moyen,Réactivation Ciblée : Emailing personnalisé / Remise panier moyen
2729,19,10.0,1955.31,30.0,0.3,998,0.1552,0,Risque Faible,Fidélisation Active : Programme fidélité / Ventes privées / Parrainage
2730,34,3.0,463.08000000000004,59.0,0.6666666666666666,1087,0.4876,0,Risque Moyen,Réactivation Ciblée : Emailing personnalisé / Remise panier moyen
2731,31,0.0,0.0,303.0,0.0,979,0.7233,1,Risque Élevé,Rétention Urgente : Appel VIP / Bon d'achat 20% / Enquête insatisfaction
2732,26,0.0,0.0,303.0,0.0,1032,0.7287,1,Risque Élevé,Rétention Urgente : Appel VIP / Bon d'achat 20% / Enquête insatisfaction
2733,34,1.0,274.5,33.0,1.0,1096,0.6197,1,Risque Moyen,Réactivation Ciblée : Emailing personnalisé / Remise panier moyen
2734,28,2.0,383.15999999999997,118.0,1.0,349,0.5622,1,Risque Moyen,Réactivation Ciblée : Emailing personnalisé / Remise panier moyen
2735,18,10.0,1549.6200000000001,12.0,0.4,729,0.136,0,Risque Faible,Fidélisation Active : Programme fidélité / Ventes privées / Parrainage
2736,30,5.0,817.46,37.0,0.6,551,0.3599,0,Risque Moyen,Réactivation Ciblée : Emailing personnalisé / Remise panier moyen
2737,22,1.0,61.3,65.0,0.0,1363,0.6285,1,Risque Moyen,Réactivation Ciblée : Emailing personnalisé / Remise panier moyen
2738,38,3.0,187.9,175.0,0.6666666666666666,783,0.4984,0,Risque Moyen,Réactivation Ciblée : Emailing personnalisé / Remise panier moyen
2739,28,0.0,0.0,303.0,0.0,289,0.7141,1,Risque Élevé,Rétention Urgente : Appel VIP / Bon d'achat 20% / Enquête insatisfaction
2740,47,2.0,719.56,53.0,1.0,547,0.5435,1,Risque Moyen,Réactivation Ciblée : Emailing personnalisé / Remise panier moyen
2741,53,7.0,2070.81,27.0,0.5714285714285714,1131,0.2747,0,Risque Faible,Fidélisation Active : Programme fidélité / Ventes privées / Parrainage
2742,42,4.0,551.05,4.0,0.75,879,0.3984,0,Risque Moyen,Réactivation Ciblée : Emailing personnalisé / Remise panier moyen
2743,18,3.0,368.17,85.0,1.0,323,0.4939,0,Risque Moyen,Réactivation Ciblée : Emailing personnalisé / Remise panier moyen
2744,52,1.0,153.21,21.0,0.0,928,0.5765,1,Risque Moyen,Réactivation Ciblée : Emailing personnalisé / Remise panier moyen
2745,52,1.0,217.8,223.0,1.0,304,0.6187,1,Risque Moyen,Réactivation Ciblée : Emailing personnalisé / Remise panier moyen
2746,35,2.0,179.56,8.0,0.5,511,0.522,1,Risque Moyen,Réactivation Ciblée : Emailing personnalisé / Remise panier moyen
2747,50,1.0,355.44,82.0,0.0,1111,0.5948,1,Risque Moyen,Réactivation Ciblée : Emailing personnalisé / Remise panier moyen
2748,29,7.0,784.38,70.0,0.42857142857142855,1321,0.2545,0,Risque Faible,Fidélisation Active : Programme fidélité / Ventes privées / Parrainage
2749,18,3.0,625.39,17.0,0.6666666666666666,866,0.5051,1,Risque Moyen,Réactivation Ciblée : Emailing personnalisé / Remise panier moyen
2750,27,3.0,451.78,68.0,0.6666666666666666,1230,0.5046,1,Risque Moyen,Réactivation Ciblée : Emailing personnalisé / Remise panier moyen
2751,54,1.0,37.55,28.0,0.0,860,0.576,1,Risque Moyen,Réactivation Ciblée : Emailing personnalisé / Remise panier moyen
2752,19,3.0,539.04,23.0,0.6666666666666666,715,0.493,0,Risque Moyen,Réactivation Ciblée : Emailing personnalisé / Remise panier moyen
2753,35,1.0,392.04999999999995,36.0,1.0,908,0.6138,1,Risque Moyen,Réactivation Ciblée : Emailing personnalisé / Remise panier moyen
2754,35,1.0,109.78,87.0,1.0,699,0.6159,1,Risque Moyen,Réactivation Ciblée : Emailing personnalisé / Remise panier moyen
2755,29,4.0,573.46,16.0,0.25,306,0.4027,0,Risque Moyen,Réactivation Ciblée : Emailing personnalisé / Remise panier moyen
2756,30,0.0,0.0,303.0,0.0,936,0.7235,1,Risque Élevé,Rétention Urgente : Appel VIP / Bon d'achat 20% / Enquête insatisfaction
2757,36,7.0,1096.31,6.0,0.7142857142857143,884,0.2513,0,Risque Faible,Fidélisation Active : Programme fidélité / Ventes privées / Parrainage
2758,29,2.0,172.89999999999998,13.0,0.5,287,0.5293,1,Risque Moyen,Réactivation Ciblée : Emailing personnalisé / Remise panier moyen
2759,19,9.0,1019.26,15.0,0.2222222222222222,873,0.1564,0,Risque Faible,Fidélisation Active : Programme fidélité / Ventes privées / Parrainage
2760,37,2.0,425.88,88.0,1.0,494,0.5516,1,Risque Moyen,Réactivation Ciblée : Emailing personnalisé / Remise panier moyen
2761,47,3.0,412.79,4.0,0.3333333333333333,768,0.453,0,Risque Moyen,Réactivation Ciblée : Emailing personnalisé / Remise panier moyen
2762,45,1.0,244.08,151.0,0.0,714,0.6123,1,Risque Moyen,Réactivation Ciblée : Emailing personnalisé / Remise panier moyen
2763,26,2.0,334.09999999999997,89.0,0.0,762,0.5589,1,Risque Moyen,Réactivation Ciblée : Emailing personnalisé / Remise panier moyen
2764,21,5.0,735.73,106.0,0.0,1213,0.3836,0,Risque Moyen,Réactivation Ciblée : Emailing personnalisé / Remise panier moyen
2765,32,0.0,0.0,303.0,0.0,1168,0.7256,1,Risque Élevé,Rétention Urgente : Appel VIP / Bon d'achat 20% / Enquête insatisfaction
2766,52,4.0,388.77,89.0,0.0,347,0.3851,0,Risque Moyen,Réactivation Ciblée : Emailing personnalisé / Remise panier moyen
2767,42,2.0,285.71000000000004,44.0,0.5,870,0.5339,1,Risque Moyen,Réactivation Ciblée : Emailing personnalisé / Remise panier moyen
2768,43,3.0,487.47999999999996,84.0,0.6666666666666666,881,0.4836,0,Risque Moyen,Réactivation Ciblée : Emailing personnalisé / Remise panier moyen
2769,45,0.0,0.0,303.0,0.0,1209,0.7145,1,Risque Élevé,Rétention Urgente : Appel VIP / Bon d'achat 20% / Enquête insatisfaction
2770,40,0.0,0.0,303.0,0.0,275,0.7026,1,Risque Élevé,Rétention Urgente : Appel VIP / Bon d'achat 20% / Enquête insatisfaction
2771,36,2.0,391.33,118.0,1.0,538,0.5595,1,Risque Moyen,Réactivation Ciblée : Emailing personnalisé / Remise panier moyen
2772,42,7.0,1831.6599999999999,32.0,0.5714285714285714,397,0.2633,0,Risque Faible,Fidélisation Active : Programme fidélité / Ventes privées / Parrainage
2773,29,10.0,2184.7,1.0,0.6,938,0.1514,0,Risque Faible,Fidélisation Active : Programme fidélité / Ventes privées / Parrainage
2774,19,3.0,328.61,117.0,0.3333333333333333,1252,0.5175,1,Risque Moyen,Réactivation Ciblée : Emailing personnalisé / Remise panier moyen
2775,43,3.0,610.03,104.0,0.6666666666666666,672,0.4914,0,Risque Moyen,Réactivation Ciblée : Emailing personnalisé / Remise panier moyen
2776,49,5.0,445.59000000000003,23.0,0.8,1166,0.331,0,Risque Faible,Fidélisation Active : Programme fidélité / Ventes privées / Parrainage
2777,23,2.0,139.02,33.0,0.5,407,0.5381,1,Risque Moyen,Réactivation Ciblée : Emailing personnalisé / Remise panier moyen
2778,44,4.0,526.42,5.0,0.25,907,0.3948,0,Risque Moyen,Réactivation Ciblée : Emailing personnalisé / Remise panier moyen
2779,53,0.0,0.0,303.0,0.0,425,0.6929,1,Risque Élevé,Rétention Urgente : Appel VIP / Bon d'achat 20% / Enquête insatisfaction
2780,35,1.0,58.81,195.0,0.0,669,0.6277,1,Risque Moyen,Réactivation Ciblée : Emailing personnalisé / Remise panier moyen
2781,26,3.0,581.37,116.0,0.3333333333333333,1168,0.515,1,Risque Moyen,Réactivation Ciblée : Emailing personnalisé / Remise panier moyen
2782,36,3.0,265.0,110.0,0.6666666666666666,853,0.4836,0,Risque Moyen,Réactivation Ciblée : Emailing personnalisé / Remise panier moyen
2783,29,8.0,1225.13,23.0,0.5,763,0.2045,0,Risque Faible,Fidélisation Active : Programme fidélité / Ventes privées / Parrainage
2784,28,0.0,0.0,303.0,0.0,625,0.7199,1,Risque Élevé,Rétention Urgente : Appel VIP / Bon d'achat 20% / Enquête insatisfaction
2785,40,10.0,1324.82,15.0,0.8,494,0.1195,0,Risque Faible,Fidélisation Active : Programme fidélité / Ventes privées / Parrainage
2786,18,3.0,574.88,172.0,0.6666666666666666,1022,0.5326,1,Risque Moyen,Réactivation Ciblée : Emailing personnalisé / Remise panier moyen
2787,19,3.0,486.71000000000004,28.0,0.6666666666666666,1020,0.4992,0,Risque Moyen,Réactivation Ciblée : Emailing personnalisé / Remise panier moyen
2788,35,0.0,0.0,303.0,0.0,511,0.7115,1,Risque Élevé,Rétention Urgente : Appel VIP / Bon d'achat 20% / Enquête insatisfaction
2789,35,0.0,0.0,303.0,0.0,975,0.7196,1,Risque Élevé,Rétention Urgente : Appel VIP / Bon d'achat 20% / Enquête insatisfaction
2790,39,1.0,40.75,116.0,0.0,375,0.6011,1,Risque Moyen,Réactivation Ciblée : Emailing personnalisé / Remise panier moyen
2791,56,6.0,804.04,18.0,0.5,391,0.2704,0,Risque Faible,Fidélisation Active : Programme fidélité / Ventes privées / Parrainage
2792,36,7.0,1512.69,25.0,0.2857142857142857,1202,0.2695,0,Risque Faible,Fidélisation Active : Programme fidélité / Ventes privées / Parrainage
2793,42,8.0,1339.5900000000001,14.0,0.375,393,0.1978,0,Risque Faible,Fidélisation Active : Programme fidélité / Ventes privées / Parrainage
2794,24,4.0,467.12,4.0,1.0,917,0.4167,0,Risque Moyen,Réactivation Ciblée : Emailing personnalisé / Remise panier moyen
2795,43,1.0,70.85,271.0,0.0,509,0.6316,1,Risque Moyen,Réactivation Ciblée : Emailing personnalisé / Remise panier moyen
2796,29,1.0,198.22,123.0,1.0,1159,0.6398,1,Risque Moyen,Réactivation Ciblée : Emailing personnalisé / Remise panier moyen
2797,36,1.0,297.51,267.0,1.0,601,0.6513,1,Risque Élevé,Rétention Urgente : Appel VIP / Bon d'achat 20% / Enquête insatisfaction
2798,34,0.0,0.0,303.0,0.0,1155,0.7236,1,Risque Élevé,Rétention Urgente : Appel VIP / Bon d'achat 20% / Enquête insatisfaction
2799,46,3.0,549.72,74.0,1.0,396,0.4797,0,Risque Moyen,Réactivation Ciblée : Emailing personnalisé / Remise panier moyen
2800,21,3.0,736.15,20.0,0.6666666666666666,1065,0.5078,1,Risque Moyen,Réactivation Ciblée : Emailing personnalisé / Remise panier moyen
2801,18,4.0,601.64,5.0,0.5,512,0.4204,0,Risque Moyen,Réactivation Ciblée : Emailing personnalisé / Remise panier moyen
2802,33,12.0,1285.79,33.0,0.5,508,0.0717,0,Risque Faible,Fidélisation Active : Programme fidélité / Ventes privées / Parrainage
2803,40,5.0,650.01,58.0,0.8,561,0.3463,0,Risque Faible,Fidélisation Active : Programme fidélité / Ventes privées / Parrainage
2804,37,4.0,193.42,66.0,0.25,1249,0.4029,0,Risque Moyen,Réactivation Ciblée : Emailing personnalisé / Remise panier moyen
2805,49,1.0,97.2,255.0,0.0,942,0.6323,1,Risque Moyen,Réactivation Ciblée : Emailing personnalisé / Remise panier moyen
2806,40,12.0,1648.93,8.0,0.4166666666666667,424,0.0765,0,Risque Faible,Fidélisation Active : Programme fidélité / Ventes privées / Parrainage
2807,29,5.0,403.21999999999997,86.0,0.6,1039,0.358,0,Risque Moyen,Réactivation Ciblée : Emailing personnalisé / Remise panier moyen
2808,18,3.0,379.76,53.0,0.0,734,0.4932,0,Risque Moyen,Réactivation Ciblée : Emailing personnalisé / Remise panier moyen
2809,32,1.0,329.6,219.0,0.0,805,0.6409,1,Risque Moyen,Réactivation Ciblée : Emailing personnalisé / Remise panier moyen
2810,46,4.0,404.89,29.0,0.25,1189,0.3912,0,Risque Moyen,Réactivation Ciblée : Emailing personnalisé / Remise panier moyen
2811,31,3.0,555.79,91.0,1.0,1079,0.511,1,Risque Moyen,Réactivation Ciblée : Emailing personnalisé / Remise panier moyen
2812,35,3.0,305.15999999999997,119.0,0.6666666666666666,1182,0.5036,1,Risque Moyen,Réactivation Ciblée : Emailing personnalisé / Remise panier moyen
2813,40,0.0,0.0,303.0,0.0,883,0.7134,1,Risque Élevé,Rétention Urgente : Appel VIP / Bon d'achat 20% / Enquête insatisfaction
2814,24,3.0,341.93,4.0,0.3333333333333333,596,0.4688,0,Risque Moyen,Réactivation Ciblée : Emailing personnalisé / Remise panier moyen
2815,42,6.0,1793.4,8.0,0.6666666666666666,311,0.3341,0,Risque Faible,Fidélisation Active : Programme fidélité / Ventes privées / Parrainage
2816,53,1.0,112.0,128.0,1.0,1187,0.6151,1,Risque Moyen,Réactivation Ciblée : Emailing personnalisé / Remise panier moyen
2817,33,2.0,360.61,152.0,0.5,1223,0.5806,1,Risque Moyen,Réactivation Ciblée : Emailing personnalisé / Remise panier moyen
2818,23,4.0,422.38,35.0,0.25,301,0.4018,0,Risque Moyen,Réactivation Ciblée : Emailing personnalisé / Remise panier moyen
2819,34,1.0,165.62,110.0,1.0,870,0.6245,1,Risque Moyen,Réactivation Ciblée : Emailing personnalisé / Remise panier moyen
2820,18,4.0,354.43999999999994,61.0,0.25,566,0.4181,0,Risque Moyen,Réactivation Ciblée : Emailing personnalisé / Remise panier moyen
2821,39,2.0,329.9,157.0,0.5,838,0.5622,1,Risque Moyen,Réactivation Ciblée : Emailing personnalisé / Remise panier moyen
2822,40,6.0,1381.96,119.0,0.8333333333333334,1158,0.336,0,Risque Faible,Fidélisation Active : Programme fidélité / Ventes privées / Parrainage
2823,53,3.0,634.81,117.0,0.6666666666666666,476,0.4795,0,Risque Moyen,Réactivation Ciblée : Emailing personnalisé / Remise panier moyen
2824,33,4.0,972.45,59.0,0.25,1364,0.4498,0,Risque Moyen,Réactivation Ciblée : Emailing personnalisé / Remise panier moyen
2825,39,3.0,378.49,34.0,0.3333333333333333,1058,0.4695,0,Risque Moyen,Réactivation Ciblée : Emailing personnalisé / Remise panier moyen
2826,26,2.0,350.28999999999996,105.0,0.0,1207,0.5721,1,Risque Moyen,Réactivation Ciblée : Emailing personnalisé / Remise panier moyen
2827,31,2.0,122.17,6.0,0.5,1153,0.541,1,Risque Moyen,Réactivation Ciblée : Emailing personnalisé / Remise panier moyen
2828,18,7.0,549.75,19.0,0.7142857142857143,583,0.2386,0,Risque Faible,Fidélisation Active : Programme fidélité / Ventes privées / Parrainage
2829,33,2.0,122.63000000000001,79.0,1.0,533,0.5451,1,Risque Moyen,Réactivation Ciblée : Emailing personnalisé / Remise panier moyen
2830,32,0.0,0.0,303.0,0.0,1117,0.7248,1,Risque Élevé,Rétention Urgente : Appel VIP / Bon d'achat 20% / Enquête insatisfaction
2831,38,7.0,1120.5900000000001,6.0,0.5714285714285714,307,0.2291,0,Risque Faible,Fidélisation Active : Programme fidélité / Ventes privées / Parrainage
2832,28,1.0,140.2,36.0,1.0,1141,0.6234,1,Risque Moyen,Réactivation Ciblée : Emailing personnalisé / Remise panier moyen
2833,36,3.0,393.98,32.0,0.6666666666666666,460,0.4639,0,Risque Moyen,Réactivation Ciblée : Emailing personnalisé / Remise panier moyen
2834,31,0.0,0.0,303.0,0.0,1084,0.7251,1,Risque Élevé,Rétention Urgente : Appel VIP / Bon d'achat 20% / Enquête insatisfaction
2835,31,11.0,1255.23,32.0,0.2727272727272727,720,0.0976,0,Risque Faible,Fidélisation Active : Programme fidélité / Ventes privées / Parrainage
2836,36,5.0,473.82,86.0,0.4,1003,0.3485,0,Risque Faible,Fidélisation Active : Programme fidélité / Ventes privées / Parrainage
2837,35,4.0,667.3499999999999,33.0,0.5,277,0.4176,0,Risque Moyen,Réactivation Ciblée : Emailing personnalisé / Remise panier moyen
2838,43,4.0,433.4,21.0,0.5,1177,0.4024,0,Risque Moyen,Réactivation Ciblée : Emailing personnalisé / Remise panier moyen
2839,34,0.0,0.0,303.0,0.0,725,0.7162,1,Risque Élevé,Rétention Urgente : Appel VIP / Bon d'achat 20% / Enquête insatisfaction
2840,31,6.0,1188.76,62.0,0.8333333333333334,462,0.3157,0,Risque Faible,Fidélisation Active : Programme fidélité / Ventes privées / Parrainage
2841,33,0.0,0.0,303.0,0.0,638,0.7156,1,Risque Élevé,Rétention Urgente : Appel VIP / Bon d'achat 20% / Enquête insatisfaction
2842,27,10.0,2004.3600000000001,18.0,0.8,1343,0.156,0,Risque Faible,Fidélisation Active : Programme fidélité / Ventes privées / Parrainage
2843,31,2.0,297.7,153.0,0.5,657,0.5637,1,Risque Moyen,Réactivation Ciblée : Emailing personnalisé / Remise panier moyen
2844,57,2.0,119.1,141.0,1.0,754,0.5363,1,Risque Moyen,Réactivation Ciblée : Emailing personnalisé / Remise panier moyen
2845,25,2.0,391.15,25.0,0.0,1176,0.5516,1,Risque Moyen,Réactivation Ciblée : Emailing personnalisé / Remise panier moyen
2846,32,4.0,202.48000000000002,16.0,0.25,988,0.3927,0,Risque Moyen,Réactivation Ciblée : Emailing personnalisé / Remise panier moyen
2847,31,1.0,305.42,183.0,1.0,343,0.6323,1,Risque Moyen,Réactivation Ciblée : Emailing personnalisé / Remise panier moyen
2848,32,2.0,322.99,55.0,1.0,300,0.5418,1,Risque Moyen,Réactivation Ciblée : Emailing personnalisé / Remise panier moyen
2849,31,6.0,815.6899999999999,8.0,0.6666666666666666,430,0.2978,0,Risque Faible,Fidélisation Active : Programme fidélité / Ventes privées / Parrainage
2850,38,5.0,909.55,109.0,0.6,1366,0.382,0,Risque Moyen,Réactivation Ciblée : Emailing personnalisé / Remise panier moyen
2851,18,2.0,136.69,47.0,1.0,439,0.5553,1,Risque Moyen,Réactivation Ciblée : Emailing personnalisé / Remise panier moyen
2852,46,0.0,0.0,303.0,0.0,1091,0.7115,1,Risque Élevé,Rétention Urgente : Appel VIP / Bon d'achat 20% / Enquête insatisfaction
2853,42,4.0,1011.54,40.0,0.75,1193,0.4369,0,Risque Moyen,Réactivation Ciblée : Emailing personnalisé / Remise panier moyen
2854,21,7.0,816.06,4.0,0.42857142857142855,1087,0.2475,0,Risque Faible,Fidélisation Active : Programme fidélité / Ventes privées / Parrainage
2855,18,2.0,155.68,152.0,1.0,910,0.5903,1,Risque Moyen,Réactivation Ciblée : Emailing personnalisé / Remise panier moyen
2856,24,2.0,587.3700000000001,228.0,1.0,418,0.5975,1,Risque Moyen,Réactivation Ciblée : Emailing personnalisé / Remise panier moyen
2857,32,2.0,276.19,44.0,0.0,1028,0.5427,1,Risque Moyen,Réactivation Ciblée : Emailing personnalisé / Remise panier moyen
2858,63,5.0,523.92,16.0,0.4,672,0.3108,0,Risque Faible,Fidélisation Active : Programme fidélité / Ventes privées / Parrainage
2859,41,4.0,348.83,17.0,0.5,643,0.3858,0,Risque Moyen,Réactivation Ciblée : Emailing personnalisé / Remise panier moyen
2860,18,2.0,649.5600000000001,87.0,1.0,1248,0.5924,1,Risque Moyen,Réactivation Ciblée : Emailing personnalisé / Remise panier moyen
2861,27,1.0,65.24,14.0,1.0,794,0.6118,1,Risque Moyen,Réactivation Ciblée : Emailing personnalisé / Remise panier moyen
2862,34,4.0,448.65999999999997,3.0,0.5,1093,0.4093,0,Risque Moyen,Réactivation Ciblée : Emailing personnalisé / Remise panier moyen
2863,38,10.0,2018.68,10.0,0.6,400,0.1379,0,Risque Faible,Fidélisation Active : Programme fidélité / Ventes privées / Parrainage
2864,21,1.0,146.38,263.0,1.0,382,0.6597,1,Risque Élevé,Rétention Urgente : Appel VIP / Bon d'achat 20% / Enquête insatisfaction
2865,34,0.0,0.0,303.0,0.0,1340,0.7268,1,Risque Élevé,Rétention Urgente : Appel VIP / Bon d'achat 20% / Enquête insatisfaction
2866,27,7.0,924.45,62.0,0.42857142857142855,684,0.2571,0,Risque Faible,Fidélisation Active : Programme fidélité / Ventes privées / Parrainage
2867,23,4.0,598.4200000000001,61.0,0.5,1048,0.4318,0,Risque Moyen,Réactivation Ciblée : Emailing personnalisé / Remise panier moyen
2868,38,1.0,57.6,31.0,0.0,726,0.5932,1,Risque Moyen,Réactivation Ciblée : Emailing personnalisé / Remise panier moyen
2869,44,3.0,537.22,9.0,0.0,1017,0.4691,0,Risque Moyen,Réactivation Ciblée : Emailing personnalisé / Remise panier moyen
2870,44,7.0,817.14,19.0,0.7142857142857143,837,0.231,0,Risque Faible,Fidélisation Active : Programme fidélité / Ventes privées / Parrainage
2871,41,7.0,1524.4,70.0,0.42857142857142855,1075,0.2707,0,Risque Faible,Fidélisation Active : Programme fidélité / Ventes privées / Parrainage
2872,30,2.0,180.06,157.0,0.0,911,0.5632,1,Risque Moyen,Réactivation Ciblée : Emailing personnalisé / Remise panier moyen
2873,43,5.0,545.16,4.0,0.4,622,0.328,0,Risque Faible,Fidélisation Active : Programme fidélité / Ventes privées / Parrainage
2874,38,2.0,250.38,90.0,1.0,636,0.5464,1,Risque Moyen,Réactivation Ciblée : Emailing personnalisé / Remise panier moyen
2875,36,9.0,797.1800000000001,63.0,0.7777777777777778,285,0.1459,0,Risque Faible,Fidélisation Active : Programme fidélité / Ventes privées / Parrainage
2876,28,4.0,306.12,10.0,0.75,826,0.4076,0,Risque Moyen,Réactivation Ciblée : Emailing personnalisé / Remise panier moyen
2877,30,3.0,383.17,37.0,1.0,989,0.4888,0,Risque Moyen,Réactivation Ciblée : Emailing personnalisé / Remise panier moyen
2878,36,0.0,0.0,303.0,0.0,1045,0.7199,1,Risque Élevé,Rétention Urgente : Appel VIP / Bon d'achat 20% / Enquête insatisfaction
2879,62,4.0,1013.5,100.0,1.0,283,0.4114,0,Risque Moyen,Réactivation Ciblée : Emailing personnalisé / Remise panier moyen
2880,38,4.0,470.71000000000004,54.0,0.75,424,0.4013,0,Risque Moyen,Réactivation Ciblée : Emailing personnalisé / Remise panier moyen
2881,28,1.0,187.88,43.0,1.0,526,0.6117,1,Risque Moyen,Réactivation Ciblée : Emailing personnalisé / Remise panier moyen
2882,26,5.0,707.9300000000001,51.0,0.6,1007,0.3783,0,Risque Moyen,Réactivation Ciblée : Emailing personnalisé / Remise panier moyen
2883,30,2.0,173.01999999999998,113.0,0.0,1316,0.5621,1,Risque Moyen,Réactivation Ciblée : Emailing personnalisé / Remise panier moyen
2884,59,5.0,874.5600000000001,76.0,0.2,967,0.3497,0,Risque Faible,Fidélisation Active : Programme fidélité / Ventes privées / Parrainage
2885,31,3.0,304.47,38.0,0.0,688,0.4676,0,Risque Moyen,Réactivation Ciblée : Emailing personnalisé / Remise panier moyen
2886,45,2.0,306.76,172.0,0.5,376,0.5463,1,Risque Moyen,Réactivation Ciblée : Emailing personnalisé / Remise panier moyen
2887,31,4.0,350.63,50.0,0.75,500,0.4097,0,Risque Moyen,Réactivation Ciblée : Emailing personnalisé / Remise panier moyen
2888,38,5.0,720.3399999999999,13.0,0.6,662,0.3417,0,Risque Faible,Fidélisation Active : Programme fidélité / Ventes privées / Parrainage
2889,44,2.0,231.2,84.0,1.0,990,0.5456,1,Risque Moyen,Réactivation Ciblée : Emailing personnalisé / Remise panier moyen
2890,29,5.0,488.96,101.0,0.0,723,0.3535,0,Risque Moyen,Réactivation Ciblée : Emailing personnalisé / Remise panier moyen
2891,28,2.0,232.68,181.0,0.5,436,0.5714,1,Risque Moyen,Réactivation Ciblée : Emailing personnalisé / Remise panier moyen
2892,53,1.0,22.37,21.0,0.0,1288,0.5847,1,Risque Moyen,Réactivation Ciblée : Emailing personnalisé / Remise panier moyen
2893,46,8.0,1158.6999999999998,24.0,0.625,638,0.1979,0,Risque Faible,Fidélisation Active : Programme fidélité / Ventes privées / Parrainage
2894,44,10.0,1172.42,9.0,0.7,855,0.1197,0,Risque Faible,Fidélisation Active : Programme fidélité / Ventes privées / Parrainage
2895,44,1.0,57.9,188.0,0.0,448,0.6122,1,Risque Moyen,Réactivation Ciblée : Emailing personnalisé / Remise panier moyen
2896,40,2.0,363.75,44.0,0.0,606,0.5262,1,Risque Moyen,Réactivation Ciblée : Emailing personnalisé / Remise panier moyen
2897,57,7.0,590.1800000000001,42.0,0.7142857142857143,875,0.2124,0,Risque Faible,Fidélisation Active : Programme fidélité / Ventes privées / Parrainage
2898,35,2.0,573.72,205.0,0.0,428,0.5693,1,Risque Moyen,Réactivation Ciblée : Emailing personnalisé / Remise panier moyen
2899,41,1.0,52.1,158.0,0.0,308,0.6063,1,Risque Moyen,Réactivation Ciblée : Emailing personnalisé / Remise panier moyen
2900,19,5.0,703.73,70.0,0.6,628,0.3717,0,Risque Moyen,Réactivation Ciblée : Emailing personnalisé / Remise panier moyen
2901,26,1.0,114.44,59.0,0.0,1044,0.6158,1,Risque Moyen,Réactivation Ciblée : Emailing personnalisé / Remise panier moyen
2902,22,1.0,29.34,96.0,0.0,289,0.6137,1,Risque Moyen,Réactivation Ciblée : Emailing personnalisé / Remise panier moyen
2903,49,3.0,642.08,163.0,0.3333333333333333,1055,0.4987,0,Risque Moyen,Réactivation Ciblée : Emailing personnalisé / Remise panier moyen
2904,18,0.0,0.0,303.0,0.0,1266,0.7397,1,Risque Élevé,Rétention Urgente : Appel VIP / Bon d'achat 20% / Enquête insatisfaction
2905,31,2.0,343.69000000000005,32.0,0.5,930,0.5481,1,Risque Moyen,Réactivation Ciblée : Emailing personnalisé / Remise panier moyen
2906,18,1.0,169.4,123.0,0.0,552,0.633,1,Risque Moyen,Réactivation Ciblée : Emailing personnalisé / Remise panier moyen
2907,26,1.0,202.0,120.0,0.0,622,0.6208,1,Risque Moyen,Réactivation Ciblée : Emailing personnalisé / Remise panier moyen
2908,30,4.0,744.9599999999999,14.0,0.75,1331,0.4383,0,Risque Moyen,Réactivation Ciblée : Emailing personnalisé / Remise panier moyen
2909,50,2.0,847.8199999999999,108.0,1.0,556,0.5569,1,Risque Moyen,Réactivation Ciblée : Emailing personnalisé / Remise panier moyen
2910,39,0.0,0.0,303.0,0.0,352,0.7049,1,Risque Élevé,Rétention Urgente : Appel VIP / Bon d'achat 20% / Enquête insatisfaction
2911,26,2.0,78.51,28.0,0.5,1214,0.5498,1,Risque Moyen,Réactivation Ciblée : Emailing personnalisé / Remise panier moyen
2912,47,7.0,1260.8300000000002,23.0,0.42857142857142855,313,0.2322,0,Risque Faible,Fidélisation Active : Programme fidélité / Ventes privées / Parrainage
2913,35,1.0,137.27,268.0,0.0,880,0.6458,1,Risque Moyen,Réactivation Ciblée : Emailing personnalisé / Remise panier moyen
2914,35,3.0,403.77,16.0,0.3333333333333333,328,0.4573,0,Risque Moyen,Réactivation Ciblée : Emailing personnalisé / Remise panier moyen
2915,22,5.0,331.71,14.0,0.8,1129,0.3481,0,Risque Faible,Fidélisation Active : Programme fidélité / Ventes privées / Parrainage
2916,24,0.0,0.0,303.0,0.0,1023,0.7304,1,Risque Élevé,Rétention Urgente : Appel VIP / Bon d'achat 20% / Enquête insatisfaction
2917,26,1.0,344.4,107.0,1.0,1353,0.6455,1,Risque Moyen,Réactivation Ciblée : Emailing personnalisé / Remise panier moyen
2918,36,0.0,0.0,303.0,0.0,782,0.7153,1,Risque Élevé,Rétention Urgente : Appel VIP / Bon d'achat 20% / Enquête insatisfaction
2919,36,0.0,0.0,303.0,0.0,419,0.7089,1,Risque Élevé,Rétention Urgente : Appel VIP / Bon d'achat 20% / Enquête insatisfaction
2920,52,11.0,1650.26,8.0,0.7272727272727273,1109,0.1024,0,Risque Faible,Fidélisation Active : Programme fidélité / Ventes privées / Parrainage
2921,39,2.0,310.38,144.0,1.0,1008,0.5682,1,Risque Moyen,Réactivation Ciblée : Emailing personnalisé / Remise panier moyen
2922,18,6.0,1660.27,31.0,0.0,909,0.3396,0,Risque Faible,Fidélisation Active : Programme fidélité / Ventes privées / Parrainage
2923,38,2.0,198.38,170.0,0.5,438,0.5531,1,Risque Moyen,Réactivation Ciblée : Emailing personnalisé / Remise panier moyen
2924,19,2.0,219.99,27.0,0.5,282,0.5444,1,Risque Moyen,Réactivation Ciblée : Emailing personnalisé / Remise panier moyen
2925,24,2.0,220.21,106.0,1.0,1269,0.5804,1,Risque Moyen,Réactivation Ciblée : Emailing personnalisé / Remise panier moyen
2926,26,3.0,383.38,19.0,0.6666666666666666,614,0.4753,0,Risque Moyen,Réactivation Ciblée : Emailing personnalisé / Remise panier moyen
2927,28,4.0,1250.24,47.0,0.75,1074,0.4641,0,Risque Moyen,Réactivation Ciblée : Emailing personnalisé / Remise panier moyen
2928,20,2.0,690.28,113.0,0.5,440,0.5761,1,Risque Moyen,Réactivation Ciblée : Emailing personnalisé / Remise panier moyen
2929,37,8.0,1488.6100000000001,15.0,0.25,1041,0.2069,0,Risque Faible,Fidélisation Active : Programme fidélité / Ventes privées / Parrainage
2930,19,0.0,0.0,303.0,0.0,605,0.7277,1,Risque Élevé,Rétention Urgente : Appel VIP / Bon d'achat 20% / Enquête insatisfaction
2931,39,4.0,461.75,69.0,0.75,303,0.4047,0,Risque Moyen,Réactivation Ciblée : Emailing personnalisé / Remise panier moyen
2932,60,0.0,0.0,303.0,0.0,1127,0.6989,1,Risque Élevé,Rétention Urgente : Appel VIP / Bon d'achat 20% / Enquête insatisfaction
2933,20,3.0,443.66999999999996,30.0,0.6666666666666666,317,0.4864,0,Risque Moyen,Réactivation Ciblée : Emailing personnalisé / Remise panier moyen
2934,32,2.0,166.89,37.0,0.5,910,0.5401,1,Risque Moyen,Réactivation Ciblée : Emailing personnalisé / Remise panier moyen
2935,18,0.0,0.0,303.0,0.0,702,0.7303,1,Risque Élevé,Rétention Urgente : Appel VIP / Bon d'achat 20% / Enquête insatisfaction
2936,32,0.0,0.0,303.0,0.0,1149,0.7253,1,Risque Élevé,Rétention Urgente : Appel VIP / Bon d'achat 20% / Enquête insatisfaction
2937,42,0.0,0.0,303.0,0.0,510,0.7049,1,Risque Élevé,Rétention Urgente : Appel VIP / Bon d'achat 20% / Enquête insatisfaction
2938,43,4.0,557.9399999999999,20.0,0.75,1105,0.4203,0,Risque Moyen,Réactivation Ciblée : Emailing personnalisé / Remise panier moyen
2939,36,1.0,26.66,269.0,1.0,1248,0.6659,1,Risque Élevé,Rétention Urgente : Appel VIP / Bon d'achat 20% / Enquête insatisfaction
2940,45,3.0,209.26999999999998,99.0,1.0,299,0.4699,0,Risque Moyen,Réactivation Ciblée : Emailing personnalisé / Remise panier moyen
2941,63,1.0,45.78,166.0,1.0,934,0.6101,1,Risque Moyen,Réactivation Ciblée : Emailing personnalisé / Remise panier moyen
2942,54,7.0,904.0400000000001,34.0,0.8571428571428571,885,0.2268,0,Risque Faible,Fidélisation Active : Programme fidélité / Ventes privées / Parrainage
2943,29,3.0,583.89,71.0,1.0,1089,0.512,1,Risque Moyen,Réactivation Ciblée : Emailing personnalisé / Remise panier moyen
2944,19,2.0,123.39,118.0,0.0,323,0.5556,1,Risque Moyen,Réactivation Ciblée : Emailing personnalisé / Remise panier moyen
2945,31,1.0,40.34,191.0,0.0,655,0.6311,1,Risque Moyen,Réactivation Ciblée : Emailing personnalisé / Remise panier moyen
2946,25,0.0,0.0,303.0,0.0,1301,0.7342,1,Risque Élevé,Rétention Urgente : Appel VIP / Bon d'achat 20% / Enquête insatisfaction
2947,40,8.0,1383.05,42.0,0.375,626,0.1994,0,Risque Faible,Fidélisation Active : Programme fidélité / Ventes privées / Parrainage
2948,22,3.0,368.47,56.0,0.3333333333333333,287,0.4789,0,Risque Moyen,Réactivation Ciblée : Emailing personnalisé / Remise panier moyen
2949,34,3.0,181.2,21.0,0.3333333333333333,347,0.4534,0,Risque Moyen,Réactivation Ciblée : Emailing personnalisé / Remise panier moyen
2950,44,5.0,587.8499999999999,86.0,0.4,1078,0.3476,0,Risque Faible,Fidélisation Active : Programme fidélité / Ventes privées / Parrainage
2951,34,1.0,144.22,256.0,1.0,1200,0.6609,1,Risque Élevé,Rétention Urgente : Appel VIP / Bon d'achat 20% / Enquête insatisfaction
2952,25,9.0,1699.6799999999998,7.0,0.5555555555555556,813,0.177,0,Risque Faible,Fidélisation Active : Programme fidélité / Ventes privées / Parrainage
2953,48,7.0,626.66,36.0,0.42857142857142855,1016,0.2298,0,Risque Faible,Fidélisation Active : Programme fidélité / Ventes privées / Parrainage
2954,18,3.0,533.6,25.0,0.3333333333333333,1086,0.4986,0,Risque Moyen,Réactivation Ciblée : Emailing personnalisé / Remise panier moyen
2955,31,4.0,605.94,25.0,0.0,279,0.4002,0,Risque Moyen,Réactivation Ciblée : Emailing personnalisé / Remise panier moyen
2956,35,5.0,369.03,85.0,0.0,913,0.3436,0,Risque Faible,Fidélisation Active : Programme fidélité / Ventes privées / Parrainage
2957,35,6.0,732.64,16.0,1.0,410,0.2831,0,Risque Faible,Fidélisation Active : Programme fidélité / Ventes privées / Parrainage
2958,37,0.0,0.0,303.0,0.0,364,0.707,1,Risque Élevé,Rétention Urgente : Appel VIP / Bon d'achat 20% / Enquête insatisfaction
2959,42,0.0,0.0,303.0,0.0,892,0.7117,1,Risque Élevé,Rétention Urgente : Appel VIP / Bon d'achat 20% / Enquête insatisfaction
2960,35,2.0,237.76000000000002,171.0,0.5,1084,0.5731,1,Risque Moyen,Réactivation Ciblée : Emailing personnalisé / Remise panier moyen
2961,31,3.0,362.88,11.0,0.3333333333333333,1338,0.4833,0,Risque Moyen,Réactivation Ciblée : Emailing personnalisé / Remise panier moyen
2962,31,2.0,451.91999999999996,51.0,1.0,921,0.564,1,Risque Moyen,Réactivation Ciblée : Emailing personnalisé / Remise panier moyen
2963,28,4.0,331.32,53.0,0.25,1155,0.4169,0,Risque Moyen,Réactivation Ciblée : Emailing personnalisé / Remise panier moyen
2964,44,3.0,652.96,43.0,0.3333333333333333,320,0.4646,0,Risque Moyen,Réactivation Ciblée : Emailing personnalisé / Remise panier moyen
2965,28,7.0,959.95,29.0,0.7142857142857143,972,0.2509,0,Risque Faible,Fidélisation Active : Programme fidélité / Ventes privées / Parrainage
2966,44,2.0,186.54000000000002,112.0,0.5,1032,0.5482,1,Risque Moyen,Réactivation Ciblée : Emailing personnalisé / Remise panier moyen
2967,35,1.0,74.08,270.0,0.0,433,0.6382,1,Risque Moyen,Réactivation Ciblée : Emailing personnalisé / Remise panier moyen
2968,29,1.0,25.56,116.0,1.0,401,0.6235,1,Risque Moyen,Réactivation Ciblée : Emailing personnalisé / Remise panier moyen
2969,42,4.0,453.7,97.0,0.5,514,0.4108,0,Risque Moyen,Réactivation Ciblée : Emailing personnalisé / Remise panier moyen
2970,27,0.0,0.0,303.0,0.0,466,0.7181,1,Risque Élevé,Rétention Urgente : Appel VIP / Bon d'achat 20% / Enquête insatisfaction
2971,42,6.0,1188.02,11.0,0.5,697,0.2984,0,Risque Faible,Fidélisation Active : Programme fidélité / Ventes privées / Parrainage
2972,37,1.0,104.03999999999999,153.0,1.0,600,0.6297,1,Risque Moyen,Réactivation Ciblée : Emailing personnalisé / Remise panier moyen
2973,28,1.0,54.21,109.0,0.0,746,0.6189,1,Risque Moyen,Réactivation Ciblée : Emailing personnalisé / Remise panier moyen
2974,41,2.0,312.76,106.0,1.0,810,0.5578,1,Risque Moyen,Réactivation Ciblée : Emailing personnalisé / Remise panier moyen
2975,41,1.0,89.37,212.0,0.0,821,0.6275,1,Risque Moyen,Réactivation Ciblée : Emailing personnalisé / Remise panier moyen
2976,48,4.0,795.51,26.0,0.75,446,0.3979,0,Risque Moyen,Réactivation Ciblée : Emailing personnalisé / Remise panier moyen
2977,46,1.0,66.82,164.0,1.0,815,0.6252,1,Risque Moyen,Réactivation Ciblée : Emailing personnalisé / Remise panier moyen
2978,40,2.0,298.21,194.0,0.5,890,0.5696,1,Risque Moyen,Réactivation Ciblée : Emailing personnalisé / Remise panier moyen
2979,23,3.0,502.90999999999997,69.0,0.3333333333333333,525,0.4876,0,Risque Moyen,Réactivation Ciblée : Emailing personnalisé / Remise panier moyen
2980,62,5.0,901.88,123.0,0.6,1299,0.354,0,Risque Moyen,Réactivation Ciblée : Emailing personnalisé / Remise panier moyen
2981,20,1.0,42.77,46.0,1.0,864,0.6276,1,Risque Moyen,Réactivation Ciblée : Emailing personnalisé / Remise panier moyen
2982,45,1.0,165.3,119.0,1.0,1259,0.6225,1,Risque Moyen,Réactivation Ciblée : Emailing personnalisé / Remise panier moyen
2983,40,23.0,3624.15,2.0,0.43478260869565216,972,0.0056,0,Risque Faible,Fidélisation Active : Programme fidélité / Ventes privées / Parrainage
2984,22,0.0,0.0,303.0,0.0,1018,0.732,1,Risque Élevé,Rétention Urgente : Appel VIP / Bon d'achat 20% / Enquête insatisfaction
2985,34,11.0,1511.03,20.0,0.36363636363636365,374,0.0958,0,Risque Faible,Fidélisation Active : Programme fidélité / Ventes privées / Parrainage
2986,34,7.0,1046.63,55.0,0.7142857142857143,580,0.2449,0,Risque Faible,Fidélisation Active : Programme fidélité / Ventes privées / Parrainage
2987,49,5.0,695.28,26.0,0.6,948,0.3358,0,Risque Faible,Fidélisation Active : Programme fidélité / Ventes privées / Parrainage
2988,27,1.0,27.28,75.0,0.0,447,0.6071,1,Risque Moyen,Réactivation Ciblée : Emailing personnalisé / Remise panier moyen
2989,32,1.0,261.34,34.0,1.0,1258,0.6194,1,Risque Moyen,Réactivation Ciblée : Emailing personnalisé / Remise panier moyen
2990,18,9.0,1096.04,84.0,0.3333333333333333,1160,0.184,0,Risque Faible,Fidélisation Active : Programme fidélité / Ventes privées / Parrainage
2991,54,1.0,99.56,182.0,1.0,438,0.6103,1,Risque Moyen,Réactivation Ciblée : Emailing personnalisé / Remise panier moyen
2992,23,6.0,953.25,70.0,0.8333333333333334,944,0.3296,0,Risque Faible,Fidélisation Active : Programme fidélité / Ventes privées / Parrainage
2993,39,3.0,795.3800000000001,47.0,0.0,1041,0.4827,0,Risque Moyen,Réactivation Ciblée : Emailing personnalisé / Remise panier moyen
2994,34,5.0,592.66,38.0,0.4,1358,0.352,0,Risque Moyen,Réactivation Ciblée : Emailing personnalisé / Remise panier moyen
2995,34,1.0,33.67,81.0,1.0,513,0.613,1,Risque Moyen,Réactivation Ciblée : Emailing personnalisé / Remise panier moyen
2996,44,0.0,0.0,303.0,0.0,1115,0.7138,1,Risque Élevé,Rétention Urgente : Appel VIP / Bon d'achat 20% / Enquête insatisfaction
2997,53,2.0,194.82999999999998,60.0,0.5,1240,0.5313,1,Risque Moyen,Réactivation Ciblée : Emailing personnalisé / Remise panier moyen
2998,38,3.0,237.19,20.0,1.0,1269,0.4734,0,Risque Moyen,Réactivation Ciblée : Emailing personnalisé / Remise panier moyen
2999,42,5.0,405.49,141.0,1.0,1079,0.3588,0,Risque Moyen,Réactivation Ciblée : Emailing personnalisé / Remise panier moyen
3000,39,7.0,1377.26,3.0,0.7142857142857143,723,0.2513,0,Risque Faible,Fidélisation Active : Programme fidélité / Ventes privées / Parrainage
3001,46,1.0,215.92,15.0,0.0,704,0.5825,1,Risque Moyen,Réactivation Ciblée : Emailing personnalisé / Remise panier moyen
3002,30,1.0,93.79,262.0,1.0,671,0.6566,1,Risque Élevé,Rétention Urgente : Appel VIP / Bon d'achat 20% / Enquête insatisfaction
3003,47,6.0,1960.28,10.0,0.3333333333333333,1186,0.3334,0,Risque Faible,Fidélisation Active : Programme fidélité / Ventes privées / Parrainage
3004,47,1.0,501.44,43.0,0.0,1018,0.59,1,Risque Moyen,Réactivation Ciblée : Emailing personnalisé / Remise panier moyen
3005,47,1.0,174.8,75.0,1.0,661,0.6008,1,Risque Moyen,Réactivation Ciblée : Emailing personnalisé / Remise panier moyen
3006,28,2.0,290.49,60.0,0.0,691,0.5437,1,Risque Moyen,Réactivation Ciblée : Emailing personnalisé / Remise panier moyen
3007,33,5.0,805.78,7.0,0.6,567,0.3467,0,Risque Faible,Fidélisation Active : Programme fidélité / Ventes privées / Parrainage
3008,38,4.0,330.82,71.0,0.25,1029,0.403,0,Risque Moyen,Réactivation Ciblée : Emailing personnalisé / Remise panier moyen
3009,20,1.0,68.64,71.0,1.0,1258,0.6403,1,Risque Moyen,Réactivation Ciblée : Emailing personnalisé / Remise panier moyen
3010,53,0.0,0.0,303.0,0.0,1108,0.7052,1,Risque Élevé,Rétention Urgente : Appel VIP / Bon d'achat 20% / Enquête insatisfaction
3011,35,3.0,1010.71,55.0,0.6666666666666666,998,0.5129,1,Risque Moyen,Réactivation Ciblée : Emailing personnalisé / Remise panier moyen
3012,38,3.0,511.3,21.0,0.3333333333333333,765,0.4654,0,Risque Moyen,Réactivation Ciblée : Emailing personnalisé / Remise panier moyen
3013,29,6.0,875.72,27.0,0.6666666666666666,920,0.2978,0,Risque Faible,Fidélisation Active : Programme fidélité / Ventes privées / Parrainage
3014,20,1.0,84.93,123.0,0.0,508,0.6251,1,Risque Moyen,Réactivation Ciblée : Emailing personnalisé / Remise panier moyen
3015,28,0.0,0.0,303.0,0.0,298,0.7142,1,Risque Élevé,Rétention Urgente : Appel VIP / Bon d'achat 20% / Enquête insatisfaction
3016,37,2.0,923.78,33.0,0.5,713,0.552,1,Risque Moyen,Réactivation Ciblée : Emailing personnalisé / Remise panier moyen
3017,42,8.0,1169.57,33.0,0.5,1220,0.1957,0,Risque Faible,Fidélisation Active : Programme fidélité / Ventes privées / Parrainage
3018,37,1.0,62.4,238.0,1.0,1019,0.6518,1,Risque Élevé,Rétention Urgente : Appel VIP / Bon d'achat 20% / Enquête insatisfaction
3019,39,9.0,1576.22,4.0,0.5555555555555556,1046,0.1759,0,Risque Faible,Fidélisation Active : Programme fidélité / Ventes privées / Parrainage
3020,31,6.0,699.81,6.0,0.6666666666666666,504,0.2807,0,Risque Faible,Fidélisation Active : Programme fidélité / Ventes privées / Parrainage
3021,40,3.0,690.63,26.0,0.6666666666666666,364,0.4734,0,Risque Moyen,Réactivation Ciblée : Emailing personnalisé / Remise panier moyen
3022,51,5.0,955.26,16.0,0.8,971,0.3472,0,Risque Faible,Fidélisation Active : Programme fidélité / Ventes privées / Parrainage
3023,43,4.0,376.48,32.0,0.5,723,0.3935,0,Risque Moyen,Réactivation Ciblée : Emailing personnalisé / Remise panier moyen
3024,44,5.0,844.69,30.0,0.8,956,0.355,0,Risque Moyen,Réactivation Ciblée : Emailing personnalisé / Remise panier moyen
3025,38,5.0,225.45,16.0,0.6,1332,0.3324,0,Risque Faible,Fidélisation Active : Programme fidélité / Ventes privées / Parrainage
3026,18,2.0,366.35,50.0,0.5,1182,0.5702,1,Risque Moyen,Réactivation Ciblée : Emailing personnalisé / Remise panier moyen
3027,24,2.0,153.09,185.0,0.5,949,0.5839,1,Risque Moyen,Réactivation Ciblée : Emailing personnalisé / Remise panier moyen
3028,40,2.0,166.03000000000003,83.0,0.5,644,0.5398,1,Risque Moyen,Réactivation Ciblée : Emailing personnalisé / Remise panier moyen
3029,35,3.0,1053.86,15.0,1.0,1182,0.5066,1,Risque Moyen,Réactivation Ciblée : Emailing personnalisé / Remise panier moyen
3030,40,6.0,976.6700000000001,25.0,0.6666666666666666,898,0.3027,0,Risque Faible,Fidélisation Active : Programme fidélité / Ventes privées / Parrainage
3031,53,7.0,1175.24,1.0,0.7142857142857143,559,0.226,0,Risque Faible,Fidélisation Active : Programme fidélité / Ventes privées / Parrainage
3032,43,6.0,1246.02,14.0,0.3333333333333333,1039,0.3027,0,Risque Faible,Fidélisation Active : Programme fidélité / Ventes privées / Parrainage
3033,49,5.0,635.62,49.0,0.4,411,0.3298,0,Risque Faible,Fidélisation Active : Programme fidélité / Ventes privées / Parrainage
3034,36,0.0,0.0,303.0,0.0,1049,0.72,1,Risque Élevé,Rétention Urgente : Appel VIP / Bon d'achat 20% / Enquête insatisfaction
3035,26,7.0,1271.8799999999999,41.0,0.5714285714285714,894,0.2672,0,Risque Faible,Fidélisation Active : Programme fidélité / Ventes privées / Parrainage
3036,34,2.0,365.69,19.0,1.0,543,0.5419,1,Risque Moyen,Réactivation Ciblée : Emailing personnalisé / Remise panier moyen
3037,26,4.0,860.16,110.0,0.75,855,0.4533,0,Risque Moyen,Réactivation Ciblée : Emailing personnalisé / Remise panier moyen
3038,52,1.0,97.94,122.0,1.0,1035,0.612,1,Risque Moyen,Réactivation Ciblée : Emailing personnalisé / Remise panier moyen
3039,44,2.0,274.65,152.0,0.5,274,0.5424,1,Risque Moyen,Réactivation Ciblée : Emailing personnalisé / Remise panier moyen
3040,41,1.0,104.73,218.0,1.0,904,0.6408,1,Risque Moyen,Réactivation Ciblée : Emailing personnalisé / Remise panier moyen
3041,49,3.0,305.69,96.0,1.0,645,0.4685,0,Risque Moyen,Réactivation Ciblée : Emailing personnalisé / Remise panier moyen
3042,18,4.0,724.36,88.0,0.5,1361,0.4607,0,Risque Moyen,Réactivation Ciblée : Emailing personnalisé / Remise panier moyen
3043,41,4.0,822.46,30.0,0.75,1205,0.4274,0,Risque Moyen,Réactivation Ciblée : Emailing personnalisé / Remise panier moyen
3044,21,2.0,234.32,2.0,0.0,588,0.5335,1,Risque Moyen,Réactivation Ciblée : Emailing personnalisé / Remise panier moyen
3045,35,3.0,299.27,81.0,0.0,1011,0.4815,0,Risque Moyen,Réactivation Ciblée : Emailing personnalisé / Remise panier moyen
3046,32,1.0,132.44,49.0,1.0,1288,0.6249,1,Risque Moyen,Réactivation Ciblée : Emailing personnalisé / Remise panier moyen
3047,42,8.0,1963.3899999999999,16.0,0.625,595,0.2208,0,Risque Faible,Fidélisation Active : Programme fidélité / Ventes privées / Parrainage
3048,38,5.0,935.64,6.0,0.6,448,0.3475,0,Risque Faible,Fidélisation Active : Programme fidélité / Ventes privées / Parrainage
3049,50,6.0,1345.2,77.0,0.16666666666666666,470,0.3029,0,Risque Faible,Fidélisation Active : Programme fidélité / Ventes privées / Parrainage
3050,28,12.0,1285.72,3.0,0.5,447,0.071,0,Risque Faible,Fidélisation Active : Programme fidélité / Ventes privées / Parrainage
3051,43,1.0,68.22,168.0,1.0,298,0.6208,1,Risque Moyen,Réactivation Ciblée : Emailing personnalisé / Remise panier moyen
3052,37,1.0,88.33,215.0,1.0,544,0.6375,1,Risque Moyen,Réactivation Ciblée : Emailing personnalisé / Remise panier moyen
3053,18,1.0,65.11,212.0,1.0,351,0.6531,1,Risque Élevé,Rétention Urgente : Appel VIP / Bon d'achat 20% / Enquête insatisfaction
3054,25,1.0,63.12,82.0,0.0,689,0.6172,1,Risque Moyen,Réactivation Ciblée : Emailing personnalisé / Remise panier moyen
3055,33,4.0,633.18,85.0,0.5,322,0.4161,0,Risque Moyen,Réactivation Ciblée : Emailing personnalisé / Remise panier moyen
3056,47,2.0,561.13,184.0,0.5,931,0.5695,1,Risque Moyen,Réactivation Ciblée : Emailing personnalisé / Remise panier moyen
3057,40,2.0,80.72,73.0,0.5,423,0.527,1,Risque Moyen,Réactivation Ciblée : Emailing personnalisé / Remise panier moyen
3058,22,7.0,1932.77,101.0,0.42857142857142855,593,0.3104,0,Risque Faible,Fidélisation Active : Programme fidélité / Ventes privées / Parrainage
3059,33,5.0,296.37,19.0,0.8,693,0.3302,0,Risque Faible,Fidélisation Active : Programme fidélité / Ventes privées / Parrainage
3060,57,2.0,432.48,94.0,0.0,1359,0.5398,1,Risque Moyen,Réactivation Ciblée : Emailing personnalisé / Remise panier moyen
3061,36,10.0,2130.8,34.0,0.5,1211,0.1534,0,Risque Faible,Fidélisation Active : Programme fidélité / Ventes privées / Parrainage
3062,31,4.0,730.3699999999999,6.0,0.75,501,0.4133,0,Risque Moyen,Réactivation Ciblée : Emailing personnalisé / Remise panier moyen
3063,40,3.0,449.75,15.0,0.3333333333333333,585,0.4562,0,Risque Moyen,Réactivation Ciblée : Emailing personnalisé / Remise panier moyen
3064,43,2.0,525.88,84.0,1.0,1049,0.5619,1,Risque Moyen,Réactivation Ciblée : Emailing personnalisé / Remise panier moyen
3065,30,6.0,1187.6299999999999,4.0,0.5,1248,0.3187,0,Risque Faible,Fidélisation Active : Programme fidélité / Ventes privées / Parrainage
3066,41,0.0,0.0,303.0,0.0,1230,0.7185,1,Risque Élevé,Rétention Urgente : Appel VIP / Bon d'achat 20% / Enquête insatisfaction
3067,31,3.0,202.14,8.0,0.6666666666666666,695,0.4701,0,Risque Moyen,Réactivation Ciblée : Emailing personnalisé / Remise panier moyen
3068,43,3.0,199.98,159.0,0.6666666666666666,1325,0.4947,0,Risque Moyen,Réactivation Ciblée : Emailing personnalisé / Remise panier moyen
3069,37,6.0,1448.29,82.0,0.6666666666666666,553,0.321,0,Risque Faible,Fidélisation Active : Programme fidélité / Ventes privées / Parrainage
3070,40,2.0,119.03999999999999,31.0,0.5,1271,0.5388,1,Risque Moyen,Réactivation Ciblée : Emailing personnalisé / Remise panier moyen
3071,27,2.0,468.37999999999994,93.0,0.5,1130,0.5766,1,Risque Moyen,Réactivation Ciblée : Emailing personnalisé / Remise panier moyen
3072,26,4.0,802.87,15.0,0.75,894,0.4293,0,Risque Moyen,Réactivation Ciblée : Emailing personnalisé / Remise panier moyen
3073,45,1.0,53.82,196.0,1.0,845,0.6316,1,Risque Moyen,Réactivation Ciblée : Emailing personnalisé / Remise panier moyen
3074,34,4.0,982.55,23.0,0.5,812,0.4344,0,Risque Moyen,Réactivation Ciblée : Emailing personnalisé / Remise panier moyen
3075,38,6.0,1234.6599999999999,104.0,1.0,1360,0.3391,0,Risque Faible,Fidélisation Active : Programme fidélité / Ventes privées / Parrainage
3076,32,4.0,330.62,2.0,0.5,291,0.3825,0,Risque Moyen,Réactivation Ciblée : Emailing personnalisé / Remise panier moyen
3077,45,1.0,95.87,201.0,1.0,753,0.6303,1,Risque Moyen,Réactivation Ciblée : Emailing personnalisé / Remise panier moyen
3078,28,2.0,366.12,249.0,0.5,1217,0.6088,1,Risque Moyen,Réactivation Ciblée : Emailing personnalisé / Remise panier moyen
3079,34,3.0,517.64,47.0,1.0,959,0.492,0,Risque Moyen,Réactivation Ciblée : Emailing personnalisé / Remise panier moyen
3080,44,4.0,862.7099999999999,67.0,0.5,1359,0.4318,0,Risque Moyen,Réactivation Ciblée : Emailing personnalisé / Remise panier moyen
3081,48,4.0,538.8499999999999,113.0,0.75,412,0.4112,0,Risque Moyen,Réactivation Ciblée : Emailing personnalisé / Remise panier moyen
3082,29,8.0,1604.96,6.0,0.625,817,0.2132,0,Risque Faible,Fidélisation Active : Programme fidélité / Ventes privées / Parrainage
3083,57,0.0,0.0,303.0,0.0,813,0.6961,1,Risque Élevé,Rétention Urgente : Appel VIP / Bon d'achat 20% / Enquête insatisfaction
3084,38,2.0,234.89,45.0,0.5,489,0.5338,1,Risque Moyen,Réactivation Ciblée : Emailing personnalisé / Remise panier moyen
3085,24,2.0,154.74,66.0,0.5,1101,0.5593,1,Risque Moyen,Réactivation Ciblée : Emailing personnalisé / Remise panier moyen
3086,39,1.0,45.68,92.0,1.0,355,0.6086,1,Risque Moyen,Réactivation Ciblée : Emailing personnalisé / Remise panier moyen
3087,31,2.0,409.06,128.0,0.5,702,0.5676,1,Risque Moyen,Réactivation Ciblée : Emailing personnalisé / Remise panier moyen
3088,40,3.0,292.89,25.0,0.3333333333333333,918,0.463,0,Risque Moyen,Réactivation Ciblée : Emailing personnalisé / Remise panier moyen
3089,35,2.0,243.29000000000002,10.0,0.0,775,0.5236,1,Risque Moyen,Réactivation Ciblée : Emailing personnalisé / Remise panier moyen
3090,36,1.0,38.37,162.0,1.0,971,0.6368,1,Risque Moyen,Réactivation Ciblée : Emailing personnalisé / Remise panier moyen
3091,25,3.0,438.78999999999996,41.0,0.6666666666666666,448,0.4837,0,Risque Moyen,Réactivation Ciblée : Emailing personnalisé / Remise panier moyen
3092,46,2.0,192.66,130.0,0.5,293,0.5342,1,Risque Moyen,Réactivation Ciblée : Emailing personnalisé / Remise panier moyen
3093,22,1.0,279.92,52.0,0.0,286,0.607,1,Risque Moyen,Réactivation Ciblée : Emailing personnalisé / Remise panier moyen
3094,23,0.0,0.0,303.0,0.0,1075,0.7321,1,Risque Élevé,Rétention Urgente : Appel VIP / Bon d'achat 20% / Enquête insatisfaction
3095,39,3.0,430.08000000000004,37.0,0.3333333333333333,581,0.4636,0,Risque Moyen,Réactivation Ciblée : Emailing personnalisé / Remise panier moyen
3096,53,1.0,60.73,16.0,1.0,417,0.576,1,Risque Moyen,Réactivation Ciblée : Emailing personnalisé / Remise panier moyen
3097,31,1.0,365.84,171.0,1.0,500,0.6361,1,Risque Moyen,Réactivation Ciblée : Emailing personnalisé / Remise panier moyen
3098,43,0.0,0.0,303.0,0.0,1259,0.7172,1,Risque Élevé,Rétention Urgente : Appel VIP / Bon d'achat 20% / Enquête insatisfaction
3099,47,1.0,127.33,245.0,0.0,1262,0.6363,1,Risque Moyen,Réactivation Ciblée : Emailing personnalisé / Remise panier moyen
3100,44,3.0,681.94,15.0,0.3333333333333333,356,0.4601,0,Risque Moyen,Réactivation Ciblée : Emailing personnalisé / Remise panier moyen
3101,32,2.0,267.48,21.0,0.5,1072,0.5441,1,Risque Moyen,Réactivation Ciblée : Emailing personnalisé / Remise panier moyen
3102,23,1.0,101.39,113.0,1.0,530,0.6308,1,Risque Moyen,Réactivation Ciblée : Emailing personnalisé / Remise panier moyen
3103,18,2.0,266.62,199.0,0.5,384,0.5859,1,Risque Moyen,Réactivation Ciblée : Emailing personnalisé / Remise panier moyen
3104,32,0.0,0.0,303.0,0.0,524,0.7145,1,Risque Élevé,Rétention Urgente : Appel VIP / Bon d'achat 20% / Enquête insatisfaction
3105,48,6.0,546.49,35.0,0.6666666666666666,1290,0.2789,0,Risque Faible,Fidélisation Active : Programme fidélité / Ventes privées / Parrainage
3106,23,7.0,1010.37,30.0,0.7142857142857143,639,0.2564,0,Risque Faible,Fidélisation Active : Programme fidélité / Ventes privées / Parrainage
3107,43,2.0,103.44,126.0,1.0,1030,0.5544,1,Risque Moyen,Réactivation Ciblée : Emailing personnalisé / Remise panier moyen
3108,25,2.0,94.60000000000001,1.0,0.5,1312,0.5495,1,Risque Moyen,Réactivation Ciblée : Emailing personnalisé / Remise panier moyen
3109,36,0.0,0.0,303.0,0.0,449,0.7094,1,Risque Élevé,Rétention Urgente : Appel VIP / Bon d'achat 20% / Enquête insatisfaction
3110,43,1.0,60.65,51.0,0.0,1222,0.6002,1,Risque Moyen,Réactivation Ciblée : Emailing personnalisé / Remise panier moyen
3111,28,2.0,581.1,25.0,0.5,623,0.5478,1,Risque Moyen,Réactivation Ciblée : Emailing personnalisé / Remise panier moyen
3112,37,1.0,72.71,177.0,1.0,328,0.6255,1,Risque Moyen,Réactivation Ciblée : Emailing personnalisé / Remise panier moyen
3113,30,2.0,163.42,107.0,0.5,1001,0.5596,1,Risque Moyen,Réactivation Ciblée : Emailing personnalisé / Remise panier moyen
3114,43,5.0,956.35,76.0,0.6,660,0.3574,0,Risque Moyen,Réactivation Ciblée : Emailing personnalisé / Remise panier moyen
3115,38,7.0,964.75,25.0,0.42857142857142855,1121,0.2515,0,Risque Faible,Fidélisation Active : Programme fidélité / Ventes privées / Parrainage
3116,36,7.0,945.7,61.0,0.42857142857142855,1219,0.2521,0,Risque Faible,Fidélisation Active : Programme fidélité / Ventes privées / Parrainage
3117,52,6.0,803.48,69.0,0.3333333333333333,655,0.2791,0,Risque Faible,Fidélisation Active : Programme fidélité / Ventes privées / Parrainage
3118,42,2.0,687.62,78.0,0.5,1152,0.5591,1,Risque Moyen,Réactivation Ciblée : Emailing personnalisé / Remise panier moyen
3119,27,1.0,135.57,245.0,0.0,339,0.6388,1,Risque Moyen,Réactivation Ciblée : Emailing personnalisé / Remise panier moyen
3120,34,2.0,134.45,132.0,0.5,699,0.5536,1,Risque Moyen,Réactivation Ciblée : Emailing personnalisé / Remise panier moyen
3121,34,3.0,244.42000000000002,106.0,0.3333333333333333,508,0.4753,0,Risque Moyen,Réactivation Ciblée : Emailing personnalisé / Remise panier moyen
3122,36,0.0,0.0,303.0,0.0,1065,0.7202,1,Risque Élevé,Rétention Urgente : Appel VIP / Bon d'achat 20% / Enquête insatisfaction
3123,63,3.0,227.83,83.0,0.3333333333333333,966,0.4448,0,Risque Moyen,Réactivation Ciblée : Emailing personnalisé / Remise panier moyen
3124,39,2.0,112.22,144.0,0.0,509,0.5405,1,Risque Moyen,Réactivation Ciblée : Emailing personnalisé / Remise panier moyen
3125,18,0.0,0.0,303.0,0.0,989,0.7351,1,Risque Élevé,Rétention Urgente : Appel VIP / Bon d'achat 20% / Enquête insatisfaction
3126,29,5.0,240.13000000000002,31.0,0.6,917,0.3408,0,Risque Faible,Fidélisation Active : Programme fidélité / Ventes privées / Parrainage
3127,18,2.0,259.04,9.0,1.0,675,0.5542,1,Risque Moyen,Réactivation Ciblée : Emailing personnalisé / Remise panier moyen
3128,31,4.0,499.73,92.0,0.25,1224,0.4314,0,Risque Moyen,Réactivation Ciblée : Emailing personnalisé / Remise panier moyen
3129,18,6.0,821.9300000000001,73.0,0.5,1319,0.3266,0,Risque Faible,Fidélisation Active : Programme fidélité / Ventes privées / Parrainage
3130,25,1.0,13.11,176.0,0.0,1026,0.642,1,Risque Moyen,Réactivation Ciblée : Emailing personnalisé / Remise panier moyen
3131,18,5.0,535.75,34.0,0.6,487,0.3586,0,Risque Moyen,Réactivation Ciblée : Emailing personnalisé / Remise panier moyen
3132,39,3.0,260.65999999999997,39.0,0.3333333333333333,479,0.4569,0,Risque Moyen,Réactivation Ciblée : Emailing personnalisé / Remise panier moyen
3133,35,6.0,727.64,16.0,0.3333333333333333,332,0.272,0,Risque Faible,Fidélisation Active : Programme fidélité / Ventes privées / Parrainage
3134,38,4.0,1077.32,43.0,0.75,607,0.4382,0,Risque Moyen,Réactivation Ciblée : Emailing personnalisé / Remise panier moyen
3135,34,5.0,1041.37,114.0,0.0,521,0.3685,0,Risque Moyen,Réactivation Ciblée : Emailing personnalisé / Remise panier moyen
3136,20,2.0,541.37,49.0,1.0,445,0.5695,1,Risque Moyen,Réactivation Ciblée : Emailing personnalisé / Remise panier moyen
3137,41,4.0,169.10999999999999,73.0,0.5,1180,0.4006,0,Risque Moyen,Réactivation Ciblée : Emailing personnalisé / Remise panier moyen
3138,56,1.0,95.06,242.0,0.0,295,0.607,1,Risque Moyen,Réactivation Ciblée : Emailing personnalisé / Remise panier moyen
3139,40,2.0,343.43,76.0,0.5,959,0.5483,1,Risque Moyen,Réactivation Ciblée : Emailing personnalisé / Remise panier moyen
3140,30,3.0,538.8299999999999,89.0,0.6666666666666666,1142,0.5065,1,Risque Moyen,Réactivation Ciblée : Emailing personnalisé / Remise panier moyen
3141,19,2.0,188.34,10.0,0.5,1156,0.5544,1,Risque Moyen,Réactivation Ciblée : Emailing personnalisé / Remise panier moyen
3142,25,2.0,186.25,192.0,0.5,364,0.5727,1,Risque Moyen,Réactivation Ciblée : Emailing personnalisé / Remise panier moyen
3143,40,0.0,0.0,303.0,0.0,950,0.7146,1,Risque Élevé,Rétention Urgente : Appel VIP / Bon d'achat 20% / Enquête insatisfaction
3144,47,2.0,562.95,80.0,0.0,450,0.5309,1,Risque Moyen,Réactivation Ciblée : Emailing personnalisé / Remise panier moyen
3145,38,3.0,235.04999999999998,46.0,0.6666666666666666,592,0.4607,0,Risque Moyen,Réactivation Ciblée : Emailing personnalisé / Remise panier moyen
3146,44,2.0,390.49,129.0,0.5,1148,0.5624,1,Risque Moyen,Réactivation Ciblée : Emailing personnalisé / Remise panier moyen
3147,43,3.0,621.78,109.0,0.3333333333333333,1193,0.496,0,Risque Moyen,Réactivation Ciblée : Emailing personnalisé / Remise panier moyen
3148,41,0.0,0.0,303.0,0.0,785,0.7107,1,Risque Élevé,Rétention Urgente : Appel VIP / Bon d'achat 20% / Enquête insatisfaction
3149,28,6.0,458.7,1.0,0.5,834,0.2788,0,Risque Faible,Fidélisation Active : Programme fidélité / Ventes privées / Parrainage
3150,37,2.0,205.78,85.0,0.0,644,0.5365,1,Risque Moyen,Réactivation Ciblée : Emailing personnalisé / Remise panier moyen
3151,26,2.0,649.2099999999999,22.0,1.0,1045,0.5695,1,Risque Moyen,Réactivation Ciblée : Emailing personnalisé / Remise panier moyen
3152,35,11.0,2322.82,14.0,0.9090909090909091,1284,0.1226,0,Risque Faible,Fidélisation Active : Programme fidélité / Ventes privées / Parrainage
3153,39,16.0,2289.77,19.0,0.625,349,0.0292,0,Risque Faible,Fidélisation Active : Programme fidélité / Ventes privées / Parrainage
3154,53,2.0,353.34000000000003,54.0,1.0,482,0.5288,1,Risque Moyen,Réactivation Ciblée : Emailing personnalisé / Remise panier moyen
3155,21,1.0,92.68,203.0,0.0,1257,0.6551,1,Risque Élevé,Rétention Urgente : Appel VIP / Bon d'achat 20% / Enquête insatisfaction
3156,40,5.0,1286.52,37.0,0.6,741,0.37,0,Risque Moyen,Réactivation Ciblée : Emailing personnalisé / Remise panier moyen
3157,51,0.0,0.0,303.0,0.0,420,0.6947,1,Risque Élevé,Rétention Urgente : Appel VIP / Bon d'achat 20% / Enquête insatisfaction
3158,43,2.0,270.99,32.0,0.5,619,0.5266,1,Risque Moyen,Réactivation Ciblée : Emailing personnalisé / Remise panier moyen
3159,44,5.0,565.38,15.0,0.4,1317,0.3393,0,Risque Faible,Fidélisation Active : Programme fidélité / Ventes privées / Parrainage
3160,41,4.0,373.94,14.0,0.75,1285,0.404,0,Risque Moyen,Réactivation Ciblée : Emailing personnalisé / Remise panier moyen
3161,49,2.0,79.33,30.0,0.5,657,0.5123,1,Risque Moyen,Réactivation Ciblée : Emailing personnalisé / Remise panier moyen
3162,23,4.0,1119.69,44.0,0.75,638,0.4531,0,Risque Moyen,Réactivation Ciblée : Emailing personnalisé / Remise panier moyen
3163,20,4.0,725.31,175.0,0.75,628,0.4627,0,Risque Moyen,Réactivation Ciblée : Emailing personnalisé / Remise panier moyen
3164,35,1.0,105.66,102.0,1.0,540,0.6179,1,Risque Moyen,Réactivation Ciblée : Emailing personnalisé / Remise panier moyen
3165,18,5.0,1120.44,40.0,0.2,944,0.3919,0,Risque Moyen,Réactivation Ciblée : Emailing personnalisé / Remise panier moyen
3166,49,4.0,451.75,21.0,0.75,324,0.3757,0,Risque Moyen,Réactivation Ciblée : Emailing personnalisé / Remise panier moyen
3167,48,1.0,168.04,237.0,0.0,1313,0.6401,1,Risque Moyen,Réactivation Ciblée : Emailing personnalisé / Remise panier moyen
3168,30,0.0,0.0,303.0,0.0,557,0.7169,1,Risque Élevé,Rétention Urgente : Appel VIP / Bon d'achat 20% / Enquête insatisfaction
3169,31,2.0,468.8,72.0,0.0,562,0.5457,1,Risque Moyen,Réactivation Ciblée : Emailing personnalisé / Remise panier moyen
3170,34,3.0,287.0,118.0,0.3333333333333333,360,0.4782,0,Risque Moyen,Réactivation Ciblée : Emailing personnalisé / Remise panier moyen
3171,36,1.0,228.36,185.0,1.0,714,0.6379,1,Risque Moyen,Réactivation Ciblée : Emailing personnalisé / Remise panier moyen
3172,36,4.0,690.1500000000001,9.0,0.75,362,0.4083,0,Risque Moyen,Réactivation Ciblée : Emailing personnalisé / Remise panier moyen
3173,41,3.0,265.71999999999997,65.0,0.6666666666666666,461,0.4639,0,Risque Moyen,Réactivation Ciblée : Emailing personnalisé / Remise panier moyen
3174,33,5.0,712.52,3.0,0.8,1361,0.3564,0,Risque Moyen,Réactivation Ciblée : Emailing personnalisé / Remise panier moyen
3175,45,2.0,436.96000000000004,151.0,1.0,1245,0.5725,1,Risque Moyen,Réactivation Ciblée : Emailing personnalisé / Remise panier moyen
3176,40,1.0,42.67,271.0,0.0,379,0.6325,1,Risque Moyen,Réactivation Ciblée : Emailing personnalisé / Remise panier moyen
3177,28,0.0,0.0,303.0,0.0,534,0.7183,1,Risque Élevé,Rétention Urgente : Appel VIP / Bon d'achat 20% / Enquête insatisfaction
3178,50,2.0,590.7099999999999,149.0,0.0,603,0.5508,1,Risque Moyen,Réactivation Ciblée : Emailing personnalisé / Remise panier moyen
3179,20,4.0,342.07000000000005,171.0,0.75,1338,0.4614,0,Risque Moyen,Réactivation Ciblée : Emailing personnalisé / Remise panier moyen
3180,34,1.0,255.64,191.0,1.0,991,0.6443,1,Risque Moyen,Réactivation Ciblée : Emailing personnalisé / Remise panier moyen
3181,46,1.0,111.32,159.0,0.0,1039,0.6173,1,Risque Moyen,Réactivation Ciblée : Emailing personnalisé / Remise panier moyen
3182,27,1.0,184.64,224.0,1.0,1087,0.6648,1,Risque Élevé,Rétention Urgente : Appel VIP / Bon d'achat 20% / Enquête insatisfaction
3183,38,2.0,801.04,25.0,0.5,333,0.5387,1,Risque Moyen,Réactivation Ciblée : Emailing personnalisé / Remise panier moyen
3184,41,6.0,1204.41,36.0,0.5,730,0.307,0,Risque Faible,Fidélisation Active : Programme fidélité / Ventes privées / Parrainage
3185,26,1.0,17.56,95.0,0.0,497,0.6156,1,Risque Moyen,Réactivation Ciblée : Emailing personnalisé / Remise panier moyen
3186,34,7.0,696.4499999999999,56.0,0.7142857142857143,670,0.2357,0,Risque Faible,Fidélisation Active : Programme fidélité / Ventes privées / Parrainage
3187,33,2.0,177.18,90.0,0.0,1300,0.5534,1,Risque Moyen,Réactivation Ciblée : Emailing personnalisé / Remise panier moyen
3188,29,4.0,427.69000000000005,16.0,0.75,528,0.4016,0,Risque Moyen,Réactivation Ciblée : Emailing personnalisé / Remise panier moyen
3189,60,0.0,0.0,303.0,0.0,1346,0.7029,1,Risque Élevé,Rétention Urgente : Appel VIP / Bon d'achat 20% / Enquête insatisfaction
3190,27,1.0,150.18,55.0,1.0,1032,0.626,1,Risque Moyen,Réactivation Ciblée : Emailing personnalisé / Remise panier moyen
3191,46,2.0,485.99,28.0,0.5,942,0.5376,1,Risque Moyen,Réactivation Ciblée : Emailing personnalisé / Remise panier moyen
3192,31,1.0,39.54,91.0,0.0,524,0.6076,1,Risque Moyen,Réactivation Ciblée : Emailing personnalisé / Remise panier moyen
3193,23,2.0,204.3,98.0,0.5,1160,0.5716,1,Risque Moyen,Réactivation Ciblée : Emailing personnalisé / Remise panier moyen
3194,36,5.0,380.29,12.0,0.4,1154,0.3334,0,Risque Faible,Fidélisation Active : Programme fidélité / Ventes privées / Parrainage
3195,42,2.0,346.97,64.0,0.0,734,0.5373,1,Risque Moyen,Réactivation Ciblée : Emailing personnalisé / Remise panier moyen
3196,45,1.0,174.88,271.0,0.0,946,0.6368,1,Risque Moyen,Réactivation Ciblée : Emailing personnalisé / Remise panier moyen
3197,52,3.0,1172.96,26.0,0.6666666666666666,1296,0.4984,0,Risque Moyen,Réactivation Ciblée : Emailing personnalisé / Remise panier moyen
3198,67,1.0,67.14,94.0,0.0,546,0.5688,1,Risque Moyen,Réactivation Ciblée : Emailing personnalisé / Remise panier moyen
3199,38,3.0,667.22,19.0,0.6666666666666666,583,0.4759,0,Risque Moyen,Réactivation Ciblée : Emailing personnalisé / Remise panier moyen
3200,28,4.0,396.15,34.0,0.5,431,0.4069,0,Risque Moyen,Réactivation Ciblée : Emailing personnalisé / Remise panier moyen
3201,40,2.0,147.47,177.0,0.5,304,0.5486,1,Risque Moyen,Réactivation Ciblée : Emailing personnalisé / Remise panier moyen
3202,32,7.0,995.95,11.0,0.14285714285714285,1080,0.2425,0,Risque Faible,Fidélisation Active : Programme fidélité / Ventes privées / Parrainage
3203,45,3.0,513.9300000000001,74.0,0.3333333333333333,814,0.4725,0,Risque Moyen,Réactivation Ciblée : Emailing personnalisé / Remise panier moyen
3204,21,4.0,396.46,62.0,0.75,930,0.4339,0,Risque Moyen,Réactivation Ciblée : Emailing personnalisé / Remise panier moyen
3205,61,1.0,38.2,152.0,1.0,1341,0.6178,1,Risque Moyen,Réactivation Ciblée : Emailing personnalisé / Remise panier moyen
3206,44,2.0,83.95,90.0,0.5,1099,0.5429,1,Risque Moyen,Réactivation Ciblée : Emailing personnalisé / Remise panier moyen
3207,18,3.0,625.8199999999999,32.0,0.3333333333333333,1295,0.5117,1,Risque Moyen,Réactivation Ciblée : Emailing personnalisé / Remise panier moyen
3208,27,3.0,329.74,41.0,0.6666666666666666,695,0.4813,0,Risque Moyen,Réactivation Ciblée : Emailing personnalisé / Remise panier moyen
3209,44,2.0,808.81,128.0,0.0,1123,0.5637,1,Risque Moyen,Réactivation Ciblée : Emailing personnalisé / Remise panier moyen
3210,48,5.0,1298.09,25.0,0.2,959,0.3676,0,Risque Moyen,Réactivation Ciblée : Emailing personnalisé / Remise panier moyen
3211,21,1.0,243.98,257.0,0.0,871,0.6583,1,Risque Élevé,Rétention Urgente : Appel VIP / Bon d'achat 20% / Enquête insatisfaction
3212,43,0.0,0.0,303.0,0.0,357,0.7012,1,Risque Élevé,Rétention Urgente : Appel VIP / Bon d'achat 20% / Enquête insatisfaction
3213,18,2.0,153.15,136.0,0.0,1158,0.5767,1,Risque Moyen,Réactivation Ciblée : Emailing personnalisé / Remise panier moyen
3214,34,0.0,0.0,303.0,0.0,577,0.7136,1,Risque Élevé,Rétention Urgente : Appel VIP / Bon d'achat 20% / Enquête insatisfaction
3215,47,2.0,212.85000000000002,71.0,0.5,1009,0.538,1,Risque Moyen,Réactivation Ciblée : Emailing personnalisé / Remise panier moyen
3216,29,1.0,57.92,192.0,0.0,787,0.6358,1,Risque Moyen,Réactivation Ciblée : Emailing personnalisé / Remise panier moyen
3217,18,0.0,0.0,303.0,0.0,325,0.7238,1,Risque Élevé,Rétention Urgente : Appel VIP / Bon d'achat 20% / Enquête insatisfaction
3218,37,4.0,434.06,94.0,0.5,946,0.422,0,Risque Moyen,Réactivation Ciblée : Emailing personnalisé / Remise panier moyen
3219,28,1.0,214.95000000000002,153.0,0.0,1248,0.6399,1,Risque Moyen,Réactivation Ciblée : Emailing personnalisé / Remise panier moyen
3220,42,2.0,191.89,1.0,1.0,1196,0.5397,1,Risque Moyen,Réactivation Ciblée : Emailing personnalisé / Remise panier moyen
3221,25,5.0,701.23,54.0,0.8,1335,0.3723,0,Risque Moyen,Réactivation Ciblée : Emailing personnalisé / Remise panier moyen
3222,27,1.0,98.92,16.0,1.0,451,0.6068,1,Risque Moyen,Réactivation Ciblée : Emailing personnalisé / Remise panier moyen
3223,18,2.0,449.26,196.0,0.0,1298,0.604,1,Risque Moyen,Réactivation Ciblée : Emailing personnalisé / Remise panier moyen
3224,37,0.0,0.0,303.0,0.0,824,0.7151,1,Risque Élevé,Rétention Urgente : Appel VIP / Bon d'achat 20% / Enquête insatisfaction
3225,33,3.0,191.35,48.0,0.6666666666666666,595,0.4677,0,Risque Moyen,Réactivation Ciblée : Emailing personnalisé / Remise panier moyen
3226,22,3.0,488.51,48.0,1.0,585,0.4947,0,Risque Moyen,Réactivation Ciblée : Emailing personnalisé / Remise panier moyen
3227,37,1.0,389.48,244.0,1.0,401,0.6425,1,Risque Moyen,Réactivation Ciblée : Emailing personnalisé / Remise panier moyen
3228,46,6.0,908.01,3.0,0.5,834,0.2774,0,Risque Faible,Fidélisation Active : Programme fidélité / Ventes privées / Parrainage
3229,33,6.0,647.14,64.0,0.16666666666666666,1355,0.2979,0,Risque Faible,Fidélisation Active : Programme fidélité / Ventes privées / Parrainage
3230,38,1.0,122.8,36.0,0.0,1098,0.6011,1,Risque Moyen,Réactivation Ciblée : Emailing personnalisé / Remise panier moyen
3231,38,1.0,117.85,195.0,0.0,292,0.6161,1,Risque Moyen,Réactivation Ciblée : Emailing personnalisé / Remise panier moyen
3232,22,3.0,474.41999999999996,141.0,1.0,906,0.5196,1,Risque Moyen,Réactivation Ciblée : Emailing personnalisé / Remise panier moyen
3233,58,10.0,2310.85,9.0,0.3,846,0.1373,0,Risque Faible,Fidélisation Active : Programme fidélité / Ventes privées / Parrainage
3234,30,1.0,62.12,101.0,1.0,599,0.6228,1,Risque Moyen,Réactivation Ciblée : Emailing personnalisé / Remise panier moyen
3235,42,4.0,702.63,26.0,0.5,514,0.4041,0,Risque Moyen,Réactivation Ciblée : Emailing personnalisé / Remise panier moyen
3236,43,0.0,0.0,303.0,0.0,577,0.7052,1,Risque Élevé,Rétention Urgente : Appel VIP / Bon d'achat 20% / Enquête insatisfaction
3237,33,1.0,129.91,221.0,0.0,926,0.6393,1,Risque Moyen,Réactivation Ciblée : Emailing personnalisé / Remise panier moyen
3238,42,3.0,305.94,99.0,1.0,1118,0.4851,0,Risque Moyen,Réactivation Ciblée : Emailing personnalisé / Remise panier moyen
3239,38,3.0,377.31,42.0,0.6666666666666666,1209,0.4816,0,Risque Moyen,Réactivation Ciblée : Emailing personnalisé / Remise panier moyen
3240,19,4.0,590.9,2.0,0.75,1333,0.4384,0,Risque Moyen,Réactivation Ciblée : Emailing personnalisé / Remise panier moyen
3241,31,4.0,963.3600000000001,77.0,0.25,489,0.4307,0,Risque Moyen,Réactivation Ciblée : Emailing personnalisé / Remise panier moyen
3242,28,6.0,1542.53,25.0,0.6666666666666666,976,0.3398,0,Risque Faible,Fidélisation Active : Programme fidélité / Ventes privées / Parrainage
3243,30,1.0,343.23,15.0,1.0,1325,0.6198,1,Risque Moyen,Réactivation Ciblée : Emailing personnalisé / Remise panier moyen
3244,21,3.0,800.9300000000001,170.0,0.3333333333333333,1054,0.5388,1,Risque Moyen,Réactivation Ciblée : Emailing personnalisé / Remise panier moyen
3245,47,11.0,1292.8799999999999,25.0,0.5454545454545454,961,0.0928,0,Risque Faible,Fidélisation Active : Programme fidélité / Ventes privées / Parrainage
3246,53,6.0,896.05,50.0,1.0,474,0.2809,0,Risque Faible,Fidélisation Active : Programme fidélité / Ventes privées / Parrainage
3247,46,8.0,1519.24,22.0,0.25,1163,0.2053,0,Risque Faible,Fidélisation Active : Programme fidélité / Ventes privées / Parrainage
3248,49,6.0,842.6999999999999,66.0,0.5,1328,0.2943,0,Risque Faible,Fidélisation Active : Programme fidélité / Ventes privées / Parrainage
3249,31,3.0,326.51,16.0,0.6666666666666666,781,0.4731,0,Risque Moyen,Réactivation Ciblée : Emailing personnalisé / Remise panier moyen
3250,28,0.0,0.0,303.0,0.0,655,0.7204,1,Risque Élevé,Rétention Urgente : Appel VIP / Bon d'achat 20% / Enquête insatisfaction
3251,26,1.0,28.28,193.0,1.0,471,0.6438,1,Risque Moyen,Réactivation Ciblée : Emailing personnalisé / Remise panier moyen
3252,42,10.0,1586.59,46.0,0.6,1274,0.1392,0,Risque Faible,Fidélisation Active : Programme fidélité / Ventes privées / Parrainage
3253,37,1.0,147.78,230.0,1.0,829,0.6493,1,Risque Moyen,Réactivation Ciblée : Emailing personnalisé / Remise panier moyen
3254,34,4.0,361.04,4.0,1.0,1310,0.4082,0,Risque Moyen,Réactivation Ciblée : Emailing personnalisé / Remise panier moyen
3255,49,3.0,325.28999999999996,121.0,0.3333333333333333,515,0.4642,0,Risque Moyen,Réactivation Ciblée : Emailing personnalisé / Remise panier moyen
3256,39,6.0,991.35,101.0,0.16666666666666666,860,0.3019,0,Risque Faible,Fidélisation Active : Programme fidélité / Ventes privées / Parrainage
3257,26,1.0,13.72,19.0,1.0,856,0.6159,1,Risque Moyen,Réactivation Ciblée : Emailing personnalisé / Remise panier moyen
3258,28,0.0,0.0,303.0,0.0,570,0.719,1,Risque Élevé,Rétention Urgente : Appel VIP / Bon d'achat 20% / Enquête insatisfaction
3259,43,3.0,230.37,11.0,0.3333333333333333,323,0.4421,0,Risque Moyen,Réactivation Ciblée : Emailing personnalisé / Remise panier moyen
3260,46,2.0,412.79,33.0,0.5,631,0.5263,1,Risque Moyen,Réactivation Ciblée : Emailing personnalisé / Remise panier moyen
3261,41,4.0,865.3,84.0,0.75,670,0.4314,0,Risque Moyen,Réactivation Ciblée : Emailing personnalisé / Remise panier moyen
3262,56,0.0,0.0,303.0,0.0,482,0.691,1,Risque Élevé,Rétention Urgente : Appel VIP / Bon d'achat 20% / Enquête insatisfaction
3263,53,4.0,396.09000000000003,32.0,0.75,898,0.3876,0,Risque Moyen,Réactivation Ciblée : Emailing personnalisé / Remise panier moyen
3264,40,5.0,826.58,20.0,0.2,1085,0.3508,0,Risque Moyen,Réactivation Ciblée : Emailing personnalisé / Remise panier moyen
3265,26,1.0,45.3,2.0,0.0,997,0.6059,1,Risque Moyen,Réactivation Ciblée : Emailing personnalisé / Remise panier moyen
3266,21,0.0,0.0,303.0,0.0,318,0.721,1,Risque Élevé,Rétention Urgente : Appel VIP / Bon d'achat 20% / Enquête insatisfaction
3267,31,3.0,104.68,19.0,0.6666666666666666,514,0.4593,0,Risque Moyen,Réactivation Ciblée : Emailing personnalisé / Remise panier moyen
3268,43,1.0,42.44,86.0,0.0,1240,0.6103,1,Risque Moyen,Réactivation Ciblée : Emailing personnalisé / Remise panier moyen
3269,55,4.0,914.24,144.0,0.25,862,0.4248,0,Risque Moyen,Réactivation Ciblée : Emailing personnalisé / Remise panier moyen
3270,40,0.0,0.0,303.0,0.0,791,0.7118,1,Risque Élevé,Rétention Urgente : Appel VIP / Bon d'achat 20% / Enquête insatisfaction
3271,48,1.0,134.72,170.0,1.0,896,0.623,1,Risque Moyen,Réactivation Ciblée : Emailing personnalisé / Remise panier moyen
3272,32,2.0,323.31,72.0,0.5,361,0.5497,1,Risque Moyen,Réactivation Ciblée : Emailing personnalisé / Remise panier moyen
3273,42,3.0,516.98,80.0,0.6666666666666666,701,0.4787,0,Risque Moyen,Réactivation Ciblée : Emailing personnalisé / Remise panier moyen
3274,44,11.0,1158.26,10.0,0.2727272727272727,1049,0.0896,0,Risque Faible,Fidélisation Active : Programme fidélité / Ventes privées / Parrainage
3275,18,1.0,128.02,246.0,0.0,1311,0.6691,1,Risque Élevé,Rétention Urgente : Appel VIP / Bon d'achat 20% / Enquête insatisfaction
3276,30,4.0,581.28,49.0,0.5,1096,0.4282,0,Risque Moyen,Réactivation Ciblée : Emailing personnalisé / Remise panier moyen
3277,45,4.0,361.38,151.0,0.75,387,0.4078,0,Risque Moyen,Réactivation Ciblée : Emailing personnalisé / Remise panier moyen
3278,38,0.0,0.0,303.0,0.0,1328,0.723,1,Risque Élevé,Rétention Urgente : Appel VIP / Bon d'achat 20% / Enquête insatisfaction
3279,22,7.0,617.4399999999999,19.0,0.7142857142857143,631,0.2381,0,Risque Faible,Fidélisation Active : Programme fidélité / Ventes privées / Parrainage
3280,18,2.0,475.20000000000005,111.0,0.5,322,0.5694,1,Risque Moyen,Réactivation Ciblée : Emailing personnalisé / Remise panier moyen
3281,31,2.0,76.69,64.0,0.5,660,0.5402,1,Risque Moyen,Réactivation Ciblée : Emailing personnalisé / Remise panier moyen
3282,34,16.0,2126.6,18.0,0.5625,1133,0.0288,0,Risque Faible,Fidélisation Active : Programme fidélité / Ventes privées / Parrainage
3283,25,6.0,782.38,39.0,0.3333333333333333,1243,0.3069,0,Risque Faible,Fidélisation Active : Programme fidélité / Ventes privées / Parrainage
3284,37,1.0,21.73,56.0,0.0,591,0.5953,1,Risque Moyen,Réactivation Ciblée : Emailing personnalisé / Remise panier moyen
3285,41,0.0,0.0,303.0,0.0,533,0.7063,1,Risque Élevé,Rétention Urgente : Appel VIP / Bon d'achat 20% / Enquête insatisfaction
3286,42,3.0,363.51,9.0,1.0,1229,0.4736,0,Risque Moyen,Réactivation Ciblée : Emailing personnalisé / Remise panier moyen
3287,18,11.0,2009.66,111.0,0.5454545454545454,490,0.1239,0,Risque Faible,Fidélisation Active : Programme fidélité / Ventes privées / Parrainage
3288,21,1.0,243.36,87.0,0.0,975,0.6279,1,Risque Moyen,Réactivation Ciblée : Emailing personnalisé / Remise panier moyen
3289,32,4.0,339.26,175.0,0.75,541,0.4297,0,Risque Moyen,Réactivation Ciblée : Emailing personnalisé / Remise panier moyen
3290,41,3.0,380.82000000000005,36.0,0.6666666666666666,1242,0.4777,0,Risque Moyen,Réactivation Ciblée : Emailing personnalisé / Remise panier moyen
3291,40,0.0,0.0,303.0,0.0,532,0.7072,1,Risque Élevé,Rétention Urgente : Appel VIP / Bon d'achat 20% / Enquête insatisfaction
3292,40,3.0,294.02,45.0,0.0,844,0.4621,0,Risque Moyen,Réactivation Ciblée : Emailing personnalisé / Remise panier moyen
3293,31,1.0,62.42,218.0,1.0,1223,0.6599,1,Risque Élevé,Rétention Urgente : Appel VIP / Bon d'achat 20% / Enquête insatisfaction
3294,31,1.0,26.09,242.0,0.0,634,0.6413,1,Risque Moyen,Réactivation Ciblée : Emailing personnalisé / Remise panier moyen
3295,27,4.0,488.96,58.0,0.0,641,0.411,0,Risque Moyen,Réactivation Ciblée : Emailing personnalisé / Remise panier moyen
3296,43,6.0,1592.7199999999998,23.0,0.5,1200,0.3249,0,Risque Faible,Fidélisation Active : Programme fidélité / Ventes privées / Parrainage
3297,25,0.0,0.0,303.0,0.0,1069,0.7302,1,Risque Élevé,Rétention Urgente : Appel VIP / Bon d'achat 20% / Enquête insatisfaction
3298,44,0.0,0.0,303.0,0.0,431,0.7016,1,Risque Élevé,Rétention Urgente : Appel VIP / Bon d'achat 20% / Enquête insatisfaction
3299,37,2.0,260.58,77.0,0.5,847,0.548,1,Risque Moyen,Réactivation Ciblée : Emailing personnalisé / Remise panier moyen
3300,35,2.0,848.4399999999999,224.0,1.0,1264,0.6089,1,Risque Moyen,Réactivation Ciblée : Emailing personnalisé / Remise panier moyen
3301,28,7.0,1409.19,43.0,0.42857142857142855,751,0.27,0,Risque Faible,Fidélisation Active : Programme fidélité / Ventes privées / Parrainage
3302,20,1.0,172.92,245.0,1.0,400,0.663,1,Risque Élevé,Rétention Urgente : Appel VIP / Bon d'achat 20% / Enquête insatisfaction
3303,28,1.0,39.23,128.0,0.0,863,0.6254,1,Risque Moyen,Réactivation Ciblée : Emailing personnalisé / Remise panier moyen
3304,31,2.0,232.42000000000002,71.0,0.0,1067,0.5561,1,Risque Moyen,Réactivation Ciblée : Emailing personnalisé / Remise panier moyen
3305,18,0.0,0.0,303.0,0.0,716,0.7305,1,Risque Élevé,Rétention Urgente : Appel VIP / Bon d'achat 20% / Enquête insatisfaction
3306,33,5.0,1552.44,108.0,0.4,1305,0.4136,0,Risque Moyen,Réactivation Ciblée : Emailing personnalisé / Remise panier moyen
3307,45,2.0,251.32,197.0,0.5,779,0.5636,1,Risque Moyen,Réactivation Ciblée : Emailing personnalisé / Remise panier moyen
3308,41,1.0,486.81000000000006,217.0,1.0,1137,0.6441,1,Risque Moyen,Réactivation Ciblée : Emailing personnalisé / Remise panier moyen
3309,30,0.0,0.0,303.0,0.0,1050,0.7254,1,Risque Élevé,Rétention Urgente : Appel VIP / Bon d'achat 20% / Enquête insatisfaction
3310,36,9.0,1925.72,2.0,0.3333333333333333,540,0.1665,0,Risque Faible,Fidélisation Active : Programme fidélité / Ventes privées / Parrainage
3311,29,5.0,370.82,29.0,0.6,1277,0.3481,0,Risque Faible,Fidélisation Active : Programme fidélité / Ventes privées / Parrainage
3312,37,0.0,0.0,303.0,0.0,408,0.7078,1,Risque Élevé,Rétention Urgente : Appel VIP / Bon d'achat 20% / Enquête insatisfaction
3313,52,2.0,261.78000000000003,29.0,1.0,1305,0.536,1,Risque Moyen,Réactivation Ciblée : Emailing personnalisé / Remise panier moyen
3314,46,0.0,0.0,303.0,0.0,525,0.7014,1,Risque Élevé,Rétention Urgente : Appel VIP / Bon d'achat 20% / Enquête insatisfaction
3315,41,1.0,129.62,238.0,1.0,1150,0.6494,1,Risque Moyen,Réactivation Ciblée : Emailing personnalisé / Remise panier moyen
3316,30,0.0,0.0,303.0,0.0,665,0.7188,1,Risque Élevé,Rétention Urgente : Appel VIP / Bon d'achat 20% / Enquête insatisfaction
3317,43,5.0,891.68,8.0,0.4,750,0.3392,0,Risque Faible,Fidélisation Active : Programme fidélité / Ventes privées / Parrainage
3318,18,4.0,1424.03,14.0,0.75,1122,0.4709,0,Risque Moyen,Réactivation Ciblée : Emailing personnalisé / Remise panier moyen
3319,32,7.0,1425.41,34.0,0.2857142857142857,405,0.2601,0,Risque Faible,Fidélisation Active : Programme fidélité / Ventes privées / Parrainage
3320,41,3.0,924.3599999999999,54.0,0.6666666666666666,355,0.4873,0,Risque Moyen,Réactivation Ciblée : Emailing personnalisé / Remise panier moyen
3321,43,2.0,39.33,109.0,0.5,1312,0.5498,1,Risque Moyen,Réactivation Ciblée : Emailing personnalisé / Remise panier moyen
3322,42,5.0,575.0799999999999,84.0,0.8,300,0.3437,0,Risque Faible,Fidélisation Active : Programme fidélité / Ventes privées / Parrainage
3323,38,1.0,57.44,121.0,1.0,307,0.6146,1,Risque Moyen,Réactivation Ciblée : Emailing personnalisé / Remise panier moyen
3324,33,11.0,1567.1299999999999,3.0,0.36363636363636365,1187,0.1036,0,Risque Faible,Fidélisation Active : Programme fidélité / Ventes privées / Parrainage
3325,41,2.0,647.38,134.0,1.0,1205,0.5762,1,Risque Moyen,Réactivation Ciblée : Emailing personnalisé / Remise panier moyen
3326,25,3.0,312.01,138.0,0.6666666666666666,612,0.4984,0,Risque Moyen,Réactivation Ciblée : Emailing personnalisé / Remise panier moyen
3327,26,1.0,290.32,26.0,0.0,1243,0.6167,1,Risque Moyen,Réactivation Ciblée : Emailing personnalisé / Remise panier moyen
3328,36,8.0,1457.88,47.0,0.375,1102,0.2147,0,Risque Faible,Fidélisation Active : Programme fidélité / Ventes privées / Parrainage
3329,37,2.0,587.28,72.0,0.5,1015,0.5607,1,Risque Moyen,Réactivation Ciblée : Emailing personnalisé / Remise panier moyen
3330,18,6.0,1192.15,37.0,0.5,759,0.3223,0,Risque Faible,Fidélisation Active : Programme fidélité / Ventes privées / Parrainage
3331,40,8.0,735.4,30.0,0.375,900,0.1814,0,Risque Faible,Fidélisation Active : Programme fidélité / Ventes privées / Parrainage
3332,44,0.0,0.0,303.0,0.0,568,0.7041,1,Risque Élevé,Rétention Urgente : Appel VIP / Bon d'achat 20% / Enquête insatisfaction
3333,34,5.0,502.25,62.0,0.6,1236,0.3553,0,Risque Moyen,Réactivation Ciblée : Emailing personnalisé / Remise panier moyen
3334,61,1.0,167.65,223.0,1.0,357,0.6088,1,Risque Moyen,Réactivation Ciblée : Emailing personnalisé / Remise panier moyen
3335,27,0.0,0.0,303.0,0.0,520,0.719,1,Risque Élevé,Rétention Urgente : Appel VIP / Bon d'achat 20% / Enquête insatisfaction
3336,31,4.0,818.21,76.0,0.75,349,0.4303,0,Risque Moyen,Réactivation Ciblée : Emailing personnalisé / Remise panier moyen
3337,31,4.0,467.68,123.0,0.75,1051,0.439,0,Risque Moyen,Réactivation Ciblée : Emailing personnalisé / Remise panier moyen
3338,34,2.0,127.03999999999999,15.0,1.0,658,0.5369,1,Risque Moyen,Réactivation Ciblée : Emailing personnalisé / Remise panier moyen
3339,31,7.0,1216.48,28.0,0.42857142857142855,918,0.2546,0,Risque Faible,Fidélisation Active : Programme fidélité / Ventes privées / Parrainage
3340,20,3.0,372.84000000000003,37.0,1.0,736,0.4965,0,Risque Moyen,Réactivation Ciblée : Emailing personnalisé / Remise panier moyen
3341,29,2.0,326.1,23.0,0.5,1227,0.5544,1,Risque Moyen,Réactivation Ciblée : Emailing personnalisé / Remise panier moyen
3342,34,0.0,0.0,303.0,0.0,365,0.7098,1,Risque Élevé,Rétention Urgente : Appel VIP / Bon d'achat 20% / Enquête insatisfaction
3343,49,5.0,583.15,28.0,0.6,510,0.3279,0,Risque Faible,Fidélisation Active : Programme fidélité / Ventes privées / Parrainage
3344,59,6.0,830.88,61.0,0.6666666666666666,800,0.2813,0,Risque Faible,Fidélisation Active : Programme fidélité / Ventes privées / Parrainage
3345,50,1.0,172.92,242.0,0.0,1065,0.634,1,Risque Moyen,Réactivation Ciblée : Emailing personnalisé / Remise panier moyen
3346,26,5.0,925.73,4.0,0.4,712,0.3623,0,Risque Moyen,Réactivation Ciblée : Emailing personnalisé / Remise panier moyen
3347,27,4.0,610.12,102.0,0.75,725,0.4369,0,Risque Moyen,Réactivation Ciblée : Emailing personnalisé / Remise panier moyen
3348,33,1.0,292.94,77.0,0.0,776,0.6062,1,Risque Moyen,Réactivation Ciblée : Emailing personnalisé / Remise panier moyen
3349,55,4.0,742.09,128.0,0.5,1339,0.4282,0,Risque Moyen,Réactivation Ciblée : Emailing personnalisé / Remise panier moyen
3350,33,1.0,95.12,190.0,1.0,674,0.645,1,Risque Moyen,Réactivation Ciblée : Emailing personnalisé / Remise panier moyen
3351,20,5.0,1579.87,115.0,0.2,1211,0.4326,0,Risque Moyen,Réactivation Ciblée : Emailing personnalisé / Remise panier moyen
3352,29,11.0,1639.13,11.0,0.9090909090909091,1223,0.1091,0,Risque Faible,Fidélisation Active : Programme fidélité / Ventes privées / Parrainage
3353,43,6.0,535.46,24.0,0.8333333333333334,1029,0.2799,0,Risque Faible,Fidélisation Active : Programme fidélité / Ventes privées / Parrainage
3354,43,1.0,113.5,190.0,1.0,503,0.6248,1,Risque Moyen,Réactivation Ciblée : Emailing personnalisé / Remise panier moyen
3355,33,7.0,798.48,9.0,0.2857142857142857,1277,0.2396,0,Risque Faible,Fidélisation Active : Programme fidélité / Ventes privées / Parrainage
3356,43,4.0,208.93,26.0,0.5,1040,0.389,0,Risque Moyen,Réactivation Ciblée : Emailing personnalisé / Remise panier moyen
3357,18,6.0,590.63,3.0,0.16666666666666666,1197,0.2943,0,Risque Faible,Fidélisation Active : Programme fidélité / Ventes privées / Parrainage
3358,36,2.0,222.6,175.0,0.5,667,0.5638,1,Risque Moyen,Réactivation Ciblée : Emailing personnalisé / Remise panier moyen
3359,44,4.0,317.15000000000003,3.0,0.25,314,0.3673,0,Risque Moyen,Réactivation Ciblée : Emailing personnalisé / Remise panier moyen
3360,26,3.0,621.0600000000001,39.0,0.6666666666666666,748,0.4961,0,Risque Moyen,Réactivation Ciblée : Emailing personnalisé / Remise panier moyen
3361,26,2.0,112.76,134.0,0.5,1097,0.5752,1,Risque Moyen,Réactivation Ciblée : Emailing personnalisé / Remise panier moyen
3362,18,4.0,557.72,40.0,0.5,380,0.4216,0,Risque Moyen,Réactivation Ciblée : Emailing personnalisé / Remise panier moyen
3363,52,4.0,217.75,73.0,0.75,1292,0.3995,0,Risque Moyen,Réactivation Ciblée : Emailing personnalisé / Remise panier moyen
3364,27,2.0,148.29000000000002,7.0,0.0,1218,0.5418,1,Risque Moyen,Réactivation Ciblée : Emailing personnalisé / Remise panier moyen
3365,38,0.0,0.0,303.0,0.0,1227,0.7212,1,Risque Élevé,Rétention Urgente : Appel VIP / Bon d'achat 20% / Enquête insatisfaction
3366,42,3.0,322.66999999999996,162.0,0.6666666666666666,1138,0.5026,1,Risque Moyen,Réactivation Ciblée : Emailing personnalisé / Remise panier moyen
3367,52,1.0,134.32,112.0,1.0,415,0.5987,1,Risque Moyen,Réactivation Ciblée : Emailing personnalisé / Remise panier moyen
3368,33,7.0,778.6,70.0,0.42857142857142855,1241,0.2447,0,Risque Faible,Fidélisation Active : Programme fidélité / Ventes privées / Parrainage
3369,29,14.0,2096.11,21.0,0.7857142857142857,509,0.0511,0,Risque Faible,Fidélisation Active : Programme fidélité / Ventes privées / Parrainage
3370,37,5.0,712.09,32.0,0.6,673,0.3445,0,Risque Faible,Fidélisation Active : Programme fidélité / Ventes privées / Parrainage
3371,49,3.0,1057.22,66.0,0.3333333333333333,872,0.4921,0,Risque Moyen,Réactivation Ciblée : Emailing personnalisé / Remise panier moyen
3372,33,9.0,894.25,7.0,0.6666666666666666,559,0.1481,0,Risque Faible,Fidélisation Active : Programme fidélité / Ventes privées / Parrainage
3373,24,9.0,1782.55,27.0,0.5555555555555556,1238,0.1933,0,Risque Faible,Fidélisation Active : Programme fidélité / Ventes privées / Parrainage
3374,18,3.0,339.07,103.0,0.3333333333333333,1100,0.5104,1,Risque Moyen,Réactivation Ciblée : Emailing personnalisé / Remise panier moyen
3375,22,6.0,714.1800000000001,44.0,0.8333333333333334,751,0.308,0,Risque Faible,Fidélisation Active : Programme fidélité / Ventes privées / Parrainage
3376,45,7.0,1778.8200000000002,7.0,0.2857142857142857,407,0.259,0,Risque Faible,Fidélisation Active : Programme fidélité / Ventes privées / Parrainage
3377,31,2.0,227.21,40.0,1.0,294,0.5356,1,Risque Moyen,Réactivation Ciblée : Emailing personnalisé / Remise panier moyen
3378,28,1.0,139.98,75.0,1.0,560,0.6197,1,Risque Moyen,Réactivation Ciblée : Emailing personnalisé / Remise panier moyen
3379,27,0.0,0.0,303.0,0.0,340,0.7159,1,Risque Élevé,Rétention Urgente : Appel VIP / Bon d'achat 20% / Enquête insatisfaction
3380,36,5.0,443.72,40.0,0.4,721,0.3405,0,Risque Faible,Fidélisation Active : Programme fidélité / Ventes privées / Parrainage
3381,32,3.0,221.29000000000002,209.0,0.3333333333333333,631,0.5001,1,Risque Moyen,Réactivation Ciblée : Emailing personnalisé / Remise panier moyen
3382,32,3.0,369.61,30.0,0.3333333333333333,867,0.4722,0,Risque Moyen,Réactivation Ciblée : Emailing personnalisé / Remise panier moyen
3383,50,17.0,2646.27,3.0,0.5294117647058824,960,0.0218,0,Risque Faible,Fidélisation Active : Programme fidélité / Ventes privées / Parrainage
3384,52,1.0,40.65,46.0,1.0,549,0.5867,1,Risque Moyen,Réactivation Ciblée : Emailing personnalisé / Remise panier moyen
3385,18,3.0,527.9399999999999,46.0,0.6666666666666666,466,0.4936,0,Risque Moyen,Réactivation Ciblée : Emailing personnalisé / Remise panier moyen
3386,39,0.0,0.0,303.0,0.0,1180,0.7195,1,Risque Élevé,Rétention Urgente : Appel VIP / Bon d'achat 20% / Enquête insatisfaction
3387,26,3.0,714.69,126.0,0.6666666666666666,388,0.5082,1,Risque Moyen,Réactivation Ciblée : Emailing personnalisé / Remise panier moyen
3388,32,1.0,59.38,42.0,0.0,554,0.5964,1,Risque Moyen,Réactivation Ciblée : Emailing personnalisé / Remise panier moyen
3389,38,2.0,195.55,10.0,0.0,986,0.5282,1,Risque Moyen,Réactivation Ciblée : Emailing personnalisé / Remise panier moyen
3390,33,6.0,590.92,5.0,0.6666666666666666,519,0.2806,0,Risque Faible,Fidélisation Active : Programme fidélité / Ventes privées / Parrainage
3391,38,5.0,709.6800000000001,44.0,0.0,879,0.3494,0,Risque Faible,Fidélisation Active : Programme fidélité / Ventes privées / Parrainage
3392,42,3.0,506.77,193.0,0.6666666666666666,943,0.5085,1,Risque Moyen,Réactivation Ciblée : Emailing personnalisé / Remise panier moyen
3393,38,1.0,44.94,150.0,1.0,1119,0.6351,1,Risque Moyen,Réactivation Ciblée : Emailing personnalisé / Remise panier moyen
3394,28,2.0,285.52,112.0,0.5,284,0.5542,1,Risque Moyen,Réactivation Ciblée : Emailing personnalisé / Remise panier moyen
3395,28,1.0,116.21,149.0,1.0,349,0.6291,1,Risque Moyen,Réactivation Ciblée : Emailing personnalisé / Remise panier moyen
3396,19,1.0,78.71,266.0,0.0,685,0.6588,1,Risque Élevé,Rétention Urgente : Appel VIP / Bon d'achat 20% / Enquête insatisfaction
3397,26,6.0,843.81,17.0,0.3333333333333333,1050,0.3005,0,Risque Faible,Fidélisation Active : Programme fidélité / Ventes privées / Parrainage
3398,57,2.0,382.35,53.0,0.5,349,0.5182,1,Risque Moyen,Réactivation Ciblée : Emailing personnalisé / Remise panier moyen
3399,26,8.0,1427.98,153.0,0.5,1144,0.2352,0,Risque Faible,Fidélisation Active : Programme fidélité / Ventes privées / Parrainage
3400,22,1.0,135.72,117.0,0.0,946,0.6319,1,Risque Moyen,Réactivation Ciblée : Emailing personnalisé / Remise panier moyen
3401,39,5.0,426.32,69.0,0.2,461,0.3318,0,Risque Faible,Fidélisation Active : Programme fidélité / Ventes privées / Parrainage
3402,34,0.0,0.0,303.0,0.0,1290,0.7259,1,Risque Élevé,Rétention Urgente : Appel VIP / Bon d'achat 20% / Enquête insatisfaction
3403,33,1.0,176.78,152.0,0.0,514,0.6182,1,Risque Moyen,Réactivation Ciblée : Emailing personnalisé / Remise panier moyen
3404,50,7.0,2121.0,45.0,0.5714285714285714,365,0.2709,0,Risque Faible,Fidélisation Active : Programme fidélité / Ventes privées / Parrainage
3405,41,0.0,0.0,303.0,0.0,1004,0.7146,1,Risque Élevé,Rétention Urgente : Appel VIP / Bon d'achat 20% / Enquête insatisfaction
3406,29,3.0,1022.05,84.0,1.0,1347,0.5312,1,Risque Moyen,Réactivation Ciblée : Emailing personnalisé / Remise panier moyen
3407,30,1.0,29.94,127.0,1.0,821,0.6331,1,Risque Moyen,Réactivation Ciblée : Emailing personnalisé / Remise panier moyen
3408,29,6.0,1108.22,62.0,0.6666666666666666,1039,0.3221,0,Risque Faible,Fidélisation Active : Programme fidélité / Ventes privées / Parrainage
3409,45,1.0,365.98,88.0,0.0,1313,0.6055,1,Risque Moyen,Réactivation Ciblée : Emailing personnalisé / Remise panier moyen
3410,32,2.0,241.4,17.0,0.5,444,0.5336,1,Risque Moyen,Réactivation Ciblée : Emailing personnalisé / Remise panier moyen
3411,18,10.0,2193.89,25.0,0.7,1108,0.1601,0,Risque Faible,Fidélisation Active : Programme fidélité / Ventes privées / Parrainage
3412,34,1.0,164.7,85.0,0.0,934,0.6138,1,Risque Moyen,Réactivation Ciblée : Emailing personnalisé / Remise panier moyen
3413,18,5.0,645.34,9.0,0.4,831,0.3601,0,Risque Moyen,Réactivation Ciblée : Emailing personnalisé / Remise panier moyen
3414,59,5.0,805.75,78.0,0.4,834,0.3433,0,Risque Faible,Fidélisation Active : Programme fidélité / Ventes privées / Parrainage
3415,24,4.0,391.72,25.0,1.0,988,0.4265,0,Risque Moyen,Réactivation Ciblée : Emailing personnalisé / Remise panier moyen
3416,33,4.0,747.9300000000001,52.0,0.75,1266,0.4377,0,Risque Moyen,Réactivation Ciblée : Emailing personnalisé / Remise panier moyen
3417,38,1.0,393.96,34.0,0.0,1340,0.6039,1,Risque Moyen,Réactivation Ciblée : Emailing personnalisé / Remise panier moyen
3418,32,0.0,0.0,303.0,0.0,288,0.7103,1,Risque Élevé,Rétention Urgente : Appel VIP / Bon d'achat 20% / Enquête insatisfaction
3419,32,0.0,0.0,303.0,0.0,283,0.7102,1,Risque Élevé,Rétention Urgente : Appel VIP / Bon d'achat 20% / Enquête insatisfaction
3420,40,0.0,0.0,303.0,0.0,414,0.7051,1,Risque Élevé,Rétention Urgente : Appel VIP / Bon d'achat 20% / Enquête insatisfaction
3421,52,2.0,140.44,97.0,0.5,297,0.5172,1,Risque Moyen,Réactivation Ciblée : Emailing personnalisé / Remise panier moyen
3422,43,0.0,0.0,303.0,0.0,822,0.7095,1,Risque Élevé,Rétention Urgente : Appel VIP / Bon d'achat 20% / Enquête insatisfaction
3423,51,3.0,283.6,131.0,0.0,1042,0.4725,0,Risque Moyen,Réactivation Ciblée : Emailing personnalisé / Remise panier moyen
3424,23,8.0,1833.29,11.0,0.375,1103,0.2369,0,Risque Faible,Fidélisation Active : Programme fidélité / Ventes privées / Parrainage
3425,38,5.0,655.9100000000001,6.0,0.8,640,0.3378,0,Risque Faible,Fidélisation Active : Programme fidélité / Ventes privées / Parrainage
3426,37,4.0,490.25,113.0,0.0,301,0.4089,0,Risque Moyen,Réactivation Ciblée : Emailing personnalisé / Remise panier moyen
3427,39,3.0,266.69,2.0,0.6666666666666666,1150,0.4692,0,Risque Moyen,Réactivation Ciblée : Emailing personnalisé / Remise panier moyen
3428,50,0.0,0.0,303.0,0.0,1243,0.7104,1,Risque Élevé,Rétention Urgente : Appel VIP / Bon d'achat 20% / Enquête insatisfaction
3429,33,1.0,86.22,184.0,0.0,487,0.6255,1,Risque Moyen,Réactivation Ciblée : Emailing personnalisé / Remise panier moyen
3430,31,0.0,0.0,303.0,0.0,1050,0.7245,1,Risque Élevé,Rétention Urgente : Appel VIP / Bon d'achat 20% / Enquête insatisfaction
3431,41,2.0,560.5300000000001,90.0,1.0,1284,0.5773,1,Risque Moyen,Réactivation Ciblée : Emailing personnalisé / Remise panier moyen
3432,18,0.0,0.0,303.0,0.0,304,0.7235,1,Risque Élevé,Rétention Urgente : Appel VIP / Bon d'achat 20% / Enquête insatisfaction
3433,32,2.0,267.32,54.0,1.0,646,0.5522,1,Risque Moyen,Réactivation Ciblée : Emailing personnalisé / Remise panier moyen
3434,34,4.0,457.37,100.0,0.5,1007,0.4266,0,Risque Moyen,Réactivation Ciblée : Emailing personnalisé / Remise panier moyen
3435,25,0.0,0.0,303.0,0.0,1002,0.7291,1,Risque Élevé,Rétention Urgente : Appel VIP / Bon d'achat 20% / Enquête insatisfaction
3436,47,8.0,714.8199999999999,5.0,0.5,381,0.1675,0,Risque Faible,Fidélisation Active : Programme fidélité / Ventes privées / Parrainage
3437,23,6.0,820.53,18.0,0.6666666666666666,275,0.2884,0,Risque Faible,Fidélisation Active : Programme fidélité / Ventes privées / Parrainage
3438,34,7.0,773.85,129.0,0.5714285714285714,781,0.2587,0,Risque Faible,Fidélisation Active : Programme fidélité / Ventes privées / Parrainage
3439,38,6.0,813.7,1.0,0.5,406,0.2843,0,Risque Faible,Fidélisation Active : Programme fidélité / Ventes privées / Parrainage
3440,50,5.0,889.4399999999999,25.0,0.2,880,0.3397,0,Risque Faible,Fidélisation Active : Programme fidélité / Ventes privées / Parrainage
3441,35,3.0,421.99,5.0,0.6666666666666666,538,0.468,0,Risque Moyen,Réactivation Ciblée : Emailing personnalisé / Remise panier moyen
3442,45,0.0,0.0,303.0,0.0,703,0.7055,1,Risque Élevé,Rétention Urgente : Appel VIP / Bon d'achat 20% / Enquête insatisfaction
3443,43,3.0,613.81,130.0,0.3333333333333333,493,0.4939,0,Risque Moyen,Réactivation Ciblée : Emailing personnalisé / Remise panier moyen
3444,36,7.0,735.26,13.0,0.5714285714285714,1008,0.2325,0,Risque Faible,Fidélisation Active : Programme fidélité / Ventes privées / Parrainage
3445,23,2.0,225.12,23.0,1.0,1011,0.5582,1,Risque Moyen,Réactivation Ciblée : Emailing personnalisé / Remise panier moyen
3446,19,8.0,1233.7,64.0,0.625,633,0.2145,0,Risque Faible,Fidélisation Active : Programme fidélité / Ventes privées / Parrainage
3447,36,4.0,430.4,49.0,0.75,1305,0.4215,0,Risque Moyen,Réactivation Ciblée : Emailing personnalisé / Remise panier moyen
3448,29,6.0,975.91,91.0,1.0,1188,0.3254,0,Risque Faible,Fidélisation Active : Programme fidélité / Ventes privées / Parrainage
3449,45,1.0,403.65000000000003,235.0,0.0,782,0.627,1,Risque Moyen,Réactivation Ciblée : Emailing personnalisé / Remise panier moyen
3450,43,5.0,545.06,104.0,0.4,1180,0.3568,0,Risque Moyen,Réactivation Ciblée : Emailing personnalisé / Remise panier moyen
3451,33,2.0,122.78,55.0,0.0,789,0.5339,1,Risque Moyen,Réactivation Ciblée : Emailing personnalisé / Remise panier moyen
3452,22,1.0,90.16,14.0,1.0,1199,0.631,1,Risque Moyen,Réactivation Ciblée : Emailing personnalisé / Remise panier moyen
3453,41,1.0,144.3,219.0,1.0,1047,0.6453,1,Risque Moyen,Réactivation Ciblée : Emailing personnalisé / Remise panier moyen
3454,24,2.0,185.2,8.0,1.0,1085,0.5568,1,Risque Moyen,Réactivation Ciblée : Emailing personnalisé / Remise panier moyen
3455,27,9.0,2099.2,30.0,0.6666666666666666,1003,0.1953,0,Risque Faible,Fidélisation Active : Programme fidélité / Ventes privées / Parrainage
3456,24,3.0,878.1700000000001,208.0,0.6666666666666666,1258,0.5584,1,Risque Moyen,Réactivation Ciblée : Emailing personnalisé / Remise panier moyen
3457,33,4.0,1159.22,27.0,0.75,1291,0.4534,0,Risque Moyen,Réactivation Ciblée : Emailing personnalisé / Remise panier moyen
3458,48,2.0,146.5,57.0,0.5,1116,0.5305,1,Risque Moyen,Réactivation Ciblée : Emailing personnalisé / Remise panier moyen
3459,35,5.0,480.09000000000003,79.0,0.6,1133,0.3569,0,Risque Moyen,Réactivation Ciblée : Emailing personnalisé / Remise panier moyen
3460,30,4.0,1086.7,32.0,0.5,1276,0.4586,0,Risque Moyen,Réactivation Ciblée : Emailing personnalisé / Remise panier moyen
3461,18,0.0,0.0,303.0,0.0,311,0.7236,1,Risque Élevé,Rétention Urgente : Appel VIP / Bon d'achat 20% / Enquête insatisfaction
3462,41,1.0,76.4,39.0,0.0,1147,0.598,1,Risque Moyen,Réactivation Ciblée : Emailing personnalisé / Remise panier moyen
3463,26,2.0,195.38,190.0,1.0,473,0.5813,1,Risque Moyen,Réactivation Ciblée : Emailing personnalisé / Remise panier moyen
3464,36,1.0,238.08,231.0,1.0,408,0.6391,1,Risque Moyen,Réactivation Ciblée : Emailing personnalisé / Remise panier moyen
3465,31,0.0,0.0,303.0,0.0,384,0.7129,1,Risque Élevé,Rétention Urgente : Appel VIP / Bon d'achat 20% / Enquête insatisfaction
3466,44,8.0,1386.42,10.0,0.625,526,0.1953,0,Risque Faible,Fidélisation Active : Programme fidélité / Ventes privées / Parrainage
3467,33,4.0,696.4,44.0,0.75,1117,0.431,0,Risque Moyen,Réactivation Ciblée : Emailing personnalisé / Remise panier moyen
3468,34,5.0,1250.31,6.0,0.8,1227,0.3826,0,Risque Moyen,Réactivation Ciblée : Emailing personnalisé / Remise panier moyen
3469,40,1.0,29.16,272.0,1.0,1058,0.6568,1,Risque Élevé,Rétention Urgente : Appel VIP / Bon d'achat 20% / Enquête insatisfaction
3470,58,2.0,341.47,68.0,0.0,787,0.519,1,Risque Moyen,Réactivation Ciblée : Emailing personnalisé / Remise panier moyen
3471,45,6.0,519.2,4.0,0.8333333333333334,1023,0.2688,0,Risque Faible,Fidélisation Active : Programme fidélité / Ventes privées / Parrainage
3472,34,2.0,435.34000000000003,121.0,0.5,1067,0.5709,1,Risque Moyen,Réactivation Ciblée : Emailing personnalisé / Remise panier moyen
3473,35,6.0,1577.23,5.0,0.5,862,0.3187,0,Risque Faible,Fidélisation Active : Programme fidélité / Ventes privées / Parrainage
3474,29,5.0,677.18,10.0,1.0,1122,0.3561,0,Risque Moyen,Réactivation Ciblée : Emailing personnalisé / Remise panier moyen
3475,25,2.0,128.79,1.0,1.0,881,0.5445,1,Risque Moyen,Réactivation Ciblée : Emailing personnalisé / Remise panier moyen
3476,29,1.0,22.51,156.0,1.0,441,0.6326,1,Risque Moyen,Réactivation Ciblée : Emailing personnalisé / Remise panier moyen
3477,27,0.0,0.0,303.0,0.0,578,0.72,1,Risque Élevé,Rétention Urgente : Appel VIP / Bon d'achat 20% / Enquête insatisfaction
3478,42,6.0,760.78,11.0,0.3333333333333333,457,0.2714,0,Risque Faible,Fidélisation Active : Programme fidélité / Ventes privées / Parrainage
3479,23,2.0,288.98,76.0,1.0,1215,0.5773,1,Risque Moyen,Réactivation Ciblée : Emailing personnalisé / Remise panier moyen
3480,50,1.0,100.29,118.0,1.0,425,0.6008,1,Risque Moyen,Réactivation Ciblée : Emailing personnalisé / Remise panier moyen
3481,43,5.0,1019.91,36.0,0.8,774,0.3599,0,Risque Moyen,Réactivation Ciblée : Emailing personnalisé / Remise panier moyen
3482,35,3.0,654.0699999999999,174.0,0.3333333333333333,1307,0.5249,1,Risque Moyen,Réactivation Ciblée : Emailing personnalisé / Remise panier moyen
3483,35,1.0,137.72,80.0,1.0,499,0.61,1,Risque Moyen,Réactivation Ciblée : Emailing personnalisé / Remise panier moyen
3484,29,1.0,42.74,13.0,1.0,286,0.6013,1,Risque Moyen,Réactivation Ciblée : Emailing personnalisé / Remise panier moyen
3485,38,3.0,381.76,123.0,0.6666666666666666,903,0.4995,0,Risque Moyen,Réactivation Ciblée : Emailing personnalisé / Remise panier moyen
3486,47,2.0,594.77,7.0,0.5,1058,0.532,1,Risque Moyen,Réactivation Ciblée : Emailing personnalisé / Remise panier moyen
3487,27,3.0,474.70000000000005,34.0,0.6666666666666666,283,0.4731,0,Risque Moyen,Réactivation Ciblée : Emailing personnalisé / Remise panier moyen
3488,18,0.0,0.0,303.0,0.0,553,0.7277,1,Risque Élevé,Rétention Urgente : Appel VIP / Bon d'achat 20% / Enquête insatisfaction
3489,43,3.0,438.32,56.0,0.3333333333333333,1266,0.489,0,Risque Moyen,Réactivation Ciblée : Emailing personnalisé / Remise panier moyen
3490,39,0.0,0.0,303.0,0.0,1341,0.7223,1,Risque Élevé,Rétention Urgente : Appel VIP / Bon d'achat 20% / Enquête insatisfaction
3491,23,14.0,2506.67,24.0,0.5,861,0.0618,0,Risque Faible,Fidélisation Active : Programme fidélité / Ventes privées / Parrainage
3492,27,1.0,206.82,167.0,1.0,1235,0.6521,1,Risque Élevé,Rétention Urgente : Appel VIP / Bon d'achat 20% / Enquête insatisfaction
3493,26,0.0,0.0,303.0,0.0,1310,0.7334,1,Risque Élevé,Rétention Urgente : Appel VIP / Bon d'achat 20% / Enquête insatisfaction
3494,27,1.0,317.02,29.0,0.0,1299,0.6129,1,Risque Moyen,Réactivation Ciblée : Emailing personnalisé / Remise panier moyen
3495,31,1.0,99.39,71.0,0.0,1184,0.616,1,Risque Moyen,Réactivation Ciblée : Emailing personnalisé / Remise panier moyen
3496,32,7.0,1871.43,5.0,0.5714285714285714,797,0.2739,0,Risque Faible,Fidélisation Active : Programme fidélité / Ventes privées / Parrainage
3497,28,6.0,1653.55,64.0,0.5,1201,0.3485,0,Risque Faible,Fidélisation Active : Programme fidélité / Ventes privées / Parrainage
3498,27,2.0,610.06,11.0,0.5,791,0.55,1,Risque Moyen,Réactivation Ciblée : Emailing personnalisé / Remise panier moyen
3499,32,0.0,0.0,303.0,0.0,1187,0.726,1,Risque Élevé,Rétention Urgente : Appel VIP / Bon d'achat 20% / Enquête insatisfaction
3500,37,0.0,0.0,303.0,0.0,1298,0.7234,1,Risque Élevé,Rétention Urgente : Appel VIP / Bon d'achat 20% / Enquête insatisfaction
3501,32,4.0,934.74,36.0,0.0,813,0.4217,0,Risque Moyen,Réactivation Ciblée : Emailing personnalisé / Remise panier moyen
3502,48,7.0,1256.23,10.0,0.2857142857142857,517,0.2343,0,Risque Faible,Fidélisation Active : Programme fidélité / Ventes privées / Parrainage
3503,41,9.0,743.17,14.0,0.4444444444444444,288,0.135,0,Risque Faible,Fidélisation Active : Programme fidélité / Ventes privées / Parrainage
3504,18,7.0,1414.04,2.0,0.42857142857142855,686,0.2743,0,Risque Faible,Fidélisation Active : Programme fidélité / Ventes privées / Parrainage
3505,41,5.0,1335.45,12.0,0.4,1051,0.3797,0,Risque Moyen,Réactivation Ciblée : Emailing personnalisé / Remise panier moyen
3506,42,2.0,442.29,72.0,0.5,540,0.5402,1,Risque Moyen,Réactivation Ciblée : Emailing personnalisé / Remise panier moyen
3507,30,2.0,1238.88,151.0,0.5,1275,0.6088,1,Risque Moyen,Réactivation Ciblée : Emailing personnalisé / Remise panier moyen
3508,19,4.0,277.1,2.0,0.25,1102,0.4129,0,Risque Moyen,Réactivation Ciblée : Emailing personnalisé / Remise panier moyen
3509,35,5.0,1416.8899999999999,100.0,0.2,755,0.3932,0,Risque Moyen,Réactivation Ciblée : Emailing personnalisé / Remise panier moyen
3510,35,2.0,284.74,69.0,0.5,867,0.5472,1,Risque Moyen,Réactivation Ciblée : Emailing personnalisé / Remise panier moyen
3511,23,1.0,73.56,198.0,0.0,791,0.6471,1,Risque Moyen,Réactivation Ciblée : Emailing personnalisé / Remise panier moyen
3512,19,0.0,0.0,303.0,0.0,737,0.73,1,Risque Élevé,Rétention Urgente : Appel VIP / Bon d'achat 20% / Enquête insatisfaction
3513,34,8.0,903.84,3.0,0.75,1090,0.1982,0,Risque Faible,Fidélisation Active : Programme fidélité / Ventes privées / Parrainage
3514,32,2.0,509.28,218.0,0.0,615,0.5782,1,Risque Moyen,Réactivation Ciblée : Emailing personnalisé / Remise panier moyen
3515,30,1.0,43.73,62.0,0.0,1127,0.6148,1,Risque Moyen,Réactivation Ciblée : Emailing personnalisé / Remise panier moyen
3516,34,3.0,785.8100000000001,33.0,0.3333333333333333,586,0.4833,0,Risque Moyen,Réactivation Ciblée : Emailing personnalisé / Remise panier moyen
3517,23,2.0,652.29,53.0,0.5,407,0.5605,1,Risque Moyen,Réactivation Ciblée : Emailing personnalisé / Remise panier moyen
3518,30,1.0,166.88,162.0,1.0,384,0.6317,1,Risque Moyen,Réactivation Ciblée : Emailing personnalisé / Remise panier moyen
3519,41,1.0,140.88,29.0,1.0,1365,0.6105,1,Risque Moyen,Réactivation Ciblée : Emailing personnalisé / Remise panier moyen
3520,31,2.0,252.39,37.0,1.0,1049,0.5536,1,Risque Moyen,Réactivation Ciblée : Emailing personnalisé / Remise panier moyen
3521,18,4.0,660.91,72.0,0.75,337,0.4318,0,Risque Moyen,Réactivation Ciblée : Emailing personnalisé / Remise panier moyen
3522,30,3.0,306.79999999999995,136.0,0.6666666666666666,293,0.4875,0,Risque Moyen,Réactivation Ciblée : Emailing personnalisé / Remise panier moyen
3523,23,2.0,219.32,108.0,0.5,345,0.5568,1,Risque Moyen,Réactivation Ciblée : Emailing personnalisé / Remise panier moyen
3524,38,5.0,386.55,98.0,0.6,590,0.3476,0,Risque Faible,Fidélisation Active : Programme fidélité / Ventes privées / Parrainage
3525,39,10.0,1089.89,4.0,0.5,542,0.1199,0,Risque Faible,Fidélisation Active : Programme fidélité / Ventes privées / Parrainage
3526,18,0.0,0.0,303.0,0.0,1089,0.7368,1,Risque Élevé,Rétention Urgente : Appel VIP / Bon d'achat 20% / Enquête insatisfaction
3527,43,3.0,186.06,4.0,0.6666666666666666,384,0.4401,0,Risque Moyen,Réactivation Ciblée : Emailing personnalisé / Remise panier moyen
3528,23,3.0,227.34,69.0,0.3333333333333333,1341,0.4948,0,Risque Moyen,Réactivation Ciblée : Emailing personnalisé / Remise panier moyen
3529,52,4.0,529.99,17.0,0.5,559,0.3784,0,Risque Moyen,Réactivation Ciblée : Emailing personnalisé / Remise panier moyen
3530,34,2.0,279.59000000000003,26.0,1.0,1097,0.5494,1,Risque Moyen,Réactivation Ciblée : Emailing personnalisé / Remise panier moyen
3531,21,2.0,203.82999999999998,166.0,0.5,1179,0.5889,1,Risque Moyen,Réactivation Ciblée : Emailing personnalisé / Remise panier moyen
3532,22,10.0,1699.92,13.0,0.6,823,0.1455,0,Risque Faible,Fidélisation Active : Programme fidélité / Ventes privées / Parrainage
3533,39,2.0,166.04,9.0,1.0,1075,0.5375,1,Risque Moyen,Réactivation Ciblée : Emailing personnalisé / Remise panier moyen
3534,31,1.0,248.92,49.0,0.0,521,0.5978,1,Risque Moyen,Réactivation Ciblée : Emailing personnalisé / Remise panier moyen
3535,34,3.0,632.74,54.0,0.6666666666666666,598,0.481,0,Risque Moyen,Réactivation Ciblée : Emailing personnalisé / Remise panier moyen
3536,53,2.0,466.49,240.0,0.5,600,0.5663,1,Risque Moyen,Réactivation Ciblée : Emailing personnalisé / Remise panier moyen
3537,27,6.0,437.72,15.0,0.16666666666666666,1316,0.2816,0,Risque Faible,Fidélisation Active : Programme fidélité / Ventes privées / Parrainage
3538,36,3.0,450.44,20.0,1.0,685,0.4716,0,Risque Moyen,Réactivation Ciblée : Emailing personnalisé / Remise panier moyen
3539,51,5.0,579.35,19.0,0.8,298,0.3183,0,Risque Faible,Fidélisation Active : Programme fidélité / Ventes privées / Parrainage
3540,38,3.0,821.28,95.0,0.3333333333333333,358,0.4908,0,Risque Moyen,Réactivation Ciblée : Emailing personnalisé / Remise panier moyen
3541,18,2.0,235.67,63.0,1.0,666,0.5654,1,Risque Moyen,Réactivation Ciblée : Emailing personnalisé / Remise panier moyen
3542,41,1.0,150.66,176.0,1.0,486,0.6232,1,Risque Moyen,Réactivation Ciblée : Emailing personnalisé / Remise panier moyen
3543,22,0.0,0.0,303.0,0.0,904,0.7301,1,Risque Élevé,Rétention Urgente : Appel VIP / Bon d'achat 20% / Enquête insatisfaction
3544,50,2.0,209.65,162.0,1.0,816,0.5561,1,Risque Moyen,Réactivation Ciblée : Emailing personnalisé / Remise panier moyen
3545,26,4.0,796.2,91.0,0.5,452,0.442,0,Risque Moyen,Réactivation Ciblée : Emailing personnalisé / Remise panier moyen
3546,68,1.0,287.52,239.0,1.0,361,0.6051,1,Risque Moyen,Réactivation Ciblée : Emailing personnalisé / Remise panier moyen
3547,51,0.0,0.0,303.0,0.0,1175,0.7083,1,Risque Élevé,Rétention Urgente : Appel VIP / Bon d'achat 20% / Enquête insatisfaction
3548,26,2.0,98.46000000000001,183.0,0.5,1303,0.5877,1,Risque Moyen,Réactivation Ciblée : Emailing personnalisé / Remise panier moyen
3549,35,0.0,0.0,303.0,0.0,814,0.7168,1,Risque Élevé,Rétention Urgente : Appel VIP / Bon d'achat 20% / Enquête insatisfaction
3550,43,2.0,202.51999999999998,29.0,0.5,768,0.5257,1,Risque Moyen,Réactivation Ciblée : Emailing personnalisé / Remise panier moyen
3551,44,11.0,2882.92,1.0,0.45454545454545453,319,0.1187,0,Risque Faible,Fidélisation Active : Programme fidélité / Ventes privées / Parrainage
3552,40,5.0,1202.8899999999999,18.0,0.2,893,0.3559,0,Risque Moyen,Réactivation Ciblée : Emailing personnalisé / Remise panier moyen
3553,49,11.0,3440.71,10.0,0.5454545454545454,796,0.1373,0,Risque Faible,Fidélisation Active : Programme fidélité / Ventes privées / Parrainage
3554,34,3.0,358.59000000000003,156.0,0.3333333333333333,607,0.4918,0,Risque Moyen,Réactivation Ciblée : Emailing personnalisé / Remise panier moyen
3555,31,4.0,674.38,21.0,0.75,482,0.4163,0,Risque Moyen,Réactivation Ciblée : Emailing personnalisé / Remise panier moyen
3556,31,0.0,0.0,303.0,0.0,539,0.7157,1,Risque Élevé,Rétention Urgente : Appel VIP / Bon d'achat 20% / Enquête insatisfaction
3557,44,4.0,399.28,43.0,0.75,1287,0.4037,0,Risque Moyen,Réactivation Ciblée : Emailing personnalisé / Remise panier moyen
3558,39,0.0,0.0,303.0,0.0,669,0.7105,1,Risque Élevé,Rétention Urgente : Appel VIP / Bon d'achat 20% / Enquête insatisfaction
3559,38,4.0,754.9300000000001,35.0,1.0,1325,0.4327,0,Risque Moyen,Réactivation Ciblée : Emailing personnalisé / Remise panier moyen
3560,44,1.0,168.08,22.0,1.0,545,0.5947,1,Risque Moyen,Réactivation Ciblée : Emailing personnalisé / Remise panier moyen
3561,18,8.0,822.43,44.0,0.375,759,0.2046,0,Risque Faible,Fidélisation Active : Programme fidélité / Ventes privées / Parrainage
3562,38,12.0,2264.88,12.0,0.5833333333333334,649,0.0861,0,Risque Faible,Fidélisation Active : Programme fidélité / Ventes privées / Parrainage
3563,37,1.0,55.66,150.0,1.0,678,0.6292,1,Risque Moyen,Réactivation Ciblée : Emailing personnalisé / Remise panier moyen
3564,53,2.0,287.68,41.0,1.0,670,0.5244,1,Risque Moyen,Réactivation Ciblée : Emailing personnalisé / Remise panier moyen
3565,18,1.0,42.78,225.0,1.0,532,0.6614,1,Risque Élevé,Rétention Urgente : Appel VIP / Bon d'achat 20% / Enquête insatisfaction
3566,52,0.0,0.0,303.0,0.0,1259,0.7089,1,Risque Élevé,Rétention Urgente : Appel VIP / Bon d'achat 20% / Enquête insatisfaction
3567,36,6.0,1540.08,6.0,0.6666666666666666,1150,0.3218,0,Risque Faible,Fidélisation Active : Programme fidélité / Ventes privées / Parrainage
3568,40,5.0,496.84000000000003,48.0,0.6,906,0.3436,0,Risque Faible,Fidélisation Active : Programme fidélité / Ventes privées / Parrainage
3569,53,2.0,211.77,6.0,0.5,509,0.5083,1,Risque Moyen,Réactivation Ciblée : Emailing personnalisé / Remise panier moyen
3570,41,4.0,831.9399999999999,32.0,0.25,854,0.411,0,Risque Moyen,Réactivation Ciblée : Emailing personnalisé / Remise panier moyen
3571,39,4.0,506.53,3.0,0.5,732,0.3942,0,Risque Moyen,Réactivation Ciblée : Emailing personnalisé / Remise panier moyen
3572,38,2.0,147.86,46.0,1.0,742,0.5457,1,Risque Moyen,Réactivation Ciblée : Emailing personnalisé / Remise panier moyen
3573,30,2.0,355.0,77.0,0.0,1299,0.5657,1,Risque Moyen,Réactivation Ciblée : Emailing personnalisé / Remise panier moyen
3574,35,0.0,0.0,303.0,0.0,910,0.7185,1,Risque Élevé,Rétention Urgente : Appel VIP / Bon d'achat 20% / Enquête insatisfaction
3575,27,4.0,1137.5900000000001,115.0,0.5,1272,0.4734,0,Risque Moyen,Réactivation Ciblée : Emailing personnalisé / Remise panier moyen
3576,35,5.0,446.36,121.0,0.8,1145,0.3706,0,Risque Moyen,Réactivation Ciblée : Emailing personnalisé / Remise panier moyen
3577,18,5.0,469.96000000000004,17.0,0.6,538,0.3519,0,Risque Moyen,Réactivation Ciblée : Emailing personnalisé / Remise panier moyen
3578,40,2.0,347.44,54.0,0.5,728,0.5472,1,Risque Moyen,Réactivation Ciblée : Emailing personnalisé / Remise panier moyen
3579,34,2.0,298.58,125.0,1.0,873,0.5687,1,Risque Moyen,Réactivation Ciblée : Emailing personnalisé / Remise panier moyen
3580,31,0.0,0.0,303.0,0.0,307,0.7116,1,Risque Élevé,Rétention Urgente : Appel VIP / Bon d'achat 20% / Enquête insatisfaction
3581,37,1.0,149.38,78.0,0.0,600,0.5984,1,Risque Moyen,Réactivation Ciblée : Emailing personnalisé / Remise panier moyen
3582,19,3.0,591.16,112.0,0.6666666666666666,609,0.5163,1,Risque Moyen,Réactivation Ciblée : Emailing personnalisé / Remise panier moyen
3583,56,1.0,138.12,146.0,0.0,881,0.5981,1,Risque Moyen,Réactivation Ciblée : Emailing personnalisé / Remise panier moyen
3584,34,1.0,190.17000000000002,77.0,0.0,813,0.6093,1,Risque Moyen,Réactivation Ciblée : Emailing personnalisé / Remise panier moyen
3585,33,2.0,393.8,157.0,0.0,377,0.5546,1,Risque Moyen,Réactivation Ciblée : Emailing personnalisé / Remise panier moyen
3586,24,1.0,178.82,239.0,1.0,880,0.6611,1,Risque Élevé,Rétention Urgente : Appel VIP / Bon d'achat 20% / Enquête insatisfaction
3587,35,0.0,0.0,303.0,0.0,1312,0.7254,1,Risque Élevé,Rétention Urgente : Appel VIP / Bon d'achat 20% / Enquête insatisfaction
3588,50,2.0,297.77,190.0,1.0,857,0.5625,1,Risque Moyen,Réactivation Ciblée : Emailing personnalisé / Remise panier moyen
3589,46,2.0,109.00999999999999,86.0,0.5,1265,0.5438,1,Risque Moyen,Réactivation Ciblée : Emailing personnalisé / Remise panier moyen
3590,44,6.0,1192.8500000000001,18.0,0.3333333333333333,812,0.293,0,Risque Faible,Fidélisation Active : Programme fidélité / Ventes privées / Parrainage
3591,41,4.0,1012.9399999999999,144.0,0.5,1309,0.4583,0,Risque Moyen,Réactivation Ciblée : Emailing personnalisé / Remise panier moyen
3592,31,9.0,912.52,40.0,0.7777777777777778,634,0.156,0,Risque Faible,Fidélisation Active : Programme fidélité / Ventes privées / Parrainage
3593,19,7.0,1314.32,58.0,0.5714285714285714,998,0.2779,0,Risque Faible,Fidélisation Active : Programme fidélité / Ventes privées / Parrainage
3594,33,0.0,0.0,303.0,0.0,1343,0.7277,1,Risque Élevé,Rétention Urgente : Appel VIP / Bon d'achat 20% / Enquête insatisfaction
3595,32,3.0,253.69,173.0,0.6666666666666666,976,0.5065,1,Risque Moyen,Réactivation Ciblée : Emailing personnalisé / Remise panier moyen
3596,47,4.0,406.92,52.0,0.5,763,0.3911,0,Risque Moyen,Réactivation Ciblée : Emailing personnalisé / Remise panier moyen
3597,38,1.0,27.58,273.0,1.0,1259,0.6629,1,Risque Élevé,Rétention Urgente : Appel VIP / Bon d'achat 20% / Enquête insatisfaction
3598,53,3.0,190.75,14.0,0.6666666666666666,596,0.44,0,Risque Moyen,Réactivation Ciblée : Emailing personnalisé / Remise panier moyen
3599,48,3.0,129.86,80.0,0.0,1115,0.4596,0,Risque Moyen,Réactivation Ciblée : Emailing personnalisé / Remise panier moyen
3600,30,1.0,50.88,164.0,1.0,452,0.633,1,Risque Moyen,Réactivation Ciblée : Emailing personnalisé / Remise panier moyen
3601,18,1.0,121.58,44.0,0.0,603,0.6142,1,Risque Moyen,Réactivation Ciblée : Emailing personnalisé / Remise panier moyen
3602,50,4.0,516.79,56.0,0.25,831,0.3952,0,Risque Moyen,Réactivation Ciblée : Emailing personnalisé / Remise panier moyen
3603,50,1.0,143.68,193.0,0.0,754,0.6118,1,Risque Moyen,Réactivation Ciblée : Emailing personnalisé / Remise panier moyen
3604,20,0.0,0.0,303.0,0.0,782,0.7298,1,Risque Élevé,Rétention Urgente : Appel VIP / Bon d'achat 20% / Enquête insatisfaction
3605,52,3.0,1063.35,139.0,0.3333333333333333,772,0.4986,0,Risque Moyen,Réactivation Ciblée : Emailing personnalisé / Remise panier moyen
3606,39,3.0,709.2199999999999,98.0,1.0,1256,0.5075,1,Risque Moyen,Réactivation Ciblée : Emailing personnalisé / Remise panier moyen
3607,37,4.0,526.54,65.0,0.5,800,0.4096,0,Risque Moyen,Réactivation Ciblée : Emailing personnalisé / Remise panier moyen
3608,53,3.0,377.65000000000003,123.0,1.0,414,0.4671,0,Risque Moyen,Réactivation Ciblée : Emailing personnalisé / Remise panier moyen
3609,50,7.0,1515.32,88.0,0.7142857142857143,473,0.2548,0,Risque Faible,Fidélisation Active : Programme fidélité / Ventes privées / Parrainage
3610,42,1.0,258.78,71.0,0.0,607,0.5921,1,Risque Moyen,Réactivation Ciblée : Emailing personnalisé / Remise panier moyen
3611,40,2.0,499.33000000000004,192.0,0.0,431,0.5617,1,Risque Moyen,Réactivation Ciblée : Emailing personnalisé / Remise panier moyen
3612,42,1.0,295.56,84.0,0.0,716,0.5987,1,Risque Moyen,Réactivation Ciblée : Emailing personnalisé / Remise panier moyen
3613,31,4.0,671.28,114.0,1.0,1285,0.4519,0,Risque Moyen,Réactivation Ciblée : Emailing personnalisé / Remise panier moyen
3614,34,6.0,829.7,11.0,0.6666666666666666,650,0.2892,0,Risque Faible,Fidélisation Active : Programme fidélité / Ventes privées / Parrainage
3615,25,7.0,1131.99,22.0,0.8571428571428571,501,0.253,0,Risque Faible,Fidélisation Active : Programme fidélité / Ventes privées / Parrainage
3616,31,7.0,863.58,35.0,0.5714285714285714,420,0.2395,0,Risque Faible,Fidélisation Active : Programme fidélité / Ventes privées / Parrainage
3617,31,7.0,885.46,11.0,0.5714285714285714,1067,0.2418,0,Risque Faible,Fidélisation Active : Programme fidélité / Ventes privées / Parrainage
3618,28,6.0,625.96,73.0,0.5,801,0.2968,0,Risque Faible,Fidélisation Active : Programme fidélité / Ventes privées / Parrainage
3619,37,5.0,531.51,54.0,0.6,828,0.3437,0,Risque Faible,Fidélisation Active : Programme fidélité / Ventes privées / Parrainage
3620,31,0.0,0.0,303.0,0.0,1277,0.7284,1,Risque Élevé,Rétention Urgente : Appel VIP / Bon d'achat 20% / Enquête insatisfaction
3621,41,4.0,903.1700000000001,25.0,0.75,715,0.4188,0,Risque Moyen,Réactivation Ciblée : Emailing personnalisé / Remise panier moyen
3622,18,5.0,663.8199999999999,6.0,0.4,755,0.3567,0,Risque Moyen,Réactivation Ciblée : Emailing personnalisé / Remise panier moyen
3623,34,4.0,954.4,26.0,0.5,1298,0.438,0,Risque Moyen,Réactivation Ciblée : Emailing personnalisé / Remise panier moyen
3624,36,3.0,874.1800000000001,5.0,0.6666666666666666,700,0.4881,0,Risque Moyen,Réactivation Ciblée : Emailing personnalisé / Remise panier moyen
3625,32,4.0,949.01,76.0,0.25,1288,0.4479,0,Risque Moyen,Réactivation Ciblée : Emailing personnalisé / Remise panier moyen
3626,33,2.0,329.76,77.0,0.5,774,0.55,1,Risque Moyen,Réactivation Ciblée : Emailing personnalisé / Remise panier moyen
3627,18,1.0,28.64,6.0,1.0,1151,0.6274,1,Risque Moyen,Réactivation Ciblée : Emailing personnalisé / Remise panier moyen
3628,39,1.0,481.52,61.0,0.0,485,0.5918,1,Risque Moyen,Réactivation Ciblée : Emailing personnalisé / Remise panier moyen
3629,42,2.0,231.17,3.0,1.0,620,0.5221,1,Risque Moyen,Réactivation Ciblée : Emailing personnalisé / Remise panier moyen
3630,40,2.0,247.38,106.0,1.0,1244,0.5648,1,Risque Moyen,Réactivation Ciblée : Emailing personnalisé / Remise panier moyen
3631,46,5.0,1437.3400000000001,47.0,0.2,1168,0.3794,0,Risque Moyen,Réactivation Ciblée : Emailing personnalisé / Remise panier moyen
3632,37,1.0,168.15,119.0,0.0,343,0.6015,1,Risque Moyen,Réactivation Ciblée : Emailing personnalisé / Remise panier moyen
3633,40,1.0,24.27,208.0,0.0,795,0.6281,1,Risque Moyen,Réactivation Ciblée : Emailing personnalisé / Remise panier moyen
3634,37,1.0,153.44,201.0,0.0,325,0.6186,1,Risque Moyen,Réactivation Ciblée : Emailing personnalisé / Remise panier moyen
3635,43,4.0,769.97,8.0,0.75,386,0.3975,0,Risque Moyen,Réactivation Ciblée : Emailing personnalisé / Remise panier moyen
3636,18,4.0,661.55,79.0,0.25,647,0.4428,0,Risque Moyen,Réactivation Ciblée : Emailing personnalisé / Remise panier moyen
3637,25,3.0,809.9599999999999,23.0,0.6666666666666666,417,0.4943,0,Risque Moyen,Réactivation Ciblée : Emailing personnalisé / Remise panier moyen
3638,52,4.0,894.2499999999999,171.0,0.5,1189,0.4451,0,Risque Moyen,Réactivation Ciblée : Emailing personnalisé / Remise panier moyen
3639,18,8.0,1336.96,62.0,0.625,283,0.2129,0,Risque Faible,Fidélisation Active : Programme fidélité / Ventes privées / Parrainage
3640,33,3.0,567.23,59.0,0.6666666666666666,1096,0.4985,0,Risque Moyen,Réactivation Ciblée : Emailing personnalisé / Remise panier moyen
3641,48,1.0,317.0,72.0,0.0,562,0.584,1,Risque Moyen,Réactivation Ciblée : Emailing personnalisé / Remise panier moyen
3642,34,0.0,0.0,303.0,0.0,606,0.7141,1,Risque Élevé,Rétention Urgente : Appel VIP / Bon d'achat 20% / Enquête insatisfaction
3643,31,3.0,308.27,76.0,0.6666666666666666,335,0.4719,0,Risque Moyen,Réactivation Ciblée : Emailing personnalisé / Remise panier moyen
3644,36,0.0,0.0,303.0,0.0,670,0.7133,1,Risque Élevé,Rétention Urgente : Appel VIP / Bon d'achat 20% / Enquête insatisfaction
3645,31,1.0,350.31,121.0,1.0,448,0.623,1,Risque Moyen,Réactivation Ciblée : Emailing personnalisé / Remise panier moyen
3646,35,3.0,893.93,25.0,0.3333333333333333,747,0.4871,0,Risque Moyen,Réactivation Ciblée : Emailing personnalisé / Remise panier moyen
3647,27,2.0,97.09,42.0,0.5,829,0.5438,1,Risque Moyen,Réactivation Ciblée : Emailing personnalisé / Remise panier moyen
3648,47,2.0,85.35,221.0,0.5,383,0.5509,1,Risque Moyen,Réactivation Ciblée : Emailing personnalisé / Remise panier moyen
3649,51,4.0,982.3100000000001,11.0,0.5,909,0.4046,0,Risque Moyen,Réactivation Ciblée : Emailing personnalisé / Remise panier moyen
3650,34,4.0,726.0600000000001,64.0,0.5,284,0.4129,0,Risque Moyen,Réactivation Ciblée : Emailing personnalisé / Remise panier moyen
3651,20,3.0,287.56,98.0,1.0,287,0.4914,0,Risque Moyen,Réactivation Ciblée : Emailing personnalisé / Remise panier moyen
3652,29,1.0,16.68,186.0,1.0,1069,0.6532,1,Risque Élevé,Rétention Urgente : Appel VIP / Bon d'achat 20% / Enquête insatisfaction
3653,33,5.0,617.46,11.0,1.0,872,0.3472,0,Risque Faible,Fidélisation Active : Programme fidélité / Ventes privées / Parrainage
3654,41,1.0,116.85,104.0,1.0,778,0.6146,1,Risque Moyen,Réactivation Ciblée : Emailing personnalisé / Remise panier moyen
3655,24,2.0,354.35,169.0,1.0,1028,0.5934,1,Risque Moyen,Réactivation Ciblée : Emailing personnalisé / Remise panier moyen
3656,27,0.0,0.0,303.0,0.0,966,0.7267,1,Risque Élevé,Rétention Urgente : Appel VIP / Bon d'achat 20% / Enquête insatisfaction
3657,41,1.0,735.3,20.0,1.0,1081,0.6028,1,Risque Moyen,Réactivation Ciblée : Emailing personnalisé / Remise panier moyen
3658,45,3.0,378.71,29.0,1.0,380,0.4633,0,Risque Moyen,Réactivation Ciblée : Emailing personnalisé / Remise panier moyen
3659,28,4.0,469.68,1.0,0.5,1155,0.4175,0,Risque Moyen,Réactivation Ciblée : Emailing personnalisé / Remise panier moyen
3660,20,4.0,849.85,9.0,0.5,837,0.4365,0,Risque Moyen,Réactivation Ciblée : Emailing personnalisé / Remise panier moyen
3661,70,1.0,8.71,248.0,1.0,499,0.6094,1,Risque Moyen,Réactivation Ciblée : Emailing personnalisé / Remise panier moyen
3662,44,8.0,735.76,6.0,0.5,627,0.1743,0,Risque Faible,Fidélisation Active : Programme fidélité / Ventes privées / Parrainage
3663,32,6.0,753.49,2.0,0.5,1158,0.2889,0,Risque Faible,Fidélisation Active : Programme fidélité / Ventes privées / Parrainage
3664,45,1.0,181.64,33.0,0.0,1198,0.5941,1,Risque Moyen,Réactivation Ciblée : Emailing personnalisé / Remise panier moyen
3665,34,4.0,697.07,3.0,0.5,831,0.4144,0,Risque Moyen,Réactivation Ciblée : Emailing personnalisé / Remise panier moyen
3666,45,0.0,0.0,303.0,0.0,567,0.7031,1,Risque Élevé,Rétention Urgente : Appel VIP / Bon d'achat 20% / Enquête insatisfaction
3667,37,1.0,445.74,78.0,1.0,693,0.6112,1,Risque Moyen,Réactivation Ciblée : Emailing personnalisé / Remise panier moyen
3668,36,0.0,0.0,303.0,0.0,979,0.7188,1,Risque Élevé,Rétention Urgente : Appel VIP / Bon d'achat 20% / Enquête insatisfaction
3669,34,1.0,135.73,221.0,1.0,948,0.6492,1,Risque Moyen,Réactivation Ciblée : Emailing personnalisé / Remise panier moyen
3670,19,3.0,647.18,6.0,0.3333333333333333,1307,0.5036,1,Risque Moyen,Réactivation Ciblée : Emailing personnalisé / Remise panier moyen
3671,56,2.0,432.83,60.0,0.5,1283,0.5375,1,Risque Moyen,Réactivation Ciblée : Emailing personnalisé / Remise panier moyen
3672,25,8.0,1099.9299999999998,35.0,0.75,356,0.2018,0,Risque Faible,Fidélisation Active : Programme fidélité / Ventes privées / Parrainage
3673,20,2.0,146.81,111.0,1.0,878,0.5764,1,Risque Moyen,Réactivation Ciblée : Emailing personnalisé / Remise panier moyen
3674,33,0.0,0.0,303.0,0.0,473,0.7127,1,Risque Élevé,Rétention Urgente : Appel VIP / Bon d'achat 20% / Enquête insatisfaction
3675,24,8.0,1429.75,92.0,0.25,1309,0.2323,0,Risque Faible,Fidélisation Active : Programme fidélité / Ventes privées / Parrainage
3676,34,3.0,226.88,12.0,0.6666666666666666,892,0.4639,0,Risque Moyen,Réactivation Ciblée : Emailing personnalisé / Remise panier moyen
3677,43,3.0,1055.5300000000002,91.0,0.3333333333333333,1049,0.5082,1,Risque Moyen,Réactivation Ciblée : Emailing personnalisé / Remise panier moyen
3678,46,0.0,0.0,303.0,0.0,679,0.7042,1,Risque Élevé,Rétention Urgente : Appel VIP / Bon d'achat 20% / Enquête insatisfaction
3679,44,2.0,596.24,51.0,0.0,1317,0.5449,1,Risque Moyen,Réactivation Ciblée : Emailing personnalisé / Remise panier moyen
3680,32,4.0,546.97,70.0,0.75,712,0.422,0,Risque Moyen,Réactivation Ciblée : Emailing personnalisé / Remise panier moyen
3681,36,8.0,1078.75,30.0,0.625,541,0.1915,0,Risque Faible,Fidélisation Active : Programme fidélité / Ventes privées / Parrainage
3682,39,2.0,85.47999999999999,120.0,1.0,1250,0.5619,1,Risque Moyen,Réactivation Ciblée : Emailing personnalisé / Remise panier moyen
3683,18,5.0,904.77,39.0,0.8,648,0.3762,0,Risque Moyen,Réactivation Ciblée : Emailing personnalisé / Remise panier moyen
3684,41,2.0,348.25,55.0,1.0,863,0.5484,1,Risque Moyen,Réactivation Ciblée : Emailing personnalisé / Remise panier moyen
3685,19,0.0,0.0,303.0,0.0,732,0.7299,1,Risque Élevé,Rétention Urgente : Appel VIP / Bon d'achat 20% / Enquête insatisfaction
3686,57,5.0,908.71,15.0,0.4,1216,0.3379,0,Risque Faible,Fidélisation Active : Programme fidélité / Ventes privées / Parrainage
3687,31,2.0,203.10000000000002,21.0,0.5,327,0.5259,1,Risque Moyen,Réactivation Ciblée : Emailing personnalisé / Remise panier moyen
3688,33,2.0,90.15,51.0,1.0,281,0.5329,1,Risque Moyen,Réactivation Ciblée : Emailing personnalisé / Remise panier moyen
3689,27,4.0,693.37,78.0,0.75,872,0.444,0,Risque Moyen,Réactivation Ciblée : Emailing personnalisé / Remise panier moyen
3690,28,3.0,180.44,108.0,0.6666666666666666,1290,0.5034,1,Risque Moyen,Réactivation Ciblée : Emailing personnalisé / Remise panier moyen
3691,60,5.0,708.35,119.0,0.2,1310,0.3464,0,Risque Faible,Fidélisation Active : Programme fidélité / Ventes privées / Parrainage
3692,45,3.0,198.99,85.0,0.6666666666666666,606,0.4649,0,Risque Moyen,Réactivation Ciblée : Emailing personnalisé / Remise panier moyen
3693,18,1.0,42.54,170.0,0.0,543,0.6401,1,Risque Moyen,Réactivation Ciblée : Emailing personnalisé / Remise panier moyen
3694,52,3.0,297.59999999999997,84.0,1.0,284,0.4545,0,Risque Moyen,Réactivation Ciblée : Emailing personnalisé / Remise panier moyen
3695,48,4.0,719.45,83.0,0.5,1125,0.4252,0,Risque Moyen,Réactivation Ciblée : Emailing personnalisé / Remise panier moyen
3696,32,4.0,777.94,103.0,0.75,1161,0.4487,0,Risque Moyen,Réactivation Ciblée : Emailing personnalisé / Remise panier moyen
3697,38,2.0,115.28,66.0,0.0,513,0.5246,1,Risque Moyen,Réactivation Ciblée : Emailing personnalisé / Remise panier moyen
3698,35,1.0,26.28,152.0,1.0,769,0.632,1,Risque Moyen,Réactivation Ciblée : Emailing personnalisé / Remise panier moyen
3699,57,0.0,0.0,303.0,0.0,724,0.6945,1,Risque Élevé,Rétention Urgente : Appel VIP / Bon d'achat 20% / Enquête insatisfaction
3700,26,1.0,235.12,64.0,0.0,1330,0.6271,1,Risque Moyen,Réactivation Ciblée : Emailing personnalisé / Remise panier moyen
3701,37,2.0,313.53999999999996,149.0,1.0,891,0.5733,1,Risque Moyen,Réactivation Ciblée : Emailing personnalisé / Remise panier moyen
3702,30,2.0,139.18,43.0,0.5,1349,0.5568,1,Risque Moyen,Réactivation Ciblée : Emailing personnalisé / Remise panier moyen
3703,19,7.0,1536.76,25.0,0.7142857142857143,1148,0.2853,0,Risque Faible,Fidélisation Active : Programme fidélité / Ventes privées / Parrainage
3704,59,4.0,958.72,5.0,0.25,1094,0.3949,0,Risque Moyen,Réactivation Ciblée : Emailing personnalisé / Remise panier moyen
3705,22,11.0,1326.41,37.0,0.7272727272727273,906,0.1088,0,Risque Faible,Fidélisation Active : Programme fidélité / Ventes privées / Parrainage
3706,37,1.0,15.64,108.0,1.0,1118,0.6279,1,Risque Moyen,Réactivation Ciblée : Emailing personnalisé / Remise panier moyen
3707,18,2.0,72.57000000000001,110.0,1.0,1157,0.5808,1,Risque Moyen,Réactivation Ciblée : Emailing personnalisé / Remise panier moyen
3708,31,0.0,0.0,303.0,0.0,682,0.7182,1,Risque Élevé,Rétention Urgente : Appel VIP / Bon d'achat 20% / Enquête insatisfaction
3709,40,5.0,415.33000000000004,105.0,0.6,950,0.3472,0,Risque Faible,Fidélisation Active : Programme fidélité / Ventes privées / Parrainage
3710,26,0.0,0.0,303.0,0.0,862,0.7258,1,Risque Élevé,Rétention Urgente : Appel VIP / Bon d'achat 20% / Enquête insatisfaction
3711,41,4.0,424.78999999999996,55.0,0.25,723,0.3953,0,Risque Moyen,Réactivation Ciblée : Emailing personnalisé / Remise panier moyen
3712,32,3.0,350.85,25.0,0.6666666666666666,500,0.4686,0,Risque Moyen,Réactivation Ciblée : Emailing personnalisé / Remise panier moyen
3713,48,6.0,391.67,56.0,0.6666666666666666,877,0.2739,0,Risque Faible,Fidélisation Active : Programme fidélité / Ventes privées / Parrainage
3714,50,8.0,1404.93,51.0,0.5,1074,0.2039,0,Risque Faible,Fidélisation Active : Programme fidélité / Ventes privées / Parrainage
3715,29,2.0,818.37,129.0,0.5,912,0.5819,1,Risque Moyen,Réactivation Ciblée : Emailing personnalisé / Remise panier moyen
3716,36,3.0,392.73,152.0,0.6666666666666666,629,0.5005,1,Risque Moyen,Réactivation Ciblée : Emailing personnalisé / Remise panier moyen
3717,37,10.0,1388.04,65.0,0.4,945,0.1322,0,Risque Faible,Fidélisation Active : Programme fidélité / Ventes privées / Parrainage
3718,42,0.0,0.0,303.0,0.0,361,0.7022,1,Risque Élevé,Rétention Urgente : Appel VIP / Bon d'achat 20% / Enquête insatisfaction
3719,35,0.0,0.0,303.0,0.0,1077,0.7214,1,Risque Élevé,Rétention Urgente : Appel VIP / Bon d'achat 20% / Enquête insatisfaction
3720,37,2.0,139.64000000000001,180.0,1.0,1213,0.5773,1,Risque Moyen,Réactivation Ciblée : Emailing personnalisé / Remise panier moyen
3721,32,8.0,1333.3600000000001,43.0,0.5,1019,0.2133,0,Risque Faible,Fidélisation Active : Programme fidélité / Ventes privées / Parrainage
3722,36,6.0,1365.75,59.0,0.3333333333333333,1126,0.3239,0,Risque Faible,Fidélisation Active : Programme fidélité / Ventes privées / Parrainage
3723,49,1.0,54.0,107.0,0.0,397,0.5906,1,Risque Moyen,Réactivation Ciblée : Emailing personnalisé / Remise panier moyen
3724,42,7.0,517.28,10.0,0.5714285714285714,1111,0.2193,0,Risque Faible,Fidélisation Active : Programme fidélité / Ventes privées / Parrainage
3725,43,9.0,1078.6,31.0,0.7777777777777778,784,0.1545,0,Risque Faible,Fidélisation Active : Programme fidélité / Ventes privées / Parrainage
3726,43,2.0,141.89,75.0,1.0,1334,0.5525,1,Risque Moyen,Réactivation Ciblée : Emailing personnalisé / Remise panier moyen
3727,33,4.0,410.01,120.0,0.25,939,0.4261,0,Risque Moyen,Réactivation Ciblée : Emailing personnalisé / Remise panier moyen
3728,39,4.0,519.47,83.0,0.5,1274,0.4272,0,Risque Moyen,Réactivation Ciblée : Emailing personnalisé / Remise panier moyen
3729,23,11.0,2270.19,27.0,0.5454545454545454,1149,0.1285,0,Risque Faible,Fidélisation Active : Programme fidélité / Ventes privées / Parrainage
3730,49,8.0,1367.6,3.0,0.625,1068,0.2003,0,Risque Faible,Fidélisation Active : Programme fidélité / Ventes privées / Parrainage
3731,18,3.0,990.6899999999999,52.0,0.6666666666666666,308,0.5117,1,Risque Moyen,Réactivation Ciblée : Emailing personnalisé / Remise panier moyen
3732,34,7.0,1364.23,41.0,0.5714285714285714,594,0.2565,0,Risque Faible,Fidélisation Active : Programme fidélité / Ventes privées / Parrainage
3733,48,1.0,313.84,154.0,1.0,969,0.6208,1,Risque Moyen,Réactivation Ciblée : Emailing personnalisé / Remise panier moyen
3734,20,2.0,171.83999999999997,3.0,1.0,679,0.5491,1,Risque Moyen,Réactivation Ciblée : Emailing personnalisé / Remise panier moyen
3735,39,5.0,1048.08,25.0,0.6,376,0.3528,0,Risque Moyen,Réactivation Ciblée : Emailing personnalisé / Remise panier moyen
3736,28,2.0,153.85000000000002,5.0,1.0,1235,0.5521,1,Risque Moyen,Réactivation Ciblée : Emailing personnalisé / Remise panier moyen
3737,31,1.0,156.94,168.0,0.0,708,0.6258,1,Risque Moyen,Réactivation Ciblée : Emailing personnalisé / Remise panier moyen
3738,45,6.0,865.35,50.0,0.3333333333333333,1111,0.2869,0,Risque Faible,Fidélisation Active : Programme fidélité / Ventes privées / Parrainage
3739,37,0.0,0.0,303.0,0.0,306,0.706,1,Risque Élevé,Rétention Urgente : Appel VIP / Bon d'achat 20% / Enquête insatisfaction
3740,18,1.0,586.0,119.0,1.0,1064,0.6473,1,Risque Moyen,Réactivation Ciblée : Emailing personnalisé / Remise panier moyen
3741,24,4.0,889.63,60.0,0.5,843,0.4405,0,Risque Moyen,Réactivation Ciblée : Emailing personnalisé / Remise panier moyen
3742,46,3.0,386.34000000000003,85.0,0.0,962,0.4715,0,Risque Moyen,Réactivation Ciblée : Emailing personnalisé / Remise panier moyen
3743,40,1.0,58.11,79.0,0.0,483,0.5941,1,Risque Moyen,Réactivation Ciblée : Emailing personnalisé / Remise panier moyen
3744,54,5.0,1305.3,32.0,0.2,991,0.3596,0,Risque Moyen,Réactivation Ciblée : Emailing personnalisé / Remise panier moyen
3745,54,0.0,0.0,303.0,0.0,900,0.7006,1,Risque Élevé,Rétention Urgente : Appel VIP / Bon d'achat 20% / Enquête insatisfaction
3746,31,2.0,115.81,194.0,0.5,496,0.5658,1,Risque Moyen,Réactivation Ciblée : Emailing personnalisé / Remise panier moyen
3747,63,5.0,331.24,116.0,0.2,379,0.3105,0,Risque Faible,Fidélisation Active : Programme fidélité / Ventes privées / Parrainage
3748,35,5.0,759.9200000000001,109.0,0.6,1358,0.3837,0,Risque Moyen,Réactivation Ciblée : Emailing personnalisé / Remise panier moyen
3749,24,2.0,220.38,27.0,0.5,694,0.5454,1,Risque Moyen,Réactivation Ciblée : Emailing personnalisé / Remise panier moyen
3750,28,2.0,509.90000000000003,76.0,1.0,674,0.5665,1,Risque Moyen,Réactivation Ciblée : Emailing personnalisé / Remise panier moyen
3751,18,2.0,474.75,84.0,0.5,396,0.5672,1,Risque Moyen,Réactivation Ciblée : Emailing personnalisé / Remise panier moyen
3752,53,5.0,438.43,17.0,0.8,1360,0.3292,0,Risque Faible,Fidélisation Active : Programme fidélité / Ventes privées / Parrainage
3753,53,3.0,344.57,149.0,0.6666666666666666,1341,0.4923,0,Risque Moyen,Réactivation Ciblée : Emailing personnalisé / Remise panier moyen
3754,24,1.0,115.99,31.0,0.0,546,0.6019,1,Risque Moyen,Réactivation Ciblée : Emailing personnalisé / Remise panier moyen
3755,32,2.0,357.27,152.0,0.5,683,0.5703,1,Risque Moyen,Réactivation Ciblée : Emailing personnalisé / Remise panier moyen
3756,36,4.0,584.36,111.0,0.75,858,0.435,0,Risque Moyen,Réactivation Ciblée : Emailing personnalisé / Remise panier moyen
3757,24,7.0,1172.45,24.0,0.5714285714285714,867,0.2656,0,Risque Faible,Fidélisation Active : Programme fidélité / Ventes privées / Parrainage
3758,18,0.0,0.0,303.0,0.0,787,0.7317,1,Risque Élevé,Rétention Urgente : Appel VIP / Bon d'achat 20% / Enquête insatisfaction
3759,33,5.0,600.01,14.0,0.4,591,0.3472,0,Risque Faible,Fidélisation Active : Programme fidélité / Ventes privées / Parrainage
3760,31,2.0,195.67000000000002,251.0,1.0,708,0.5917,1,Risque Moyen,Réactivation Ciblée : Emailing personnalisé / Remise panier moyen
3761,31,4.0,310.33,43.0,0.75,1366,0.4207,0,Risque Moyen,Réactivation Ciblée : Emailing personnalisé / Remise panier moyen
3762,37,0.0,0.0,303.0,0.0,1326,0.7238,1,Risque Élevé,Rétention Urgente : Appel VIP / Bon d'achat 20% / Enquête insatisfaction
3763,51,1.0,129.24,268.0,0.0,594,0.6234,1,Risque Moyen,Réactivation Ciblée : Emailing personnalisé / Remise panier moyen
3764,32,5.0,431.39,25.0,0.2,1327,0.3431,0,Risque Faible,Fidélisation Active : Programme fidélité / Ventes privées / Parrainage
3765,37,0.0,0.0,303.0,0.0,639,0.7119,1,Risque Élevé,Rétention Urgente : Appel VIP / Bon d'achat 20% / Enquête insatisfaction
3766,43,0.0,0.0,303.0,0.0,721,0.7077,1,Risque Élevé,Rétention Urgente : Appel VIP / Bon d'achat 20% / Enquête insatisfaction
3767,41,7.0,1146.35,32.0,0.5714285714285714,712,0.2489,0,Risque Faible,Fidélisation Active : Programme fidélité / Ventes privées / Parrainage
3768,28,1.0,30.42,130.0,0.0,488,0.6184,1,Risque Moyen,Réactivation Ciblée : Emailing personnalisé / Remise panier moyen
3769,36,4.0,802.14,35.0,1.0,859,0.4267,0,Risque Moyen,Réactivation Ciblée : Emailing personnalisé / Remise panier moyen
3770,41,2.0,329.17,153.0,0.5,1332,0.5716,1,Risque Moyen,Réactivation Ciblée : Emailing personnalisé / Remise panier moyen
3771,23,8.0,2118.1,55.0,0.75,546,0.2524,0,Risque Faible,Fidélisation Active : Programme fidélité / Ventes privées / Parrainage
3772,49,7.0,1317.79,4.0,0.42857142857142855,790,0.2414,0,Risque Faible,Fidélisation Active : Programme fidélité / Ventes privées / Parrainage
3773,51,0.0,0.0,303.0,0.0,532,0.6968,1,Risque Élevé,Rétention Urgente : Appel VIP / Bon d'achat 20% / Enquête insatisfaction
3774,27,2.0,369.99,175.0,1.0,852,0.5922,1,Risque Moyen,Réactivation Ciblée : Emailing personnalisé / Remise panier moyen
3775,37,1.0,175.5,238.0,1.0,584,0.6438,1,Risque Moyen,Réactivation Ciblée : Emailing personnalisé / Remise panier moyen
3776,42,1.0,26.15,22.0,0.0,348,0.5773,1,Risque Moyen,Réactivation Ciblée : Emailing personnalisé / Remise panier moyen
3777,29,3.0,222.83,68.0,0.3333333333333333,490,0.4715,0,Risque Moyen,Réactivation Ciblée : Emailing personnalisé / Remise panier moyen
3778,40,3.0,633.31,156.0,0.6666666666666666,287,0.4944,0,Risque Moyen,Réactivation Ciblée : Emailing personnalisé / Remise panier moyen
3779,37,2.0,273.71999999999997,21.0,0.0,410,0.5187,1,Risque Moyen,Réactivation Ciblée : Emailing personnalisé / Remise panier moyen
3780,19,1.0,299.86,18.0,0.0,1214,0.6177,1,Risque Moyen,Réactivation Ciblée : Emailing personnalisé / Remise panier moyen
3781,40,1.0,244.82999999999998,39.0,0.0,1256,0.6032,1,Risque Moyen,Réactivation Ciblée : Emailing personnalisé / Remise panier moyen
3782,23,2.0,330.48,82.0,0.5,533,0.5551,1,Risque Moyen,Réactivation Ciblée : Emailing personnalisé / Remise panier moyen
3783,45,2.0,580.6999999999999,120.0,1.0,768,0.5604,1,Risque Moyen,Réactivation Ciblée : Emailing personnalisé / Remise panier moyen
3784,28,6.0,1397.9499999999998,31.0,0.5,927,0.3312,0,Risque Faible,Fidélisation Active : Programme fidélité / Ventes privées / Parrainage
3785,33,8.0,1040.55,3.0,0.5,1141,0.196,0,Risque Faible,Fidélisation Active : Programme fidélité / Ventes privées / Parrainage
3786,50,6.0,851.0699999999999,46.0,0.8333333333333334,495,0.2944,0,Risque Faible,Fidélisation Active : Programme fidélité / Ventes privées / Parrainage
3787,40,1.0,98.77,31.0,1.0,698,0.5989,1,Risque Moyen,Réactivation Ciblée : Emailing personnalisé / Remise panier moyen
3788,23,5.0,1520.06,4.0,0.2,674,0.3901,0,Risque Moyen,Réactivation Ciblée : Emailing personnalisé / Remise panier moyen
3789,24,2.0,222.33999999999997,155.0,0.5,500,0.5693,1,Risque Moyen,Réactivation Ciblée : Emailing personnalisé / Remise panier moyen
3790,28,1.0,36.07,51.0,1.0,341,0.6096,1,Risque Moyen,Réactivation Ciblée : Emailing personnalisé / Remise panier moyen
3791,39,7.0,1661.99,104.0,0.42857142857142855,1248,0.2845,0,Risque Faible,Fidélisation Active : Programme fidélité / Ventes privées / Parrainage
3792,39,1.0,85.38,251.0,0.0,627,0.6338,1,Risque Moyen,Réactivation Ciblée : Emailing personnalisé / Remise panier moyen
3793,26,1.0,252.60000000000002,216.0,1.0,675,0.6573,1,Risque Élevé,Rétention Urgente : Appel VIP / Bon d'achat 20% / Enquête insatisfaction
3794,22,4.0,1078.1599999999999,49.0,0.75,1112,0.4661,0,Risque Moyen,Réactivation Ciblée : Emailing personnalisé / Remise panier moyen
3795,38,6.0,402.21,4.0,0.5,1326,0.2717,0,Risque Faible,Fidélisation Active : Programme fidélité / Ventes privées / Parrainage
3796,33,2.0,369.63,115.0,1.0,499,0.561,1,Risque Moyen,Réactivation Ciblée : Emailing personnalisé / Remise panier moyen
3797,59,2.0,242.5,135.0,0.5,453,0.5272,1,Risque Moyen,Réactivation Ciblée : Emailing personnalisé / Remise panier moyen
3798,35,0.0,0.0,303.0,0.0,781,0.7162,1,Risque Élevé,Rétention Urgente : Appel VIP / Bon d'achat 20% / Enquête insatisfaction
3799,55,4.0,591.14,13.0,0.75,456,0.3831,0,Risque Moyen,Réactivation Ciblée : Emailing personnalisé / Remise panier moyen
3800,22,2.0,124.41,114.0,0.0,775,0.561,1,Risque Moyen,Réactivation Ciblée : Emailing personnalisé / Remise panier moyen
3801,18,3.0,598.01,76.0,0.6666666666666666,335,0.5059,1,Risque Moyen,Réactivation Ciblée : Emailing personnalisé / Remise panier moyen
3802,23,2.0,189.4,53.0,0.5,577,0.5513,1,Risque Moyen,Réactivation Ciblée : Emailing personnalisé / Remise panier moyen
3803,48,3.0,575.33,22.0,0.3333333333333333,1157,0.4646,0,Risque Moyen,Réactivation Ciblée : Emailing personnalisé / Remise panier moyen
3804,54,9.0,1648.47,3.0,0.4444444444444444,447,0.1511,0,Risque Faible,Fidélisation Active : Programme fidélité / Ventes privées / Parrainage
3805,26,7.0,1106.64,36.0,0.8571428571428571,1033,0.2607,0,Risque Faible,Fidélisation Active : Programme fidélité / Ventes privées / Parrainage
3806,30,3.0,441.56,5.0,1.0,340,0.4695,0,Risque Moyen,Réactivation Ciblée : Emailing personnalisé / Remise panier moyen
3807,22,0.0,0.0,303.0,0.0,447,0.7223,1,Risque Élevé,Rétention Urgente : Appel VIP / Bon d'achat 20% / Enquête insatisfaction
3808,18,1.0,38.18,197.0,0.0,1286,0.6582,1,Risque Élevé,Rétention Urgente : Appel VIP / Bon d'achat 20% / Enquête insatisfaction
3809,43,0.0,0.0,303.0,0.0,339,0.7009,1,Risque Élevé,Rétention Urgente : Appel VIP / Bon d'achat 20% / Enquête insatisfaction
3810,37,2.0,992.1999999999999,26.0,0.0,1217,0.5567,1,Risque Moyen,Réactivation Ciblée : Emailing personnalisé / Remise panier moyen
3811,35,5.0,744.34,13.0,0.8,1291,0.36,0,Risque Moyen,Réactivation Ciblée : Emailing personnalisé / Remise panier moyen
3812,20,0.0,0.0,303.0,0.0,957,0.7328,1,Risque Élevé,Rétention Urgente : Appel VIP / Bon d'achat 20% / Enquête insatisfaction
3813,53,2.0,237.03,130.0,0.5,988,0.542,1,Risque Moyen,Réactivation Ciblée : Emailing personnalisé / Remise panier moyen
3814,29,4.0,779.34,42.0,1.0,421,0.4281,0,Risque Moyen,Réactivation Ciblée : Emailing personnalisé / Remise panier moyen
3815,41,2.0,424.58000000000004,235.0,0.0,579,0.5717,1,Risque Moyen,Réactivation Ciblée : Emailing personnalisé / Remise panier moyen
3816,19,1.0,112.32,30.0,1.0,1056,0.6283,1,Risque Moyen,Réactivation Ciblée : Emailing personnalisé / Remise panier moyen
3817,33,1.0,160.87,130.0,0.0,505,0.6116,1,Risque Moyen,Réactivation Ciblée : Emailing personnalisé / Remise panier moyen
3818,38,1.0,153.78,53.0,0.0,974,0.5996,1,Risque Moyen,Réactivation Ciblée : Emailing personnalisé / Remise panier moyen
3819,39,0.0,0.0,303.0,0.0,826,0.7133,1,Risque Élevé,Rétention Urgente : Appel VIP / Bon d'achat 20% / Enquête insatisfaction
3820,37,13.0,2270.03,12.0,0.7692307692307693,1365,0.0717,0,Risque Faible,Fidélisation Active : Programme fidélité / Ventes privées / Parrainage
3821,40,12.0,2058.9700000000003,5.0,0.5833333333333334,1260,0.0853,0,Risque Faible,Fidélisation Active : Programme fidélité / Ventes privées / Parrainage
3822,23,5.0,799.37,30.0,0.4,451,0.3532,0,Risque Moyen,Réactivation Ciblée : Emailing personnalisé / Remise panier moyen
3823,37,11.0,1438.59,14.0,0.45454545454545453,483,0.0972,0,Risque Faible,Fidélisation Active : Programme fidélité / Ventes privées / Parrainage
3824,36,10.0,1569.76,43.0,0.4,1276,0.1356,0,Risque Faible,Fidélisation Active : Programme fidélité / Ventes privées / Parrainage
3825,38,4.0,970.6,67.0,0.5,1177,0.4405,0,Risque Moyen,Réactivation Ciblée : Emailing personnalisé / Remise panier moyen
3826,36,0.0,0.0,303.0,0.0,1036,0.7197,1,Risque Élevé,Rétention Urgente : Appel VIP / Bon d'achat 20% / Enquête insatisfaction
3827,21,1.0,27.73,266.0,0.0,742,0.6585,1,Risque Élevé,Rétention Urgente : Appel VIP / Bon d'achat 20% / Enquête insatisfaction
3828,21,1.0,81.82,130.0,0.0,383,0.623,1,Risque Moyen,Réactivation Ciblée : Emailing personnalisé / Remise panier moyen
3829,18,9.0,2019.5,28.0,0.5555555555555556,796,0.1943,0,Risque Faible,Fidélisation Active : Programme fidélité / Ventes privées / Parrainage
3830,44,2.0,194.83,50.0,1.0,1013,0.54,1,Risque Moyen,Réactivation Ciblée : Emailing personnalisé / Remise panier moyen
3831,44,7.0,1447.04,96.0,0.5714285714285714,778,0.2629,0,Risque Faible,Fidélisation Active : Programme fidélité / Ventes privées / Parrainage
3832,44,3.0,362.27,40.0,0.6666666666666666,1173,0.471,0,Risque Moyen,Réactivation Ciblée : Emailing personnalisé / Remise panier moyen
3833,38,5.0,1008.39,3.0,0.2,1107,0.3622,0,Risque Moyen,Réactivation Ciblée : Emailing personnalisé / Remise panier moyen
3834,18,5.0,722.24,130.0,0.4,1047,0.3965,0,Risque Moyen,Réactivation Ciblée : Emailing personnalisé / Remise panier moyen
3835,24,4.0,1943.67,63.0,0.75,949,0.4981,0,Risque Moyen,Réactivation Ciblée : Emailing personnalisé / Remise panier moyen
3836,37,8.0,1503.6,61.0,0.375,1037,0.2179,0,Risque Faible,Fidélisation Active : Programme fidélité / Ventes privées / Parrainage
3837,36,5.0,887.9,34.0,1.0,688,0.3585,0,Risque Moyen,Réactivation Ciblée : Emailing personnalisé / Remise panier moyen
3838,33,3.0,478.0,13.0,0.6666666666666666,1362,0.4892,0,Risque Moyen,Réactivation Ciblée : Emailing personnalisé / Remise panier moyen
3839,39,5.0,1649.18,110.0,0.6,835,0.4035,0,Risque Moyen,Réactivation Ciblée : Emailing personnalisé / Remise panier moyen
3840,35,4.0,719.56,10.0,0.0,1297,0.4218,0,Risque Moyen,Réactivation Ciblée : Emailing personnalisé / Remise panier moyen
3841,36,3.0,711.09,31.0,0.6666666666666666,751,0.4858,0,Risque Moyen,Réactivation Ciblée : Emailing personnalisé / Remise panier moyen
3842,28,0.0,0.0,303.0,0.0,1230,0.7303,1,Risque Élevé,Rétention Urgente : Appel VIP / Bon d'achat 20% / Enquête insatisfaction
3843,46,3.0,284.99,68.0,0.0,827,0.4576,0,Risque Moyen,Réactivation Ciblée : Emailing personnalisé / Remise panier moyen
3844,30,5.0,1202.28,111.0,0.4,1045,0.395,0,Risque Moyen,Réactivation Ciblée : Emailing personnalisé / Remise panier moyen
3845,20,3.0,745.9100000000001,117.0,0.0,420,0.5135,1,Risque Moyen,Réactivation Ciblée : Emailing personnalisé / Remise panier moyen
3846,27,2.0,484.62,17.0,0.5,768,0.5485,1,Risque Moyen,Réactivation Ciblée : Emailing personnalisé / Remise panier moyen
3847,31,3.0,347.29,16.0,1.0,1296,0.4885,0,Risque Moyen,Réactivation Ciblée : Emailing personnalisé / Remise panier moyen
3848,46,2.0,544.1099999999999,40.0,0.5,529,0.5324,1,Risque Moyen,Réactivation Ciblée : Emailing personnalisé / Remise panier moyen
3849,35,6.0,1052.45,31.0,0.5,381,0.2966,0,Risque Faible,Fidélisation Active : Programme fidélité / Ventes privées / Parrainage
3850,33,0.0,0.0,303.0,0.0,337,0.7103,1,Risque Élevé,Rétention Urgente : Appel VIP / Bon d'achat 20% / Enquête insatisfaction
3851,21,14.0,2363.24,44.0,0.5,958,0.0603,0,Risque Faible,Fidélisation Active : Programme fidélité / Ventes privées / Parrainage
3852,44,4.0,819.04,16.0,0.5,1111,0.4141,0,Risque Moyen,Réactivation Ciblée : Emailing personnalisé / Remise panier moyen
3853,28,1.0,143.88,34.0,1.0,718,0.6184,1,Risque Moyen,Réactivation Ciblée : Emailing personnalisé / Remise panier moyen
3854,34,7.0,1504.68,52.0,0.5714285714285714,299,0.2631,0,Risque Faible,Fidélisation Active : Programme fidélité / Ventes privées / Parrainage
3855,51,3.0,457.29999999999995,95.0,0.3333333333333333,1243,0.4757,0,Risque Moyen,Réactivation Ciblée : Emailing personnalisé / Remise panier moyen
3856,41,0.0,0.0,303.0,0.0,324,0.7025,1,Risque Élevé,Rétention Urgente : Appel VIP / Bon d'achat 20% / Enquête insatisfaction
3857,18,2.0,71.0,202.0,0.5,825,0.588,1,Risque Moyen,Réactivation Ciblée : Emailing personnalisé / Remise panier moyen
3858,18,0.0,0.0,303.0,0.0,914,0.7338,1,Risque Élevé,Rétention Urgente : Appel VIP / Bon d'achat 20% / Enquête insatisfaction
3859,34,6.0,1050.26,24.0,0.16666666666666666,707,0.3025,0,Risque Faible,Fidélisation Active : Programme fidélité / Ventes privées / Parrainage
3860,22,0.0,0.0,303.0,0.0,324,0.7202,1,Risque Élevé,Rétention Urgente : Appel VIP / Bon d'achat 20% / Enquête insatisfaction
3861,42,10.0,1985.29,41.0,0.5,451,0.1332,0,Risque Faible,Fidélisation Active : Programme fidélité / Ventes privées / Parrainage
3862,35,1.0,311.98,38.0,1.0,280,0.5962,1,Risque Moyen,Réactivation Ciblée : Emailing personnalisé / Remise panier moyen
3863,37,2.0,178.36,232.0,0.5,1281,0.5871,1,Risque Moyen,Réactivation Ciblée : Emailing personnalisé / Remise panier moyen
3864,27,4.0,1066.77,59.0,0.5,302,0.4379,0,Risque Moyen,Réactivation Ciblée : Emailing personnalisé / Remise panier moyen
3865,54,1.0,169.67,124.0,1.0,853,0.6056,1,Risque Moyen,Réactivation Ciblée : Emailing personnalisé / Remise panier moyen
3866,66,3.0,372.83000000000004,8.0,0.6666666666666666,869,0.4331,0,Risque Moyen,Réactivation Ciblée : Emailing personnalisé / Remise panier moyen
3867,32,2.0,261.42,29.0,0.5,1043,0.543,1,Risque Moyen,Réactivation Ciblée : Emailing personnalisé / Remise panier moyen
3868,39,9.0,1417.95,12.0,0.5555555555555556,816,0.1571,0,Risque Faible,Fidélisation Active : Programme fidélité / Ventes privées / Parrainage
3869,36,0.0,0.0,303.0,0.0,481,0.71,1,Risque Élevé,Rétention Urgente : Appel VIP / Bon d'achat 20% / Enquête insatisfaction
3870,32,2.0,246.16,46.0,0.0,373,0.5264,1,Risque Moyen,Réactivation Ciblée : Emailing personnalisé / Remise panier moyen
3871,26,2.0,194.05,59.0,0.5,376,0.5408,1,Risque Moyen,Réactivation Ciblée : Emailing personnalisé / Remise panier moyen
3872,23,0.0,0.0,303.0,0.0,440,0.7213,1,Risque Élevé,Rétention Urgente : Appel VIP / Bon d'achat 20% / Enquête insatisfaction
3873,23,0.0,0.0,303.0,0.0,448,0.7214,1,Risque Élevé,Rétention Urgente : Appel VIP / Bon d'achat 20% / Enquête insatisfaction
3874,39,1.0,86.37,174.0,1.0,1061,0.6373,1,Risque Moyen,Réactivation Ciblée : Emailing personnalisé / Remise panier moyen
3875,29,3.0,660.85,86.0,0.6666666666666666,712,0.51,1,Risque Moyen,Réactivation Ciblée : Emailing personnalisé / Remise panier moyen
3876,18,4.0,720.9200000000001,9.0,0.5,899,0.4314,0,Risque Moyen,Réactivation Ciblée : Emailing personnalisé / Remise panier moyen
3877,40,1.0,239.14,22.0,1.0,744,0.598,1,Risque Moyen,Réactivation Ciblée : Emailing personnalisé / Remise panier moyen
3878,35,2.0,214.69,161.0,0.0,1078,0.5648,1,Risque Moyen,Réactivation Ciblée : Emailing personnalisé / Remise panier moyen
3879,50,1.0,66.58,102.0,1.0,1120,0.6122,1,Risque Moyen,Réactivation Ciblée : Emailing personnalisé / Remise panier moyen
3880,39,7.0,1492.8,13.0,0.2857142857142857,1045,0.2582,0,Risque Faible,Fidélisation Active : Programme fidélité / Ventes privées / Parrainage
3881,19,0.0,0.0,303.0,0.0,765,0.7304,1,Risque Élevé,Rétention Urgente : Appel VIP / Bon d'achat 20% / Enquête insatisfaction
3882,18,3.0,507.58,44.0,0.3333333333333333,1310,0.5133,1,Risque Moyen,Réactivation Ciblée : Emailing personnalisé / Remise panier moyen
3883,27,0.0,0.0,303.0,0.0,348,0.716,1,Risque Élevé,Rétention Urgente : Appel VIP / Bon d'achat 20% / Enquête insatisfaction
3884,28,2.0,172.10999999999999,142.0,0.0,1100,0.566,1,Risque Moyen,Réactivation Ciblée : Emailing personnalisé / Remise panier moyen
3885,45,1.0,60.9,262.0,0.0,1275,0.643,1,Risque Moyen,Réactivation Ciblée : Emailing personnalisé / Remise panier moyen
3886,35,3.0,111.09,147.0,0.3333333333333333,682,0.4851,0,Risque Moyen,Réactivation Ciblée : Emailing personnalisé / Remise panier moyen
3887,47,5.0,859.6100000000001,175.0,0.4,854,0.3738,0,Risque Moyen,Réactivation Ciblée : Emailing personnalisé / Remise panier moyen
3888,20,2.0,183.38,204.0,0.5,836,0.5927,1,Risque Moyen,Réactivation Ciblée : Emailing personnalisé / Remise panier moyen
3889,46,0.0,0.0,303.0,0.0,967,0.7093,1,Risque Élevé,Rétention Urgente : Appel VIP / Bon d'achat 20% / Enquête insatisfaction
3890,43,4.0,938.01,50.0,0.25,402,0.4111,0,Risque Moyen,Réactivation Ciblée : Emailing personnalisé / Remise panier moyen
3891,18,1.0,132.52,149.0,1.0,648,0.6473,1,Risque Moyen,Réactivation Ciblée : Emailing personnalisé / Remise panier moyen
3892,50,4.0,640.25,41.0,0.25,492,0.3933,0,Risque Moyen,Réactivation Ciblée : Emailing personnalisé / Remise panier moyen
3893,36,8.0,1043.42,36.0,0.625,761,0.1998,0,Risque Faible,Fidélisation Active : Programme fidélité / Ventes privées / Parrainage
3894,39,2.0,186.35,104.0,1.0,1276,0.5608,1,Risque Moyen,Réactivation Ciblée : Emailing personnalisé / Remise panier moyen
3895,25,7.0,976.0600000000001,19.0,0.5714285714285714,795,0.2466,0,Risque Faible,Fidélisation Active : Programme fidélité / Ventes privées / Parrainage
3896,49,14.0,2484.52,3.0,0.6428571428571429,398,0.0499,0,Risque Faible,Fidélisation Active : Programme fidélité / Ventes privées / Parrainage
3897,22,9.0,786.07,63.0,0.5555555555555556,932,0.1598,0,Risque Faible,Fidélisation Active : Programme fidélité / Ventes privées / Parrainage
3898,44,0.0,0.0,303.0,0.0,335,0.6999,1,Risque Élevé,Rétention Urgente : Appel VIP / Bon d'achat 20% / Enquête insatisfaction
3899,44,4.0,551.5699999999999,75.0,0.5,913,0.4072,0,Risque Moyen,Réactivation Ciblée : Emailing personnalisé / Remise panier moyen
3900,24,0.0,0.0,303.0,0.0,954,0.7292,1,Risque Élevé,Rétention Urgente : Appel VIP / Bon d'achat 20% / Enquête insatisfaction
3901,57,3.0,317.8,13.0,0.3333333333333333,665,0.4324,0,Risque Moyen,Réactivation Ciblée : Emailing personnalisé / Remise panier moyen
3902,38,3.0,165.37,110.0,0.6666666666666666,487,0.4727,0,Risque Moyen,Réactivation Ciblée : Emailing personnalisé / Remise panier moyen
3903,42,3.0,448.09000000000003,19.0,0.0,607,0.4579,0,Risque Moyen,Réactivation Ciblée : Emailing personnalisé / Remise panier moyen
3904,18,3.0,455.37,44.0,0.0,1104,0.5014,1,Risque Moyen,Réactivation Ciblée : Emailing personnalisé / Remise panier moyen
3905,58,1.0,233.9,205.0,0.0,862,0.6088,1,Risque Moyen,Réactivation Ciblée : Emailing personnalisé / Remise panier moyen
3906,22,8.0,1908.42,42.0,0.625,723,0.2412,0,Risque Faible,Fidélisation Active : Programme fidélité / Ventes privées / Parrainage
3907,46,2.0,235.93,70.0,0.5,472,0.5321,1,Risque Moyen,Réactivation Ciblée : Emailing personnalisé / Remise panier moyen
3908,24,1.0,201.29999999999998,137.0,1.0,508,0.6369,1,Risque Moyen,Réactivation Ciblée : Emailing personnalisé / Remise panier moyen
3909,28,0.0,0.0,303.0,0.0,680,0.7209,1,Risque Élevé,Rétention Urgente : Appel VIP / Bon d'achat 20% / Enquête insatisfaction
3910,44,3.0,846.3199999999999,75.0,0.0,502,0.4796,0,Risque Moyen,Réactivation Ciblée : Emailing personnalisé / Remise panier moyen
3911,46,2.0,728.1899999999999,57.0,1.0,315,0.5407,1,Risque Moyen,Réactivation Ciblée : Emailing personnalisé / Remise panier moyen
3912,21,0.0,0.0,303.0,0.0,882,0.7306,1,Risque Élevé,Rétention Urgente : Appel VIP / Bon d'achat 20% / Enquête insatisfaction
3913,47,0.0,0.0,303.0,0.0,1341,0.715,1,Risque Élevé,Rétention Urgente : Appel VIP / Bon d'achat 20% / Enquête insatisfaction
3914,46,5.0,636.79,9.0,0.2,1081,0.332,0,Risque Faible,Fidélisation Active : Programme fidélité / Ventes privées / Parrainage
3915,25,2.0,228.15,202.0,1.0,788,0.5963,1,Risque Moyen,Réactivation Ciblée : Emailing personnalisé / Remise panier moyen
3916,53,3.0,379.09,26.0,1.0,419,0.446,0,Risque Moyen,Réactivation Ciblée : Emailing personnalisé / Remise panier moyen
3917,19,2.0,324.42999999999995,60.0,0.5,1117,0.5755,1,Risque Moyen,Réactivation Ciblée : Emailing personnalisé / Remise panier moyen
3918,28,1.0,96.23,245.0,1.0,442,0.6508,1,Risque Élevé,Rétention Urgente : Appel VIP / Bon d'achat 20% / Enquête insatisfaction
3919,40,2.0,78.6,21.0,1.0,1259,0.5391,1,Risque Moyen,Réactivation Ciblée : Emailing personnalisé / Remise panier moyen
3920,26,6.0,1097.81,19.0,0.6666666666666666,725,0.3124,0,Risque Faible,Fidélisation Active : Programme fidélité / Ventes privées / Parrainage
3921,38,4.0,936.9899999999999,61.0,0.5,971,0.4358,0,Risque Moyen,Réactivation Ciblée : Emailing personnalisé / Remise panier moyen
3922,38,1.0,296.62,111.0,1.0,1093,0.6252,1,Risque Moyen,Réactivation Ciblée : Emailing personnalisé / Remise panier moyen
3923,33,5.0,1144.8500000000001,2.0,0.4,680,0.3617,0,Risque Moyen,Réactivation Ciblée : Emailing personnalisé / Remise panier moyen
3924,44,3.0,488.06000000000006,76.0,1.0,1122,0.4875,0,Risque Moyen,Réactivation Ciblée : Emailing personnalisé / Remise panier moyen
3925,32,6.0,2338.04,17.0,0.8333333333333334,327,0.3584,0,Risque Moyen,Réactivation Ciblée : Emailing personnalisé / Remise panier moyen
3926,38,0.0,0.0,303.0,0.0,961,0.7166,1,Risque Élevé,Rétention Urgente : Appel VIP / Bon d'achat 20% / Enquête insatisfaction
3927,48,16.0,2509.56,4.0,0.5,1244,0.0304,0,Risque Faible,Fidélisation Active : Programme fidélité / Ventes privées / Parrainage
3928,44,3.0,780.35,35.0,0.6666666666666666,1216,0.4853,0,Risque Moyen,Réactivation Ciblée : Emailing personnalisé / Remise panier moyen
3929,44,6.0,1955.7900000000002,102.0,0.5,711,0.3452,0,Risque Faible,Fidélisation Active : Programme fidélité / Ventes privées / Parrainage
3930,22,1.0,36.7,130.0,1.0,1349,0.6524,1,Risque Élevé,Rétention Urgente : Appel VIP / Bon d'achat 20% / Enquête insatisfaction
3931,41,5.0,560.25,29.0,0.8,1122,0.3434,0,Risque Faible,Fidélisation Active : Programme fidélité / Ventes privées / Parrainage
3932,25,6.0,1279.64,2.0,0.5,336,0.3077,0,Risque Faible,Fidélisation Active : Programme fidélité / Ventes privées / Parrainage
3933,21,2.0,563.81,219.0,0.5,838,0.6037,1,Risque Moyen,Réactivation Ciblée : Emailing personnalisé / Remise panier moyen
3934,34,4.0,783.4399999999999,13.0,0.5,1266,0.4413,0,Risque Moyen,Réactivation Ciblée : Emailing personnalisé / Remise panier moyen
3935,25,3.0,459.07,85.0,0.0,772,0.489,0,Risque Moyen,Réactivation Ciblée : Emailing personnalisé / Remise panier moyen
3936,44,0.0,0.0,303.0,0.0,1018,0.7121,1,Risque Élevé,Rétention Urgente : Appel VIP / Bon d'achat 20% / Enquête insatisfaction
3937,44,1.0,162.22,72.0,1.0,1135,0.6133,1,Risque Moyen,Réactivation Ciblée : Emailing personnalisé / Remise panier moyen
3938,18,16.0,2932.05,10.0,0.5625,1332,0.04,0,Risque Faible,Fidélisation Active : Programme fidélité / Ventes privées / Parrainage
3939,26,3.0,606.28,4.0,0.3333333333333333,1077,0.489,0,Risque Moyen,Réactivation Ciblée : Emailing personnalisé / Remise panier moyen
3940,19,13.0,1660.22,35.0,0.5384615384615384,1352,0.0713,0,Risque Faible,Fidélisation Active : Programme fidélité / Ventes privées / Parrainage
3941,30,2.0,192.04000000000002,28.0,0.5,1279,0.553,1,Risque Moyen,Réactivation Ciblée : Emailing personnalisé / Remise panier moyen
3942,40,3.0,529.6,62.0,0.3333333333333333,692,0.4712,0,Risque Moyen,Réactivation Ciblée : Emailing personnalisé / Remise panier moyen
3943,32,5.0,551.42,55.0,0.4,392,0.3411,0,Risque Faible,Fidélisation Active : Programme fidélité / Ventes privées / Parrainage
3944,29,5.0,590.99,24.0,0.6,1116,0.3516,0,Risque Moyen,Réactivation Ciblée : Emailing personnalisé / Remise panier moyen
3945,49,3.0,521.44,102.0,0.6666666666666666,552,0.4747,0,Risque Moyen,Réactivation Ciblée : Emailing personnalisé / Remise panier moyen
3946,18,2.0,92.35,128.0,0.5,1185,0.5842,1,Risque Moyen,Réactivation Ciblée : Emailing personnalisé / Remise panier moyen
3947,49,0.0,0.0,303.0,0.0,1079,0.7085,1,Risque Élevé,Rétention Urgente : Appel VIP / Bon d'achat 20% / Enquête insatisfaction
3948,29,25.0,2994.77,6.0,0.28,608,0.0025,0,Risque Faible,Fidélisation Active : Programme fidélité / Ventes privées / Parrainage
3949,34,6.0,793.13,7.0,0.5,1211,0.2938,0,Risque Faible,Fidélisation Active : Programme fidélité / Ventes privées / Parrainage
3950,29,1.0,686.85,117.0,0.0,446,0.6129,1,Risque Moyen,Réactivation Ciblée : Emailing personnalisé / Remise panier moyen
3951,52,1.0,44.04,184.0,1.0,678,0.6226,1,Risque Moyen,Réactivation Ciblée : Emailing personnalisé / Remise panier moyen
3952,21,3.0,750.96,41.0,0.6666666666666666,976,0.511,1,Risque Moyen,Réactivation Ciblée : Emailing personnalisé / Remise panier moyen
3953,35,2.0,362.24,75.0,0.5,325,0.5384,1,Risque Moyen,Réactivation Ciblée : Emailing personnalisé / Remise panier moyen
3954,41,11.0,1667.97,21.0,0.2727272727272727,938,0.1019,0,Risque Faible,Fidélisation Active : Programme fidélité / Ventes privées / Parrainage
3955,18,0.0,0.0,303.0,0.0,372,0.7246,1,Risque Élevé,Rétention Urgente : Appel VIP / Bon d'achat 20% / Enquête insatisfaction
3956,25,0.0,0.0,303.0,0.0,364,0.7181,1,Risque Élevé,Rétention Urgente : Appel VIP / Bon d'achat 20% / Enquête insatisfaction
3957,33,2.0,214.0,173.0,0.0,277,0.5548,1,Risque Moyen,Réactivation Ciblée : Emailing personnalisé / Remise panier moyen
3958,25,7.0,758.27,95.0,0.5714285714285714,1267,0.2584,0,Risque Faible,Fidélisation Active : Programme fidélité / Ventes privées / Parrainage
3959,26,7.0,1068.64,8.0,0.42857142857142855,717,0.2492,0,Risque Faible,Fidélisation Active : Programme fidélité / Ventes privées / Parrainage
3960,31,2.0,339.19,113.0,0.5,476,0.5582,1,Risque Moyen,Réactivation Ciblée : Emailing personnalisé / Remise panier moyen
3961,42,5.0,719.83,85.0,0.4,784,0.3523,0,Risque Moyen,Réactivation Ciblée : Emailing personnalisé / Remise panier moyen
3962,31,0.0,0.0,303.0,0.0,1162,0.7264,1,Risque Élevé,Rétention Urgente : Appel VIP / Bon d'achat 20% / Enquête insatisfaction
3963,47,1.0,76.66,11.0,0.0,1156,0.5857,1,Risque Moyen,Réactivation Ciblée : Emailing personnalisé / Remise panier moyen
3964,24,0.0,0.0,303.0,0.0,1290,0.7349,1,Risque Élevé,Rétention Urgente : Appel VIP / Bon d'achat 20% / Enquête insatisfaction
3965,21,0.0,0.0,303.0,0.0,1236,0.7366,1,Risque Élevé,Rétention Urgente : Appel VIP / Bon d'achat 20% / Enquête insatisfaction
3966,56,3.0,431.87,157.0,0.3333333333333333,320,0.4653,0,Risque Moyen,Réactivation Ciblée : Emailing personnalisé / Remise panier moyen
3967,28,11.0,2659.21,1.0,0.2727272727272727,897,0.1304,0,Risque Faible,Fidélisation Active : Programme fidélité / Ventes privées / Parrainage
3968,21,1.0,90.76,40.0,1.0,1079,0.631,1,Risque Moyen,Réactivation Ciblée : Emailing personnalisé / Remise panier moyen
3969,18,0.0,0.0,303.0,0.0,362,0.7245,1,Risque Élevé,Rétention Urgente : Appel VIP / Bon d'achat 20% / Enquête insatisfaction
3970,47,4.0,809.6200000000001,9.0,0.75,277,0.3966,0,Risque Moyen,Réactivation Ciblée : Emailing personnalisé / Remise panier moyen
3971,31,2.0,433.03,52.0,1.0,735,0.5535,1,Risque Moyen,Réactivation Ciblée : Emailing personnalisé / Remise panier moyen
3972,32,8.0,1132.83,51.0,0.5,947,0.2077,0,Risque Faible,Fidélisation Active : Programme fidélité / Ventes privées / Parrainage
3973,33,2.0,332.28,87.0,0.0,811,0.5474,1,Risque Moyen,Réactivation Ciblée : Emailing personnalisé / Remise panier moyen
3974,46,1.0,22.78,102.0,0.0,788,0.5993,1,Risque Moyen,Réactivation Ciblée : Emailing personnalisé / Remise panier moyen
3975,33,6.0,807.62,7.0,0.16666666666666666,830,0.2871,0,Risque Faible,Fidélisation Active : Programme fidélité / Ventes privées / Parrainage
3976,61,5.0,1240.65,54.0,0.4,907,0.3452,0,Risque Faible,Fidélisation Active : Programme fidélité / Ventes privées / Parrainage
3977,36,0.0,0.0,303.0,0.0,363,0.7079,1,Risque Élevé,Rétention Urgente : Appel VIP / Bon d'achat 20% / Enquête insatisfaction
3978,47,1.0,43.31,180.0,1.0,1068,0.6308,1,Risque Moyen,Réactivation Ciblée : Emailing personnalisé / Remise panier moyen
3979,44,1.0,123.75,126.0,0.0,343,0.596,1,Risque Moyen,Réactivation Ciblée : Emailing personnalisé / Remise panier moyen
3980,35,6.0,1588.61,72.0,0.6666666666666666,325,0.3274,0,Risque Faible,Fidélisation Active : Programme fidélité / Ventes privées / Parrainage
3981,29,0.0,0.0,303.0,0.0,415,0.7153,1,Risque Élevé,Rétention Urgente : Appel VIP / Bon d'achat 20% / Enquête insatisfaction
3982,39,1.0,39.62,84.0,1.0,383,0.6055,1,Risque Moyen,Réactivation Ciblée : Emailing personnalisé / Remise panier moyen
3983,41,0.0,0.0,303.0,0.0,563,0.7068,1,Risque Élevé,Rétention Urgente : Appel VIP / Bon d'achat 20% / Enquête insatisfaction
3984,29,4.0,545.04,41.0,0.5,1112,0.4267,0,Risque Moyen,Réactivation Ciblée : Emailing personnalisé / Remise panier moyen
3985,37,4.0,1294.62,52.0,0.0,916,0.4426,0,Risque Moyen,Réactivation Ciblée : Emailing personnalisé / Remise panier moyen
3986,49,0.0,0.0,303.0,0.0,931,0.7058,1,Risque Élevé,Rétention Urgente : Appel VIP / Bon d'achat 20% / Enquête insatisfaction
3987,58,2.0,394.79,38.0,1.0,971,0.5266,1,Risque Moyen,Réactivation Ciblée : Emailing personnalisé / Remise panier moyen
3988,44,2.0,440.15999999999997,23.0,0.5,720,0.5267,1,Risque Moyen,Réactivation Ciblée : Emailing personnalisé / Remise panier moyen
3989,55,2.0,242.9,32.0,0.5,1147,0.5239,1,Risque Moyen,Réactivation Ciblée : Emailing personnalisé / Remise panier moyen
3990,28,7.0,930.21,23.0,0.5714285714285714,1233,0.2535,0,Risque Faible,Fidélisation Active : Programme fidélité / Ventes privées / Parrainage
3991,43,6.0,1314.8400000000001,216.0,0.6666666666666666,743,0.34,0,Risque Faible,Fidélisation Active : Programme fidélité / Ventes privées / Parrainage
3992,50,0.0,0.0,303.0,0.0,593,0.6988,1,Risque Élevé,Rétention Urgente : Appel VIP / Bon d'achat 20% / Enquête insatisfaction
3993,25,0.0,0.0,303.0,0.0,784,0.7254,1,Risque Élevé,Rétention Urgente : Appel VIP / Bon d'achat 20% / Enquête insatisfaction
3994,30,4.0,582.3199999999999,26.0,0.75,884,0.4153,0,Risque Moyen,Réactivation Ciblée : Emailing personnalisé / Remise panier moyen
3995,54,3.0,343.21000000000004,50.0,0.3333333333333333,327,0.4459,0,Risque Moyen,Réactivation Ciblée : Emailing personnalisé / Remise panier moyen
3996,24,1.0,558.8100000000001,91.0,0.0,492,0.6114,1,Risque Moyen,Réactivation Ciblée : Emailing personnalisé / Remise panier moyen
3997,20,4.0,165.39,34.0,0.25,868,0.4058,0,Risque Moyen,Réactivation Ciblée : Emailing personnalisé / Remise panier moyen
3998,52,2.0,249.24,8.0,0.5,1276,0.5205,1,Risque Moyen,Réactivation Ciblée : Emailing personnalisé / Remise panier moyen
3999,48,1.0,121.05,55.0,0.0,1090,0.592,1,Risque Moyen,Réactivation Ciblée : Emailing personnalisé / Remise panier moyen
4000,40,2.0,340.69000000000005,170.0,0.5,387,0.563,1,Risque Moyen,Réactivation Ciblée : Emailing personnalisé / Remise panier moyen
4001,34,3.0,674.41,70.0,0.6666666666666666,748,0.4912,0,Risque Moyen,Réactivation Ciblée : Emailing personnalisé / Remise panier moyen
4002,30,2.0,613.99,146.0,0.0,893,0.5789,1,Risque Moyen,Réactivation Ciblée : Emailing personnalisé / Remise panier moyen
4003,38,8.0,1184.53,4.0,0.5,487,0.1865,0,Risque Faible,Fidélisation Active : Programme fidélité / Ventes privées / Parrainage
4004,52,3.0,617.3900000000001,25.0,0.6666666666666666,697,0.4603,0,Risque Moyen,Réactivation Ciblée : Emailing personnalisé / Remise panier moyen
4005,38,0.0,0.0,303.0,0.0,568,0.7097,1,Risque Élevé,Rétention Urgente : Appel VIP / Bon d'achat 20% / Enquête insatisfaction
4006,59,7.0,834.0400000000001,2.0,0.2857142857142857,1198,0.2147,0,Risque Faible,Fidélisation Active : Programme fidélité / Ventes privées / Parrainage
4007,25,0.0,0.0,303.0,0.0,997,0.729,1,Risque Élevé,Rétention Urgente : Appel VIP / Bon d'achat 20% / Enquête insatisfaction
4008,35,1.0,123.15,8.0,0.0,637,0.5867,1,Risque Moyen,Réactivation Ciblée : Emailing personnalisé / Remise panier moyen
4009,31,5.0,1266.6299999999999,10.0,0.8,1184,0.3884,0,Risque Moyen,Réactivation Ciblée : Emailing personnalisé / Remise panier moyen
4010,23,1.0,420.24,114.0,0.0,430,0.62,1,Risque Moyen,Réactivation Ciblée : Emailing personnalisé / Remise panier moyen
4011,33,7.0,765.99,37.0,0.7142857142857143,534,0.232,0,Risque Faible,Fidélisation Active : Programme fidélité / Ventes privées / Parrainage
4012,40,4.0,801.5,29.0,0.25,1160,0.4189,0,Risque Moyen,Réactivation Ciblée : Emailing personnalisé / Remise panier moyen
4013,41,0.0,0.0,303.0,0.0,375,0.7034,1,Risque Élevé,Rétention Urgente : Appel VIP / Bon d'achat 20% / Enquête insatisfaction
4014,59,2.0,193.31,205.0,0.5,569,0.542,1,Risque Moyen,Réactivation Ciblée : Emailing personnalisé / Remise panier moyen
4015,40,2.0,383.60999999999996,103.0,1.0,1000,0.5593,1,Risque Moyen,Réactivation Ciblée : Emailing personnalisé / Remise panier moyen
4016,48,2.0,252.12,229.0,0.5,645,0.5623,1,Risque Moyen,Réactivation Ciblée : Emailing personnalisé / Remise panier moyen
4017,36,0.0,0.0,303.0,0.0,364,0.7079,1,Risque Élevé,Rétention Urgente : Appel VIP / Bon d'achat 20% / Enquête insatisfaction
4018,53,7.0,1374.19,77.0,0.2857142857142857,532,0.2432,0,Risque Faible,Fidélisation Active : Programme fidélité / Ventes privées / Parrainage
4019,61,5.0,600.25,1.0,0.6,1105,0.3206,0,Risque Faible,Fidélisation Active : Programme fidélité / Ventes privées / Parrainage
4020,41,7.0,681.1,49.0,0.7142857142857143,687,0.2257,0,Risque Faible,Fidélisation Active : Programme fidélité / Ventes privées / Parrainage
4021,24,1.0,286.04,154.0,0.0,456,0.6296,1,Risque Moyen,Réactivation Ciblée : Emailing personnalisé / Remise panier moyen
4022,29,2.0,198.57999999999998,88.0,0.5,1299,0.5635,1,Risque Moyen,Réactivation Ciblée : Emailing personnalisé / Remise panier moyen
4023,38,1.0,47.75,196.0,1.0,937,0.6409,1,Risque Moyen,Réactivation Ciblée : Emailing personnalisé / Remise panier moyen
4024,40,0.0,0.0,303.0,0.0,291,0.7029,1,Risque Élevé,Rétention Urgente : Appel VIP / Bon d'achat 20% / Enquête insatisfaction
4025,43,0.0,0.0,303.0,0.0,1199,0.7162,1,Risque Élevé,Rétention Urgente : Appel VIP / Bon d'achat 20% / Enquête insatisfaction
4026,40,2.0,250.25,174.0,1.0,1333,0.5793,1,Risque Moyen,Réactivation Ciblée : Emailing personnalisé / Remise panier moyen
4027,35,1.0,483.39,232.0,0.0,1110,0.6424,1,Risque Moyen,Réactivation Ciblée : Emailing personnalisé / Remise panier moyen
4028,28,3.0,196.7,81.0,1.0,1118,0.4937,0,Risque Moyen,Réactivation Ciblée : Emailing personnalisé / Remise panier moyen
4029,39,1.0,82.66,116.0,1.0,1356,0.6333,1,Risque Moyen,Réactivation Ciblée : Emailing personnalisé / Remise panier moyen
4030,55,2.0,506.88,57.0,1.0,698,0.5304,1,Risque Moyen,Réactivation Ciblée : Emailing personnalisé / Remise panier moyen
4031,46,4.0,743.6,54.0,0.5,828,0.4095,0,Risque Moyen,Réactivation Ciblée : Emailing personnalisé / Remise panier moyen
4032,41,1.0,19.93,234.0,1.0,1312,0.6532,1,Risque Élevé,Rétention Urgente : Appel VIP / Bon d'achat 20% / Enquête insatisfaction
4033,46,0.0,0.0,303.0,0.0,365,0.6985,1,Risque Élevé,Rétention Urgente : Appel VIP / Bon d'achat 20% / Enquête insatisfaction
4034,31,0.0,0.0,303.0,0.0,932,0.7225,1,Risque Élevé,Rétention Urgente : Appel VIP / Bon d'achat 20% / Enquête insatisfaction
4035,29,2.0,384.40999999999997,162.0,1.0,591,0.5758,1,Risque Moyen,Réactivation Ciblée : Emailing personnalisé / Remise panier moyen
4036,27,12.0,2783.47,6.0,0.3333333333333333,1139,0.1037,0,Risque Faible,Fidélisation Active : Programme fidélité / Ventes privées / Parrainage
4037,34,3.0,393.64,45.0,0.3333333333333333,538,0.4776,0,Risque Moyen,Réactivation Ciblée : Emailing personnalisé / Remise panier moyen
4038,30,1.0,93.36,211.0,1.0,528,0.6436,1,Risque Moyen,Réactivation Ciblée : Emailing personnalisé / Remise panier moyen
4039,48,1.0,325.48,216.0,1.0,749,0.629,1,Risque Moyen,Réactivation Ciblée : Emailing personnalisé / Remise panier moyen
4040,30,5.0,385.43,63.0,0.6,1012,0.3551,0,Risque Moyen,Réactivation Ciblée : Emailing personnalisé / Remise panier moyen
4041,26,5.0,945.97,88.0,1.0,1017,0.3973,0,Risque Moyen,Réactivation Ciblée : Emailing personnalisé / Remise panier moyen
4042,56,0.0,0.0,303.0,0.0,504,0.6914,1,Risque Élevé,Rétention Urgente : Appel VIP / Bon d'achat 20% / Enquête insatisfaction
4043,30,1.0,759.85,201.0,0.0,747,0.6343,1,Risque Moyen,Réactivation Ciblée : Emailing personnalisé / Remise panier moyen
4044,37,0.0,0.0,303.0,0.0,734,0.7135,1,Risque Élevé,Rétention Urgente : Appel VIP / Bon d'achat 20% / Enquête insatisfaction
4045,40,9.0,1498.34,41.0,0.7777777777777778,404,0.1619,0,Risque Faible,Fidélisation Active : Programme fidélité / Ventes privées / Parrainage
4046,22,0.0,0.0,303.0,0.0,741,0.7273,1,Risque Élevé,Rétention Urgente : Appel VIP / Bon d'achat 20% / Enquête insatisfaction
4047,49,11.0,2243.99,2.0,0.6363636363636364,1076,0.1121,0,Risque Faible,Fidélisation Active : Programme fidélité / Ventes privées / Parrainage
4048,42,1.0,123.63,113.0,0.0,540,0.5995,1,Risque Moyen,Réactivation Ciblée : Emailing personnalisé / Remise panier moyen
4049,52,6.0,1162.94,42.0,0.3333333333333333,1135,0.3001,0,Risque Faible,Fidélisation Active : Programme fidélité / Ventes privées / Parrainage
4050,28,0.0,0.0,303.0,0.0,832,0.7235,1,Risque Élevé,Rétention Urgente : Appel VIP / Bon d'achat 20% / Enquête insatisfaction
4051,36,3.0,433.67,18.0,0.3333333333333333,564,0.469,0,Risque Moyen,Réactivation Ciblée : Emailing personnalisé / Remise panier moyen
4052,35,11.0,1484.53,13.0,0.6363636363636364,830,0.0998,0,Risque Faible,Fidélisation Active : Programme fidélité / Ventes privées / Parrainage
4053,38,3.0,348.07,16.0,0.6666666666666666,517,0.458,0,Risque Moyen,Réactivation Ciblée : Emailing personnalisé / Remise panier moyen
4054,19,2.0,247.26999999999998,166.0,0.5,1191,0.59,1,Risque Moyen,Réactivation Ciblée : Emailing personnalisé / Remise panier moyen
4055,36,1.0,46.61,120.0,0.0,813,0.6141,1,Risque Moyen,Réactivation Ciblée : Emailing personnalisé / Remise panier moyen
4056,19,5.0,797.15,77.0,0.0,421,0.362,0,Risque Moyen,Réactivation Ciblée : Emailing personnalisé / Remise panier moyen
4057,39,5.0,651.76,85.0,0.6,546,0.3465,0,Risque Faible,Fidélisation Active : Programme fidélité / Ventes privées / Parrainage
4058,18,1.0,338.25,7.0,1.0,1141,0.6273,1,Risque Moyen,Réactivation Ciblée : Emailing personnalisé / Remise panier moyen
4059,18,5.0,937.4699999999999,109.0,0.8,1115,0.4016,0,Risque Moyen,Réactivation Ciblée : Emailing personnalisé / Remise panier moyen
4060,44,2.0,228.7,125.0,0.5,694,0.5489,1,Risque Moyen,Réactivation Ciblée : Emailing personnalisé / Remise panier moyen
4061,29,1.0,162.11,131.0,1.0,1363,0.6439,1,Risque Moyen,Réactivation Ciblée : Emailing personnalisé / Remise panier moyen
4062,24,12.0,3265.42,2.0,0.5833333333333334,1322,0.128,0,Risque Faible,Fidélisation Active : Programme fidélité / Ventes privées / Parrainage
4063,49,3.0,529.72,11.0,0.6666666666666666,486,0.4535,0,Risque Moyen,Réactivation Ciblée : Emailing personnalisé / Remise panier moyen
4064,39,5.0,971.28,18.0,0.2,789,0.3546,0,Risque Moyen,Réactivation Ciblée : Emailing personnalisé / Remise panier moyen
4065,45,3.0,136.64,36.0,0.3333333333333333,1115,0.4573,0,Risque Moyen,Réactivation Ciblée : Emailing personnalisé / Remise panier moyen
4066,33,4.0,922.23,21.0,0.0,1310,0.4358,0,Risque Moyen,Réactivation Ciblée : Emailing personnalisé / Remise panier moyen
4067,64,7.0,1939.75,84.0,1.0,809,0.2705,0,Risque Faible,Fidélisation Active : Programme fidélité / Ventes privées / Parrainage
4068,28,5.0,801.0799999999999,114.0,0.4,354,0.3692,0,Risque Moyen,Réactivation Ciblée : Emailing personnalisé / Remise panier moyen
4069,54,1.0,77.18,30.0,1.0,1104,0.5942,1,Risque Moyen,Réactivation Ciblée : Emailing personnalisé / Remise panier moyen
4070,34,2.0,149.77,22.0,0.5,1123,0.541,1,Risque Moyen,Réactivation Ciblée : Emailing personnalisé / Remise panier moyen
4071,18,2.0,414.8,23.0,0.5,932,0.5621,1,Risque Moyen,Réactivation Ciblée : Emailing personnalisé / Remise panier moyen
4072,40,3.0,255.71000000000004,196.0,0.6666666666666666,681,0.4984,0,Risque Moyen,Réactivation Ciblée : Emailing personnalisé / Remise panier moyen
4073,38,0.0,0.0,303.0,0.0,893,0.7154,1,Risque Élevé,Rétention Urgente : Appel VIP / Bon d'achat 20% / Enquête insatisfaction
4074,23,5.0,806.49,21.0,0.8,431,0.3594,0,Risque Moyen,Réactivation Ciblée : Emailing personnalisé / Remise panier moyen
4075,25,4.0,383.64,56.0,0.5,491,0.4095,0,Risque Moyen,Réactivation Ciblée : Emailing personnalisé / Remise panier moyen
4076,35,2.0,100.05000000000001,35.0,0.5,712,0.5373,1,Risque Moyen,Réactivation Ciblée : Emailing personnalisé / Remise panier moyen
4077,39,4.0,551.25,75.0,0.5,822,0.4087,0,Risque Moyen,Réactivation Ciblée : Emailing personnalisé / Remise panier moyen
4078,18,3.0,789.72,22.0,1.0,954,0.5168,1,Risque Moyen,Réactivation Ciblée : Emailing personnalisé / Remise panier moyen
4079,47,4.0,586.89,92.0,0.5,971,0.4226,0,Risque Moyen,Réactivation Ciblée : Emailing personnalisé / Remise panier moyen
4080,30,5.0,368.29,7.0,0.6,1201,0.3411,0,Risque Faible,Fidélisation Active : Programme fidélité / Ventes privées / Parrainage
4081,20,2.0,121.09,139.0,0.0,566,0.5621,1,Risque Moyen,Réactivation Ciblée : Emailing personnalisé / Remise panier moyen
4082,45,10.0,1650.79,1.0,0.7,1139,0.1335,0,Risque Faible,Fidélisation Active : Programme fidélité / Ventes privées / Parrainage
4083,35,2.0,903.49,54.0,1.0,666,0.5652,1,Risque Moyen,Réactivation Ciblée : Emailing personnalisé / Remise panier moyen
4084,48,1.0,125.24,81.0,0.0,1225,0.6003,1,Risque Moyen,Réactivation Ciblée : Emailing personnalisé / Remise panier moyen
4085,40,4.0,349.42,88.0,0.5,1301,0.4177,0,Risque Moyen,Réactivation Ciblée : Emailing personnalisé / Remise panier moyen
4086,35,2.0,68.5,115.0,0.5,351,0.5401,1,Risque Moyen,Réactivation Ciblée : Emailing personnalisé / Remise panier moyen
4087,33,5.0,531.9399999999999,86.0,0.6,1271,0.363,0,Risque Moyen,Réactivation Ciblée : Emailing personnalisé / Remise panier moyen
4088,40,1.0,259.46,138.0,0.0,1362,0.6238,1,Risque Moyen,Réactivation Ciblée : Emailing personnalisé / Remise panier moyen
4089,30,3.0,424.81,39.0,0.3333333333333333,554,0.4756,0,Risque Moyen,Réactivation Ciblée : Emailing personnalisé / Remise panier moyen
4090,26,4.0,1412.0,15.0,0.75,1192,0.4675,0,Risque Moyen,Réactivation Ciblée : Emailing personnalisé / Remise panier moyen
4091,42,4.0,1025.33,33.0,0.75,1070,0.4269,0,Risque Moyen,Réactivation Ciblée : Emailing personnalisé / Remise panier moyen
4092,33,2.0,251.40999999999997,12.0,0.5,1140,0.5421,1,Risque Moyen,Réactivation Ciblée : Emailing personnalisé / Remise panier moyen
4093,35,8.0,1486.97,17.0,0.625,473,0.2007,0,Risque Faible,Fidélisation Active : Programme fidélité / Ventes privées / Parrainage
4094,47,0.0,0.0,303.0,0.0,738,0.7043,1,Risque Élevé,Rétention Urgente : Appel VIP / Bon d'achat 20% / Enquête insatisfaction
4095,34,3.0,438.16,138.0,0.3333333333333333,1099,0.5008,1,Risque Moyen,Réactivation Ciblée : Emailing personnalisé / Remise panier moyen
4096,35,5.0,677.22,9.0,0.8,1288,0.3528,0,Risque Moyen,Réactivation Ciblée : Emailing personnalisé / Remise panier moyen
4097,28,5.0,863.89,45.0,0.4,549,0.3651,0,Risque Moyen,Réactivation Ciblée : Emailing personnalisé / Remise panier moyen
4098,40,2.0,681.88,19.0,0.5,868,0.5422,1,Risque Moyen,Réactivation Ciblée : Emailing personnalisé / Remise panier moyen
4099,39,1.0,336.4,46.0,0.0,663,0.5943,1,Risque Moyen,Réactivation Ciblée : Emailing personnalisé / Remise panier moyen
4100,45,6.0,1201.8000000000002,32.0,0.8333333333333334,379,0.2938,0,Risque Faible,Fidélisation Active : Programme fidélité / Ventes privées / Parrainage
4101,29,1.0,147.9,168.0,1.0,666,0.6399,1,Risque Moyen,Réactivation Ciblée : Emailing personnalisé / Remise panier moyen
4102,30,7.0,1085.3899999999999,32.0,0.5714285714285714,1263,0.2572,0,Risque Faible,Fidélisation Active : Programme fidélité / Ventes privées / Parrainage
4103,44,2.0,631.0,187.0,0.5,728,0.5726,1,Risque Moyen,Réactivation Ciblée : Emailing personnalisé / Remise panier moyen
4104,38,2.0,211.88,33.0,0.5,760,0.5344,1,Risque Moyen,Réactivation Ciblée : Emailing personnalisé / Remise panier moyen
4105,25,5.0,629.65,67.0,0.6,373,0.3571,0,Risque Moyen,Réactivation Ciblée : Emailing personnalisé / Remise panier moyen
4106,49,10.0,1577.9099999999999,101.0,0.4,360,0.1288,0,Risque Faible,Fidélisation Active : Programme fidélité / Ventes privées / Parrainage
4107,18,0.0,0.0,303.0,0.0,987,0.7351,1,Risque Élevé,Rétention Urgente : Appel VIP / Bon d'achat 20% / Enquête insatisfaction
4108,44,1.0,23.01,234.0,1.0,531,0.6346,1,Risque Moyen,Réactivation Ciblée : Emailing personnalisé / Remise panier moyen
4109,21,0.0,0.0,303.0,0.0,1265,0.7371,1,Risque Élevé,Rétention Urgente : Appel VIP / Bon d'achat 20% / Enquête insatisfaction
4110,56,3.0,211.22,50.0,0.3333333333333333,705,0.4415,0,Risque Moyen,Réactivation Ciblée : Emailing personnalisé / Remise panier moyen
4111,18,3.0,285.78,139.0,0.6666666666666666,290,0.5032,1,Risque Moyen,Réactivation Ciblée : Emailing personnalisé / Remise panier moyen
4112,48,2.0,234.88,35.0,0.0,1248,0.5287,1,Risque Moyen,Réactivation Ciblée : Emailing personnalisé / Remise panier moyen
4113,34,3.0,855.4100000000001,127.0,0.6666666666666666,342,0.509,1,Risque Moyen,Réactivation Ciblée : Emailing personnalisé / Remise panier moyen
4114,31,1.0,68.03,111.0,1.0,962,0.6311,1,Risque Moyen,Réactivation Ciblée : Emailing personnalisé / Remise panier moyen
4115,37,0.0,0.0,303.0,0.0,693,0.7128,1,Risque Élevé,Rétention Urgente : Appel VIP / Bon d'achat 20% / Enquête insatisfaction
4116,42,2.0,184.88,143.0,0.0,928,0.5536,1,Risque Moyen,Réactivation Ciblée : Emailing personnalisé / Remise panier moyen
4117,25,1.0,524.16,174.0,0.0,937,0.637,1,Risque Moyen,Réactivation Ciblée : Emailing personnalisé / Remise panier moyen
4118,26,2.0,70.38,25.0,1.0,460,0.5385,1,Risque Moyen,Réactivation Ciblée : Emailing personnalisé / Remise panier moyen
4119,42,9.0,1202.41,14.0,0.6666666666666666,1308,0.1568,0,Risque Faible,Fidélisation Active : Programme fidélité / Ventes privées / Parrainage
4120,18,3.0,408.53999999999996,13.0,1.0,643,0.4904,0,Risque Moyen,Réactivation Ciblée : Emailing personnalisé / Remise panier moyen
4121,29,0.0,0.0,303.0,0.0,430,0.7156,1,Risque Élevé,Rétention Urgente : Appel VIP / Bon d'achat 20% / Enquête insatisfaction
4122,68,5.0,1427.16,25.0,0.4,500,0.3425,0,Risque Faible,Fidélisation Active : Programme fidélité / Ventes privées / Parrainage
4123,24,0.0,0.0,303.0,0.0,321,0.7183,1,Risque Élevé,Rétention Urgente : Appel VIP / Bon d'achat 20% / Enquête insatisfaction
4124,48,0.0,0.0,303.0,0.0,963,0.7073,1,Risque Élevé,Rétention Urgente : Appel VIP / Bon d'achat 20% / Enquête insatisfaction
4125,29,2.0,545.39,126.0,1.0,756,0.5765,1,Risque Moyen,Réactivation Ciblée : Emailing personnalisé / Remise panier moyen
4126,41,3.0,181.59,179.0,0.3333333333333333,1154,0.4955,0,Risque Moyen,Réactivation Ciblée : Emailing personnalisé / Remise panier moyen
4127,42,2.0,1005.8999999999999,1.0,1.0,1107,0.5592,1,Risque Moyen,Réactivation Ciblée : Emailing personnalisé / Remise panier moyen
4128,47,6.0,915.51,23.0,0.8333333333333334,454,0.2821,0,Risque Faible,Fidélisation Active : Programme fidélité / Ventes privées / Parrainage
4129,33,3.0,672.66,31.0,0.6666666666666666,1246,0.503,1,Risque Moyen,Réactivation Ciblée : Emailing personnalisé / Remise panier moyen
4130,57,3.0,408.71000000000004,94.0,0.3333333333333333,605,0.4558,0,Risque Moyen,Réactivation Ciblée : Emailing personnalisé / Remise panier moyen
4131,29,4.0,718.46,57.0,0.25,1049,0.4362,0,Risque Moyen,Réactivation Ciblée : Emailing personnalisé / Remise panier moyen
4132,38,1.0,139.76,199.0,1.0,1211,0.6477,1,Risque Moyen,Réactivation Ciblée : Emailing personnalisé / Remise panier moyen
4133,38,0.0,0.0,303.0,0.0,280,0.7046,1,Risque Élevé,Rétention Urgente : Appel VIP / Bon d'achat 20% / Enquête insatisfaction
4134,23,0.0,0.0,303.0,0.0,1000,0.7309,1,Risque Élevé,Rétention Urgente : Appel VIP / Bon d'achat 20% / Enquête insatisfaction
4135,32,3.0,582.58,70.0,0.3333333333333333,499,0.4816,0,Risque Moyen,Réactivation Ciblée : Emailing personnalisé / Remise panier moyen
4136,37,5.0,453.79999999999995,21.0,0.6,341,0.329,0,Risque Faible,Fidélisation Active : Programme fidélité / Ventes privées / Parrainage
4137,30,0.0,0.0,303.0,0.0,683,0.7191,1,Risque Élevé,Rétention Urgente : Appel VIP / Bon d'achat 20% / Enquête insatisfaction
4138,62,9.0,742.76,25.0,0.5555555555555556,455,0.1294,0,Risque Faible,Fidélisation Active : Programme fidélité / Ventes privées / Parrainage
4139,26,2.0,188.57999999999998,64.0,0.0,285,0.5342,1,Risque Moyen,Réactivation Ciblée : Emailing personnalisé / Remise panier moyen
4140,48,2.0,174.53,226.0,1.0,300,0.5585,1,Risque Moyen,Réactivation Ciblée : Emailing personnalisé / Remise panier moyen
4141,44,0.0,0.0,303.0,0.0,785,0.7079,1,Risque Élevé,Rétention Urgente : Appel VIP / Bon d'achat 20% / Enquête insatisfaction
4142,35,4.0,848.68,45.0,0.25,826,0.4225,0,Risque Moyen,Réactivation Ciblée : Emailing personnalisé / Remise panier moyen
4143,25,1.0,293.12,12.0,1.0,1213,0.625,1,Risque Moyen,Réactivation Ciblée : Emailing personnalisé / Remise panier moyen
4144,27,4.0,471.40999999999997,3.0,0.75,481,0.4057,0,Risque Moyen,Réactivation Ciblée : Emailing personnalisé / Remise panier moyen
4145,29,1.0,100.36,141.0,1.0,617,0.632,1,Risque Moyen,Réactivation Ciblée : Emailing personnalisé / Remise panier moyen
4146,18,1.0,805.05,191.0,1.0,1305,0.6654,1,Risque Élevé,Rétention Urgente : Appel VIP / Bon d'achat 20% / Enquête insatisfaction
4147,24,3.0,134.07,105.0,1.0,948,0.5024,1,Risque Moyen,Réactivation Ciblée : Emailing personnalisé / Remise panier moyen
4148,19,4.0,1076.49,9.0,0.0,1046,0.4486,0,Risque Moyen,Réactivation Ciblée : Emailing personnalisé / Remise panier moyen
4149,50,0.0,0.0,303.0,0.0,822,0.7029,1,Risque Élevé,Rétention Urgente : Appel VIP / Bon d'achat 20% / Enquête insatisfaction
4150,42,6.0,1207.14,84.0,0.5,1118,0.315,0,Risque Faible,Fidélisation Active : Programme fidélité / Ventes privées / Parrainage
4151,44,1.0,102.42,116.0,1.0,503,0.6105,1,Risque Moyen,Réactivation Ciblée : Emailing personnalisé / Remise panier moyen
4152,41,1.0,109.92,222.0,1.0,859,0.6427,1,Risque Moyen,Réactivation Ciblée : Emailing personnalisé / Remise panier moyen
4153,37,8.0,1025.1,87.0,0.375,928,0.2007,0,Risque Faible,Fidélisation Active : Programme fidélité / Ventes privées / Parrainage
4154,51,2.0,159.09,194.0,0.0,915,0.5518,1,Risque Moyen,Réactivation Ciblée : Emailing personnalisé / Remise panier moyen
4155,28,7.0,971.5600000000001,58.0,0.8571428571428571,725,0.2549,0,Risque Faible,Fidélisation Active : Programme fidélité / Ventes privées / Parrainage
4156,36,3.0,122.25,28.0,0.3333333333333333,552,0.4532,0,Risque Moyen,Réactivation Ciblée : Emailing personnalisé / Remise panier moyen
4157,43,2.0,67.6,162.0,1.0,690,0.5543,1,Risque Moyen,Réactivation Ciblée : Emailing personnalisé / Remise panier moyen
4158,20,7.0,887.79,39.0,0.2857142857142857,1095,0.2554,0,Risque Faible,Fidélisation Active : Programme fidélité / Ventes privées / Parrainage
4159,69,1.0,156.32,167.0,1.0,1309,0.608,1,Risque Moyen,Réactivation Ciblée : Emailing personnalisé / Remise panier moyen
4160,35,14.0,2226.14,14.0,0.6428571428571429,1027,0.0534,0,Risque Faible,Fidélisation Active : Programme fidélité / Ventes privées / Parrainage
4161,37,1.0,38.87,240.0,0.0,1256,0.6467,1,Risque Moyen,Réactivation Ciblée : Emailing personnalisé / Remise panier moyen
4162,49,1.0,32.83,64.0,0.0,1301,0.5984,1,Risque Moyen,Réactivation Ciblée : Emailing personnalisé / Remise panier moyen
4163,45,2.0,108.59,221.0,0.5,902,0.5646,1,Risque Moyen,Réactivation Ciblée : Emailing personnalisé / Remise panier moyen
4164,35,2.0,739.99,148.0,0.5,511,0.5695,1,Risque Moyen,Réactivation Ciblée : Emailing personnalisé / Remise panier moyen
4165,36,0.0,0.0,303.0,0.0,1106,0.721,1,Risque Élevé,Rétention Urgente : Appel VIP / Bon d'achat 20% / Enquête insatisfaction
4166,18,1.0,25.69,170.0,1.0,945,0.6567,1,Risque Élevé,Rétention Urgente : Appel VIP / Bon d'achat 20% / Enquête insatisfaction
4167,29,4.0,492.71,143.0,0.5,649,0.4309,0,Risque Moyen,Réactivation Ciblée : Emailing personnalisé / Remise panier moyen
4168,41,3.0,458.60999999999996,15.0,1.0,806,0.4698,0,Risque Moyen,Réactivation Ciblée : Emailing personnalisé / Remise panier moyen
4169,40,6.0,595.03,68.0,0.8333333333333334,386,0.283,0,Risque Faible,Fidélisation Active : Programme fidélité / Ventes privées / Parrainage
4170,48,7.0,1172.97,91.0,0.8571428571428571,450,0.247,0,Risque Faible,Fidélisation Active : Programme fidélité / Ventes privées / Parrainage
4171,34,2.0,334.76,133.0,1.0,1081,0.5755,1,Risque Moyen,Réactivation Ciblée : Emailing personnalisé / Remise panier moyen
4172,20,9.0,568.04,26.0,0.4444444444444444,944,0.1489,0,Risque Faible,Fidélisation Active : Programme fidélité / Ventes privées / Parrainage
4173,47,4.0,497.75,28.0,0.5,815,0.3922,0,Risque Moyen,Réactivation Ciblée : Emailing personnalisé / Remise panier moyen
4174,51,0.0,0.0,303.0,0.0,610,0.6982,1,Risque Élevé,Rétention Urgente : Appel VIP / Bon d'achat 20% / Enquête insatisfaction
4175,45,3.0,393.64,112.0,0.6666666666666666,1125,0.4878,0,Risque Moyen,Réactivation Ciblée : Emailing personnalisé / Remise panier moyen
4176,33,0.0,0.0,303.0,0.0,369,0.7108,1,Risque Élevé,Rétention Urgente : Appel VIP / Bon d'achat 20% / Enquête insatisfaction
4177,46,0.0,0.0,303.0,0.0,1041,0.7106,1,Risque Élevé,Rétention Urgente : Appel VIP / Bon d'achat 20% / Enquête insatisfaction
4178,70,0.0,0.0,303.0,0.0,654,0.6806,1,Risque Élevé,Rétention Urgente : Appel VIP / Bon d'achat 20% / Enquête insatisfaction
4179,36,0.0,0.0,303.0,0.0,568,0.7115,1,Risque Élevé,Rétention Urgente : Appel VIP / Bon d'achat 20% / Enquête insatisfaction
4180,21,1.0,37.24,115.0,1.0,738,0.6383,1,Risque Moyen,Réactivation Ciblée : Emailing personnalisé / Remise panier moyen
4181,29,1.0,89.65,9.0,0.0,288,0.5867,1,Risque Moyen,Réactivation Ciblée : Emailing personnalisé / Remise panier moyen
4182,42,3.0,699.39,20.0,1.0,409,0.4705,0,Risque Moyen,Réactivation Ciblée : Emailing personnalisé / Remise panier moyen
4183,18,4.0,344.76,22.0,0.5,409,0.4089,0,Risque Moyen,Réactivation Ciblée : Emailing personnalisé / Remise panier moyen
4184,37,8.0,1204.33,31.0,0.75,293,0.1906,0,Risque Faible,Fidélisation Active : Programme fidélité / Ventes privées / Parrainage
4185,39,15.0,2496.0,29.0,0.5333333333333333,616,0.0413,0,Risque Faible,Fidélisation Active : Programme fidélité / Ventes privées / Parrainage
4186,52,0.0,0.0,303.0,0.0,1045,0.7051,1,Risque Élevé,Rétention Urgente : Appel VIP / Bon d'achat 20% / Enquête insatisfaction
4187,49,0.0,0.0,303.0,0.0,1214,0.7109,1,Risque Élevé,Rétention Urgente : Appel VIP / Bon d'achat 20% / Enquête insatisfaction
4188,45,10.0,1414.8700000000001,10.0,0.7,1310,0.1273,0,Risque Faible,Fidélisation Active : Programme fidélité / Ventes privées / Parrainage
4189,18,3.0,652.92,117.0,0.6666666666666666,1168,0.5366,1,Risque Moyen,Réactivation Ciblée : Emailing personnalisé / Remise panier moyen
4190,45,1.0,106.65,259.0,0.0,1074,0.6378,1,Risque Moyen,Réactivation Ciblée : Emailing personnalisé / Remise panier moyen
4191,43,2.0,69.35,103.0,1.0,371,0.5368,1,Risque Moyen,Réactivation Ciblée : Emailing personnalisé / Remise panier moyen
4192,38,7.0,1672.49,24.0,0.5714285714285714,759,0.2629,0,Risque Faible,Fidélisation Active : Programme fidélité / Ventes privées / Parrainage
4193,18,1.0,44.48,119.0,1.0,1020,0.6477,1,Risque Moyen,Réactivation Ciblée : Emailing personnalisé / Remise panier moyen
4194,26,6.0,1035.4099999999999,1.0,0.3333333333333333,406,0.3051,0,Risque Faible,Fidélisation Active : Programme fidélité / Ventes privées / Parrainage
4195,22,2.0,170.9,15.0,0.5,987,0.5547,1,Risque Moyen,Réactivation Ciblée : Emailing personnalisé / Remise panier moyen
4196,18,3.0,105.84,77.0,0.6666666666666666,877,0.4925,0,Risque Moyen,Réactivation Ciblée : Emailing personnalisé / Remise panier moyen
4197,35,4.0,379.94000000000005,25.0,0.75,1038,0.408,0,Risque Moyen,Réactivation Ciblée : Emailing personnalisé / Remise panier moyen
4198,26,14.0,3343.1,34.0,0.5714285714285714,494,0.0711,0,Risque Faible,Fidélisation Active : Programme fidélité / Ventes privées / Parrainage
4199,64,3.0,701.6899999999999,9.0,0.0,1211,0.4513,0,Risque Moyen,Réactivation Ciblée : Emailing personnalisé / Remise panier moyen
4200,33,5.0,767.74,38.0,0.4,937,0.3568,0,Risque Moyen,Réactivation Ciblée : Emailing personnalisé / Remise panier moyen
4201,49,9.0,1498.1,22.0,0.5555555555555556,750,0.158,0,Risque Faible,Fidélisation Active : Programme fidélité / Ventes privées / Parrainage
4202,18,3.0,619.13,33.0,0.3333333333333333,750,0.5,1,Risque Moyen,Réactivation Ciblée : Emailing personnalisé / Remise panier moyen
4203,29,0.0,0.0,303.0,0.0,743,0.7211,1,Risque Élevé,Rétention Urgente : Appel VIP / Bon d'achat 20% / Enquête insatisfaction
4204,36,1.0,16.2,264.0,1.0,934,0.657,1,Risque Élevé,Rétention Urgente : Appel VIP / Bon d'achat 20% / Enquête insatisfaction
4205,25,1.0,171.24,147.0,0.0,573,0.6249,1,Risque Moyen,Réactivation Ciblée : Emailing personnalisé / Remise panier moyen
4206,30,1.0,85.33,167.0,0.0,437,0.6222,1,Risque Moyen,Réactivation Ciblée : Emailing personnalisé / Remise panier moyen
4207,33,2.0,214.56,16.0,0.5,797,0.5371,1,Risque Moyen,Réactivation Ciblée : Emailing personnalisé / Remise panier moyen
4208,32,0.0,0.0,303.0,0.0,1103,0.7245,1,Risque Élevé,Rétention Urgente : Appel VIP / Bon d'achat 20% / Enquête insatisfaction
4209,55,0.0,0.0,303.0,0.0,1267,0.7062,1,Risque Élevé,Rétention Urgente : Appel VIP / Bon d'achat 20% / Enquête insatisfaction
4210,39,1.0,77.13,10.0,1.0,282,0.5871,1,Risque Moyen,Réactivation Ciblée : Emailing personnalisé / Remise panier moyen
4211,40,6.0,685.8199999999999,104.0,0.6666666666666666,372,0.289,0,Risque Faible,Fidélisation Active : Programme fidélité / Ventes privées / Parrainage
4212,41,4.0,330.59,39.0,0.5,660,0.3922,0,Risque Moyen,Réactivation Ciblée : Emailing personnalisé / Remise panier moyen
4213,42,0.0,0.0,303.0,0.0,354,0.7021,1,Risque Élevé,Rétention Urgente : Appel VIP / Bon d'achat 20% / Enquête insatisfaction
4214,34,5.0,493.15,8.0,0.8,545,0.3367,0,Risque Faible,Fidélisation Active : Programme fidélité / Ventes privées / Parrainage
4215,31,1.0,32.83,46.0,0.0,1147,0.6109,1,Risque Moyen,Réactivation Ciblée : Emailing personnalisé / Remise panier moyen
4216,37,2.0,99.22,39.0,1.0,454,0.5318,1,Risque Moyen,Réactivation Ciblée : Emailing personnalisé / Remise panier moyen
4217,48,3.0,805.59,35.0,0.6666666666666666,933,0.4798,0,Risque Moyen,Réactivation Ciblée : Emailing personnalisé / Remise panier moyen
4218,47,2.0,202.54,175.0,1.0,729,0.5603,1,Risque Moyen,Réactivation Ciblée : Emailing personnalisé / Remise panier moyen
4219,32,0.0,0.0,303.0,0.0,424,0.7127,1,Risque Élevé,Rétention Urgente : Appel VIP / Bon d'achat 20% / Enquête insatisfaction
4220,43,5.0,618.67,73.0,1.0,1035,0.3585,0,Risque Moyen,Réactivation Ciblée : Emailing personnalisé / Remise panier moyen
4221,33,0.0,0.0,303.0,0.0,462,0.7125,1,Risque Élevé,Rétention Urgente : Appel VIP / Bon d'achat 20% / Enquête insatisfaction
4222,35,0.0,0.0,303.0,0.0,1018,0.7203,1,Risque Élevé,Rétention Urgente : Appel VIP / Bon d'achat 20% / Enquête insatisfaction
4223,30,2.0,316.1,120.0,1.0,799,0.5687,1,Risque Moyen,Réactivation Ciblée : Emailing personnalisé / Remise panier moyen
4224,33,2.0,278.12,243.0,1.0,641,0.5879,1,Risque Moyen,Réactivation Ciblée : Emailing personnalisé / Remise panier moyen
4225,50,8.0,1388.42,79.0,0.5,1254,0.21,0,Risque Faible,Fidélisation Active : Programme fidélité / Ventes privées / Parrainage
4226,36,1.0,218.0,240.0,0.0,460,0.6376,1,Risque Moyen,Réactivation Ciblée : Emailing personnalisé / Remise panier moyen
4227,36,3.0,220.82999999999998,102.0,0.3333333333333333,1002,0.482,0,Risque Moyen,Réactivation Ciblée : Emailing personnalisé / Remise panier moyen
4228,19,6.0,1519.1100000000001,1.0,0.5,565,0.3357,0,Risque Faible,Fidélisation Active : Programme fidélité / Ventes privées / Parrainage
4229,32,5.0,546.15,20.0,0.2,473,0.3335,0,Risque Faible,Fidélisation Active : Programme fidélité / Ventes privées / Parrainage
4230,32,0.0,0.0,303.0,0.0,400,0.7123,1,Risque Élevé,Rétention Urgente : Appel VIP / Bon d'achat 20% / Enquête insatisfaction
4231,26,3.0,638.27,91.0,0.6666666666666666,991,0.509,1,Risque Moyen,Réactivation Ciblée : Emailing personnalisé / Remise panier moyen
4232,35,6.0,779.54,5.0,0.8333333333333334,357,0.2837,0,Risque Faible,Fidélisation Active : Programme fidélité / Ventes privées / Parrainage
4233,30,0.0,0.0,303.0,0.0,1251,0.7289,1,Risque Élevé,Rétention Urgente : Appel VIP / Bon d'achat 20% / Enquête insatisfaction
4234,36,1.0,104.55,131.0,0.0,355,0.6062,1,Risque Moyen,Réactivation Ciblée : Emailing personnalisé / Remise panier moyen
4235,36,5.0,865.96,12.0,0.8,842,0.3562,0,Risque Moyen,Réactivation Ciblée : Emailing personnalisé / Remise panier moyen
4236,24,2.0,92.44,70.0,0.5,555,0.5496,1,Risque Moyen,Réactivation Ciblée : Emailing personnalisé / Remise panier moyen
4237,31,0.0,0.0,303.0,0.0,1163,0.7265,1,Risque Élevé,Rétention Urgente : Appel VIP / Bon d'achat 20% / Enquête insatisfaction
4238,36,1.0,52.03,249.0,1.0,553,0.6461,1,Risque Moyen,Réactivation Ciblée : Emailing personnalisé / Remise panier moyen
4239,48,0.0,0.0,303.0,0.0,1303,0.7134,1,Risque Élevé,Rétention Urgente : Appel VIP / Bon d'achat 20% / Enquête insatisfaction
4240,38,0.0,0.0,303.0,0.0,1365,0.7236,1,Risque Élevé,Rétention Urgente : Appel VIP / Bon d'achat 20% / Enquête insatisfaction
4241,28,5.0,732.52,54.0,0.6,1366,0.3707,0,Risque Moyen,Réactivation Ciblée : Emailing personnalisé / Remise panier moyen
4242,39,6.0,534.26,9.0,0.5,1044,0.2746,0,Risque Faible,Fidélisation Active : Programme fidélité / Ventes privées / Parrainage
4243,54,2.0,246.17,2.0,0.5,764,0.5081,1,Risque Moyen,Réactivation Ciblée : Emailing personnalisé / Remise panier moyen
4244,45,3.0,1026.8600000000001,148.0,0.0,573,0.5036,1,Risque Moyen,Réactivation Ciblée : Emailing personnalisé / Remise panier moyen
4245,41,0.0,0.0,303.0,0.0,834,0.7116,1,Risque Élevé,Rétention Urgente : Appel VIP / Bon d'achat 20% / Enquête insatisfaction
4246,43,4.0,474.31,93.0,0.75,770,0.4114,0,Risque Moyen,Réactivation Ciblée : Emailing personnalisé / Remise panier moyen
4247,51,5.0,493.86,48.0,0.8,294,0.3153,0,Risque Faible,Fidélisation Active : Programme fidélité / Ventes privées / Parrainage
4248,47,7.0,684.54,41.0,0.2857142857142857,537,0.2143,0,Risque Faible,Fidélisation Active : Programme fidélité / Ventes privées / Parrainage
4249,41,3.0,506.26,205.0,0.3333333333333333,302,0.4969,0,Risque Moyen,Réactivation Ciblée : Emailing personnalisé / Remise panier moyen
4250,47,3.0,746.49,17.0,0.3333333333333333,1022,0.4711,0,Risque Moyen,Réactivation Ciblée : Emailing personnalisé / Remise panier moyen
4251,23,7.0,1070.09,17.0,0.42857142857142855,287,0.2448,0,Risque Faible,Fidélisation Active : Programme fidélité / Ventes privées / Parrainage
4252,18,1.0,252.9,95.0,1.0,1310,0.6478,1,Risque Moyen,Réactivation Ciblée : Emailing personnalisé / Remise panier moyen
4253,37,1.0,80.41,213.0,1.0,689,0.6401,1,Risque Moyen,Réactivation Ciblée : Emailing personnalisé / Remise panier moyen
4254,36,7.0,1601.81,10.0,0.42857142857142855,858,0.2654,0,Risque Faible,Fidélisation Active : Programme fidélité / Ventes privées / Parrainage
4255,29,1.0,84.89,109.0,1.0,1162,0.6365,1,Risque Moyen,Réactivation Ciblée : Emailing personnalisé / Remise panier moyen
4256,44,9.0,2579.65,30.0,0.5555555555555556,1258,0.2063,0,Risque Faible,Fidélisation Active : Programme fidélité / Ventes privées / Parrainage
4257,18,0.0,0.0,303.0,0.0,1346,0.741,1,Risque Élevé,Rétention Urgente : Appel VIP / Bon d'achat 20% / Enquête insatisfaction
4258,29,9.0,1338.3,33.0,0.4444444444444444,582,0.1639,0,Risque Faible,Fidélisation Active : Programme fidélité / Ventes privées / Parrainage
4259,30,0.0,0.0,303.0,0.0,334,0.713,1,Risque Élevé,Rétention Urgente : Appel VIP / Bon d'achat 20% / Enquête insatisfaction
4260,18,2.0,381.75,14.0,0.5,797,0.5588,1,Risque Moyen,Réactivation Ciblée : Emailing personnalisé / Remise panier moyen
4261,51,0.0,0.0,303.0,0.0,622,0.6984,1,Risque Élevé,Rétention Urgente : Appel VIP / Bon d'achat 20% / Enquête insatisfaction
4262,20,1.0,161.93,270.0,1.0,854,0.6709,1,Risque Élevé,Rétention Urgente : Appel VIP / Bon d'achat 20% / Enquête insatisfaction
4263,29,9.0,1972.92,8.0,0.2222222222222222,1225,0.1886,0,Risque Faible,Fidélisation Active : Programme fidélité / Ventes privées / Parrainage
4264,45,9.0,947.5,3.0,0.5555555555555556,377,0.1375,0,Risque Faible,Fidélisation Active : Programme fidélité / Ventes privées / Parrainage
4265,42,5.0,1350.33,65.0,0.8,560,0.3724,0,Risque Moyen,Réactivation Ciblée : Emailing personnalisé / Remise panier moyen
4266,23,13.0,1346.59,12.0,0.38461538461538464,1075,0.0603,0,Risque Faible,Fidélisation Active : Programme fidélité / Ventes privées / Parrainage
4267,43,5.0,605.78,1.0,0.6,1044,0.3376,0,Risque Faible,Fidélisation Active : Programme fidélité / Ventes privées / Parrainage
4268,38,4.0,943.63,107.0,0.5,1176,0.444,0,Risque Moyen,Réactivation Ciblée : Emailing personnalisé / Remise panier moyen
4269,61,6.0,773.49,6.0,0.5,909,0.2649,0,Risque Faible,Fidélisation Active : Programme fidélité / Ventes privées / Parrainage
4270,39,2.0,586.8,213.0,1.0,297,0.5837,1,Risque Moyen,Réactivation Ciblée : Emailing personnalisé / Remise panier moyen
4271,33,4.0,598.31,110.0,0.75,843,0.4319,0,Risque Moyen,Réactivation Ciblée : Emailing personnalisé / Remise panier moyen
4272,26,1.0,66.26,230.0,1.0,450,0.6523,1,Risque Élevé,Rétention Urgente : Appel VIP / Bon d'achat 20% / Enquête insatisfaction
4273,27,3.0,227.48,135.0,1.0,1340,0.5211,1,Risque Moyen,Réactivation Ciblée : Emailing personnalisé / Remise panier moyen
4274,26,0.0,0.0,303.0,0.0,831,0.7253,1,Risque Élevé,Rétention Urgente : Appel VIP / Bon d'achat 20% / Enquête insatisfaction
4275,50,1.0,131.32,166.0,1.0,1226,0.6288,1,Risque Moyen,Réactivation Ciblée : Emailing personnalisé / Remise panier moyen
4276,35,1.0,339.78000000000003,24.0,0.0,742,0.5935,1,Risque Moyen,Réactivation Ciblée : Emailing personnalisé / Remise panier moyen
4277,41,5.0,420.52,35.0,0.6,528,0.3282,0,Risque Faible,Fidélisation Active : Programme fidélité / Ventes privées / Parrainage
4278,52,1.0,339.3,92.0,0.0,1151,0.5958,1,Risque Moyen,Réactivation Ciblée : Emailing personnalisé / Remise panier moyen
4279,18,1.0,36.73,152.0,1.0,776,0.6497,1,Risque Moyen,Réactivation Ciblée : Emailing personnalisé / Remise panier moyen
4280,49,2.0,232.89000000000001,192.0,1.0,656,0.565,1,Risque Moyen,Réactivation Ciblée : Emailing personnalisé / Remise panier moyen
4281,36,1.0,239.64,112.0,0.0,1302,0.6218,1,Risque Moyen,Réactivation Ciblée : Emailing personnalisé / Remise panier moyen
4282,40,1.0,108.96,78.0,0.0,608,0.5958,1,Risque Moyen,Réactivation Ciblée : Emailing personnalisé / Remise panier moyen
4283,26,1.0,104.13,184.0,1.0,1225,0.6558,1,Risque Élevé,Rétention Urgente : Appel VIP / Bon d'achat 20% / Enquête insatisfaction
4284,27,2.0,158.38,60.0,1.0,904,0.5604,1,Risque Moyen,Réactivation Ciblée : Emailing personnalisé / Remise panier moyen
4285,40,4.0,435.90000000000003,52.0,0.5,1273,0.4165,0,Risque Moyen,Réactivation Ciblée : Emailing personnalisé / Remise panier moyen
4286,61,2.0,383.38,62.0,1.0,961,0.5281,1,Risque Moyen,Réactivation Ciblée : Emailing personnalisé / Remise panier moyen
4287,46,3.0,275.43,37.0,0.6666666666666666,565,0.4504,0,Risque Moyen,Réactivation Ciblée : Emailing personnalisé / Remise panier moyen
4288,49,11.0,1398.6200000000001,12.0,0.7272727272727273,612,0.0909,0,Risque Faible,Fidélisation Active : Programme fidélité / Ventes privées / Parrainage
4289,33,5.0,194.01,46.0,0.6,656,0.3274,0,Risque Faible,Fidélisation Active : Programme fidélité / Ventes privées / Parrainage
4290,28,6.0,1211.67,26.0,1.0,1091,0.3222,0,Risque Faible,Fidélisation Active : Programme fidélité / Ventes privées / Parrainage
4291,26,1.0,126.64,71.0,1.0,1008,0.6282,1,Risque Moyen,Réactivation Ciblée : Emailing personnalisé / Remise panier moyen
4292,30,7.0,833.5899999999999,66.0,0.2857142857142857,1157,0.2506,0,Risque Faible,Fidélisation Active : Programme fidélité / Ventes privées / Parrainage
4293,18,1.0,45.82,151.0,0.0,591,0.6372,1,Risque Moyen,Réactivation Ciblée : Emailing personnalisé / Remise panier moyen
4294,27,0.0,0.0,303.0,0.0,1348,0.7332,1,Risque Élevé,Rétention Urgente : Appel VIP / Bon d'achat 20% / Enquête insatisfaction
4295,29,2.0,175.79000000000002,95.0,1.0,640,0.5584,1,Risque Moyen,Réactivation Ciblée : Emailing personnalisé / Remise panier moyen
4296,33,3.0,1256.94,206.0,0.3333333333333333,753,0.5445,1,Risque Moyen,Réactivation Ciblée : Emailing personnalisé / Remise panier moyen
4297,36,2.0,238.93,107.0,1.0,998,0.562,1,Risque Moyen,Réactivation Ciblée : Emailing personnalisé / Remise panier moyen
4298,39,2.0,768.23,155.0,0.0,745,0.5706,1,Risque Moyen,Réactivation Ciblée : Emailing personnalisé / Remise panier moyen
4299,35,0.0,0.0,303.0,0.0,737,0.7154,1,Risque Élevé,Rétention Urgente : Appel VIP / Bon d'achat 20% / Enquête insatisfaction
4300,29,8.0,1201.2,25.0,0.75,608,0.2066,0,Risque Faible,Fidélisation Active : Programme fidélité / Ventes privées / Parrainage
4301,18,1.0,43.980000000000004,72.0,1.0,522,0.6323,1,Risque Moyen,Réactivation Ciblée : Emailing personnalisé / Remise panier moyen
4302,29,2.0,311.81,8.0,1.0,421,0.5393,1,Risque Moyen,Réactivation Ciblée : Emailing personnalisé / Remise panier moyen
4303,24,1.0,131.45,253.0,0.0,1181,0.66,1,Risque Élevé,Rétention Urgente : Appel VIP / Bon d'achat 20% / Enquête insatisfaction
4304,40,2.0,247.79,84.0,0.0,868,0.5364,1,Risque Moyen,Réactivation Ciblée : Emailing personnalisé / Remise panier moyen
4305,45,7.0,558.5799999999999,56.0,0.5714285714285714,493,0.2205,0,Risque Faible,Fidélisation Active : Programme fidélité / Ventes privées / Parrainage
4306,45,1.0,66.72,188.0,0.0,994,0.6241,1,Risque Moyen,Réactivation Ciblée : Emailing personnalisé / Remise panier moyen
4307,43,7.0,1326.6999999999998,64.0,0.42857142857142855,935,0.2574,0,Risque Faible,Fidélisation Active : Programme fidélité / Ventes privées / Parrainage
4308,34,2.0,285.26,112.0,1.0,870,0.5656,1,Risque Moyen,Réactivation Ciblée : Emailing personnalisé / Remise panier moyen
4309,29,0.0,0.0,303.0,0.0,1363,0.7317,1,Risque Élevé,Rétention Urgente : Appel VIP / Bon d'achat 20% / Enquête insatisfaction
4310,27,2.0,237.93,96.0,1.0,752,0.5644,1,Risque Moyen,Réactivation Ciblée : Emailing personnalisé / Remise panier moyen
4311,18,3.0,390.63,28.0,0.0,658,0.4863,0,Risque Moyen,Réactivation Ciblée : Emailing personnalisé / Remise panier moyen
4312,46,4.0,1293.78,21.0,0.5,894,0.4352,0,Risque Moyen,Réactivation Ciblée : Emailing personnalisé / Remise panier moyen
4313,33,1.0,8.15,235.0,0.0,795,0.6412,1,Risque Moyen,Réactivation Ciblée : Emailing personnalisé / Remise panier moyen
4314,21,0.0,0.0,303.0,0.0,573,0.7254,1,Risque Élevé,Rétention Urgente : Appel VIP / Bon d'achat 20% / Enquête insatisfaction
4315,26,2.0,294.84000000000003,131.0,0.0,861,0.5694,1,Risque Moyen,Réactivation Ciblée : Emailing personnalisé / Remise panier moyen
4316,25,1.0,131.31,168.0,1.0,777,0.6484,1,Risque Moyen,Réactivation Ciblée : Emailing personnalisé / Remise panier moyen
4317,35,1.0,274.94,43.0,0.0,1194,0.6057,1,Risque Moyen,Réactivation Ciblée : Emailing personnalisé / Remise panier moyen
4318,47,3.0,442.94,73.0,0.6666666666666666,677,0.4688,0,Risque Moyen,Réactivation Ciblée : Emailing personnalisé / Remise panier moyen
4319,31,3.0,511.15999999999997,108.0,1.0,581,0.5048,1,Risque Moyen,Réactivation Ciblée : Emailing personnalisé / Remise panier moyen
4320,18,3.0,158.11,41.0,0.6666666666666666,797,0.4865,0,Risque Moyen,Réactivation Ciblée : Emailing personnalisé / Remise panier moyen
4321,33,7.0,875.0,7.0,0.8571428571428571,1183,0.2596,0,Risque Faible,Fidélisation Active : Programme fidélité / Ventes privées / Parrainage
4322,33,7.0,985.94,15.0,0.7142857142857143,782,0.2406,0,Risque Faible,Fidélisation Active : Programme fidélité / Ventes privées / Parrainage
4323,33,2.0,299.28,181.0,0.5,855,0.5822,1,Risque Moyen,Réactivation Ciblée : Emailing personnalisé / Remise panier moyen
4324,28,3.0,292.86,11.0,0.3333333333333333,715,0.4756,0,Risque Moyen,Réactivation Ciblée : Emailing personnalisé / Remise panier moyen
4325,37,3.0,628.42,15.0,0.6666666666666666,813,0.48,0,Risque Moyen,Réactivation Ciblée : Emailing personnalisé / Remise panier moyen
4326,36,7.0,1261.09,46.0,0.7142857142857143,1074,0.2632,0,Risque Faible,Fidélisation Active : Programme fidélité / Ventes privées / Parrainage
4327,35,2.0,393.08,16.0,1.0,1325,0.553,1,Risque Moyen,Réactivation Ciblée : Emailing personnalisé / Remise panier moyen
4328,40,2.0,780.72,10.0,0.5,830,0.5455,1,Risque Moyen,Réactivation Ciblée : Emailing personnalisé / Remise panier moyen
4329,30,2.0,241.22,117.0,0.0,1330,0.5666,1,Risque Moyen,Réactivation Ciblée : Emailing personnalisé / Remise panier moyen
4330,30,2.0,269.24,13.0,1.0,1080,0.5526,1,Risque Moyen,Réactivation Ciblée : Emailing personnalisé / Remise panier moyen
4331,50,3.0,486.53999999999996,45.0,0.3333333333333333,1121,0.4662,0,Risque Moyen,Réactivation Ciblée : Emailing personnalisé / Remise panier moyen
4332,41,1.0,48.72,11.0,0.0,1010,0.5896,1,Risque Moyen,Réactivation Ciblée : Emailing personnalisé / Remise panier moyen
4333,44,0.0,0.0,303.0,0.0,1160,0.7146,1,Risque Élevé,Rétention Urgente : Appel VIP / Bon d'achat 20% / Enquête insatisfaction
4334,48,1.0,243.56,155.0,0.0,1245,0.6167,1,Risque Moyen,Réactivation Ciblée : Emailing personnalisé / Remise panier moyen
4335,41,1.0,615.36,254.0,0.0,394,0.6265,1,Risque Moyen,Réactivation Ciblée : Emailing personnalisé / Remise panier moyen
4336,45,2.0,316.43,126.0,0.5,966,0.5511,1,Risque Moyen,Réactivation Ciblée : Emailing personnalisé / Remise panier moyen
4337,18,3.0,200.57999999999998,15.0,0.3333333333333333,1085,0.4822,0,Risque Moyen,Réactivation Ciblée : Emailing personnalisé / Remise panier moyen
4338,37,6.0,672.22,48.0,0.8333333333333334,706,0.294,0,Risque Faible,Fidélisation Active : Programme fidélité / Ventes privées / Parrainage
4339,33,4.0,569.37,39.0,0.25,793,0.409,0,Risque Moyen,Réactivation Ciblée : Emailing personnalisé / Remise panier moyen
4340,53,3.0,578.4200000000001,44.0,1.0,1128,0.4752,0,Risque Moyen,Réactivation Ciblée : Emailing personnalisé / Remise panier moyen
4341,45,2.0,203.10000000000002,93.0,0.5,1202,0.5447,1,Risque Moyen,Réactivation Ciblée : Emailing personnalisé / Remise panier moyen
4342,28,5.0,730.63,18.0,0.6,808,0.3582,0,Risque Moyen,Réactivation Ciblée : Emailing personnalisé / Remise panier moyen
4343,39,1.0,116.46000000000001,86.0,1.0,1221,0.626,1,Risque Moyen,Réactivation Ciblée : Emailing personnalisé / Remise panier moyen
4344,37,4.0,485.95000000000005,1.0,0.5,668,0.396,0,Risque Moyen,Réactivation Ciblée : Emailing personnalisé / Remise panier moyen
4345,40,3.0,701.49,141.0,0.3333333333333333,746,0.497,0,Risque Moyen,Réactivation Ciblée : Emailing personnalisé / Remise panier moyen
4346,24,2.0,279.06,143.0,1.0,1104,0.5881,1,Risque Moyen,Réactivation Ciblée : Emailing personnalisé / Remise panier moyen
4347,39,3.0,991.6800000000001,140.0,0.3333333333333333,868,0.5199,1,Risque Moyen,Réactivation Ciblée : Emailing personnalisé / Remise panier moyen
4348,32,8.0,1727.34,68.0,0.5,1090,0.2346,0,Risque Faible,Fidélisation Active : Programme fidélité / Ventes privées / Parrainage
4349,38,1.0,411.51,169.0,0.0,620,0.6174,1,Risque Moyen,Réactivation Ciblée : Emailing personnalisé / Remise panier moyen
4350,27,0.0,0.0,303.0,0.0,466,0.7181,1,Risque Élevé,Rétention Urgente : Appel VIP / Bon d'achat 20% / Enquête insatisfaction
4351,29,0.0,0.0,303.0,0.0,1210,0.7291,1,Risque Élevé,Rétention Urgente : Appel VIP / Bon d'achat 20% / Enquête insatisfaction
4352,48,1.0,139.14,13.0,0.0,285,0.5658,1,Risque Moyen,Réactivation Ciblée : Emailing personnalisé / Remise panier moyen
4353,23,3.0,752.37,78.0,0.3333333333333333,870,0.5108,1,Risque Moyen,Réactivation Ciblée : Emailing personnalisé / Remise panier moyen
4354,24,3.0,296.11,82.0,0.6666666666666666,881,0.5033,1,Risque Moyen,Réactivation Ciblée : Emailing personnalisé / Remise panier moyen
4355,34,9.0,1181.55,30.0,0.7777777777777778,904,0.1625,0,Risque Faible,Fidélisation Active : Programme fidélité / Ventes privées / Parrainage
4356,27,4.0,855.19,136.0,0.5,1141,0.461,0,Risque Moyen,Réactivation Ciblée : Emailing personnalisé / Remise panier moyen
4357,25,3.0,385.23,82.0,0.6666666666666666,703,0.4945,0,Risque Moyen,Réactivation Ciblée : Emailing personnalisé / Remise panier moyen
4358,36,0.0,0.0,303.0,0.0,547,0.7112,1,Risque Élevé,Rétention Urgente : Appel VIP / Bon d'achat 20% / Enquête insatisfaction
4359,18,1.0,160.96,59.0,0.0,570,0.6141,1,Risque Moyen,Réactivation Ciblée : Emailing personnalisé / Remise panier moyen
4360,24,5.0,711.9200000000001,52.0,0.4,616,0.3647,0,Risque Moyen,Réactivation Ciblée : Emailing personnalisé / Remise panier moyen
4361,58,3.0,554.51,9.0,0.3333333333333333,1107,0.4596,0,Risque Moyen,Réactivation Ciblée : Emailing personnalisé / Remise panier moyen
4362,40,0.0,0.0,303.0,0.0,509,0.7068,1,Risque Élevé,Rétention Urgente : Appel VIP / Bon d'achat 20% / Enquête insatisfaction
4363,27,3.0,522.37,44.0,0.6666666666666666,1005,0.5008,1,Risque Moyen,Réactivation Ciblée : Emailing personnalisé / Remise panier moyen
4364,40,1.0,23.81,218.0,1.0,1271,0.6502,1,Risque Élevé,Rétention Urgente : Appel VIP / Bon d'achat 20% / Enquête insatisfaction
4365,41,8.0,1042.71,2.0,0.625,333,0.1794,0,Risque Faible,Fidélisation Active : Programme fidélité / Ventes privées / Parrainage
4366,46,1.0,75.03,247.0,0.0,585,0.6249,1,Risque Moyen,Réactivation Ciblée : Emailing personnalisé / Remise panier moyen
4367,34,5.0,571.8000000000001,15.0,0.6,786,0.3395,0,Risque Faible,Fidélisation Active : Programme fidélité / Ventes privées / Parrainage
4368,46,1.0,43.81,161.0,0.0,442,0.6044,1,Risque Moyen,Réactivation Ciblée : Emailing personnalisé / Remise panier moyen
4369,18,1.0,126.35,62.0,1.0,1234,0.6393,1,Risque Moyen,Réactivation Ciblée : Emailing personnalisé / Remise panier moyen
4370,23,5.0,1135.93,116.0,0.2,1110,0.4066,0,Risque Moyen,Réactivation Ciblée : Emailing personnalisé / Remise panier moyen
4371,37,0.0,0.0,303.0,0.0,453,0.7086,1,Risque Élevé,Rétention Urgente : Appel VIP / Bon d'achat 20% / Enquête insatisfaction
4372,39,3.0,450.55,153.0,0.3333333333333333,852,0.4957,0,Risque Moyen,Réactivation Ciblée : Emailing personnalisé / Remise panier moyen
4373,25,8.0,1270.12,61.0,0.375,1218,0.2215,0,Risque Faible,Fidélisation Active : Programme fidélité / Ventes privées / Parrainage
4374,38,8.0,1125.53,2.0,0.375,501,0.1866,0,Risque Faible,Fidélisation Active : Programme fidélité / Ventes privées / Parrainage
4375,28,3.0,254.9,133.0,1.0,395,0.4935,0,Risque Moyen,Réactivation Ciblée : Emailing personnalisé / Remise panier moyen
4376,32,3.0,315.53000000000003,6.0,0.3333333333333333,1227,0.4708,0,Risque Moyen,Réactivation Ciblée : Emailing personnalisé / Remise panier moyen
4377,46,2.0,361.49,24.0,1.0,1118,0.5353,1,Risque Moyen,Réactivation Ciblée : Emailing personnalisé / Remise panier moyen
4378,45,12.0,1610.3899999999999,41.0,0.6666666666666666,411,0.073,0,Risque Faible,Fidélisation Active : Programme fidélité / Ventes privées / Parrainage
4379,24,4.0,304.04,106.0,0.25,462,0.4131,0,Risque Moyen,Réactivation Ciblée : Emailing personnalisé / Remise panier moyen
4380,23,5.0,651.74,141.0,0.2,725,0.3739,0,Risque Moyen,Réactivation Ciblée : Emailing personnalisé / Remise panier moyen
4381,30,7.0,791.77,34.0,0.5714285714285714,298,0.2361,0,Risque Faible,Fidélisation Active : Programme fidélité / Ventes privées / Parrainage
4382,35,13.0,1069.35,6.0,0.5384615384615384,1275,0.0533,0,Risque Faible,Fidélisation Active : Programme fidélité / Ventes privées / Parrainage
4383,28,10.0,1259.67,39.0,0.4,608,0.1245,0,Risque Faible,Fidélisation Active : Programme fidélité / Ventes privées / Parrainage
4384,46,3.0,181.49,78.0,0.6666666666666666,1013,0.4662,0,Risque Moyen,Réactivation Ciblée : Emailing personnalisé / Remise panier moyen
4385,39,1.0,52.8,159.0,0.0,837,0.6194,1,Risque Moyen,Réactivation Ciblée : Emailing personnalisé / Remise panier moyen
4386,39,1.0,264.64,248.0,0.0,677,0.6338,1,Risque Moyen,Réactivation Ciblée : Emailing personnalisé / Remise panier moyen
4387,21,10.0,1991.9899999999998,29.0,0.4,721,0.1468,0,Risque Faible,Fidélisation Active : Programme fidélité / Ventes privées / Parrainage
4388,48,2.0,172.67999999999998,83.0,1.0,667,0.5328,1,Risque Moyen,Réactivation Ciblée : Emailing personnalisé / Remise panier moyen
4389,18,2.0,465.6,107.0,0.0,645,0.5717,1,Risque Moyen,Réactivation Ciblée : Emailing personnalisé / Remise panier moyen
4390,44,1.0,154.9,10.0,0.0,452,0.5813,1,Risque Moyen,Réactivation Ciblée : Emailing personnalisé / Remise panier moyen
4391,45,0.0,0.0,303.0,0.0,1305,0.7162,1,Risque Élevé,Rétention Urgente : Appel VIP / Bon d'achat 20% / Enquête insatisfaction
4392,30,2.0,442.34000000000003,110.0,0.5,443,0.5556,1,Risque Moyen,Réactivation Ciblée : Emailing personnalisé / Remise panier moyen
4393,49,0.0,0.0,303.0,0.0,642,0.7006,1,Risque Élevé,Rétention Urgente : Appel VIP / Bon d'achat 20% / Enquête insatisfaction
4394,34,1.0,131.04,83.0,1.0,603,0.616,1,Risque Moyen,Réactivation Ciblée : Emailing personnalisé / Remise panier moyen
4395,36,6.0,902.3,55.0,0.5,446,0.2962,0,Risque Faible,Fidélisation Active : Programme fidélité / Ventes privées / Parrainage
4396,39,5.0,1449.01,24.0,0.6,716,0.3757,0,Risque Moyen,Réactivation Ciblée : Emailing personnalisé / Remise panier moyen
4397,70,0.0,0.0,303.0,0.0,464,0.677,1,Risque Élevé,Rétention Urgente : Appel VIP / Bon d'achat 20% / Enquête insatisfaction
4398,50,2.0,383.62,177.0,1.0,328,0.5522,1,Risque Moyen,Réactivation Ciblée : Emailing personnalisé / Remise panier moyen
4399,43,3.0,537.1899999999999,127.0,1.0,762,0.4937,0,Risque Moyen,Réactivation Ciblée : Emailing personnalisé / Remise panier moyen
4400,25,2.0,261.91999999999996,11.0,0.0,623,0.5322,1,Risque Moyen,Réactivation Ciblée : Emailing personnalisé / Remise panier moyen
4401,37,3.0,575.64,3.0,0.3333333333333333,429,0.4616,0,Risque Moyen,Réactivation Ciblée : Emailing personnalisé / Remise panier moyen
4402,26,0.0,0.0,303.0,0.0,1281,0.7329,1,Risque Élevé,Rétention Urgente : Appel VIP / Bon d'achat 20% / Enquête insatisfaction
4403,44,5.0,578.67,51.0,0.6,806,0.3391,0,Risque Faible,Fidélisation Active : Programme fidélité / Ventes privées / Parrainage
4404,37,6.0,613.37,105.0,0.6666666666666666,927,0.2959,0,Risque Faible,Fidélisation Active : Programme fidélité / Ventes privées / Parrainage
4405,23,9.0,1777.6399999999999,52.0,0.5555555555555556,337,0.1828,0,Risque Faible,Fidélisation Active : Programme fidélité / Ventes privées / Parrainage
4406,36,5.0,877.58,22.0,0.6,810,0.3619,0,Risque Moyen,Réactivation Ciblée : Emailing personnalisé / Remise panier moyen
4407,26,2.0,108.75,65.0,0.0,616,0.5421,1,Risque Moyen,Réactivation Ciblée : Emailing personnalisé / Remise panier moyen
4408,37,1.0,104.1,114.0,1.0,468,0.623,1,Risque Moyen,Réactivation Ciblée : Emailing personnalisé / Remise panier moyen
4409,26,11.0,2204.02,68.0,0.5454545454545454,888,0.1243,0,Risque Faible,Fidélisation Active : Programme fidélité / Ventes privées / Parrainage
4410,35,9.0,929.5899999999999,42.0,0.6666666666666666,666,0.1529,0,Risque Faible,Fidélisation Active : Programme fidélité / Ventes privées / Parrainage
4411,43,2.0,135.94,66.0,0.5,426,0.5232,1,Risque Moyen,Réactivation Ciblée : Emailing personnalisé / Remise panier moyen
4412,34,4.0,671.6800000000001,50.0,0.25,576,0.4134,0,Risque Moyen,Réactivation Ciblée : Emailing personnalisé / Remise panier moyen
4413,31,4.0,578.5799999999999,90.0,0.5,1243,0.4348,0,Risque Moyen,Réactivation Ciblée : Emailing personnalisé / Remise panier moyen
4414,37,1.0,66.06,189.0,1.0,679,0.6391,1,Risque Moyen,Réactivation Ciblée : Emailing personnalisé / Remise panier moyen
4415,43,4.0,721.05,48.0,0.5,892,0.4141,0,Risque Moyen,Réactivation Ciblée : Emailing personnalisé / Remise panier moyen
4416,23,5.0,600.49,157.0,0.4,684,0.3849,0,Risque Moyen,Réactivation Ciblée : Emailing personnalisé / Remise panier moyen
4417,38,3.0,351.08,191.0,0.6666666666666666,997,0.5113,1,Risque Moyen,Réactivation Ciblée : Emailing personnalisé / Remise panier moyen
4418,49,1.0,39.92,94.0,1.0,827,0.6059,1,Risque Moyen,Réactivation Ciblée : Emailing personnalisé / Remise panier moyen
4419,41,1.0,131.89,49.0,1.0,809,0.6034,1,Risque Moyen,Réactivation Ciblée : Emailing personnalisé / Remise panier moyen
4420,36,4.0,484.76,104.0,0.75,1190,0.4286,0,Risque Moyen,Réactivation Ciblée : Emailing personnalisé / Remise panier moyen
4421,42,1.0,216.92,256.0,0.0,802,0.6354,1,Risque Moyen,Réactivation Ciblée : Emailing personnalisé / Remise panier moyen
4422,40,6.0,919.56,114.0,0.6666666666666666,621,0.3069,0,Risque Faible,Fidélisation Active : Programme fidélité / Ventes privées / Parrainage
4423,43,1.0,151.77,60.0,1.0,418,0.5952,1,Risque Moyen,Réactivation Ciblée : Emailing personnalisé / Remise panier moyen
4424,18,3.0,426.7,164.0,1.0,1067,0.5377,1,Risque Moyen,Réactivation Ciblée : Emailing personnalisé / Remise panier moyen
4425,18,3.0,217.24,80.0,0.6666666666666666,783,0.4966,0,Risque Moyen,Réactivation Ciblée : Emailing personnalisé / Remise panier moyen
4426,46,4.0,396.44,27.0,0.25,1312,0.4013,0,Risque Moyen,Réactivation Ciblée : Emailing personnalisé / Remise panier moyen
4427,18,1.0,69.7,76.0,0.0,345,0.6143,1,Risque Moyen,Réactivation Ciblée : Emailing personnalisé / Remise panier moyen
4428,39,11.0,2443.66,30.0,0.45454545454545453,648,0.1174,0,Risque Faible,Fidélisation Active : Programme fidélité / Ventes privées / Parrainage
4429,31,6.0,1154.54,15.0,0.3333333333333333,959,0.3117,0,Risque Faible,Fidélisation Active : Programme fidélité / Ventes privées / Parrainage
4430,24,2.0,69.78999999999999,1.0,1.0,723,0.5411,1,Risque Moyen,Réactivation Ciblée : Emailing personnalisé / Remise panier moyen
4431,39,1.0,78.61,16.0,0.0,1307,0.5986,1,Risque Moyen,Réactivation Ciblée : Emailing personnalisé / Remise panier moyen
4432,37,4.0,660.0,2.0,0.5,1121,0.4094,0,Risque Moyen,Réactivation Ciblée : Emailing personnalisé / Remise panier moyen
4433,58,4.0,596.02,21.0,1.0,872,0.3929,0,Risque Moyen,Réactivation Ciblée : Emailing personnalisé / Remise panier moyen
4434,28,3.0,421.08,41.0,0.3333333333333333,1313,0.4967,0,Risque Moyen,Réactivation Ciblée : Emailing personnalisé / Remise panier moyen
4435,51,2.0,218.18,2.0,1.0,910,0.522,1,Risque Moyen,Réactivation Ciblée : Emailing personnalisé / Remise panier moyen
4436,39,2.0,330.93,175.0,1.0,450,0.5699,1,Risque Moyen,Réactivation Ciblée : Emailing personnalisé / Remise panier moyen
4437,28,1.0,76.26,101.0,1.0,812,0.6331,1,Risque Moyen,Réactivation Ciblée : Emailing personnalisé / Remise panier moyen
4438,44,1.0,90.39,169.0,0.0,405,0.6068,1,Risque Moyen,Réactivation Ciblée : Emailing personnalisé / Remise panier moyen
4439,41,3.0,257.91,6.0,0.3333333333333333,925,0.4526,0,Risque Moyen,Réactivation Ciblée : Emailing personnalisé / Remise panier moyen
4440,35,3.0,334.6,32.0,0.6666666666666666,577,0.4765,0,Risque Moyen,Réactivation Ciblée : Emailing personnalisé / Remise panier moyen
4441,38,9.0,1247.46,15.0,0.4444444444444444,878,0.1622,0,Risque Faible,Fidélisation Active : Programme fidélité / Ventes privées / Parrainage
4442,28,2.0,235.16000000000003,250.0,0.5,774,0.5892,1,Risque Moyen,Réactivation Ciblée : Emailing personnalisé / Remise panier moyen
4443,26,4.0,750.36,47.0,0.75,961,0.4401,0,Risque Moyen,Réactivation Ciblée : Emailing personnalisé / Remise panier moyen
4444,43,1.0,115.38,190.0,1.0,1042,0.6376,1,Risque Moyen,Réactivation Ciblée : Emailing personnalisé / Remise panier moyen
4445,33,1.0,67.41,205.0,1.0,427,0.6376,1,Risque Moyen,Réactivation Ciblée : Emailing personnalisé / Remise panier moyen
4446,34,1.0,307.44,6.0,1.0,420,0.5935,1,Risque Moyen,Réactivation Ciblée : Emailing personnalisé / Remise panier moyen
4447,38,11.0,1589.47,31.0,0.6363636363636364,986,0.1045,0,Risque Faible,Fidélisation Active : Programme fidélité / Ventes privées / Parrainage
4448,38,4.0,191.76,83.0,0.5,355,0.3897,0,Risque Moyen,Réactivation Ciblée : Emailing personnalisé / Remise panier moyen
4449,19,8.0,770.28,39.0,0.75,1022,0.2082,0,Risque Faible,Fidélisation Active : Programme fidélité / Ventes privées / Parrainage
4450,49,2.0,357.52000000000004,111.0,1.0,1097,0.559,1,Risque Moyen,Réactivation Ciblée : Emailing personnalisé / Remise panier moyen
4451,36,4.0,1049.3899999999999,12.0,0.25,973,0.4221,0,Risque Moyen,Réactivation Ciblée : Emailing personnalisé / Remise panier moyen
4452,33,5.0,561.3399999999999,40.0,0.6,1215,0.3536,0,Risque Moyen,Réactivation Ciblée : Emailing personnalisé / Remise panier moyen
4453,40,7.0,1185.23,12.0,0.5714285714285714,278,0.2314,0,Risque Faible,Fidélisation Active : Programme fidélité / Ventes privées / Parrainage
4454,38,0.0,0.0,303.0,0.0,528,0.709,1,Risque Élevé,Rétention Urgente : Appel VIP / Bon d'achat 20% / Enquête insatisfaction
4455,43,1.0,80.4,273.0,1.0,1021,0.6545,1,Risque Élevé,Rétention Urgente : Appel VIP / Bon d'achat 20% / Enquête insatisfaction
4456,41,0.0,0.0,303.0,0.0,282,0.7018,1,Risque Élevé,Rétention Urgente : Appel VIP / Bon d'achat 20% / Enquête insatisfaction
4457,43,2.0,258.75,66.0,0.5,1013,0.538,1,Risque Moyen,Réactivation Ciblée : Emailing personnalisé / Remise panier moyen
4458,50,1.0,38.35,49.0,1.0,304,0.5844,1,Risque Moyen,Réactivation Ciblée : Emailing personnalisé / Remise panier moyen
4459,45,2.0,376.06,112.0,0.5,1002,0.5563,1,Risque Moyen,Réactivation Ciblée : Emailing personnalisé / Remise panier moyen
4460,33,2.0,309.21,177.0,1.0,354,0.5682,1,Risque Moyen,Réactivation Ciblée : Emailing personnalisé / Remise panier moyen
4461,23,0.0,0.0,303.0,0.0,1092,0.7324,1,Risque Élevé,Rétention Urgente : Appel VIP / Bon d'achat 20% / Enquête insatisfaction
4462,53,0.0,0.0,303.0,0.0,1148,0.706,1,Risque Élevé,Rétention Urgente : Appel VIP / Bon d'achat 20% / Enquête insatisfaction
4463,32,4.0,1269.95,77.0,0.5,1308,0.4605,0,Risque Moyen,Réactivation Ciblée : Emailing personnalisé / Remise panier moyen
4464,30,8.0,1221.26,13.0,0.625,1294,0.2078,0,Risque Faible,Fidélisation Active : Programme fidélité / Ventes privées / Parrainage
4465,18,3.0,174.29999999999998,60.0,0.6666666666666666,896,0.4976,0,Risque Moyen,Réactivation Ciblée : Emailing personnalisé / Remise panier moyen
4466,39,1.0,55.16,9.0,0.0,344,0.5795,1,Risque Moyen,Réactivation Ciblée : Emailing personnalisé / Remise panier moyen
4467,37,5.0,954.6,55.0,0.6,953,0.3692,0,Risque Moyen,Réactivation Ciblée : Emailing personnalisé / Remise panier moyen
4468,18,9.0,1436.48,5.0,0.7777777777777778,1352,0.1842,0,Risque Faible,Fidélisation Active : Programme fidélité / Ventes privées / Parrainage
4469,40,3.0,559.08,38.0,0.3333333333333333,286,0.4666,0,Risque Moyen,Réactivation Ciblée : Emailing personnalisé / Remise panier moyen
4470,30,4.0,654.97,58.0,0.75,1166,0.4306,0,Risque Moyen,Réactivation Ciblée : Emailing personnalisé / Remise panier moyen
4471,65,3.0,209.45000000000002,43.0,0.3333333333333333,897,0.4361,0,Risque Moyen,Réactivation Ciblée : Emailing personnalisé / Remise panier moyen
4472,29,0.0,0.0,303.0,0.0,490,0.7167,1,Risque Élevé,Rétention Urgente : Appel VIP / Bon d'achat 20% / Enquête insatisfaction
4473,30,0.0,0.0,303.0,0.0,404,0.7142,1,Risque Élevé,Rétention Urgente : Appel VIP / Bon d'achat 20% / Enquête insatisfaction
4474,25,1.0,26.05,82.0,0.0,551,0.6129,1,Risque Moyen,Réactivation Ciblée : Emailing personnalisé / Remise panier moyen
4475,49,2.0,265.62,68.0,0.5,955,0.5327,1,Risque Moyen,Réactivation Ciblée : Emailing personnalisé / Remise panier moyen
4476,31,5.0,1145.22,14.0,0.6,868,0.3722,0,Risque Moyen,Réactivation Ciblée : Emailing personnalisé / Remise panier moyen
4477,27,4.0,501.51,132.0,0.75,1248,0.4529,0,Risque Moyen,Réactivation Ciblée : Emailing personnalisé / Remise panier moyen
4478,43,5.0,424.92,52.0,0.6,762,0.3361,0,Risque Faible,Fidélisation Active : Programme fidélité / Ventes privées / Parrainage
4479,20,3.0,1083.34,3.0,0.3333333333333333,1019,0.5107,1,Risque Moyen,Réactivation Ciblée : Emailing personnalisé / Remise panier moyen
4480,42,11.0,2717.29,42.0,0.36363636363636365,549,0.1355,0,Risque Faible,Fidélisation Active : Programme fidélité / Ventes privées / Parrainage
4481,55,6.0,1107.0,58.0,0.3333333333333333,715,0.2926,0,Risque Faible,Fidélisation Active : Programme fidélité / Ventes privées / Parrainage
4482,41,2.0,459.16999999999996,184.0,0.5,585,0.5649,1,Risque Moyen,Réactivation Ciblée : Emailing personnalisé / Remise panier moyen
4483,42,1.0,79.9,232.0,0.0,872,0.6317,1,Risque Moyen,Réactivation Ciblée : Emailing personnalisé / Remise panier moyen
4484,45,4.0,562.0899999999999,75.0,0.75,977,0.4148,0,Risque Moyen,Réactivation Ciblée : Emailing personnalisé / Remise panier moyen
4485,54,3.0,598.1700000000001,13.0,0.6666666666666666,440,0.4494,0,Risque Moyen,Réactivation Ciblée : Emailing personnalisé / Remise panier moyen
4486,48,12.0,1494.92,12.0,0.6666666666666666,899,0.0718,0,Risque Faible,Fidélisation Active : Programme fidélité / Ventes privées / Parrainage
4487,40,5.0,660.37,130.0,1.0,1019,0.3725,0,Risque Moyen,Réactivation Ciblée : Emailing personnalisé / Remise panier moyen
4488,45,3.0,590.19,24.0,0.0,594,0.4574,0,Risque Moyen,Réactivation Ciblée : Emailing personnalisé / Remise panier moyen
4489,25,4.0,416.8,55.0,1.0,1220,0.4313,0,Risque Moyen,Réactivation Ciblée : Emailing personnalisé / Remise panier moyen
4490,44,10.0,1872.35,2.0,0.6,1113,0.1339,0,Risque Faible,Fidélisation Active : Programme fidélité / Ventes privées / Parrainage
4491,24,6.0,960.24,5.0,0.3333333333333333,1025,0.3037,0,Risque Faible,Fidélisation Active : Programme fidélité / Ventes privées / Parrainage
4492,31,2.0,646.26,48.0,1.0,692,0.5621,1,Risque Moyen,Réactivation Ciblée : Emailing personnalisé / Remise panier moyen
4493,18,3.0,409.81,107.0,0.3333333333333333,1261,0.519,1,Risque Moyen,Réactivation Ciblée : Emailing personnalisé / Remise panier moyen
4494,39,0.0,0.0,303.0,0.0,774,0.7124,1,Risque Élevé,Rétention Urgente : Appel VIP / Bon d'achat 20% / Enquête insatisfaction
4495,28,2.0,318.32,22.0,0.5,1344,0.5661,1,Risque Moyen,Réactivation Ciblée : Emailing personnalisé / Remise panier moyen
4496,47,0.0,0.0,303.0,0.0,1086,0.7105,1,Risque Élevé,Rétention Urgente : Appel VIP / Bon d'achat 20% / Enquête insatisfaction
4497,39,4.0,424.21000000000004,137.0,0.5,482,0.4169,0,Risque Moyen,Réactivation Ciblée : Emailing personnalisé / Remise panier moyen
4498,47,5.0,895.32,50.0,0.4,431,0.3375,0,Risque Faible,Fidélisation Active : Programme fidélité / Ventes privées / Parrainage
4499,23,1.0,209.85000000000002,167.0,0.0,749,0.6381,1,Risque Moyen,Réactivation Ciblée : Emailing personnalisé / Remise panier moyen
4500,46,8.0,1121.45,23.0,0.5,1131,0.1998,0,Risque Faible,Fidélisation Active : Programme fidélité / Ventes privées / Parrainage
4501,58,6.0,1044.48,18.0,0.6666666666666666,431,0.2734,0,Risque Faible,Fidélisation Active : Programme fidélité / Ventes privées / Parrainage
4502,43,1.0,108.96,154.0,0.0,1053,0.6198,1,Risque Moyen,Réactivation Ciblée : Emailing personnalisé / Remise panier moyen
4503,44,2.0,173.37,62.0,1.0,529,0.5319,1,Risque Moyen,Réactivation Ciblée : Emailing personnalisé / Remise panier moyen
4504,37,3.0,244.54,15.0,0.6666666666666666,906,0.4685,0,Risque Moyen,Réactivation Ciblée : Emailing personnalisé / Remise panier moyen
4505,29,2.0,461.39,2.0,0.5,777,0.5448,1,Risque Moyen,Réactivation Ciblée : Emailing personnalisé / Remise panier moyen
4506,43,4.0,390.65000000000003,25.0,0.25,529,0.3817,0,Risque Moyen,Réactivation Ciblée : Emailing personnalisé / Remise panier moyen
4507,18,6.0,749.03,30.0,0.5,373,0.2948,0,Risque Faible,Fidélisation Active : Programme fidélité / Ventes privées / Parrainage
4508,30,11.0,1855.09,14.0,0.45454545454545453,1219,0.1142,0,Risque Faible,Fidélisation Active : Programme fidélité / Ventes privées / Parrainage
4509,18,2.0,307.62,96.0,0.0,1017,0.5721,1,Risque Moyen,Réactivation Ciblée : Emailing personnalisé / Remise panier moyen
4510,27,6.0,585.18,83.0,0.5,927,0.2969,0,Risque Faible,Fidélisation Active : Programme fidélité / Ventes privées / Parrainage
4511,42,1.0,130.84,203.0,1.0,974,0.6398,1,Risque Moyen,Réactivation Ciblée : Emailing personnalisé / Remise panier moyen
4512,41,0.0,0.0,303.0,0.0,1363,0.7208,1,Risque Élevé,Rétention Urgente : Appel VIP / Bon d'achat 20% / Enquête insatisfaction
4513,36,6.0,1153.83,13.0,0.3333333333333333,835,0.3134,0,Risque Faible,Fidélisation Active : Programme fidélité / Ventes privées / Parrainage
4514,37,2.0,265.5,174.0,0.5,1149,0.5756,1,Risque Moyen,Réactivation Ciblée : Emailing personnalisé / Remise panier moyen
4515,18,2.0,163.36,52.0,1.0,498,0.556,1,Risque Moyen,Réactivation Ciblée : Emailing personnalisé / Remise panier moyen
4516,31,0.0,0.0,303.0,0.0,1357,0.7298,1,Risque Élevé,Rétention Urgente : Appel VIP / Bon d'achat 20% / Enquête insatisfaction
4517,28,2.0,266.92,56.0,0.0,574,0.5399,1,Risque Moyen,Réactivation Ciblée : Emailing personnalisé / Remise panier moyen
4518,28,2.0,189.72,152.0,0.5,665,0.565,1,Risque Moyen,Réactivation Ciblée : Emailing personnalisé / Remise panier moyen
4519,42,2.0,440.30999999999995,54.0,1.0,911,0.5498,1,Risque Moyen,Réactivation Ciblée : Emailing personnalisé / Remise panier moyen
4520,26,4.0,613.16,36.0,0.5,1144,0.4298,0,Risque Moyen,Réactivation Ciblée : Emailing personnalisé / Remise panier moyen
4521,28,1.0,110.04,48.0,1.0,1033,0.622,1,Risque Moyen,Réactivation Ciblée : Emailing personnalisé / Remise panier moyen
4522,18,8.0,795.42,12.0,0.5,1202,0.205,0,Risque Faible,Fidélisation Active : Programme fidélité / Ventes privées / Parrainage
4523,32,4.0,211.20999999999998,3.0,0.75,871,0.3954,0,Risque Moyen,Réactivation Ciblée : Emailing personnalisé / Remise panier moyen
4524,23,12.0,1587.0,1.0,0.6666666666666666,1221,0.0823,0,Risque Faible,Fidélisation Active : Programme fidélité / Ventes privées / Parrainage
4525,36,3.0,579.96,42.0,1.0,1333,0.4963,0,Risque Moyen,Réactivation Ciblée : Emailing personnalisé / Remise panier moyen
4526,25,6.0,573.53,34.0,0.5,379,0.2815,0,Risque Faible,Fidélisation Active : Programme fidélité / Ventes privées / Parrainage
4527,36,2.0,159.52,43.0,0.0,1061,0.5408,1,Risque Moyen,Réactivation Ciblée : Emailing personnalisé / Remise panier moyen
4528,33,3.0,910.1399999999999,19.0,0.6666666666666666,727,0.4962,0,Risque Moyen,Réactivation Ciblée : Emailing personnalisé / Remise panier moyen
4529,53,1.0,165.19,159.0,1.0,1129,0.6197,1,Risque Moyen,Réactivation Ciblée : Emailing personnalisé / Remise panier moyen
4530,40,2.0,680.2,105.0,0.0,452,0.5486,1,Risque Moyen,Réactivation Ciblée : Emailing personnalisé / Remise panier moyen
4531,18,5.0,699.13,15.0,0.6,464,0.3641,0,Risque Moyen,Réactivation Ciblée : Emailing personnalisé / Remise panier moyen
4532,21,3.0,704.8299999999999,131.0,0.0,513,0.5184,1,Risque Moyen,Réactivation Ciblée : Emailing personnalisé / Remise panier moyen
4533,36,1.0,390.52,38.0,1.0,1065,0.6102,1,Risque Moyen,Réactivation Ciblée : Emailing personnalisé / Remise panier moyen
4534,25,2.0,308.36,78.0,1.0,752,0.564,1,Risque Moyen,Réactivation Ciblée : Emailing personnalisé / Remise panier moyen
4535,18,2.0,109.16,23.0,1.0,815,0.5575,1,Risque Moyen,Réactivation Ciblée : Emailing personnalisé / Remise panier moyen
4536,50,5.0,428.21,12.0,0.8,603,0.3204,0,Risque Faible,Fidélisation Active : Programme fidélité / Ventes privées / Parrainage
4537,43,5.0,898.24,6.0,0.4,471,0.3395,0,Risque Faible,Fidélisation Active : Programme fidélité / Ventes privées / Parrainage
4538,41,2.0,417.0,204.0,0.5,397,0.5688,1,Risque Moyen,Réactivation Ciblée : Emailing personnalisé / Remise panier moyen
4539,28,5.0,1024.49,45.0,0.4,1174,0.3774,0,Risque Moyen,Réactivation Ciblée : Emailing personnalisé / Remise panier moyen
4540,40,5.0,700.7199999999999,13.0,0.6,306,0.3302,0,Risque Faible,Fidélisation Active : Programme fidélité / Ventes privées / Parrainage
4541,27,0.0,0.0,303.0,0.0,723,0.7225,1,Risque Élevé,Rétention Urgente : Appel VIP / Bon d'achat 20% / Enquête insatisfaction
4542,37,3.0,1228.5700000000002,49.0,0.6666666666666666,1117,0.5183,1,Risque Moyen,Réactivation Ciblée : Emailing personnalisé / Remise panier moyen
4543,25,6.0,580.4799999999999,112.0,0.6666666666666666,1162,0.3118,0,Risque Faible,Fidélisation Active : Programme fidélité / Ventes privées / Parrainage
4544,52,6.0,376.88,23.0,0.8333333333333334,869,0.2572,0,Risque Faible,Fidélisation Active : Programme fidélité / Ventes privées / Parrainage
4545,18,3.0,236.14000000000001,46.0,0.6666666666666666,1350,0.4996,0,Risque Moyen,Réactivation Ciblée : Emailing personnalisé / Remise panier moyen
4546,49,5.0,1331.81,127.0,0.4,550,0.3727,0,Risque Moyen,Réactivation Ciblée : Emailing personnalisé / Remise panier moyen
4547,35,4.0,574.6600000000001,51.0,0.25,682,0.4114,0,Risque Moyen,Réactivation Ciblée : Emailing personnalisé / Remise panier moyen
4548,30,4.0,571.3,84.0,0.75,1349,0.4373,0,Risque Moyen,Réactivation Ciblée : Emailing personnalisé / Remise panier moyen
4549,37,3.0,450.58,118.0,0.3333333333333333,921,0.4938,0,Risque Moyen,Réactivation Ciblée : Emailing personnalisé / Remise panier moyen
4550,43,1.0,121.92,131.0,0.0,630,0.6103,1,Risque Moyen,Réactivation Ciblée : Emailing personnalisé / Remise panier moyen
4551,50,1.0,561.56,30.0,0.0,1075,0.5842,1,Risque Moyen,Réactivation Ciblée : Emailing personnalisé / Remise panier moyen
4552,38,1.0,249.98,51.0,0.0,1304,0.6067,1,Risque Moyen,Réactivation Ciblée : Emailing personnalisé / Remise panier moyen
4553,25,0.0,0.0,303.0,0.0,870,0.7269,1,Risque Élevé,Rétention Urgente : Appel VIP / Bon d'achat 20% / Enquête insatisfaction
4554,36,3.0,853.2,24.0,0.6666666666666666,1293,0.5001,1,Risque Moyen,Réactivation Ciblée : Emailing personnalisé / Remise panier moyen
4555,55,3.0,262.52,65.0,0.3333333333333333,468,0.4445,0,Risque Moyen,Réactivation Ciblée : Emailing personnalisé / Remise panier moyen
4556,50,3.0,436.88,61.0,0.3333333333333333,734,0.46,0,Risque Moyen,Réactivation Ciblée : Emailing personnalisé / Remise panier moyen
4557,45,3.0,448.58000000000004,45.0,0.6666666666666666,1342,0.4793,0,Risque Moyen,Réactivation Ciblée : Emailing personnalisé / Remise panier moyen
4558,44,3.0,437.67999999999995,24.0,0.6666666666666666,689,0.4636,0,Risque Moyen,Réactivation Ciblée : Emailing personnalisé / Remise panier moyen
4559,43,2.0,350.94,63.0,0.5,1286,0.547,1,Risque Moyen,Réactivation Ciblée : Emailing personnalisé / Remise panier moyen
4560,48,12.0,1594.22,24.0,0.4166666666666667,883,0.0752,0,Risque Faible,Fidélisation Active : Programme fidélité / Ventes privées / Parrainage
4561,30,0.0,0.0,303.0,0.0,1363,0.7308,1,Risque Élevé,Rétention Urgente : Appel VIP / Bon d'achat 20% / Enquête insatisfaction
4562,20,3.0,433.72,79.0,0.6666666666666666,400,0.4987,0,Risque Moyen,Réactivation Ciblée : Emailing personnalisé / Remise panier moyen
4563,36,5.0,655.29,4.0,0.6,1001,0.3443,0,Risque Faible,Fidélisation Active : Programme fidélité / Ventes privées / Parrainage
4564,26,2.0,361.62,15.0,0.5,898,0.5497,1,Risque Moyen,Réactivation Ciblée : Emailing personnalisé / Remise panier moyen
4565,23,5.0,1245.39,159.0,0.2,680,0.4026,0,Risque Moyen,Réactivation Ciblée : Emailing personnalisé / Remise panier moyen
4566,27,4.0,632.02,60.0,0.75,999,0.4407,0,Risque Moyen,Réactivation Ciblée : Emailing personnalisé / Remise panier moyen
4567,62,1.0,97.28,266.0,0.0,1091,0.6278,1,Risque Moyen,Réactivation Ciblée : Emailing personnalisé / Remise panier moyen
4568,36,5.0,1232.84,51.0,0.6,1029,0.3851,0,Risque Moyen,Réactivation Ciblée : Emailing personnalisé / Remise panier moyen
4569,39,0.0,0.0,303.0,0.0,554,0.7085,1,Risque Élevé,Rétention Urgente : Appel VIP / Bon d'achat 20% / Enquête insatisfaction
4570,22,0.0,0.0,303.0,0.0,755,0.7276,1,Risque Élevé,Rétention Urgente : Appel VIP / Bon d'achat 20% / Enquête insatisfaction
4571,18,3.0,392.18,192.0,0.6666666666666666,576,0.522,1,Risque Moyen,Réactivation Ciblée : Emailing personnalisé / Remise panier moyen
4572,26,3.0,702.53,61.0,1.0,766,0.5033,1,Risque Moyen,Réactivation Ciblée : Emailing personnalisé / Remise panier moyen
4573,51,2.0,589.36,73.0,0.5,1302,0.5493,1,Risque Moyen,Réactivation Ciblée : Emailing personnalisé / Remise panier moyen
4574,39,1.0,284.43,3.0,1.0,1154,0.605,1,Risque Moyen,Réactivation Ciblée : Emailing personnalisé / Remise panier moyen
4575,42,13.0,1581.08,45.0,0.38461538461538464,953,0.0624,0,Risque Faible,Fidélisation Active : Programme fidélité / Ventes privées / Parrainage
4576,43,5.0,513.65,87.0,0.4,817,0.3451,0,Risque Faible,Fidélisation Active : Programme fidélité / Ventes privées / Parrainage
4577,28,9.0,1210.68,55.0,0.5555555555555556,798,0.1662,0,Risque Faible,Fidélisation Active : Programme fidélité / Ventes privées / Parrainage
4578,50,0.0,0.0,303.0,0.0,829,0.7031,1,Risque Élevé,Rétention Urgente : Appel VIP / Bon d'achat 20% / Enquête insatisfaction
4579,28,0.0,0.0,303.0,0.0,298,0.7142,1,Risque Élevé,Rétention Urgente : Appel VIP / Bon d'achat 20% / Enquête insatisfaction
4580,50,8.0,1392.43,11.0,0.5,1252,0.2031,0,Risque Faible,Fidélisation Active : Programme fidélité / Ventes privées / Parrainage
4581,40,0.0,0.0,303.0,0.0,1218,0.7192,1,Risque Élevé,Rétention Urgente : Appel VIP / Bon d'achat 20% / Enquête insatisfaction
4582,18,2.0,46.9,127.0,1.0,288,0.5657,1,Risque Moyen,Réactivation Ciblée : Emailing personnalisé / Remise panier moyen
4583,27,5.0,675.37,18.0,0.0,385,0.3447,0,Risque Faible,Fidélisation Active : Programme fidélité / Ventes privées / Parrainage
4584,18,7.0,704.13,32.0,0.42857142857142855,365,0.2381,0,Risque Faible,Fidélisation Active : Programme fidélité / Ventes privées / Parrainage
4585,48,2.0,101.41,202.0,0.5,935,0.5598,1,Risque Moyen,Réactivation Ciblée : Emailing personnalisé / Remise panier moyen
4586,35,3.0,171.1,3.0,0.3333333333333333,1049,0.4587,0,Risque Moyen,Réactivation Ciblée : Emailing personnalisé / Remise panier moyen
4587,18,1.0,52.63,200.0,1.0,1127,0.6658,1,Risque Élevé,Rétention Urgente : Appel VIP / Bon d'achat 20% / Enquête insatisfaction
4588,39,2.0,231.85000000000002,180.0,0.5,904,0.5689,1,Risque Moyen,Réactivation Ciblée : Emailing personnalisé / Remise panier moyen
4589,29,1.0,49.45,104.0,1.0,1166,0.636,1,Risque Moyen,Réactivation Ciblée : Emailing personnalisé / Remise panier moyen
4590,19,1.0,16.91,5.0,0.0,820,0.6088,1,Risque Moyen,Réactivation Ciblée : Emailing personnalisé / Remise panier moyen
4591,53,6.0,692.15,65.0,0.6666666666666666,611,0.2728,0,Risque Faible,Fidélisation Active : Programme fidélité / Ventes privées / Parrainage
4592,36,2.0,323.57,192.0,1.0,511,0.5717,1,Risque Moyen,Réactivation Ciblée : Emailing personnalisé / Remise panier moyen
4593,32,3.0,684.2,26.0,0.3333333333333333,583,0.4788,0,Risque Moyen,Réactivation Ciblée : Emailing personnalisé / Remise panier moyen
4594,31,5.0,322.79,69.0,0.4,828,0.3435,0,Risque Faible,Fidélisation Active : Programme fidélité / Ventes privées / Parrainage
4595,18,2.0,303.96000000000004,231.0,1.0,882,0.6071,1,Risque Moyen,Réactivation Ciblée : Emailing personnalisé / Remise panier moyen
4596,21,7.0,740.3,21.0,0.5714285714285714,797,0.2477,0,Risque Faible,Fidélisation Active : Programme fidélité / Ventes privées / Parrainage
4597,49,1.0,62.91,118.0,0.0,529,0.5935,1,Risque Moyen,Réactivation Ciblée : Emailing personnalisé / Remise panier moyen
4598,30,4.0,387.36,74.0,0.25,708,0.4139,0,Risque Moyen,Réactivation Ciblée : Emailing personnalisé / Remise panier moyen
4599,35,1.0,62.23,200.0,0.0,964,0.6346,1,Risque Moyen,Réactivation Ciblée : Emailing personnalisé / Remise panier moyen
4600,18,1.0,187.32,150.0,1.0,712,0.65,1,Risque Moyen,Réactivation Ciblée : Emailing personnalisé / Remise panier moyen
4601,21,1.0,27.67,126.0,1.0,420,0.6344,1,Risque Moyen,Réactivation Ciblée : Emailing personnalisé / Remise panier moyen
4602,42,2.0,150.68,90.0,0.5,1354,0.5497,1,Risque Moyen,Réactivation Ciblée : Emailing personnalisé / Remise panier moyen
4603,39,6.0,863.2,8.0,0.5,394,0.2826,0,Risque Faible,Fidélisation Active : Programme fidélité / Ventes privées / Parrainage
4604,54,0.0,0.0,303.0,0.0,305,0.6897,1,Risque Élevé,Rétention Urgente : Appel VIP / Bon d'achat 20% / Enquête insatisfaction
4605,50,6.0,1928.2,5.0,0.6666666666666666,1062,0.3274,0,Risque Faible,Fidélisation Active : Programme fidélité / Ventes privées / Parrainage
4606,32,5.0,594.39,34.0,0.6,664,0.3418,0,Risque Faible,Fidélisation Active : Programme fidélité / Ventes privées / Parrainage
4607,40,5.0,516.27,86.0,0.8,972,0.3533,0,Risque Moyen,Réactivation Ciblée : Emailing personnalisé / Remise panier moyen
4608,32,2.0,121.07000000000001,83.0,1.0,691,0.5568,1,Risque Moyen,Réactivation Ciblée : Emailing personnalisé / Remise panier moyen
4609,58,3.0,417.56,80.0,0.6666666666666666,399,0.4491,0,Risque Moyen,Réactivation Ciblée : Emailing personnalisé / Remise panier moyen
4610,48,1.0,65.32,26.0,1.0,504,0.5855,1,Risque Moyen,Réactivation Ciblée : Emailing personnalisé / Remise panier moyen
4611,37,1.0,258.96,165.0,0.0,1158,0.6305,1,Risque Moyen,Réactivation Ciblée : Emailing personnalisé / Remise panier moyen
4612,37,1.0,154.52,97.0,1.0,970,0.6208,1,Risque Moyen,Réactivation Ciblée : Emailing personnalisé / Remise panier moyen
4613,51,5.0,947.52,33.0,0.8,1111,0.3511,0,Risque Moyen,Réactivation Ciblée : Emailing personnalisé / Remise panier moyen
4614,41,2.0,116.75999999999999,118.0,1.0,1254,0.562,1,Risque Moyen,Réactivation Ciblée : Emailing personnalisé / Remise panier moyen
4615,52,4.0,528.3199999999999,82.0,0.5,1035,0.4121,0,Risque Moyen,Réactivation Ciblée : Emailing personnalisé / Remise panier moyen
4616,18,0.0,0.0,303.0,0.0,1020,0.7356,1,Risque Élevé,Rétention Urgente : Appel VIP / Bon d'achat 20% / Enquête insatisfaction
4617,40,1.0,76.28,66.0,1.0,1136,0.6155,1,Risque Moyen,Réactivation Ciblée : Emailing personnalisé / Remise panier moyen
4618,29,6.0,922.78,27.0,0.8333333333333334,920,0.3065,0,Risque Faible,Fidélisation Active : Programme fidélité / Ventes privées / Parrainage
4619,54,4.0,446.11,6.0,0.75,541,0.3735,0,Risque Moyen,Réactivation Ciblée : Emailing personnalisé / Remise panier moyen
4620,52,1.0,125.22,120.0,0.0,761,0.5946,1,Risque Moyen,Réactivation Ciblée : Emailing personnalisé / Remise panier moyen
4621,35,3.0,566.0899999999999,2.0,0.3333333333333333,1271,0.4771,0,Risque Moyen,Réactivation Ciblée : Emailing personnalisé / Remise panier moyen
4622,52,4.0,402.63,47.0,0.5,801,0.3874,0,Risque Moyen,Réactivation Ciblée : Emailing personnalisé / Remise panier moyen
4623,55,6.0,1027.32,1.0,0.5,907,0.2793,0,Risque Faible,Fidélisation Active : Programme fidélité / Ventes privées / Parrainage
4624,36,5.0,1121.81,22.0,0.4,869,0.3656,0,Risque Moyen,Réactivation Ciblée : Emailing personnalisé / Remise panier moyen
4625,62,2.0,151.41,52.0,0.5,738,0.5099,1,Risque Moyen,Réactivation Ciblée : Emailing personnalisé / Remise panier moyen
4626,35,2.0,468.22,23.0,1.0,307,0.5342,1,Risque Moyen,Réactivation Ciblée : Emailing personnalisé / Remise panier moyen
4627,33,1.0,59.13,179.0,0.0,294,0.6189,1,Risque Moyen,Réactivation Ciblée : Emailing personnalisé / Remise panier moyen
4628,45,2.0,303.26,41.0,0.5,1242,0.536,1,Risque Moyen,Réactivation Ciblée : Emailing personnalisé / Remise panier moyen
4629,31,8.0,1272.82,20.0,0.5,892,0.2086,0,Risque Faible,Fidélisation Active : Programme fidélité / Ventes privées / Parrainage
4630,36,4.0,507.91,11.0,1.0,646,0.4029,0,Risque Moyen,Réactivation Ciblée : Emailing personnalisé / Remise panier moyen
4631,51,3.0,532.63,107.0,1.0,933,0.4816,0,Risque Moyen,Réactivation Ciblée : Emailing personnalisé / Remise panier moyen
4632,35,4.0,696.14,9.0,0.5,1284,0.424,0,Risque Moyen,Réactivation Ciblée : Emailing personnalisé / Remise panier moyen
4633,18,1.0,178.78,153.0,1.0,583,0.6462,1,Risque Moyen,Réactivation Ciblée : Emailing personnalisé / Remise panier moyen
4634,39,4.0,886.34,84.0,1.0,1342,0.4493,0,Risque Moyen,Réactivation Ciblée : Emailing personnalisé / Remise panier moyen
4635,27,2.0,767.8100000000001,155.0,0.5,509,0.5824,1,Risque Moyen,Réactivation Ciblée : Emailing personnalisé / Remise panier moyen
4636,45,1.0,71.04,196.0,1.0,1297,0.6424,1,Risque Moyen,Réactivation Ciblée : Emailing personnalisé / Remise panier moyen
4637,43,3.0,772.77,86.0,0.3333333333333333,781,0.4886,0,Risque Moyen,Réactivation Ciblée : Emailing personnalisé / Remise panier moyen
4638,51,0.0,0.0,303.0,0.0,339,0.6932,1,Risque Élevé,Rétention Urgente : Appel VIP / Bon d'achat 20% / Enquête insatisfaction
4639,45,2.0,90.29,31.0,0.5,1217,0.5293,1,Risque Moyen,Réactivation Ciblée : Emailing personnalisé / Remise panier moyen
4640,47,0.0,0.0,303.0,0.0,786,0.7051,1,Risque Élevé,Rétention Urgente : Appel VIP / Bon d'achat 20% / Enquête insatisfaction
4641,28,0.0,0.0,303.0,0.0,1312,0.7317,1,Risque Élevé,Rétention Urgente : Appel VIP / Bon d'achat 20% / Enquête insatisfaction
4642,44,2.0,111.28,120.0,0.5,943,0.5467,1,Risque Moyen,Réactivation Ciblée : Emailing personnalisé / Remise panier moyen
4643,57,8.0,1524.53,6.0,0.625,1227,0.1974,0,Risque Faible,Fidélisation Active : Programme fidélité / Ventes privées / Parrainage
4644,27,1.0,94.12,194.0,1.0,801,0.6506,1,Risque Élevé,Rétention Urgente : Appel VIP / Bon d'achat 20% / Enquête insatisfaction
4645,55,3.0,352.69,153.0,0.6666666666666666,330,0.4651,0,Risque Moyen,Réactivation Ciblée : Emailing personnalisé / Remise panier moyen
4646,29,2.0,424.01,119.0,1.0,337,0.5639,1,Risque Moyen,Réactivation Ciblée : Emailing personnalisé / Remise panier moyen
4647,26,11.0,864.0799999999999,30.0,0.45454545454545453,292,0.0887,0,Risque Faible,Fidélisation Active : Programme fidélité / Ventes privées / Parrainage
4648,38,7.0,1295.79,3.0,0.7142857142857143,1232,0.2562,0,Risque Faible,Fidélisation Active : Programme fidélité / Ventes privées / Parrainage
4649,43,0.0,0.0,303.0,0.0,1195,0.7161,1,Risque Élevé,Rétention Urgente : Appel VIP / Bon d'achat 20% / Enquête insatisfaction
4650,45,1.0,168.48,213.0,0.0,509,0.6181,1,Risque Moyen,Réactivation Ciblée : Emailing personnalisé / Remise panier moyen
4651,24,3.0,634.61,14.0,0.3333333333333333,1150,0.4938,0,Risque Moyen,Réactivation Ciblée : Emailing personnalisé / Remise panier moyen
4652,40,10.0,1935.98,13.0,0.7,1114,0.1433,0,Risque Faible,Fidélisation Active : Programme fidélité / Ventes privées / Parrainage
4653,27,4.0,707.87,16.0,0.25,557,0.4104,0,Risque Moyen,Réactivation Ciblée : Emailing personnalisé / Remise panier moyen
4654,19,6.0,698.17,9.0,0.6666666666666666,1099,0.303,0,Risque Faible,Fidélisation Active : Programme fidélité / Ventes privées / Parrainage
4655,25,0.0,0.0,303.0,0.0,1145,0.7315,1,Risque Élevé,Rétention Urgente : Appel VIP / Bon d'achat 20% / Enquête insatisfaction
4656,27,5.0,772.45,23.0,0.2,486,0.3512,0,Risque Moyen,Réactivation Ciblée : Emailing personnalisé / Remise panier moyen
4657,41,0.0,0.0,303.0,0.0,765,0.7104,1,Risque Élevé,Rétention Urgente : Appel VIP / Bon d'achat 20% / Enquête insatisfaction
4658,48,2.0,360.87,134.0,1.0,668,0.5497,1,Risque Moyen,Réactivation Ciblée : Emailing personnalisé / Remise panier moyen
4659,19,5.0,507.31,3.0,0.4,449,0.3455,0,Risque Faible,Fidélisation Active : Programme fidélité / Ventes privées / Parrainage
4660,39,5.0,637.35,14.0,0.8,1296,0.3485,0,Risque Faible,Fidélisation Active : Programme fidélité / Ventes privées / Parrainage
4661,22,10.0,1589.75,14.0,0.6,471,0.1344,0,Risque Faible,Fidélisation Active : Programme fidélité / Ventes privées / Parrainage
4662,42,8.0,911.96,6.0,0.75,422,0.1817,0,Risque Faible,Fidélisation Active : Programme fidélité / Ventes privées / Parrainage
4663,28,17.0,2192.56,51.0,0.7058823529411765,826,0.0237,0,Risque Faible,Fidélisation Active : Programme fidélité / Ventes privées / Parrainage
4664,23,0.0,0.0,303.0,0.0,738,0.7264,1,Risque Élevé,Rétention Urgente : Appel VIP / Bon d'achat 20% / Enquête insatisfaction
4665,44,1.0,272.84,197.0,0.0,574,0.6198,1,Risque Moyen,Réactivation Ciblée : Emailing personnalisé / Remise panier moyen
4666,29,2.0,316.96000000000004,152.0,1.0,491,0.5703,1,Risque Moyen,Réactivation Ciblée : Emailing personnalisé / Remise panier moyen
4667,32,3.0,453.89,56.0,0.6666666666666666,612,0.483,0,Risque Moyen,Réactivation Ciblée : Emailing personnalisé / Remise panier moyen
4668,18,5.0,998.87,1.0,0.4,751,0.3755,0,Risque Moyen,Réactivation Ciblée : Emailing personnalisé / Remise panier moyen
4669,45,0.0,0.0,303.0,0.0,1171,0.7138,1,Risque Élevé,Rétention Urgente : Appel VIP / Bon d'achat 20% / Enquête insatisfaction
4670,44,1.0,68.09,141.0,1.0,876,0.6217,1,Risque Moyen,Réactivation Ciblée : Emailing personnalisé / Remise panier moyen
4671,35,2.0,426.76,58.0,1.0,1287,0.5641,1,Risque Moyen,Réactivation Ciblée : Emailing personnalisé / Remise panier moyen
4672,18,7.0,1130.28,2.0,0.5714285714285714,995,0.2612,0,Risque Faible,Fidélisation Active : Programme fidélité / Ventes privées / Parrainage
4673,48,2.0,235.45,188.0,0.0,868,0.5542,1,Risque Moyen,Réactivation Ciblée : Emailing personnalisé / Remise panier moyen
4674,28,2.0,1103.22,96.0,1.0,1012,0.5908,1,Risque Moyen,Réactivation Ciblée : Emailing personnalisé / Remise panier moyen
4675,30,3.0,328.79,9.0,0.3333333333333333,789,0.4691,0,Risque Moyen,Réactivation Ciblée : Emailing personnalisé / Remise panier moyen
4676,60,4.0,595.63,25.0,0.0,1069,0.3786,0,Risque Moyen,Réactivation Ciblée : Emailing personnalisé / Remise panier moyen
4677,27,0.0,0.0,303.0,0.0,723,0.7225,1,Risque Élevé,Rétention Urgente : Appel VIP / Bon d'achat 20% / Enquête insatisfaction
4678,43,1.0,624.6500000000001,132.0,1.0,1249,0.629,1,Risque Moyen,Réactivation Ciblée : Emailing personnalisé / Remise panier moyen
4679,41,2.0,255.57999999999998,22.0,0.0,1183,0.5306,1,Risque Moyen,Réactivation Ciblée : Emailing personnalisé / Remise panier moyen
4680,39,3.0,260.07,190.0,1.0,785,0.5022,1,Risque Moyen,Réactivation Ciblée : Emailing personnalisé / Remise panier moyen
4681,38,2.0,381.63,79.0,0.5,1061,0.5519,1,Risque Moyen,Réactivation Ciblée : Emailing personnalisé / Remise panier moyen
4682,39,2.0,138.82,211.0,1.0,1135,0.5843,1,Risque Moyen,Réactivation Ciblée : Emailing personnalisé / Remise panier moyen
4683,38,12.0,1295.28,43.0,0.5,334,0.071,0,Risque Faible,Fidélisation Active : Programme fidélité / Ventes privées / Parrainage
4684,34,0.0,0.0,303.0,0.0,1194,0.7243,1,Risque Élevé,Rétention Urgente : Appel VIP / Bon d'achat 20% / Enquête insatisfaction
4685,52,0.0,0.0,303.0,0.0,596,0.697,1,Risque Élevé,Rétention Urgente : Appel VIP / Bon d'achat 20% / Enquête insatisfaction
4686,21,3.0,333.78,6.0,0.0,726,0.4757,0,Risque Moyen,Réactivation Ciblée : Emailing personnalisé / Remise panier moyen
4687,46,0.0,0.0,303.0,0.0,458,0.7002,1,Risque Élevé,Rétention Urgente : Appel VIP / Bon d'achat 20% / Enquête insatisfaction
4688,44,1.0,17.96,262.0,1.0,343,0.6367,1,Risque Moyen,Réactivation Ciblée : Emailing personnalisé / Remise panier moyen
4689,43,0.0,0.0,303.0,0.0,608,0.7057,1,Risque Élevé,Rétention Urgente : Appel VIP / Bon d'achat 20% / Enquête insatisfaction
4690,47,8.0,983.5,54.0,0.625,1187,0.1931,0,Risque Faible,Fidélisation Active : Programme fidélité / Ventes privées / Parrainage
4691,34,2.0,638.24,135.0,0.5,427,0.5641,1,Risque Moyen,Réactivation Ciblée : Emailing personnalisé / Remise panier moyen
4692,18,5.0,1038.76,9.0,0.6,1019,0.3903,0,Risque Moyen,Réactivation Ciblée : Emailing personnalisé / Remise panier moyen
4693,34,8.0,1247.48,6.0,0.375,730,0.199,0,Risque Faible,Fidélisation Active : Programme fidélité / Ventes privées / Parrainage
4694,24,2.0,389.92999999999995,5.0,0.5,1144,0.5533,1,Risque Moyen,Réactivation Ciblée : Emailing personnalisé / Remise panier moyen
4695,27,0.0,0.0,303.0,0.0,1083,0.7287,1,Risque Élevé,Rétention Urgente : Appel VIP / Bon d'achat 20% / Enquête insatisfaction
4696,21,2.0,260.27,105.0,0.5,1176,0.5746,1,Risque Moyen,Réactivation Ciblée : Emailing personnalisé / Remise panier moyen
4697,30,2.0,128.85,18.0,1.0,698,0.5387,1,Risque Moyen,Réactivation Ciblée : Emailing personnalisé / Remise panier moyen
4698,28,0.0,0.0,303.0,0.0,677,0.7208,1,Risque Élevé,Rétention Urgente : Appel VIP / Bon d'achat 20% / Enquête insatisfaction
4699,18,1.0,193.0,101.0,1.0,831,0.6403,1,Risque Moyen,Réactivation Ciblée : Emailing personnalisé / Remise panier moyen
4700,43,1.0,288.54,206.0,1.0,757,0.6329,1,Risque Moyen,Réactivation Ciblée : Emailing personnalisé / Remise panier moyen
4701,59,11.0,1856.31,4.0,0.2727272727272727,468,0.09,0,Risque Faible,Fidélisation Active : Programme fidélité / Ventes privées / Parrainage
4702,42,1.0,42.6,90.0,0.0,1318,0.6117,1,Risque Moyen,Réactivation Ciblée : Emailing personnalisé / Remise panier moyen
4703,33,2.0,249.34,42.0,0.5,1241,0.5487,1,Risque Moyen,Réactivation Ciblée : Emailing personnalisé / Remise panier moyen
4704,34,2.0,303.59000000000003,95.0,0.0,299,0.5408,1,Risque Moyen,Réactivation Ciblée : Emailing personnalisé / Remise panier moyen
4705,30,3.0,403.33,18.0,0.6666666666666666,1135,0.4888,0,Risque Moyen,Réactivation Ciblée : Emailing personnalisé / Remise panier moyen
4706,36,4.0,682.03,3.0,0.75,921,0.4142,0,Risque Moyen,Réactivation Ciblée : Emailing personnalisé / Remise panier moyen
4707,35,3.0,169.62,20.0,0.6666666666666666,785,0.4649,0,Risque Moyen,Réactivation Ciblée : Emailing personnalisé / Remise panier moyen
4708,26,5.0,1168.77,19.0,0.4,866,0.3833,0,Risque Moyen,Réactivation Ciblée : Emailing personnalisé / Remise panier moyen
4709,54,8.0,1098.42,54.0,0.875,762,0.1955,0,Risque Faible,Fidélisation Active : Programme fidélité / Ventes privées / Parrainage
4710,19,2.0,551.4300000000001,169.0,0.0,447,0.5855,1,Risque Moyen,Réactivation Ciblée : Emailing personnalisé / Remise panier moyen
4711,43,0.0,0.0,303.0,0.0,1084,0.7141,1,Risque Élevé,Rétention Urgente : Appel VIP / Bon d'achat 20% / Enquête insatisfaction
4712,34,6.0,1440.34,4.0,0.5,433,0.3086,0,Risque Faible,Fidélisation Active : Programme fidélité / Ventes privées / Parrainage
4713,56,1.0,52.92,179.0,1.0,825,0.6181,1,Risque Moyen,Réactivation Ciblée : Emailing personnalisé / Remise panier moyen
4714,39,2.0,108.75,143.0,0.5,1013,0.5566,1,Risque Moyen,Réactivation Ciblée : Emailing personnalisé / Remise panier moyen
4715,31,11.0,2197.57,54.0,0.45454545454545453,308,0.1148,0,Risque Faible,Fidélisation Active : Programme fidélité / Ventes privées / Parrainage
4716,32,0.0,0.0,303.0,0.0,1231,0.7267,1,Risque Élevé,Rétention Urgente : Appel VIP / Bon d'achat 20% / Enquête insatisfaction
4717,35,6.0,1123.25,9.0,0.5,757,0.3072,0,Risque Faible,Fidélisation Active : Programme fidélité / Ventes privées / Parrainage
4718,22,0.0,0.0,303.0,0.0,912,0.7303,1,Risque Élevé,Rétention Urgente : Appel VIP / Bon d'achat 20% / Enquête insatisfaction
4719,27,6.0,1007.39,29.0,0.6666666666666666,1270,0.3166,0,Risque Faible,Fidélisation Active : Programme fidélité / Ventes privées / Parrainage
4720,18,5.0,669.77,29.0,0.4,1333,0.3711,0,Risque Moyen,Réactivation Ciblée : Emailing personnalisé / Remise panier moyen
4721,25,3.0,314.36,89.0,0.6666666666666666,739,0.4947,0,Risque Moyen,Réactivation Ciblée : Emailing personnalisé / Remise panier moyen
4722,36,4.0,689.04,21.0,0.75,699,0.4137,0,Risque Moyen,Réactivation Ciblée : Emailing personnalisé / Remise panier moyen
4723,38,4.0,1150.06,128.0,0.5,582,0.4474,0,Risque Moyen,Réactivation Ciblée : Emailing personnalisé / Remise panier moyen
4724,18,6.0,826.01,16.0,0.3333333333333333,688,0.3026,0,Risque Faible,Fidélisation Active : Programme fidélité / Ventes privées / Parrainage
4725,33,3.0,379.45,7.0,0.6666666666666666,1314,0.4818,0,Risque Moyen,Réactivation Ciblée : Emailing personnalisé / Remise panier moyen
4726,41,1.0,101.03999999999999,248.0,0.0,339,0.6291,1,Risque Moyen,Réactivation Ciblée : Emailing personnalisé / Remise panier moyen
4727,33,0.0,0.0,303.0,0.0,478,0.7127,1,Risque Élevé,Rétention Urgente : Appel VIP / Bon d'achat 20% / Enquête insatisfaction
4728,28,4.0,841.44,13.0,0.75,362,0.421,0,Risque Moyen,Réactivation Ciblée : Emailing personnalisé / Remise panier moyen
4729,30,4.0,406.05,11.0,0.0,601,0.392,0,Risque Moyen,Réactivation Ciblée : Emailing personnalisé / Remise panier moyen
4730,29,7.0,1701.0800000000002,77.0,0.5714285714285714,451,0.2811,0,Risque Faible,Fidélisation Active : Programme fidélité / Ventes privées / Parrainage
4731,28,1.0,54.26,222.0,1.0,705,0.6519,1,Risque Élevé,Rétention Urgente : Appel VIP / Bon d'achat 20% / Enquête insatisfaction
4732,37,2.0,460.42999999999995,112.0,0.5,539,0.5591,1,Risque Moyen,Réactivation Ciblée : Emailing personnalisé / Remise panier moyen
4733,60,4.0,528.16,40.0,0.0,1199,0.3883,0,Risque Moyen,Réactivation Ciblée : Emailing personnalisé / Remise panier moyen
4734,27,2.0,497.06999999999994,100.0,0.5,1120,0.5784,1,Risque Moyen,Réactivation Ciblée : Emailing personnalisé / Remise panier moyen
4735,32,2.0,879.56,55.0,1.0,707,0.5671,1,Risque Moyen,Réactivation Ciblée : Emailing personnalisé / Remise panier moyen
4736,34,9.0,2068.58,8.0,0.6666666666666666,1159,0.186,0,Risque Faible,Fidélisation Active : Programme fidélité / Ventes privées / Parrainage
4737,27,3.0,444.36,18.0,0.6666666666666666,457,0.4767,0,Risque Moyen,Réactivation Ciblée : Emailing personnalisé / Remise panier moyen
4738,47,0.0,0.0,303.0,0.0,629,0.7023,1,Risque Élevé,Rétention Urgente : Appel VIP / Bon d'achat 20% / Enquête insatisfaction
4739,18,0.0,0.0,303.0,0.0,1228,0.7391,1,Risque Élevé,Rétention Urgente : Appel VIP / Bon d'achat 20% / Enquête insatisfaction
4740,29,6.0,809.09,10.0,0.16666666666666666,737,0.2862,0,Risque Faible,Fidélisation Active : Programme fidélité / Ventes privées / Parrainage
4741,44,6.0,596.99,69.0,0.8333333333333334,564,0.2741,0,Risque Faible,Fidélisation Active : Programme fidélité / Ventes privées / Parrainage
4742,32,2.0,150.47,28.0,1.0,1189,0.5495,1,Risque Moyen,Réactivation Ciblée : Emailing personnalisé / Remise panier moyen
4743,26,2.0,131.95,41.0,0.5,449,0.5394,1,Risque Moyen,Réactivation Ciblée : Emailing personnalisé / Remise panier moyen
4744,40,0.0,0.0,303.0,0.0,732,0.7107,1,Risque Élevé,Rétention Urgente : Appel VIP / Bon d'achat 20% / Enquête insatisfaction
4745,45,1.0,222.66,129.0,1.0,615,0.6148,1,Risque Moyen,Réactivation Ciblée : Emailing personnalisé / Remise panier moyen
4746,37,1.0,49.49,73.0,1.0,382,0.6052,1,Risque Moyen,Réactivation Ciblée : Emailing personnalisé / Remise panier moyen
4747,26,5.0,549.62,10.0,0.8,328,0.343,0,Risque Faible,Fidélisation Active : Programme fidélité / Ventes privées / Parrainage
4748,40,0.0,0.0,303.0,0.0,329,0.7035,1,Risque Élevé,Rétention Urgente : Appel VIP / Bon d'achat 20% / Enquête insatisfaction
4749,31,3.0,393.82,108.0,0.3333333333333333,984,0.5002,1,Risque Moyen,Réactivation Ciblée : Emailing personnalisé / Remise panier moyen
4750,43,1.0,82.8,5.0,1.0,476,0.5877,1,Risque Moyen,Réactivation Ciblée : Emailing personnalisé / Remise panier moyen
4751,51,7.0,1960.37,16.0,0.5714285714285714,382,0.2583,0,Risque Faible,Fidélisation Active : Programme fidélité / Ventes privées / Parrainage
4752,18,3.0,676.74,5.0,0.6666666666666666,600,0.4961,0,Risque Moyen,Réactivation Ciblée : Emailing personnalisé / Remise panier moyen
4753,36,8.0,1738.29,1.0,0.625,577,0.2177,0,Risque Faible,Fidélisation Active : Programme fidélité / Ventes privées / Parrainage
4754,18,2.0,268.79,42.0,0.5,1323,0.5718,1,Risque Moyen,Réactivation Ciblée : Emailing personnalisé / Remise panier moyen
4755,62,8.0,1003.5,23.0,0.375,865,0.1711,0,Risque Faible,Fidélisation Active : Programme fidélité / Ventes privées / Parrainage
4756,30,4.0,1108.81,35.0,0.5,539,0.4337,0,Risque Moyen,Réactivation Ciblée : Emailing personnalisé / Remise panier moyen
4757,43,0.0,0.0,303.0,0.0,844,0.7099,1,Risque Élevé,Rétention Urgente : Appel VIP / Bon d'achat 20% / Enquête insatisfaction
4758,35,2.0,160.51999999999998,2.0,0.5,390,0.5264,1,Risque Moyen,Réactivation Ciblée : Emailing personnalisé / Remise panier moyen
4759,26,3.0,296.48,30.0,0.3333333333333333,812,0.4735,0,Risque Moyen,Réactivation Ciblée : Emailing personnalisé / Remise panier moyen
4760,25,0.0,0.0,303.0,0.0,1322,0.7345,1,Risque Élevé,Rétention Urgente : Appel VIP / Bon d'achat 20% / Enquête insatisfaction
4761,52,3.0,785.8600000000001,146.0,1.0,841,0.4989,0,Risque Moyen,Réactivation Ciblée : Emailing personnalisé / Remise panier moyen
4762,46,1.0,196.02,190.0,1.0,1262,0.6378,1,Risque Moyen,Réactivation Ciblée : Emailing personnalisé / Remise panier moyen
4763,56,1.0,113.88,252.0,1.0,342,0.6227,1,Risque Moyen,Réactivation Ciblée : Emailing personnalisé / Remise panier moyen
4764,36,17.0,2867.65,11.0,0.5882352941176471,753,0.0259,0,Risque Faible,Fidélisation Active : Programme fidélité / Ventes privées / Parrainage
4765,38,8.0,1040.83,8.0,0.625,403,0.1844,0,Risque Faible,Fidélisation Active : Programme fidélité / Ventes privées / Parrainage
4766,32,1.0,527.2,97.0,1.0,509,0.6198,1,Risque Moyen,Réactivation Ciblée : Emailing personnalisé / Remise panier moyen
4767,32,0.0,0.0,303.0,0.0,1168,0.7256,1,Risque Élevé,Rétention Urgente : Appel VIP / Bon d'achat 20% / Enquête insatisfaction
4768,24,2.0,198.62,103.0,0.5,1115,0.5727,1,Risque Moyen,Réactivation Ciblée : Emailing personnalisé / Remise panier moyen
4769,36,5.0,572.23,2.0,0.4,1186,0.3406,0,Risque Faible,Fidélisation Active : Programme fidélité / Ventes privées / Parrainage
4770,26,1.0,77.07,193.0,0.0,388,0.6309,1,Risque Moyen,Réactivation Ciblée : Emailing personnalisé / Remise panier moyen
4771,40,4.0,1150.15,125.0,0.5,879,0.4508,0,Risque Moyen,Réactivation Ciblée : Emailing personnalisé / Remise panier moyen
4772,37,3.0,254.13,90.0,0.3333333333333333,864,0.4741,0,Risque Moyen,Réactivation Ciblée : Emailing personnalisé / Remise panier moyen
4773,38,3.0,516.79,70.0,0.3333333333333333,956,0.4805,0,Risque Moyen,Réactivation Ciblée : Emailing personnalisé / Remise panier moyen
4774,53,0.0,0.0,303.0,0.0,965,0.7027,1,Risque Élevé,Rétention Urgente : Appel VIP / Bon d'achat 20% / Enquête insatisfaction
4775,35,2.0,970.9,125.0,0.5,1133,0.5839,1,Risque Moyen,Réactivation Ciblée : Emailing personnalisé / Remise panier moyen
4776,43,2.0,284.96,13.0,0.0,510,0.5125,1,Risque Moyen,Réactivation Ciblée : Emailing personnalisé / Remise panier moyen
4777,58,3.0,240.37,48.0,0.3333333333333333,403,0.4333,0,Risque Moyen,Réactivation Ciblée : Emailing personnalisé / Remise panier moyen
4778,49,5.0,595.4,44.0,0.4,736,0.328,0,Risque Faible,Fidélisation Active : Programme fidélité / Ventes privées / Parrainage
4779,48,2.0,497.09,61.0,0.0,1161,0.5439,1,Risque Moyen,Réactivation Ciblée : Emailing personnalisé / Remise panier moyen
4780,32,3.0,495.70000000000005,46.0,0.3333333333333333,1229,0.4894,0,Risque Moyen,Réactivation Ciblée : Emailing personnalisé / Remise panier moyen
4781,38,3.0,266.52,182.0,0.6666666666666666,781,0.4957,0,Risque Moyen,Réactivation Ciblée : Emailing personnalisé / Remise panier moyen
4782,20,2.0,251.68,16.0,1.0,782,0.5556,1,Risque Moyen,Réactivation Ciblée : Emailing personnalisé / Remise panier moyen
4783,40,1.0,67.46,273.0,0.0,452,0.636,1,Risque Moyen,Réactivation Ciblée : Emailing personnalisé / Remise panier moyen
4784,38,2.0,420.27,59.0,1.0,402,0.5442,1,Risque Moyen,Réactivation Ciblée : Emailing personnalisé / Remise panier moyen
4785,35,4.0,1412.6100000000001,152.0,1.0,799,0.4777,0,Risque Moyen,Réactivation Ciblée : Emailing personnalisé / Remise panier moyen
4786,46,0.0,0.0,303.0,0.0,1244,0.7142,1,Risque Élevé,Rétention Urgente : Appel VIP / Bon d'achat 20% / Enquête insatisfaction
4787,22,1.0,160.82,191.0,0.0,1235,0.6523,1,Risque Élevé,Rétention Urgente : Appel VIP / Bon d'achat 20% / Enquête insatisfaction
4788,53,1.0,46.49,85.0,1.0,373,0.5902,1,Risque Moyen,Réactivation Ciblée : Emailing personnalisé / Remise panier moyen
4789,45,5.0,468.87,32.0,0.0,719,0.3191,0,Risque Faible,Fidélisation Active : Programme fidélité / Ventes privées / Parrainage
4790,34,1.0,47.02,266.0,0.0,663,0.6433,1,Risque Moyen,Réactivation Ciblée : Emailing personnalisé / Remise panier moyen
4791,33,8.0,1334.5,82.0,0.625,801,0.2148,0,Risque Faible,Fidélisation Active : Programme fidélité / Ventes privées / Parrainage
4792,40,10.0,1090.9099999999999,31.0,0.6,1030,0.1177,0,Risque Faible,Fidélisation Active : Programme fidélité / Ventes privées / Parrainage
4793,52,0.0,0.0,303.0,0.0,530,0.6958,1,Risque Élevé,Rétention Urgente : Appel VIP / Bon d'achat 20% / Enquête insatisfaction
4794,36,2.0,184.19,221.0,0.5,1047,0.579,1,Risque Moyen,Réactivation Ciblée : Emailing personnalisé / Remise panier moyen
4795,37,5.0,716.02,26.0,0.4,1274,0.3531,0,Risque Moyen,Réactivation Ciblée : Emailing personnalisé / Remise panier moyen
4796,35,13.0,2092.0,17.0,0.6153846153846154,1173,0.0667,0,Risque Faible,Fidélisation Active : Programme fidélité / Ventes privées / Parrainage
4797,55,3.0,462.53999999999996,40.0,1.0,1177,0.4719,0,Risque Moyen,Réactivation Ciblée : Emailing personnalisé / Remise panier moyen
4798,31,1.0,271.40999999999997,192.0,0.0,713,0.6333,1,Risque Moyen,Réactivation Ciblée : Emailing personnalisé / Remise panier moyen
4799,35,1.0,123.72,47.0,1.0,847,0.6145,1,Risque Moyen,Réactivation Ciblée : Emailing personnalisé / Remise panier moyen
4800,51,3.0,723.02,68.0,0.3333333333333333,616,0.4663,0,Risque Moyen,Réactivation Ciblée : Emailing personnalisé / Remise panier moyen
4801,37,5.0,768.0600000000001,3.0,0.2,381,0.331,0,Risque Faible,Fidélisation Active : Programme fidélité / Ventes privées / Parrainage
4802,48,2.0,294.83000000000004,77.0,1.0,363,0.5337,1,Risque Moyen,Réactivation Ciblée : Emailing personnalisé / Remise panier moyen
4803,25,4.0,691.8,166.0,0.0,1356,0.4609,0,Risque Moyen,Réactivation Ciblée : Emailing personnalisé / Remise panier moyen
4804,33,4.0,561.5,1.0,0.25,1115,0.4094,0,Risque Moyen,Réactivation Ciblée : Emailing personnalisé / Remise panier moyen
4805,51,5.0,1083.5900000000001,141.0,0.2,1288,0.3792,0,Risque Moyen,Réactivation Ciblée : Emailing personnalisé / Remise panier moyen
4806,28,4.0,696.74,18.0,0.25,996,0.4207,0,Risque Moyen,Réactivation Ciblée : Emailing personnalisé / Remise panier moyen
4807,33,3.0,196.24,3.0,0.3333333333333333,975,0.4687,0,Risque Moyen,Réactivation Ciblée : Emailing personnalisé / Remise panier moyen
4808,38,4.0,817.9499999999999,3.0,0.25,951,0.4138,0,Risque Moyen,Réactivation Ciblée : Emailing personnalisé / Remise panier moyen
4809,24,2.0,228.69,7.0,0.5,286,0.5325,1,Risque Moyen,Réactivation Ciblée : Emailing personnalisé / Remise panier moyen
4810,30,2.0,1207.3200000000002,38.0,0.0,1241,0.5779,1,Risque Moyen,Réactivation Ciblée : Emailing personnalisé / Remise panier moyen
4811,36,5.0,903.3799999999999,52.0,0.4,552,0.3577,0,Risque Moyen,Réactivation Ciblée : Emailing personnalisé / Remise panier moyen
4812,36,0.0,0.0,303.0,0.0,595,0.712,1,Risque Élevé,Rétention Urgente : Appel VIP / Bon d'achat 20% / Enquête insatisfaction
4813,49,1.0,36.23,223.0,0.0,477,0.615,1,Risque Moyen,Réactivation Ciblée : Emailing personnalisé / Remise panier moyen
4814,52,2.0,398.15000000000003,206.0,0.5,1087,0.5648,1,Risque Moyen,Réactivation Ciblée : Emailing personnalisé / Remise panier moyen
4815,26,1.0,85.92,234.0,1.0,1162,0.6647,1,Risque Élevé,Rétention Urgente : Appel VIP / Bon d'achat 20% / Enquête insatisfaction
4816,36,3.0,588.24,24.0,0.0,966,0.4754,0,Risque Moyen,Réactivation Ciblée : Emailing personnalisé / Remise panier moyen
4817,42,0.0,0.0,303.0,0.0,1151,0.7162,1,Risque Élevé,Rétention Urgente : Appel VIP / Bon d'achat 20% / Enquête insatisfaction
4818,52,1.0,172.74,248.0,1.0,1043,0.6393,1,Risque Moyen,Réactivation Ciblée : Emailing personnalisé / Remise panier moyen
4819,43,2.0,177.46,199.0,0.5,613,0.5572,1,Risque Moyen,Réactivation Ciblée : Emailing personnalisé / Remise panier moyen
4820,38,1.0,319.66,109.0,1.0,357,0.6095,1,Risque Moyen,Réactivation Ciblée : Emailing personnalisé / Remise panier moyen
4821,42,5.0,968.79,2.0,0.2,1239,0.361,0,Risque Moyen,Réactivation Ciblée : Emailing personnalisé / Remise panier moyen
4822,42,6.0,1034.17,21.0,0.5,1366,0.3016,0,Risque Faible,Fidélisation Active : Programme fidélité / Ventes privées / Parrainage
4823,25,4.0,506.71999999999997,154.0,0.5,814,0.4417,0,Risque Moyen,Réactivation Ciblée : Emailing personnalisé / Remise panier moyen
4824,37,10.0,1250.84,20.0,0.3,1103,0.1222,0,Risque Faible,Fidélisation Active : Programme fidélité / Ventes privées / Parrainage
4825,51,3.0,184.21,109.0,0.6666666666666666,446,0.4553,0,Risque Moyen,Réactivation Ciblée : Emailing personnalisé / Remise panier moyen
4826,33,9.0,2259.58,37.0,0.3333333333333333,1345,0.2057,0,Risque Faible,Fidélisation Active : Programme fidélité / Ventes privées / Parrainage
4827,36,4.0,360.29,1.0,1.0,835,0.4059,0,Risque Moyen,Réactivation Ciblée : Emailing personnalisé / Remise panier moyen
4828,32,4.0,1434.33,6.0,0.25,1366,0.4619,0,Risque Moyen,Réactivation Ciblée : Emailing personnalisé / Remise panier moyen
4829,18,1.0,60.89,254.0,0.0,489,0.6538,1,Risque Élevé,Rétention Urgente : Appel VIP / Bon d'achat 20% / Enquête insatisfaction
4830,35,4.0,1006.68,10.0,0.5,942,0.4256,0,Risque Moyen,Réactivation Ciblée : Emailing personnalisé / Remise panier moyen
4831,38,0.0,0.0,303.0,0.0,1365,0.7236,1,Risque Élevé,Rétention Urgente : Appel VIP / Bon d'achat 20% / Enquête insatisfaction
4832,29,0.0,0.0,303.0,0.0,561,0.7179,1,Risque Élevé,Rétention Urgente : Appel VIP / Bon d'achat 20% / Enquête insatisfaction
4833,22,2.0,311.23,71.0,1.0,585,0.5666,1,Risque Moyen,Réactivation Ciblée : Emailing personnalisé / Remise panier moyen
4834,25,0.0,0.0,303.0,0.0,866,0.7268,1,Risque Élevé,Rétention Urgente : Appel VIP / Bon d'achat 20% / Enquête insatisfaction
4835,43,5.0,212.6,3.0,0.8,1137,0.3246,0,Risque Faible,Fidélisation Active : Programme fidélité / Ventes privées / Parrainage
4836,57,9.0,1680.56,123.0,0.2222222222222222,496,0.1693,0,Risque Faible,Fidélisation Active : Programme fidélité / Ventes privées / Parrainage
4837,50,1.0,22.14,92.0,0.0,619,0.5893,1,Risque Moyen,Réactivation Ciblée : Emailing personnalisé / Remise panier moyen
4838,20,0.0,0.0,303.0,0.0,1297,0.7385,1,Risque Élevé,Rétention Urgente : Appel VIP / Bon d'achat 20% / Enquête insatisfaction
4839,44,0.0,0.0,303.0,0.0,1281,0.7167,1,Risque Élevé,Rétention Urgente : Appel VIP / Bon d'achat 20% / Enquête insatisfaction
4840,28,4.0,734.94,131.0,0.75,841,0.4596,0,Risque Moyen,Réactivation Ciblée : Emailing personnalisé / Remise panier moyen
4841,29,3.0,178.20999999999998,31.0,1.0,483,0.4695,0,Risque Moyen,Réactivation Ciblée : Emailing personnalisé / Remise panier moyen
4842,30,2.0,166.69,98.0,0.5,766,0.5527,1,Risque Moyen,Réactivation Ciblée : Emailing personnalisé / Remise panier moyen
4843,43,2.0,717.74,82.0,0.0,919,0.5487,1,Risque Moyen,Réactivation Ciblée : Emailing personnalisé / Remise panier moyen
4844,46,2.0,131.72,120.0,0.5,930,0.5424,1,Risque Moyen,Réactivation Ciblée : Emailing personnalisé / Remise panier moyen
4845,34,3.0,271.49,15.0,0.6666666666666666,1243,0.4842,0,Risque Moyen,Réactivation Ciblée : Emailing personnalisé / Remise panier moyen
4846,34,3.0,672.9,97.0,0.3333333333333333,806,0.5032,1,Risque Moyen,Réactivation Ciblée : Emailing personnalisé / Remise panier moyen
4847,40,2.0,370.70000000000005,57.0,0.5,327,0.5333,1,Risque Moyen,Réactivation Ciblée : Emailing personnalisé / Remise panier moyen
4848,41,9.0,1998.06,25.0,0.5555555555555556,520,0.1741,0,Risque Faible,Fidélisation Active : Programme fidélité / Ventes privées / Parrainage
4849,48,9.0,1384.61,1.0,0.6666666666666666,504,0.1503,0,Risque Faible,Fidélisation Active : Programme fidélité / Ventes privées / Parrainage
4850,21,4.0,564.24,51.0,0.25,445,0.4194,0,Risque Moyen,Réactivation Ciblée : Emailing personnalisé / Remise panier moyen
4851,35,2.0,196.92,126.0,0.5,1024,0.5614,1,Risque Moyen,Réactivation Ciblée : Emailing personnalisé / Remise panier moyen
4852,23,4.0,296.09000000000003,10.0,0.75,901,0.4102,0,Risque Moyen,Réactivation Ciblée : Emailing personnalisé / Remise panier moyen
4853,34,6.0,1237.89,70.0,0.8333333333333334,388,0.3073,0,Risque Faible,Fidélisation Active : Programme fidélité / Ventes privées / Parrainage
4854,33,4.0,798.45,23.0,0.75,1228,0.4344,0,Risque Moyen,Réactivation Ciblée : Emailing personnalisé / Remise panier moyen
4855,34,3.0,384.99,40.0,0.0,339,0.4618,0,Risque Moyen,Réactivation Ciblée : Emailing personnalisé / Remise panier moyen
4856,26,6.0,673.6600000000001,4.0,0.6666666666666666,700,0.2946,0,Risque Faible,Fidélisation Active : Programme fidélité / Ventes privées / Parrainage
4857,19,1.0,55.31,22.0,1.0,738,0.621,1,Risque Moyen,Réactivation Ciblée : Emailing personnalisé / Remise panier moyen
4858,18,0.0,0.0,303.0,0.0,280,0.7231,1,Risque Élevé,Rétention Urgente : Appel VIP / Bon d'achat 20% / Enquête insatisfaction
4859,34,1.0,68.21,7.0,0.0,289,0.5811,1,Risque Moyen,Réactivation Ciblée : Emailing personnalisé / Remise panier moyen
4860,30,2.0,561.48,31.0,0.5,571,0.5497,1,Risque Moyen,Réactivation Ciblée : Emailing personnalisé / Remise panier moyen
4861,28,0.0,0.0,303.0,0.0,414,0.7162,1,Risque Élevé,Rétention Urgente : Appel VIP / Bon d'achat 20% / Enquête insatisfaction
4862,50,3.0,427.78999999999996,65.0,0.3333333333333333,1154,0.4674,0,Risque Moyen,Réactivation Ciblée : Emailing personnalisé / Remise panier moyen
4863,26,1.0,467.95000000000005,126.0,0.0,626,0.6246,1,Risque Moyen,Réactivation Ciblée : Emailing personnalisé / Remise panier moyen
4864,51,0.0,0.0,303.0,0.0,1311,0.7107,1,Risque Élevé,Rétention Urgente : Appel VIP / Bon d'achat 20% / Enquête insatisfaction
4865,53,6.0,563.43,7.0,0.8333333333333334,463,0.2627,0,Risque Faible,Fidélisation Active : Programme fidélité / Ventes privées / Parrainage
4866,18,3.0,616.48,17.0,0.3333333333333333,964,0.4945,0,Risque Moyen,Réactivation Ciblée : Emailing personnalisé / Remise panier moyen
4867,36,8.0,985.26,17.0,0.375,648,0.1869,0,Risque Faible,Fidélisation Active : Programme fidélité / Ventes privées / Parrainage
4868,31,2.0,547.51,8.0,0.0,586,0.5336,1,Risque Moyen,Réactivation Ciblée : Emailing personnalisé / Remise panier moyen
4869,18,3.0,453.41999999999996,57.0,0.6666666666666666,1272,0.5133,1,Risque Moyen,Réactivation Ciblée : Emailing personnalisé / Remise panier moyen
4870,19,6.0,1611.54,71.0,0.16666666666666666,782,0.3518,0,Risque Moyen,Réactivation Ciblée : Emailing personnalisé / Remise panier moyen
4871,44,2.0,266.82,15.0,0.5,851,0.5245,1,Risque Moyen,Réactivation Ciblée : Emailing personnalisé / Remise panier moyen
4872,57,0.0,0.0,303.0,0.0,701,0.6941,1,Risque Élevé,Rétention Urgente : Appel VIP / Bon d'achat 20% / Enquête insatisfaction
4873,45,2.0,193.41,143.0,0.5,282,0.538,1,Risque Moyen,Réactivation Ciblée : Emailing personnalisé / Remise panier moyen
4874,39,4.0,253.07999999999998,18.0,0.5,828,0.3929,0,Risque Moyen,Réactivation Ciblée : Emailing personnalisé / Remise panier moyen
4875,35,3.0,798.35,14.0,0.6666666666666666,553,0.4815,0,Risque Moyen,Réactivation Ciblée : Emailing personnalisé / Remise panier moyen
4876,54,2.0,264.31,6.0,1.0,1178,0.5261,1,Risque Moyen,Réactivation Ciblée : Emailing personnalisé / Remise panier moyen
4877,59,12.0,1977.8400000000001,9.0,0.4166666666666667,452,0.0744,0,Risque Faible,Fidélisation Active : Programme fidélité / Ventes privées / Parrainage
4878,29,1.0,47.44,202.0,0.0,653,0.6353,1,Risque Moyen,Réactivation Ciblée : Emailing personnalisé / Remise panier moyen
4879,18,1.0,73.74,79.0,1.0,830,0.6374,1,Risque Moyen,Réactivation Ciblée : Emailing personnalisé / Remise panier moyen
4880,18,7.0,1145.51,43.0,0.5714285714285714,1284,0.2754,0,Risque Faible,Fidélisation Active : Programme fidélité / Ventes privées / Parrainage
4881,50,0.0,0.0,303.0,0.0,928,0.7048,1,Risque Élevé,Rétention Urgente : Appel VIP / Bon d'achat 20% / Enquête insatisfaction
4882,34,3.0,530.5799999999999,63.0,0.3333333333333333,579,0.4887,0,Risque Moyen,Réactivation Ciblée : Emailing personnalisé / Remise panier moyen
4883,37,1.0,204.3,36.0,1.0,1030,0.6106,1,Risque Moyen,Réactivation Ciblée : Emailing personnalisé / Remise panier moyen
4884,18,3.0,531.62,72.0,0.6666666666666666,365,0.4994,0,Risque Moyen,Réactivation Ciblée : Emailing personnalisé / Remise panier moyen
4885,27,3.0,355.46000000000004,5.0,0.0,695,0.4644,0,Risque Moyen,Réactivation Ciblée : Emailing personnalisé / Remise panier moyen
4886,32,0.0,0.0,303.0,0.0,639,0.7165,1,Risque Élevé,Rétention Urgente : Appel VIP / Bon d'achat 20% / Enquête insatisfaction
4887,37,2.0,398.12,152.0,0.0,1052,0.5719,1,Risque Moyen,Réactivation Ciblée : Emailing personnalisé / Remise panier moyen
4888,31,10.0,1593.46,8.0,0.7,1293,0.1379,0,Risque Faible,Fidélisation Active : Programme fidélité / Ventes privées / Parrainage
4889,24,3.0,351.98999999999995,21.0,0.3333333333333333,395,0.4686,0,Risque Moyen,Réactivation Ciblée : Emailing personnalisé / Remise panier moyen
4890,26,2.0,286.14,33.0,1.0,370,0.5466,1,Risque Moyen,Réactivation Ciblée : Emailing personnalisé / Remise panier moyen
4891,48,2.0,176.61,82.0,0.5,1165,0.5376,1,Risque Moyen,Réactivation Ciblée : Emailing personnalisé / Remise panier moyen
4892,38,3.0,302.85,42.0,0.6666666666666666,945,0.4845,0,Risque Moyen,Réactivation Ciblée : Emailing personnalisé / Remise panier moyen
4893,42,1.0,243.8,92.0,1.0,1176,0.6194,1,Risque Moyen,Réactivation Ciblée : Emailing personnalisé / Remise panier moyen
4894,25,3.0,701.44,24.0,0.6666666666666666,472,0.4925,0,Risque Moyen,Réactivation Ciblée : Emailing personnalisé / Remise panier moyen
4895,18,0.0,0.0,303.0,0.0,588,0.7283,1,Risque Élevé,Rétention Urgente : Appel VIP / Bon d'achat 20% / Enquête insatisfaction
4896,29,2.0,125.03999999999999,13.0,0.0,1068,0.5351,1,Risque Moyen,Réactivation Ciblée : Emailing personnalisé / Remise panier moyen
4897,25,2.0,244.84,130.0,0.0,1109,0.5683,1,Risque Moyen,Réactivation Ciblée : Emailing personnalisé / Remise panier moyen
4898,39,1.0,72.84,244.0,1.0,365,0.6399,1,Risque Moyen,Réactivation Ciblée : Emailing personnalisé / Remise panier moyen
4899,70,0.0,0.0,303.0,0.0,753,0.6824,1,Risque Élevé,Rétention Urgente : Appel VIP / Bon d'achat 20% / Enquête insatisfaction
4900,43,6.0,1098.8700000000001,5.0,0.3333333333333333,937,0.2906,0,Risque Faible,Fidélisation Active : Programme fidélité / Ventes privées / Parrainage
4901,65,9.0,623.82,20.0,0.3333333333333333,653,0.1239,0,Risque Faible,Fidélisation Active : Programme fidélité / Ventes privées / Parrainage
4902,41,0.0,0.0,303.0,0.0,673,0.7087,1,Risque Élevé,Rétention Urgente : Appel VIP / Bon d'achat 20% / Enquête insatisfaction
4903,28,3.0,592.74,28.0,0.3333333333333333,1171,0.498,0,Risque Moyen,Réactivation Ciblée : Emailing personnalisé / Remise panier moyen
4904,39,3.0,125.63,128.0,0.6666666666666666,386,0.4722,0,Risque Moyen,Réactivation Ciblée : Emailing personnalisé / Remise panier moyen
4905,55,1.0,31.98,55.0,1.0,1330,0.6016,1,Risque Moyen,Réactivation Ciblée : Emailing personnalisé / Remise panier moyen
4906,55,3.0,330.53,112.0,0.3333333333333333,660,0.4609,0,Risque Moyen,Réactivation Ciblée : Emailing personnalisé / Remise panier moyen
4907,29,1.0,101.6,244.0,1.0,898,0.6642,1,Risque Élevé,Rétention Urgente : Appel VIP / Bon d'achat 20% / Enquête insatisfaction
4908,38,2.0,225.32999999999998,52.0,0.0,1290,0.5509,1,Risque Moyen,Réactivation Ciblée : Emailing personnalisé / Remise panier moyen
4909,19,4.0,1070.67,107.0,0.75,640,0.4676,0,Risque Moyen,Réactivation Ciblée : Emailing personnalisé / Remise panier moyen
4910,44,1.0,22.07,266.0,1.0,685,0.6442,1,Risque Moyen,Réactivation Ciblée : Emailing personnalisé / Remise panier moyen
4911,52,5.0,1111.46,74.0,0.6,1326,0.3724,0,Risque Moyen,Réactivation Ciblée : Emailing personnalisé / Remise panier moyen
4912,35,1.0,225.54000000000002,54.0,1.0,1237,0.6224,1,Risque Moyen,Réactivation Ciblée : Emailing personnalisé / Remise panier moyen
4913,28,0.0,0.0,303.0,0.0,1292,0.7313,1,Risque Élevé,Rétention Urgente : Appel VIP / Bon d'achat 20% / Enquête insatisfaction
4914,39,3.0,685.24,18.0,0.6666666666666666,1330,0.489,0,Risque Moyen,Réactivation Ciblée : Emailing personnalisé / Remise panier moyen
4915,40,3.0,594.52,42.0,0.6666666666666666,1218,0.4859,0,Risque Moyen,Réactivation Ciblée : Emailing personnalisé / Remise panier moyen
4916,36,2.0,192.96,4.0,0.5,393,0.5177,1,Risque Moyen,Réactivation Ciblée : Emailing personnalisé / Remise panier moyen
4917,37,0.0,0.0,303.0,0.0,1051,0.7191,1,Risque Élevé,Rétention Urgente : Appel VIP / Bon d'achat 20% / Enquête insatisfaction
4918,33,1.0,348.06,164.0,1.0,932,0.6395,1,Risque Moyen,Réactivation Ciblée : Emailing personnalisé / Remise panier moyen
4919,46,2.0,115.55,61.0,0.5,742,0.5251,1,Risque Moyen,Réactivation Ciblée : Emailing personnalisé / Remise panier moyen
4920,43,3.0,306.97,1.0,0.6666666666666666,818,0.4564,0,Risque Moyen,Réactivation Ciblée : Emailing personnalisé / Remise panier moyen
4921,24,7.0,1446.93,37.0,0.2857142857142857,1029,0.2738,0,Risque Faible,Fidélisation Active : Programme fidélité / Ventes privées / Parrainage
4922,24,3.0,796.69,25.0,0.6666666666666666,711,0.4954,0,Risque Moyen,Réactivation Ciblée : Emailing personnalisé / Remise panier moyen
4923,32,6.0,949.0300000000001,110.0,0.8333333333333334,451,0.3116,0,Risque Faible,Fidélisation Active : Programme fidélité / Ventes privées / Parrainage
4924,43,0.0,0.0,303.0,0.0,1008,0.7128,1,Risque Élevé,Rétention Urgente : Appel VIP / Bon d'achat 20% / Enquête insatisfaction
4925,37,4.0,976.65,144.0,0.5,373,0.4479,0,Risque Moyen,Réactivation Ciblée : Emailing personnalisé / Remise panier moyen
4926,28,2.0,81.75,55.0,0.0,598,0.5368,1,Risque Moyen,Réactivation Ciblée : Emailing personnalisé / Remise panier moyen
4927,38,4.0,932.54,9.0,0.75,1179,0.4358,0,Risque Moyen,Réactivation Ciblée : Emailing personnalisé / Remise panier moyen
4928,31,2.0,290.79999999999995,70.0,0.5,956,0.5518,1,Risque Moyen,Réactivation Ciblée : Emailing personnalisé / Remise panier moyen
4929,45,4.0,610.4399999999999,26.0,0.75,1040,0.4093,0,Risque Moyen,Réactivation Ciblée : Emailing personnalisé / Remise panier moyen
4930,39,3.0,554.28,106.0,0.6666666666666666,1277,0.5035,1,Risque Moyen,Réactivation Ciblée : Emailing personnalisé / Remise panier moyen
4931,32,1.0,61.56,67.0,0.0,929,0.6135,1,Risque Moyen,Réactivation Ciblée : Emailing personnalisé / Remise panier moyen
4932,38,2.0,224.01999999999998,150.0,0.5,1124,0.5659,1,Risque Moyen,Réactivation Ciblée : Emailing personnalisé / Remise panier moyen
4933,49,7.0,791.37,42.0,0.42857142857142855,460,0.2175,0,Risque Faible,Fidélisation Active : Programme fidélité / Ventes privées / Parrainage
4934,29,2.0,298.12,158.0,0.5,536,0.5687,1,Risque Moyen,Réactivation Ciblée : Emailing personnalisé / Remise panier moyen
4935,39,3.0,386.34,15.0,0.6666666666666666,1272,0.4804,0,Risque Moyen,Réactivation Ciblée : Emailing personnalisé / Remise panier moyen
4936,34,3.0,788.33,55.0,1.0,431,0.4947,0,Risque Moyen,Réactivation Ciblée : Emailing personnalisé / Remise panier moyen
4937,40,1.0,185.4,24.0,0.0,415,0.5812,1,Risque Moyen,Réactivation Ciblée : Emailing personnalisé / Remise panier moyen
4938,28,2.0,95.94,125.0,1.0,794,0.5657,1,Risque Moyen,Réactivation Ciblée : Emailing personnalisé / Remise panier moyen
4939,36,4.0,476.66999999999996,136.0,0.5,1266,0.4383,0,Risque Moyen,Réactivation Ciblée : Emailing personnalisé / Remise panier moyen
4940,47,4.0,778.15,1.0,0.5,540,0.3944,0,Risque Moyen,Réactivation Ciblée : Emailing personnalisé / Remise panier moyen
4941,25,2.0,200.71999999999997,107.0,0.5,856,0.567,1,Risque Moyen,Réactivation Ciblée : Emailing personnalisé / Remise panier moyen
4942,20,3.0,612.46,76.0,0.3333333333333333,703,0.5039,1,Risque Moyen,Réactivation Ciblée : Emailing personnalisé / Remise panier moyen
4943,21,3.0,800.87,27.0,0.3333333333333333,1334,0.5154,1,Risque Moyen,Réactivation Ciblée : Emailing personnalisé / Remise panier moyen
4944,22,2.0,296.7,40.0,0.0,972,0.5543,1,Risque Moyen,Réactivation Ciblée : Emailing personnalisé / Remise panier moyen
4945,42,1.0,110.1,2.0,0.0,1342,0.5926,1,Risque Moyen,Réactivation Ciblée : Emailing personnalisé / Remise panier moyen
4946,20,6.0,1136.0,130.0,0.6666666666666666,1063,0.3402,0,Risque Faible,Fidélisation Active : Programme fidélité / Ventes privées / Parrainage
4947,32,7.0,956.72,34.0,0.5714285714285714,670,0.2422,0,Risque Faible,Fidélisation Active : Programme fidélité / Ventes privées / Parrainage
4948,42,1.0,119.84,135.0,1.0,788,0.6222,1,Risque Moyen,Réactivation Ciblée : Emailing personnalisé / Remise panier moyen
4949,40,1.0,62.93,259.0,0.0,1204,0.6461,1,Risque Moyen,Réactivation Ciblée : Emailing personnalisé / Remise panier moyen
4950,31,2.0,391.57,35.0,0.0,1267,0.5554,1,Risque Moyen,Réactivation Ciblée : Emailing personnalisé / Remise panier moyen
4951,37,1.0,54.35,7.0,0.0,914,0.5911,1,Risque Moyen,Réactivation Ciblée : Emailing personnalisé / Remise panier moyen
4952,36,0.0,0.0,303.0,0.0,1176,0.7222,1,Risque Élevé,Rétention Urgente : Appel VIP / Bon d'achat 20% / Enquête insatisfaction
4953,33,0.0,0.0,303.0,0.0,453,0.7123,1,Risque Élevé,Rétention Urgente : Appel VIP / Bon d'achat 20% / Enquête insatisfaction
4954,33,2.0,66.47,55.0,1.0,471,0.5374,1,Risque Moyen,Réactivation Ciblée : Emailing personnalisé / Remise panier moyen
4955,60,4.0,729.39,96.0,0.75,559,0.404,0,Risque Moyen,Réactivation Ciblée : Emailing personnalisé / Remise panier moyen
4956,44,0.0,0.0,303.0,0.0,1070,0.713,1,Risque Élevé,Rétention Urgente : Appel VIP / Bon d'achat 20% / Enquête insatisfaction
4957,62,2.0,374.19,102.0,0.0,1348,0.5346,1,Risque Moyen,Réactivation Ciblée : Emailing personnalisé / Remise panier moyen
4958,30,3.0,154.11,7.0,0.6666666666666666,1324,0.4788,0,Risque Moyen,Réactivation Ciblée : Emailing personnalisé / Remise panier moyen
4959,34,10.0,2119.42,126.0,0.3,873,0.16,0,Risque Faible,Fidélisation Active : Programme fidélité / Ventes privées / Parrainage
4960,20,7.0,919.41,14.0,0.5714285714285714,686,0.2545,0,Risque Faible,Fidélisation Active : Programme fidélité / Ventes privées / Parrainage
4961,26,1.0,270.06,265.0,1.0,1146,0.67,1,Risque Élevé,Rétention Urgente : Appel VIP / Bon d'achat 20% / Enquête insatisfaction
4962,56,0.0,0.0,303.0,0.0,1070,0.7017,1,Risque Élevé,Rétention Urgente : Appel VIP / Bon d'achat 20% / Enquête insatisfaction
4963,29,3.0,309.0,3.0,0.6666666666666666,321,0.4599,0,Risque Moyen,Réactivation Ciblée : Emailing personnalisé / Remise panier moyen
4964,56,3.0,587.8000000000001,1.0,0.3333333333333333,285,0.4414,0,Risque Moyen,Réactivation Ciblée : Emailing personnalisé / Remise panier moyen
4965,21,2.0,475.11,74.0,1.0,1081,0.5817,1,Risque Moyen,Réactivation Ciblée : Emailing personnalisé / Remise panier moyen
4966,23,4.0,894.9300000000001,59.0,0.5,852,0.4502,0,Risque Moyen,Réactivation Ciblée : Emailing personnalisé / Remise panier moyen
4967,31,1.0,86.74,39.0,0.0,471,0.5948,1,Risque Moyen,Réactivation Ciblée : Emailing personnalisé / Remise panier moyen
4968,34,0.0,0.0,303.0,0.0,1215,0.7246,1,Risque Élevé,Rétention Urgente : Appel VIP / Bon d'achat 20% / Enquête insatisfaction
4969,45,0.0,0.0,303.0,0.0,1088,0.7124,1,Risque Élevé,Rétention Urgente : Appel VIP / Bon d'achat 20% / Enquête insatisfaction
4970,40,4.0,684.48,24.0,0.25,935,0.4133,0,Risque Moyen,Réactivation Ciblée : Emailing personnalisé / Remise panier moyen
4971,30,3.0,1288.43,66.0,0.6666666666666666,1027,0.5298,1,Risque Moyen,Réactivation Ciblée : Emailing personnalisé / Remise panier moyen
4972,34,5.0,478.77,25.0,0.4,1283,0.3439,0,Risque Faible,Fidélisation Active : Programme fidélité / Ventes privées / Parrainage
4973,31,0.0,0.0,303.0,0.0,590,0.7166,1,Risque Élevé,Rétention Urgente : Appel VIP / Bon d'achat 20% / Enquête insatisfaction
4974,25,0.0,0.0,303.0,0.0,1178,0.7321,1,Risque Élevé,Rétention Urgente : Appel VIP / Bon d'achat 20% / Enquête insatisfaction
4975,25,0.0,0.0,303.0,0.0,277,0.7166,1,Risque Élevé,Rétention Urgente : Appel VIP / Bon d'achat 20% / Enquête insatisfaction
4976,46,1.0,687.0999999999999,225.0,1.0,378,0.6267,1,Risque Moyen,Réactivation Ciblée : Emailing personnalisé / Remise panier moyen
4977,18,1.0,415.84,262.0,1.0,493,0.667,1,Risque Élevé,Rétention Urgente : Appel VIP / Bon d'achat 20% / Enquête insatisfaction
4978,53,1.0,522.2,170.0,1.0,707,0.6167,1,Risque Moyen,Réactivation Ciblée : Emailing personnalisé / Remise panier moyen
4979,31,2.0,396.43,181.0,0.0,795,0.5752,1,Risque Moyen,Réactivation Ciblée : Emailing personnalisé / Remise panier moyen
4980,27,3.0,308.1,24.0,0.6666666666666666,1238,0.4886,0,Risque Moyen,Réactivation Ciblée : Emailing personnalisé / Remise panier moyen
4981,43,0.0,0.0,303.0,0.0,530,0.7043,1,Risque Élevé,Rétention Urgente : Appel VIP / Bon d'achat 20% / Enquête insatisfaction
4982,51,0.0,0.0,303.0,0.0,410,0.6945,1,Risque Élevé,Rétention Urgente : Appel VIP / Bon d'achat 20% / Enquête insatisfaction
4983,47,4.0,566.64,6.0,0.5,530,0.3902,0,Risque Moyen,Réactivation Ciblée : Emailing personnalisé / Remise panier moyen
4984,41,2.0,203.10000000000002,59.0,0.5,1148,0.5427,1,Risque Moyen,Réactivation Ciblée : Emailing personnalisé / Remise panier moyen
4985,47,5.0,704.07,10.0,0.0,726,0.3419,0,Risque Faible,Fidélisation Active : Programme fidélité / Ventes privées / Parrainage
4986,18,4.0,961.48,31.0,0.5,881,0.4505,0,Risque Moyen,Réactivation Ciblée : Emailing personnalisé / Remise panier moyen
4987,29,6.0,445.92,107.0,0.6666666666666666,517,0.2944,0,Risque Faible,Fidélisation Active : Programme fidélité / Ventes privées / Parrainage
4988,25,3.0,164.17000000000002,56.0,0.3333333333333333,1015,0.4851,0,Risque Moyen,Réactivation Ciblée : Emailing personnalisé / Remise panier moyen
4989,48,0.0,0.0,303.0,0.0,421,0.6976,1,Risque Élevé,Rétention Urgente : Appel VIP / Bon d'achat 20% / Enquête insatisfaction
4990,31,3.0,588.15,14.0,1.0,1208,0.4977,0,Risque Moyen,Réactivation Ciblée : Emailing personnalisé / Remise panier moyen
4991,44,1.0,484.11,155.0,0.0,905,0.6128,1,Risque Moyen,Réactivation Ciblée : Emailing personnalisé / Remise panier moyen
4992,41,7.0,1498.6999999999998,19.0,0.2857142857142857,285,0.2438,0,Risque Faible,Fidélisation Active : Programme fidélité / Ventes privées / Parrainage
4993,26,6.0,714.22,39.0,0.6666666666666666,1154,0.3145,0,Risque Faible,Fidélisation Active : Programme fidélité / Ventes privées / Parrainage
4994,29,0.0,0.0,303.0,0.0,789,0.7218,1,Risque Élevé,Rétention Urgente : Appel VIP / Bon d'achat 20% / Enquête insatisfaction
4995,49,2.0,320.61,105.0,1.0,881,0.546,1,Risque Moyen,Réactivation Ciblée : Emailing personnalisé / Remise panier moyen
4996,26,4.0,623.33,25.0,0.5,1144,0.432,0,Risque Moyen,Réactivation Ciblée : Emailing personnalisé / Remise panier moyen
4997,36,4.0,730.3199999999999,158.0,0.75,660,0.4461,0,Risque Moyen,Réactivation Ciblée : Emailing personnalisé / Remise panier moyen
4998,26,0.0,0.0,303.0,0.0,1208,0.7317,1,Risque Élevé,Rétention Urgente : Appel VIP / Bon d'achat 20% / Enquête insatisfaction
4999,32,3.0,344.65999999999997,66.0,0.6666666666666666,914,0.4885,0,Risque Moyen,Réactivation Ciblée : Emailing personnalisé / Remise panier moyen
5000,34,4.0,794.11,60.0,0.0,286,0.4172,0,Risque Moyen,Réactivation Ciblée : Emailing personnalisé / Remise panier moyen
5001,26,0.0,0.0,303.0,0.0,824,0.7252,1,Risque Élevé,Rétention Urgente : Appel VIP / Bon d'achat 20% / Enquête insatisfaction
5002,24,2.0,242.76,119.0,0.5,1340,0.5796,1,Risque Moyen,Réactivation Ciblée : Emailing personnalisé / Remise panier moyen
5003,38,1.0,89.17,241.0,1.0,602,0.6429,1,Risque Moyen,Réactivation Ciblée : Emailing personnalisé / Remise panier moyen
5004,26,1.0,39.3,32.0,0.0,1184,0.6141,1,Risque Moyen,Réactivation Ciblée : Emailing personnalisé / Remise panier moyen
5005,26,1.0,534.24,236.0,1.0,1012,0.6622,1,Risque Élevé,Rétention Urgente : Appel VIP / Bon d'achat 20% / Enquête insatisfaction
5006,25,1.0,132.53,98.0,0.0,877,0.6214,1,Risque Moyen,Réactivation Ciblée : Emailing personnalisé / Remise panier moyen
5007,34,0.0,0.0,303.0,0.0,636,0.7146,1,Risque Élevé,Rétention Urgente : Appel VIP / Bon d'achat 20% / Enquête insatisfaction
5008,45,5.0,925.7,22.0,0.8,791,0.3579,0,Risque Moyen,Réactivation Ciblée : Emailing personnalisé / Remise panier moyen
5009,52,0.0,0.0,303.0,0.0,1255,0.7088,1,Risque Élevé,Rétention Urgente : Appel VIP / Bon d'achat 20% / Enquête insatisfaction
5010,27,3.0,862.48,127.0,0.3333333333333333,991,0.5208,1,Risque Moyen,Réactivation Ciblée : Emailing personnalisé / Remise panier moyen
5011,59,3.0,406.43,72.0,0.3333333333333333,1272,0.4672,0,Risque Moyen,Réactivation Ciblée : Emailing personnalisé / Remise panier moyen
5012,24,4.0,415.2,21.0,0.25,527,0.4042,0,Risque Moyen,Réactivation Ciblée : Emailing personnalisé / Remise panier moyen
5013,47,0.0,0.0,303.0,0.0,1245,0.7133,1,Risque Élevé,Rétention Urgente : Appel VIP / Bon d'achat 20% / Enquête insatisfaction
5014,27,2.0,194.43,110.0,0.5,1213,0.5707,1,Risque Moyen,Réactivation Ciblée : Emailing personnalisé / Remise panier moyen
5015,25,1.0,233.84,185.0,1.0,1259,0.6618,1,Risque Élevé,Rétention Urgente : Appel VIP / Bon d'achat 20% / Enquête insatisfaction
5016,27,0.0,0.0,303.0,0.0,1316,0.7326,1,Risque Élevé,Rétention Urgente : Appel VIP / Bon d'achat 20% / Enquête insatisfaction
5017,34,3.0,369.44999999999993,9.0,0.3333333333333333,781,0.4634,0,Risque Moyen,Réactivation Ciblée : Emailing personnalisé / Remise panier moyen
5018,41,2.0,345.72,126.0,0.0,643,0.5479,1,Risque Moyen,Réactivation Ciblée : Emailing personnalisé / Remise panier moyen
5019,42,2.0,279.55,49.0,1.0,1324,0.5503,1,Risque Moyen,Réactivation Ciblée : Emailing personnalisé / Remise panier moyen
5020,25,7.0,933.1,40.0,0.42857142857142855,433,0.2401,0,Risque Faible,Fidélisation Active : Programme fidélité / Ventes privées / Parrainage
5021,24,3.0,701.12,164.0,0.3333333333333333,1247,0.5331,1,Risque Moyen,Réactivation Ciblée : Emailing personnalisé / Remise panier moyen
5022,25,3.0,219.6,48.0,0.6666666666666666,887,0.4817,0,Risque Moyen,Réactivation Ciblée : Emailing personnalisé / Remise panier moyen
5023,34,1.0,8.37,52.0,0.0,691,0.5999,1,Risque Moyen,Réactivation Ciblée : Emailing personnalisé / Remise panier moyen
5024,33,3.0,602.8299999999999,2.0,0.0,869,0.4744,0,Risque Moyen,Réactivation Ciblée : Emailing personnalisé / Remise panier moyen
5025,25,2.0,259.01,167.0,0.0,1295,0.5805,1,Risque Moyen,Réactivation Ciblée : Emailing personnalisé / Remise panier moyen
5026,38,1.0,20.76,118.0,0.0,398,0.6034,1,Risque Moyen,Réactivation Ciblée : Emailing personnalisé / Remise panier moyen
5027,60,6.0,836.97,47.0,0.5,1220,0.2821,0,Risque Faible,Fidélisation Active : Programme fidélité / Ventes privées / Parrainage
5028,29,5.0,623.5,117.0,0.2,477,0.3588,0,Risque Moyen,Réactivation Ciblée : Emailing personnalisé / Remise panier moyen
5029,30,2.0,652.53,115.0,0.5,284,0.5615,1,Risque Moyen,Réactivation Ciblée : Emailing personnalisé / Remise panier moyen
5030,41,4.0,573.4300000000001,29.0,0.25,291,0.388,0,Risque Moyen,Réactivation Ciblée : Emailing personnalisé / Remise panier moyen
5031,29,9.0,1721.77,7.0,0.3333333333333333,896,0.1745,0,Risque Faible,Fidélisation Active : Programme fidélité / Ventes privées / Parrainage
5032,42,2.0,224.98000000000002,141.0,0.0,1199,0.5554,1,Risque Moyen,Réactivation Ciblée : Emailing personnalisé / Remise panier moyen
5033,27,0.0,0.0,303.0,0.0,668,0.7216,1,Risque Élevé,Rétention Urgente : Appel VIP / Bon d'achat 20% / Enquête insatisfaction
5034,55,2.0,373.61,135.0,0.5,1337,0.553,1,Risque Moyen,Réactivation Ciblée : Emailing personnalisé / Remise panier moyen
5035,39,5.0,785.73,62.0,0.8,1316,0.3679,0,Risque Moyen,Réactivation Ciblée : Emailing personnalisé / Remise panier moyen
5036,28,0.0,0.0,303.0,0.0,429,0.7165,1,Risque Élevé,Rétention Urgente : Appel VIP / Bon d'achat 20% / Enquête insatisfaction
5037,29,13.0,1394.34,5.0,0.46153846153846156,1230,0.0613,0,Risque Faible,Fidélisation Active : Programme fidélité / Ventes privées / Parrainage
5038,29,1.0,167.86,88.0,1.0,298,0.6157,1,Risque Moyen,Réactivation Ciblée : Emailing personnalisé / Remise panier moyen
5039,50,2.0,554.25,80.0,1.0,1279,0.5543,1,Risque Moyen,Réactivation Ciblée : Emailing personnalisé / Remise panier moyen
5040,21,8.0,1163.25,10.0,0.25,541,0.2032,0,Risque Faible,Fidélisation Active : Programme fidélité / Ventes privées / Parrainage
5041,28,2.0,859.1400000000001,224.0,0.0,1333,0.6153,1,Risque Moyen,Réactivation Ciblée : Emailing personnalisé / Remise panier moyen
5042,29,7.0,1016.0600000000001,30.0,0.42857142857142855,353,0.2365,0,Risque Faible,Fidélisation Active : Programme fidélité / Ventes privées / Parrainage
5043,35,4.0,270.5,203.0,0.25,440,0.4224,0,Risque Moyen,Réactivation Ciblée : Emailing personnalisé / Remise panier moyen
5044,32,5.0,799.69,62.0,0.8,815,0.3657,0,Risque Moyen,Réactivation Ciblée : Emailing personnalisé / Remise panier moyen
5045,19,7.0,1182.5700000000002,33.0,0.42857142857142855,629,0.26,0,Risque Faible,Fidélisation Active : Programme fidélité / Ventes privées / Parrainage
5046,31,5.0,845.32,1.0,0.6,1100,0.3575,0,Risque Moyen,Réactivation Ciblée : Emailing personnalisé / Remise panier moyen
5047,34,2.0,444.72,86.0,0.5,459,0.5484,1,Risque Moyen,Réactivation Ciblée : Emailing personnalisé / Remise panier moyen
5048,28,5.0,617.92,27.0,0.2,1183,0.3632,0,Risque Moyen,Réactivation Ciblée : Emailing personnalisé / Remise panier moyen
5049,43,4.0,911.0399999999998,58.0,0.75,500,0.4174,0,Risque Moyen,Réactivation Ciblée : Emailing personnalisé / Remise panier moyen
5050,45,4.0,475.54,6.0,0.75,945,0.3923,0,Risque Moyen,Réactivation Ciblée : Emailing personnalisé / Remise panier moyen
5051,34,1.0,159.58,269.0,0.0,536,0.6419,1,Risque Moyen,Réactivation Ciblée : Emailing personnalisé / Remise panier moyen
5052,38,14.0,1815.65,42.0,0.35714285714285715,443,0.0457,0,Risque Faible,Fidélisation Active : Programme fidélité / Ventes privées / Parrainage
5053,18,9.0,2027.89,41.0,0.5555555555555556,500,0.1923,0,Risque Faible,Fidélisation Active : Programme fidélité / Ventes privées / Parrainage
5054,30,1.0,114.5,4.0,0.0,353,0.5876,1,Risque Moyen,Réactivation Ciblée : Emailing personnalisé / Remise panier moyen
5055,46,6.0,730.03,9.0,0.8333333333333334,927,0.2808,0,Risque Faible,Fidélisation Active : Programme fidélité / Ventes privées / Parrainage
5056,30,1.0,116.88,219.0,0.0,1330,0.6521,1,Risque Élevé,Rétention Urgente : Appel VIP / Bon d'achat 20% / Enquête insatisfaction
5057,27,3.0,400.43,75.0,0.6666666666666666,461,0.4859,0,Risque Moyen,Réactivation Ciblée : Emailing personnalisé / Remise panier moyen
5058,60,1.0,109.84,119.0,1.0,1203,0.6081,1,Risque Moyen,Réactivation Ciblée : Emailing personnalisé / Remise panier moyen
5059,55,11.0,2420.23,102.0,0.45454545454545453,926,0.1231,0,Risque Faible,Fidélisation Active : Programme fidélité / Ventes privées / Parrainage
5060,40,4.0,404.1000000000001,149.0,0.25,1038,0.4244,0,Risque Moyen,Réactivation Ciblée : Emailing personnalisé / Remise panier moyen
5061,48,2.0,135.95,15.0,0.5,376,0.5052,1,Risque Moyen,Réactivation Ciblée : Emailing personnalisé / Remise panier moyen
5062,18,0.0,0.0,303.0,0.0,655,0.7295,1,Risque Élevé,Rétention Urgente : Appel VIP / Bon d'achat 20% / Enquête insatisfaction
5063,26,3.0,326.41999999999996,22.0,0.3333333333333333,534,0.4709,0,Risque Moyen,Réactivation Ciblée : Emailing personnalisé / Remise panier moyen
5064,30,4.0,383.03,51.0,0.25,1230,0.4218,0,Risque Moyen,Réactivation Ciblée : Emailing personnalisé / Remise panier moyen
5065,32,2.0,317.26,30.0,1.0,600,0.5426,1,Risque Moyen,Réactivation Ciblée : Emailing personnalisé / Remise panier moyen
5066,30,1.0,73.56,259.0,0.0,1245,0.659,1,Risque Élevé,Rétention Urgente : Appel VIP / Bon d'achat 20% / Enquête insatisfaction
5067,18,2.0,165.20999999999998,95.0,0.5,487,0.5637,1,Risque Moyen,Réactivation Ciblée : Emailing personnalisé / Remise panier moyen
5068,39,2.0,399.78,87.0,0.0,608,0.544,1,Risque Moyen,Réactivation Ciblée : Emailing personnalisé / Remise panier moyen
5069,41,2.0,363.87,24.0,1.0,285,0.5274,1,Risque Moyen,Réactivation Ciblée : Emailing personnalisé / Remise panier moyen
5070,53,2.0,191.04,141.0,1.0,326,0.533,1,Risque Moyen,Réactivation Ciblée : Emailing personnalisé / Remise panier moyen
5071,26,3.0,682.49,61.0,0.3333333333333333,1143,0.5118,1,Risque Moyen,Réactivation Ciblée : Emailing personnalisé / Remise panier moyen
5072,25,4.0,631.99,78.0,0.75,757,0.4375,0,Risque Moyen,Réactivation Ciblée : Emailing personnalisé / Remise panier moyen
5073,18,6.0,651.0400000000001,107.0,0.8333333333333334,1045,0.3253,0,Risque Faible,Fidélisation Active : Programme fidélité / Ventes privées / Parrainage
5074,32,0.0,0.0,303.0,0.0,328,0.711,1,Risque Élevé,Rétention Urgente : Appel VIP / Bon d'achat 20% / Enquête insatisfaction
5075,45,0.0,0.0,303.0,0.0,772,0.7068,1,Risque Élevé,Rétention Urgente : Appel VIP / Bon d'achat 20% / Enquête insatisfaction
5076,28,0.0,0.0,303.0,0.0,828,0.7234,1,Risque Élevé,Rétention Urgente : Appel VIP / Bon d'achat 20% / Enquête insatisfaction
5077,59,4.0,446.93,146.0,0.0,723,0.4013,0,Risque Moyen,Réactivation Ciblée : Emailing personnalisé / Remise panier moyen
5078,32,13.0,1391.61,3.0,0.46153846153846156,379,0.0546,0,Risque Faible,Fidélisation Active : Programme fidélité / Ventes privées / Parrainage
5079,37,4.0,659.4,3.0,0.25,663,0.4035,0,Risque Moyen,Réactivation Ciblée : Emailing personnalisé / Remise panier moyen
5080,20,11.0,1532.8899999999999,16.0,0.6363636363636364,738,0.108,0,Risque Faible,Fidélisation Active : Programme fidélité / Ventes privées / Parrainage
5081,38,10.0,1558.1999999999998,16.0,0.2,490,0.123,0,Risque Faible,Fidélisation Active : Programme fidélité / Ventes privées / Parrainage
5082,18,3.0,273.22,65.0,0.3333333333333333,1178,0.4996,0,Risque Moyen,Réactivation Ciblée : Emailing personnalisé / Remise panier moyen
5083,43,1.0,90.04,68.0,1.0,514,0.606,1,Risque Moyen,Réactivation Ciblée : Emailing personnalisé / Remise panier moyen
5084,43,1.0,86.54,135.0,1.0,878,0.6214,1,Risque Moyen,Réactivation Ciblée : Emailing personnalisé / Remise panier moyen
5085,50,5.0,394.90999999999997,57.0,0.0,964,0.3192,0,Risque Faible,Fidélisation Active : Programme fidélité / Ventes privées / Parrainage
5086,24,5.0,890.1999999999999,14.0,0.4,494,0.3569,0,Risque Moyen,Réactivation Ciblée : Emailing personnalisé / Remise panier moyen
5087,37,14.0,2502.08,56.0,0.5714285714285714,939,0.057,0,Risque Faible,Fidélisation Active : Programme fidélité / Ventes privées / Parrainage
5088,41,2.0,195.65,94.0,1.0,849,0.5496,1,Risque Moyen,Réactivation Ciblée : Emailing personnalisé / Remise panier moyen
5089,40,8.0,1602.6100000000001,60.0,0.625,476,0.2122,0,Risque Faible,Fidélisation Active : Programme fidélité / Ventes privées / Parrainage
5090,25,3.0,610.19,2.0,0.6666666666666666,548,0.478,0,Risque Moyen,Réactivation Ciblée : Emailing personnalisé / Remise panier moyen
5091,18,0.0,0.0,303.0,0.0,482,0.7265,1,Risque Élevé,Rétention Urgente : Appel VIP / Bon d'achat 20% / Enquête insatisfaction
5092,39,1.0,139.86,153.0,0.0,934,0.619,1,Risque Moyen,Réactivation Ciblée : Emailing personnalisé / Remise panier moyen
5093,33,1.0,363.2,228.0,1.0,1306,0.6575,1,Risque Élevé,Rétention Urgente : Appel VIP / Bon d'achat 20% / Enquête insatisfaction
5094,29,1.0,170.3,25.0,0.0,1235,0.6086,1,Risque Moyen,Réactivation Ciblée : Emailing personnalisé / Remise panier moyen
5095,43,0.0,0.0,303.0,0.0,411,0.7022,1,Risque Élevé,Rétention Urgente : Appel VIP / Bon d'achat 20% / Enquête insatisfaction
5096,35,0.0,0.0,303.0,0.0,750,0.7157,1,Risque Élevé,Rétention Urgente : Appel VIP / Bon d'achat 20% / Enquête insatisfaction
5097,20,10.0,1219.01,27.0,0.4,944,0.1337,0,Risque Faible,Fidélisation Active : Programme fidélité / Ventes privées / Parrainage
5098,18,3.0,930.77,31.0,0.6666666666666666,1011,0.5182,1,Risque Moyen,Réactivation Ciblée : Emailing personnalisé / Remise panier moyen
5099,23,1.0,91.8,204.0,1.0,336,0.6516,1,Risque Élevé,Rétention Urgente : Appel VIP / Bon d'achat 20% / Enquête insatisfaction
5100,61,2.0,145.09,25.0,0.5,358,0.4924,0,Risque Moyen,Réactivation Ciblée : Emailing personnalisé / Remise panier moyen
5101,43,3.0,172.0,116.0,0.6666666666666666,1172,0.4832,0,Risque Moyen,Réactivation Ciblée : Emailing personnalisé / Remise panier moyen
5102,37,2.0,829.85,111.0,0.5,335,0.5614,1,Risque Moyen,Réactivation Ciblée : Emailing personnalisé / Remise panier moyen
5103,33,3.0,464.95,95.0,0.0,507,0.481,0,Risque Moyen,Réactivation Ciblée : Emailing personnalisé / Remise panier moyen
5104,32,4.0,265.71999999999997,115.0,0.75,850,0.4313,0,Risque Moyen,Réactivation Ciblée : Emailing personnalisé / Remise panier moyen
5105,48,7.0,960.38,5.0,0.7142857142857143,1020,0.2327,0,Risque Faible,Fidélisation Active : Programme fidélité / Ventes privées / Parrainage
5106,30,2.0,312.87,78.0,0.5,794,0.558,1,Risque Moyen,Réactivation Ciblée : Emailing personnalisé / Remise panier moyen
5107,41,11.0,1167.46,21.0,0.6363636363636364,341,0.0923,0,Risque Faible,Fidélisation Active : Programme fidélité / Ventes privées / Parrainage
5108,31,4.0,678.21,93.0,0.25,1041,0.4318,0,Risque Moyen,Réactivation Ciblée : Emailing personnalisé / Remise panier moyen
5109,56,9.0,1015.24,25.0,0.6666666666666666,857,0.144,0,Risque Faible,Fidélisation Active : Programme fidélité / Ventes privées / Parrainage
5110,43,2.0,79.84,15.0,0.0,438,0.5054,1,Risque Moyen,Réactivation Ciblée : Emailing personnalisé / Remise panier moyen
5111,49,3.0,348.43,136.0,0.6666666666666666,1239,0.4854,0,Risque Moyen,Réactivation Ciblée : Emailing personnalisé / Remise panier moyen
5112,29,2.0,217.79,28.0,0.0,782,0.5362,1,Risque Moyen,Réactivation Ciblée : Emailing personnalisé / Remise panier moyen
5113,47,1.0,23.59,180.0,1.0,885,0.6274,1,Risque Moyen,Réactivation Ciblée : Emailing personnalisé / Remise panier moyen
5114,32,2.0,138.49,11.0,0.5,1011,0.5382,1,Risque Moyen,Réactivation Ciblée : Emailing personnalisé / Remise panier moyen
5115,36,0.0,0.0,303.0,0.0,984,0.7188,1,Risque Élevé,Rétention Urgente : Appel VIP / Bon d'achat 20% / Enquête insatisfaction
5116,53,1.0,200.62,253.0,1.0,1115,0.6403,1,Risque Moyen,Réactivation Ciblée : Emailing personnalisé / Remise panier moyen
5117,24,2.0,101.08000000000001,121.0,0.5,534,0.5604,1,Risque Moyen,Réactivation Ciblée : Emailing personnalisé / Remise panier moyen
5118,37,0.0,0.0,303.0,0.0,573,0.7107,1,Risque Élevé,Rétention Urgente : Appel VIP / Bon d'achat 20% / Enquête insatisfaction
5119,40,3.0,662.32,8.0,0.6666666666666666,900,0.4801,0,Risque Moyen,Réactivation Ciblée : Emailing personnalisé / Remise panier moyen
5120,41,4.0,805.99,92.0,0.75,876,0.4312,0,Risque Moyen,Réactivation Ciblée : Emailing personnalisé / Remise panier moyen
5121,30,3.0,190.01999999999998,128.0,0.6666666666666666,449,0.4899,0,Risque Moyen,Réactivation Ciblée : Emailing personnalisé / Remise panier moyen
5122,58,1.0,120.96,44.0,1.0,1318,0.5966,1,Risque Moyen,Réactivation Ciblée : Emailing personnalisé / Remise panier moyen
5123,21,6.0,833.74,26.0,0.5,289,0.3017,0,Risque Faible,Fidélisation Active : Programme fidélité / Ventes privées / Parrainage
5124,51,0.0,0.0,303.0,0.0,1296,0.7105,1,Risque Élevé,Rétention Urgente : Appel VIP / Bon d'achat 20% / Enquête insatisfaction
5125,48,5.0,349.54,12.0,0.8,769,0.3191,0,Risque Faible,Fidélisation Active : Programme fidélité / Ventes privées / Parrainage
5126,56,0.0,0.0,303.0,0.0,1317,0.7061,1,Risque Élevé,Rétention Urgente : Appel VIP / Bon d'achat 20% / Enquête insatisfaction
5127,18,13.0,1776.6100000000001,1.0,0.5384615384615384,1244,0.0671,0,Risque Faible,Fidélisation Active : Programme fidélité / Ventes privées / Parrainage
5128,25,1.0,113.8,256.0,0.0,1107,0.6584,1,Risque Élevé,Rétention Urgente : Appel VIP / Bon d'achat 20% / Enquête insatisfaction
5129,51,1.0,25.11,65.0,1.0,414,0.5892,1,Risque Moyen,Réactivation Ciblée : Emailing personnalisé / Remise panier moyen
5130,18,5.0,977.5400000000001,18.0,0.6,1039,0.3843,0,Risque Moyen,Réactivation Ciblée : Emailing personnalisé / Remise panier moyen
5131,18,4.0,669.49,61.0,0.75,1128,0.4486,0,Risque Moyen,Réactivation Ciblée : Emailing personnalisé / Remise panier moyen
5132,30,2.0,538.6800000000001,119.0,0.5,1078,0.5791,1,Risque Moyen,Réactivation Ciblée : Emailing personnalisé / Remise panier moyen
5133,37,5.0,874.24,42.0,0.8,1158,0.3719,0,Risque Moyen,Réactivation Ciblée : Emailing personnalisé / Remise panier moyen
5134,53,3.0,282.61,159.0,0.3333333333333333,650,0.4675,0,Risque Moyen,Réactivation Ciblée : Emailing personnalisé / Remise panier moyen
5135,33,5.0,359.72999999999996,118.0,0.2,1047,0.3667,0,Risque Moyen,Réactivation Ciblée : Emailing personnalisé / Remise panier moyen
5136,28,2.0,432.34000000000003,187.0,1.0,1011,0.594,1,Risque Moyen,Réactivation Ciblée : Emailing personnalisé / Remise panier moyen
5137,38,0.0,0.0,303.0,0.0,452,0.7076,1,Risque Élevé,Rétention Urgente : Appel VIP / Bon d'achat 20% / Enquête insatisfaction
5138,40,8.0,965.78,2.0,0.25,1275,0.189,0,Risque Faible,Fidélisation Active : Programme fidélité / Ventes privées / Parrainage
5139,40,0.0,0.0,303.0,0.0,658,0.7094,1,Risque Élevé,Rétention Urgente : Appel VIP / Bon d'achat 20% / Enquête insatisfaction
5140,33,4.0,371.27,29.0,0.75,1200,0.4162,0,Risque Moyen,Réactivation Ciblée : Emailing personnalisé / Remise panier moyen
5141,18,3.0,301.11,4.0,0.0,853,0.474,0,Risque Moyen,Réactivation Ciblée : Emailing personnalisé / Remise panier moyen
5142,25,0.0,0.0,303.0,0.0,1271,0.7337,1,Risque Élevé,Rétention Urgente : Appel VIP / Bon d'achat 20% / Enquête insatisfaction
5143,51,1.0,137.54,14.0,0.0,1019,0.5782,1,Risque Moyen,Réactivation Ciblée : Emailing personnalisé / Remise panier moyen
5144,37,1.0,117.04,249.0,0.0,633,0.6372,1,Risque Moyen,Réactivation Ciblée : Emailing personnalisé / Remise panier moyen
5145,31,7.0,1731.5200000000002,3.0,0.7142857142857143,790,0.2692,0,Risque Faible,Fidélisation Active : Programme fidélité / Ventes privées / Parrainage
5146,47,1.0,86.23,168.0,1.0,528,0.6169,1,Risque Moyen,Réactivation Ciblée : Emailing personnalisé / Remise panier moyen
5147,23,1.0,25.52,125.0,1.0,968,0.643,1,Risque Moyen,Réactivation Ciblée : Emailing personnalisé / Remise panier moyen
5148,33,5.0,539.31,62.0,0.2,618,0.3414,0,Risque Faible,Fidélisation Active : Programme fidélité / Ventes privées / Parrainage
5149,37,0.0,0.0,303.0,0.0,548,0.7103,1,Risque Élevé,Rétention Urgente : Appel VIP / Bon d'achat 20% / Enquête insatisfaction
5150,30,2.0,184.95000000000002,57.0,0.0,341,0.5314,1,Risque Moyen,Réactivation Ciblée : Emailing personnalisé / Remise panier moyen
5151,36,4.0,215.88,3.0,0.5,1000,0.3932,0,Risque Moyen,Réactivation Ciblée : Emailing personnalisé / Remise panier moyen
5152,33,8.0,1204.11,42.0,0.5,813,0.2072,0,Risque Faible,Fidélisation Active : Programme fidélité / Ventes privées / Parrainage
5153,20,16.0,2122.8,40.0,0.5625,364,0.0318,0,Risque Faible,Fidélisation Active : Programme fidélité / Ventes privées / Parrainage
5154,37,2.0,273.03,218.0,0.0,403,0.566,1,Risque Moyen,Réactivation Ciblée : Emailing personnalisé / Remise panier moyen
5155,20,0.0,0.0,303.0,0.0,354,0.7225,1,Risque Élevé,Rétention Urgente : Appel VIP / Bon d'achat 20% / Enquête insatisfaction
5156,37,2.0,660.21,61.0,1.0,555,0.5555,1,Risque Moyen,Réactivation Ciblée : Emailing personnalisé / Remise panier moyen
5157,50,2.0,423.97,160.0,0.0,1263,0.5556,1,Risque Moyen,Réactivation Ciblée : Emailing personnalisé / Remise panier moyen
5158,32,0.0,0.0,303.0,0.0,1204,0.7263,1,Risque Élevé,Rétention Urgente : Appel VIP / Bon d'achat 20% / Enquête insatisfaction
5159,22,9.0,647.05,12.0,0.6666666666666666,731,0.1458,0,Risque Faible,Fidélisation Active : Programme fidélité / Ventes privées / Parrainage
5160,34,1.0,74.58,110.0,0.0,345,0.6042,1,Risque Moyen,Réactivation Ciblée : Emailing personnalisé / Remise panier moyen
5161,26,6.0,796.22,35.0,0.16666666666666666,1038,0.3022,0,Risque Faible,Fidélisation Active : Programme fidélité / Ventes privées / Parrainage
5162,42,4.0,599.52,22.0,0.75,1070,0.4099,0,Risque Moyen,Réactivation Ciblée : Emailing personnalisé / Remise panier moyen
5163,33,4.0,490.58,150.0,0.25,513,0.4328,0,Risque Moyen,Réactivation Ciblée : Emailing personnalisé / Remise panier moyen
5164,54,4.0,695.6700000000001,92.0,0.25,662,0.4052,0,Risque Moyen,Réactivation Ciblée : Emailing personnalisé / Remise panier moyen
5165,48,5.0,596.77,16.0,0.6,922,0.331,0,Risque Faible,Fidélisation Active : Programme fidélité / Ventes privées / Parrainage
5166,33,2.0,411.32,41.0,0.5,889,0.5461,1,Risque Moyen,Réactivation Ciblée : Emailing personnalisé / Remise panier moyen
5167,43,0.0,0.0,303.0,0.0,635,0.7062,1,Risque Élevé,Rétention Urgente : Appel VIP / Bon d'achat 20% / Enquête insatisfaction
5168,31,1.0,323.98,197.0,1.0,495,0.6379,1,Risque Moyen,Réactivation Ciblée : Emailing personnalisé / Remise panier moyen
5169,35,1.0,115.79,172.0,1.0,847,0.6364,1,Risque Moyen,Réactivation Ciblée : Emailing personnalisé / Remise panier moyen
5170,31,1.0,46.08,9.0,0.0,747,0.5947,1,Risque Moyen,Réactivation Ciblée : Emailing personnalisé / Remise panier moyen
5171,43,1.0,186.32,71.0,0.0,610,0.5921,1,Risque Moyen,Réactivation Ciblée : Emailing personnalisé / Remise panier moyen
5172,51,0.0,0.0,303.0,0.0,1125,0.7074,1,Risque Élevé,Rétention Urgente : Appel VIP / Bon d'achat 20% / Enquête insatisfaction
5173,44,5.0,1053.71,21.0,0.4,1346,0.3601,0,Risque Moyen,Réactivation Ciblée : Emailing personnalisé / Remise panier moyen
5174,45,1.0,73.1,232.0,0.0,903,0.6293,1,Risque Moyen,Réactivation Ciblée : Emailing personnalisé / Remise panier moyen
5175,45,2.0,802.15,175.0,0.5,504,0.5673,1,Risque Moyen,Réactivation Ciblée : Emailing personnalisé / Remise panier moyen
5176,41,1.0,57.83,221.0,1.0,1100,0.6459,1,Risque Moyen,Réactivation Ciblée : Emailing personnalisé / Remise panier moyen
5177,22,4.0,346.42,38.0,0.5,836,0.4169,0,Risque Moyen,Réactivation Ciblée : Emailing personnalisé / Remise panier moyen
5178,54,5.0,535.86,33.0,0.6,1055,0.3269,0,Risque Faible,Fidélisation Active : Programme fidélité / Ventes privées / Parrainage
5179,55,2.0,240.04,15.0,0.0,1249,0.5144,1,Risque Moyen,Réactivation Ciblée : Emailing personnalisé / Remise panier moyen
5180,32,0.0,0.0,303.0,0.0,388,0.7121,1,Risque Élevé,Rétention Urgente : Appel VIP / Bon d'achat 20% / Enquête insatisfaction
5181,31,4.0,800.55,96.0,0.75,659,0.4427,0,Risque Moyen,Réactivation Ciblée : Emailing personnalisé / Remise panier moyen
5182,42,3.0,395.4,10.0,1.0,1233,0.477,0,Risque Moyen,Réactivation Ciblée : Emailing personnalisé / Remise panier moyen
5183,41,6.0,1013.86,6.0,0.5,287,0.28,0,Risque Faible,Fidélisation Active : Programme fidélité / Ventes privées / Parrainage
5184,33,2.0,137.16,60.0,0.0,433,0.5276,1,Risque Moyen,Réactivation Ciblée : Emailing personnalisé / Remise panier moyen
5185,21,5.0,214.85,31.0,0.4,1368,0.3509,0,Risque Moyen,Réactivation Ciblée : Emailing personnalisé / Remise panier moyen
5186,38,2.0,342.24,25.0,1.0,1292,0.55,1,Risque Moyen,Réactivation Ciblée : Emailing personnalisé / Remise panier moyen
5187,41,2.0,224.08999999999997,139.0,1.0,408,0.5484,1,Risque Moyen,Réactivation Ciblée : Emailing personnalisé / Remise panier moyen
5188,43,1.0,356.12,22.0,1.0,788,0.594,1,Risque Moyen,Réactivation Ciblée : Emailing personnalisé / Remise panier moyen
5189,39,1.0,152.36,2.0,1.0,1221,0.6059,1,Risque Moyen,Réactivation Ciblée : Emailing personnalisé / Remise panier moyen
5190,32,1.0,123.76,205.0,1.0,795,0.6451,1,Risque Moyen,Réactivation Ciblée : Emailing personnalisé / Remise panier moyen
5191,46,1.0,43.03,270.0,0.0,1183,0.642,1,Risque Moyen,Réactivation Ciblée : Emailing personnalisé / Remise panier moyen
5192,36,4.0,389.40999999999997,66.0,0.75,847,0.4079,0,Risque Moyen,Réactivation Ciblée : Emailing personnalisé / Remise panier moyen
5193,30,3.0,528.3100000000001,51.0,0.3333333333333333,1207,0.4954,0,Risque Moyen,Réactivation Ciblée : Emailing personnalisé / Remise panier moyen
5194,33,1.0,24.21,10.0,1.0,1173,0.6128,1,Risque Moyen,Réactivation Ciblée : Emailing personnalisé / Remise panier moyen
5195,18,7.0,1113.45,22.0,0.42857142857142855,1335,0.2736,0,Risque Faible,Fidélisation Active : Programme fidélité / Ventes privées / Parrainage
5196,33,2.0,744.5100000000001,114.0,0.5,961,0.576,1,Risque Moyen,Réactivation Ciblée : Emailing personnalisé / Remise panier moyen
5197,43,9.0,1695.96,14.0,0.4444444444444444,832,0.1681,0,Risque Faible,Fidélisation Active : Programme fidélité / Ventes privées / Parrainage
5198,39,2.0,48.54,159.0,1.0,1333,0.5714,1,Risque Moyen,Réactivation Ciblée : Emailing personnalisé / Remise panier moyen
5199,52,3.0,374.52,5.0,0.0,1255,0.4488,0,Risque Moyen,Réactivation Ciblée : Emailing personnalisé / Remise panier moyen
5200,32,3.0,306.06,189.0,0.3333333333333333,764,0.5011,1,Risque Moyen,Réactivation Ciblée : Emailing personnalisé / Remise panier moyen
5201,40,1.0,42.15,41.0,1.0,926,0.6065,1,Risque Moyen,Réactivation Ciblée : Emailing personnalisé / Remise panier moyen
5202,44,0.0,0.0,303.0,0.0,1331,0.7175,1,Risque Élevé,Rétention Urgente : Appel VIP / Bon d'achat 20% / Enquête insatisfaction
5203,61,2.0,258.01,46.0,1.0,1277,0.5354,1,Risque Moyen,Réactivation Ciblée : Emailing personnalisé / Remise panier moyen
5204,37,1.0,130.74,50.0,0.0,738,0.5955,1,Risque Moyen,Réactivation Ciblée : Emailing personnalisé / Remise panier moyen
5205,24,7.0,758.81,26.0,0.7142857142857143,697,0.243,0,Risque Faible,Fidélisation Active : Programme fidélité / Ventes privées / Parrainage
5206,44,9.0,796.37,3.0,0.5555555555555556,1268,0.1462,0,Risque Faible,Fidélisation Active : Programme fidélité / Ventes privées / Parrainage
5207,56,6.0,1494.57,31.0,0.6666666666666666,862,0.2984,0,Risque Faible,Fidélisation Active : Programme fidélité / Ventes privées / Parrainage
5208,31,5.0,735.06,49.0,0.8,1190,0.3673,0,Risque Moyen,Réactivation Ciblée : Emailing personnalisé / Remise panier moyen
5209,44,2.0,287.53999999999996,9.0,0.0,1085,0.5207,1,Risque Moyen,Réactivation Ciblée : Emailing personnalisé / Remise panier moyen
5210,49,4.0,713.22,97.0,0.25,1014,0.4113,0,Risque Moyen,Réactivation Ciblée : Emailing personnalisé / Remise panier moyen
5211,46,2.0,596.44,32.0,1.0,881,0.5427,1,Risque Moyen,Réactivation Ciblée : Emailing personnalisé / Remise panier moyen
5212,36,3.0,503.96000000000004,12.0,1.0,363,0.4666,0,Risque Moyen,Réactivation Ciblée : Emailing personnalisé / Remise panier moyen
5213,27,3.0,509.8,45.0,1.0,1090,0.5063,1,Risque Moyen,Réactivation Ciblée : Emailing personnalisé / Remise panier moyen
5214,34,0.0,0.0,303.0,0.0,825,0.7179,1,Risque Élevé,Rétention Urgente : Appel VIP / Bon d'achat 20% / Enquête insatisfaction
5215,40,0.0,0.0,303.0,0.0,719,0.7105,1,Risque Élevé,Rétention Urgente : Appel VIP / Bon d'achat 20% / Enquête insatisfaction
5216,45,5.0,470.18,31.0,0.6,438,0.3253,0,Risque Faible,Fidélisation Active : Programme fidélité / Ventes privées / Parrainage
5217,39,6.0,844.96,66.0,0.6666666666666666,1014,0.3071,0,Risque Faible,Fidélisation Active : Programme fidélité / Ventes privées / Parrainage
5218,31,13.0,3103.53,1.0,0.23076923076923078,1174,0.089,0,Risque Faible,Fidélisation Active : Programme fidélité / Ventes privées / Parrainage
5219,41,1.0,110.13,113.0,1.0,565,0.6122,1,Risque Moyen,Réactivation Ciblée : Emailing personnalisé / Remise panier moyen
5220,44,3.0,267.07,3.0,0.6666666666666666,1276,0.4601,0,Risque Moyen,Réactivation Ciblée : Emailing personnalisé / Remise panier moyen
5221,39,0.0,0.0,303.0,0.0,936,0.7152,1,Risque Élevé,Rétention Urgente : Appel VIP / Bon d'achat 20% / Enquête insatisfaction
5222,26,3.0,456.57,31.0,0.6666666666666666,811,0.4887,0,Risque Moyen,Réactivation Ciblée : Emailing personnalisé / Remise panier moyen
5223,33,15.0,2458.92,20.0,0.5333333333333333,318,0.0404,0,Risque Faible,Fidélisation Active : Programme fidélité / Ventes privées / Parrainage
5224,45,4.0,1342.6399999999999,81.0,0.0,1207,0.4479,0,Risque Moyen,Réactivation Ciblée : Emailing personnalisé / Remise panier moyen
5225,20,4.0,576.61,8.0,0.5,1268,0.4339,0,Risque Moyen,Réactivation Ciblée : Emailing personnalisé / Remise panier moyen
5226,18,4.0,312.0,4.0,1.0,670,0.4171,0,Risque Moyen,Réactivation Ciblée : Emailing personnalisé / Remise panier moyen
5227,52,1.0,127.48,108.0,1.0,1211,0.6143,1,Risque Moyen,Réactivation Ciblée : Emailing personnalisé / Remise panier moyen
5228,41,2.0,90.74000000000001,125.0,0.5,877,0.5494,1,Risque Moyen,Réactivation Ciblée : Emailing personnalisé / Remise panier moyen
5229,42,1.0,297.15,113.0,0.0,450,0.5993,1,Risque Moyen,Réactivation Ciblée : Emailing personnalisé / Remise panier moyen
5230,23,2.0,145.60999999999999,108.0,0.5,336,0.5553,1,Risque Moyen,Réactivation Ciblée : Emailing personnalisé / Remise panier moyen
5231,43,8.0,1906.93,16.0,0.375,545,0.2186,0,Risque Faible,Fidélisation Active : Programme fidélité / Ventes privées / Parrainage
5232,38,1.0,191.88,116.0,1.0,690,0.6175,1,Risque Moyen,Réactivation Ciblée : Emailing personnalisé / Remise panier moyen
5233,18,9.0,1971.73,40.0,0.3333333333333333,583,0.1889,0,Risque Faible,Fidélisation Active : Programme fidélité / Ventes privées / Parrainage
5234,51,3.0,309.99,29.0,0.3333333333333333,377,0.4405,0,Risque Moyen,Réactivation Ciblée : Emailing personnalisé / Remise panier moyen
5235,37,4.0,432.65999999999997,85.0,0.75,1258,0.4272,0,Risque Moyen,Réactivation Ciblée : Emailing personnalisé / Remise panier moyen
5236,31,4.0,649.6899999999999,83.0,1.0,528,0.4283,0,Risque Moyen,Réactivation Ciblée : Emailing personnalisé / Remise panier moyen
5237,31,4.0,510.33,165.0,0.75,1166,0.4521,0,Risque Moyen,Réactivation Ciblée : Emailing personnalisé / Remise panier moyen
5238,18,3.0,701.64,38.0,1.0,280,0.5033,1,Risque Moyen,Réactivation Ciblée : Emailing personnalisé / Remise panier moyen
5239,42,5.0,830.59,3.0,0.2,955,0.339,0,Risque Faible,Fidélisation Active : Programme fidélité / Ventes privées / Parrainage
5240,38,1.0,187.68,246.0,1.0,679,0.6461,1,Risque Moyen,Réactivation Ciblée : Emailing personnalisé / Remise panier moyen
5241,33,4.0,1235.78,99.0,0.5,1103,0.4672,0,Risque Moyen,Réactivation Ciblée : Emailing personnalisé / Remise panier moyen
5242,49,2.0,185.75,15.0,1.0,797,0.5197,1,Risque Moyen,Réactivation Ciblée : Emailing personnalisé / Remise panier moyen
5243,20,1.0,142.03,161.0,0.0,1164,0.6452,1,Risque Moyen,Réactivation Ciblée : Emailing personnalisé / Remise panier moyen
5244,28,3.0,377.85,90.0,0.3333333333333333,785,0.4927,0,Risque Moyen,Réactivation Ciblée : Emailing personnalisé / Remise panier moyen
5245,26,2.0,621.86,85.0,0.5,1196,0.5802,1,Risque Moyen,Réactivation Ciblée : Emailing personnalisé / Remise panier moyen
5246,32,1.0,177.32999999999998,2.0,1.0,1061,0.6119,1,Risque Moyen,Réactivation Ciblée : Emailing personnalisé / Remise panier moyen
5247,36,3.0,312.67,195.0,0.3333333333333333,919,0.5035,1,Risque Moyen,Réactivation Ciblée : Emailing personnalisé / Remise panier moyen
5248,40,22.0,4233.76,4.0,0.5,1307,0.0089,0,Risque Faible,Fidélisation Active : Programme fidélité / Ventes privées / Parrainage
5249,31,7.0,870.84,4.0,0.2857142857142857,894,0.2382,0,Risque Faible,Fidélisation Active : Programme fidélité / Ventes privées / Parrainage
5250,25,4.0,704.7,109.0,1.0,1283,0.4587,0,Risque Moyen,Réactivation Ciblée : Emailing personnalisé / Remise panier moyen
5251,54,0.0,0.0,303.0,0.0,338,0.6903,1,Risque Élevé,Rétention Urgente : Appel VIP / Bon d'achat 20% / Enquête insatisfaction
5252,62,2.0,270.45,3.0,0.0,1074,0.5049,1,Risque Moyen,Réactivation Ciblée : Emailing personnalisé / Remise panier moyen
5253,37,0.0,0.0,303.0,0.0,630,0.7117,1,Risque Élevé,Rétention Urgente : Appel VIP / Bon d'achat 20% / Enquête insatisfaction
5254,27,2.0,91.49,91.0,0.5,843,0.559,1,Risque Moyen,Réactivation Ciblée : Emailing personnalisé / Remise panier moyen
5255,51,1.0,143.19,167.0,1.0,1335,0.632,1,Risque Moyen,Réactivation Ciblée : Emailing personnalisé / Remise panier moyen
5256,19,12.0,1707.41,24.0,0.9166666666666666,617,0.0865,0,Risque Faible,Fidélisation Active : Programme fidélité / Ventes privées / Parrainage
5257,31,1.0,527.64,162.0,0.0,589,0.6212,1,Risque Moyen,Réactivation Ciblée : Emailing personnalisé / Remise panier moyen
5258,27,2.0,85.25999999999999,49.0,1.0,731,0.5487,1,Risque Moyen,Réactivation Ciblée : Emailing personnalisé / Remise panier moyen
5259,22,3.0,521.92,14.0,0.6666666666666666,311,0.4785,0,Risque Moyen,Réactivation Ciblée : Emailing personnalisé / Remise panier moyen
5260,32,3.0,926.32,12.0,0.0,574,0.4875,0,Risque Moyen,Réactivation Ciblée : Emailing personnalisé / Remise panier moyen
5261,25,12.0,1347.16,7.0,0.5,963,0.0791,0,Risque Faible,Fidélisation Active : Programme fidélité / Ventes privées / Parrainage
5262,35,6.0,1030.56,75.0,0.5,327,0.303,0,Risque Faible,Fidélisation Active : Programme fidélité / Ventes privées / Parrainage
5263,35,0.0,0.0,303.0,0.0,941,0.719,1,Risque Élevé,Rétention Urgente : Appel VIP / Bon d'achat 20% / Enquête insatisfaction
5264,28,5.0,568.39,83.0,0.2,455,0.3505,0,Risque Moyen,Réactivation Ciblée : Emailing personnalisé / Remise panier moyen
5265,31,3.0,831.5799999999999,36.0,0.0,1076,0.5019,1,Risque Moyen,Réactivation Ciblée : Emailing personnalisé / Remise panier moyen
5266,32,1.0,144.1,233.0,0.0,789,0.6478,1,Risque Moyen,Réactivation Ciblée : Emailing personnalisé / Remise panier moyen
5267,44,2.0,218.55,20.0,0.5,1321,0.5369,1,Risque Moyen,Réactivation Ciblée : Emailing personnalisé / Remise panier moyen
5268,33,10.0,1514.1399999999999,19.0,0.4,1285,0.1367,0,Risque Faible,Fidélisation Active : Programme fidélité / Ventes privées / Parrainage
5269,44,6.0,705.39,54.0,0.5,762,0.2822,0,Risque Faible,Fidélisation Active : Programme fidélité / Ventes privées / Parrainage
5270,41,6.0,638.87,31.0,0.3333333333333333,1061,0.2788,0,Risque Faible,Fidélisation Active : Programme fidélité / Ventes privées / Parrainage
5271,41,2.0,216.96,19.0,1.0,1117,0.5371,1,Risque Moyen,Réactivation Ciblée : Emailing personnalisé / Remise panier moyen
5272,50,1.0,776.4,91.0,0.0,1189,0.5987,1,Risque Moyen,Réactivation Ciblée : Emailing personnalisé / Remise panier moyen
5273,23,1.0,19.99,158.0,1.0,943,0.6492,1,Risque Moyen,Réactivation Ciblée : Emailing personnalisé / Remise panier moyen
5274,30,2.0,782.98,56.0,0.0,1330,0.5675,1,Risque Moyen,Réactivation Ciblée : Emailing personnalisé / Remise panier moyen
5275,54,5.0,1110.4299999999998,53.0,0.6,553,0.3487,0,Risque Faible,Fidélisation Active : Programme fidélité / Ventes privées / Parrainage
5276,32,2.0,62.44,218.0,0.0,744,0.5686,1,Risque Moyen,Réactivation Ciblée : Emailing personnalisé / Remise panier moyen
5277,18,18.0,2093.54,2.0,0.7222222222222222,993,0.0181,0,Risque Faible,Fidélisation Active : Programme fidélité / Ventes privées / Parrainage
5278,33,2.0,484.9,30.0,0.5,1328,0.5565,1,Risque Moyen,Réactivation Ciblée : Emailing personnalisé / Remise panier moyen
5279,36,3.0,545.92,107.0,0.6666666666666666,1322,0.5099,1,Risque Moyen,Réactivation Ciblée : Emailing personnalisé / Remise panier moyen
5280,18,0.0,0.0,303.0,0.0,1184,0.7384,1,Risque Élevé,Rétention Urgente : Appel VIP / Bon d'achat 20% / Enquête insatisfaction
5281,50,7.0,673.47,13.0,0.7142857142857143,1297,0.2235,0,Risque Faible,Fidélisation Active : Programme fidélité / Ventes privées / Parrainage
5282,27,1.0,343.17,60.0,1.0,800,0.6218,1,Risque Moyen,Réactivation Ciblée : Emailing personnalisé / Remise panier moyen
5283,39,1.0,40.68,269.0,0.0,795,0.6434,1,Risque Moyen,Réactivation Ciblée : Emailing personnalisé / Remise panier moyen
5284,33,0.0,0.0,303.0,0.0,1027,0.7223,1,Risque Élevé,Rétention Urgente : Appel VIP / Bon d'achat 20% / Enquête insatisfaction
5285,21,2.0,309.29999999999995,23.0,1.0,800,0.5575,1,Risque Moyen,Réactivation Ciblée : Emailing personnalisé / Remise panier moyen
5286,23,0.0,0.0,303.0,0.0,405,0.7207,1,Risque Élevé,Rétention Urgente : Appel VIP / Bon d'achat 20% / Enquête insatisfaction
5287,25,11.0,2141.92,56.0,0.8181818181818182,1041,0.1252,0,Risque Faible,Fidélisation Active : Programme fidélité / Ventes privées / Parrainage
5288,47,0.0,0.0,303.0,0.0,1216,0.7128,1,Risque Élevé,Rétention Urgente : Appel VIP / Bon d'achat 20% / Enquête insatisfaction
5289,33,4.0,609.84,19.0,0.5,640,0.4119,0,Risque Moyen,Réactivation Ciblée : Emailing personnalisé / Remise panier moyen
5290,29,3.0,214.37,90.0,0.6666666666666666,1137,0.4917,0,Risque Moyen,Réactivation Ciblée : Emailing personnalisé / Remise panier moyen
5291,25,5.0,744.41,53.0,1.0,1193,0.379,0,Risque Moyen,Réactivation Ciblée : Emailing personnalisé / Remise panier moyen
5292,48,1.0,202.10000000000002,207.0,1.0,818,0.6362,1,Risque Moyen,Réactivation Ciblée : Emailing personnalisé / Remise panier moyen
5293,51,13.0,2042.52,21.0,0.3076923076923077,1226,0.0645,0,Risque Faible,Fidélisation Active : Programme fidélité / Ventes privées / Parrainage
5294,48,6.0,1496.76,21.0,0.6666666666666666,1352,0.3188,0,Risque Faible,Fidélisation Active : Programme fidélité / Ventes privées / Parrainage
5295,40,3.0,277.02,8.0,0.3333333333333333,1120,0.4631,0,Risque Moyen,Réactivation Ciblée : Emailing personnalisé / Remise panier moyen
5296,38,1.0,210.68,50.0,0.0,310,0.5865,1,Risque Moyen,Réactivation Ciblée : Emailing personnalisé / Remise panier moyen
5297,22,4.0,923.05,26.0,0.25,568,0.4363,0,Risque Moyen,Réactivation Ciblée : Emailing personnalisé / Remise panier moyen
5298,32,3.0,244.7,26.0,1.0,369,0.4645,0,Risque Moyen,Réactivation Ciblée : Emailing personnalisé / Remise panier moyen
5299,27,1.0,286.1,70.0,1.0,370,0.62,1,Risque Moyen,Réactivation Ciblée : Emailing personnalisé / Remise panier moyen
5300,18,0.0,0.0,303.0,0.0,1223,0.739,1,Risque Élevé,Rétention Urgente : Appel VIP / Bon d'achat 20% / Enquête insatisfaction
5301,47,1.0,504.04,182.0,0.0,443,0.6076,1,Risque Moyen,Réactivation Ciblée : Emailing personnalisé / Remise panier moyen
5302,27,3.0,195.25,46.0,0.6666666666666666,642,0.473,0,Risque Moyen,Réactivation Ciblée : Emailing personnalisé / Remise panier moyen
5303,48,7.0,940.8,35.0,0.5714285714285714,1204,0.2339,0,Risque Faible,Fidélisation Active : Programme fidélité / Ventes privées / Parrainage
5304,45,3.0,337.20000000000005,7.0,1.0,722,0.456,0,Risque Moyen,Réactivation Ciblée : Emailing personnalisé / Remise panier moyen
5305,41,3.0,743.44,92.0,0.3333333333333333,701,0.4918,0,Risque Moyen,Réactivation Ciblée : Emailing personnalisé / Remise panier moyen
5306,42,1.0,105.99,151.0,0.0,1015,0.6175,1,Risque Moyen,Réactivation Ciblée : Emailing personnalisé / Remise panier moyen
5307,28,1.0,20.38,112.0,1.0,426,0.6243,1,Risque Moyen,Réactivation Ciblée : Emailing personnalisé / Remise panier moyen
5308,55,6.0,784.05,26.0,0.5,314,0.2607,0,Risque Faible,Fidélisation Active : Programme fidélité / Ventes privées / Parrainage
5309,35,2.0,75.87,115.0,0.5,843,0.5508,1,Risque Moyen,Réactivation Ciblée : Emailing personnalisé / Remise panier moyen
5310,38,10.0,1443.69,44.0,0.5,859,0.1294,0,Risque Faible,Fidélisation Active : Programme fidélité / Ventes privées / Parrainage
5311,28,6.0,552.23,24.0,0.6666666666666666,1191,0.2903,0,Risque Faible,Fidélisation Active : Programme fidélité / Ventes privées / Parrainage
5312,25,1.0,19.63,226.0,1.0,1040,0.6627,1,Risque Élevé,Rétention Urgente : Appel VIP / Bon d'achat 20% / Enquête insatisfaction
5313,40,0.0,0.0,303.0,0.0,568,0.7078,1,Risque Élevé,Rétention Urgente : Appel VIP / Bon d'achat 20% / Enquête insatisfaction
5314,37,1.0,133.08,147.0,0.0,681,0.6148,1,Risque Moyen,Réactivation Ciblée : Emailing personnalisé / Remise panier moyen
5315,26,1.0,65.13,37.0,1.0,431,0.6103,1,Risque Moyen,Réactivation Ciblée : Emailing personnalisé / Remise panier moyen
5316,19,4.0,388.8,70.0,0.25,389,0.4227,0,Risque Moyen,Réactivation Ciblée : Emailing personnalisé / Remise panier moyen
5317,21,0.0,0.0,303.0,0.0,634,0.7264,1,Risque Élevé,Rétention Urgente : Appel VIP / Bon d'achat 20% / Enquête insatisfaction
5318,48,2.0,351.19,57.0,1.0,310,0.5249,1,Risque Moyen,Réactivation Ciblée : Emailing personnalisé / Remise panier moyen
5319,28,8.0,1389.28,18.0,0.375,1072,0.2083,0,Risque Faible,Fidélisation Active : Programme fidélité / Ventes privées / Parrainage
5320,31,1.0,126.88,132.0,1.0,747,0.6323,1,Risque Moyen,Réactivation Ciblée : Emailing personnalisé / Remise panier moyen
5321,51,3.0,209.69,87.0,0.3333333333333333,460,0.4499,0,Risque Moyen,Réactivation Ciblée : Emailing personnalisé / Remise panier moyen
5322,23,2.0,333.06000000000006,107.0,1.0,306,0.5699,1,Risque Moyen,Réactivation Ciblée : Emailing personnalisé / Remise panier moyen
5323,27,2.0,454.14,42.0,0.0,663,0.5497,1,Risque Moyen,Réactivation Ciblée : Emailing personnalisé / Remise panier moyen
5324,27,9.0,1763.45,24.0,0.6666666666666666,741,0.182,0,Risque Faible,Fidélisation Active : Programme fidélité / Ventes privées / Parrainage
5325,53,12.0,1910.89,19.0,0.25,696,0.077,0,Risque Faible,Fidélisation Active : Programme fidélité / Ventes privées / Parrainage
5326,57,5.0,619.84,57.0,0.6,949,0.3351,0,Risque Faible,Fidélisation Active : Programme fidélité / Ventes privées / Parrainage
5327,43,8.0,1843.55,16.0,0.375,716,0.2148,0,Risque Faible,Fidélisation Active : Programme fidélité / Ventes privées / Parrainage
5328,44,1.0,144.78,117.0,1.0,545,0.613,1,Risque Moyen,Réactivation Ciblée : Emailing personnalisé / Remise panier moyen
5329,29,5.0,638.76,23.0,0.8,656,0.358,0,Risque Moyen,Réactivation Ciblée : Emailing personnalisé / Remise panier moyen
5330,56,5.0,450.16,6.0,0.2,502,0.3045,0,Risque Faible,Fidélisation Active : Programme fidélité / Ventes privées / Parrainage
5331,38,7.0,1576.8799999999999,18.0,0.5714285714285714,555,0.2654,0,Risque Faible,Fidélisation Active : Programme fidélité / Ventes privées / Parrainage
5332,44,9.0,1094.29,26.0,0.5555555555555556,501,0.146,0,Risque Faible,Fidélisation Active : Programme fidélité / Ventes privées / Parrainage
5333,34,1.0,45.94,115.0,1.0,1256,0.6349,1,Risque Moyen,Réactivation Ciblée : Emailing personnalisé / Remise panier moyen
5334,32,2.0,330.34000000000003,15.0,1.0,429,0.5423,1,Risque Moyen,Réactivation Ciblée : Emailing personnalisé / Remise panier moyen
5335,53,1.0,199.18,184.0,1.0,1195,0.6258,1,Risque Moyen,Réactivation Ciblée : Emailing personnalisé / Remise panier moyen
5336,41,2.0,667.53,41.0,0.0,358,0.5291,1,Risque Moyen,Réactivation Ciblée : Emailing personnalisé / Remise panier moyen
5337,51,5.0,918.27,1.0,0.6,1295,0.3432,0,Risque Faible,Fidélisation Active : Programme fidélité / Ventes privées / Parrainage
5338,38,1.0,644.0,206.0,0.0,732,0.6262,1,Risque Moyen,Réactivation Ciblée : Emailing personnalisé / Remise panier moyen
5339,26,10.0,853.0899999999999,22.0,0.7,1337,0.1233,0,Risque Faible,Fidélisation Active : Programme fidélité / Ventes privées / Parrainage
5340,29,3.0,311.62,128.0,1.0,872,0.5032,1,Risque Moyen,Réactivation Ciblée : Emailing personnalisé / Remise panier moyen
5341,36,4.0,533.98,65.0,0.5,1174,0.4271,0,Risque Moyen,Réactivation Ciblée : Emailing personnalisé / Remise panier moyen
5342,28,7.0,592.05,28.0,0.42857142857142855,841,0.2348,0,Risque Faible,Fidélisation Active : Programme fidélité / Ventes privées / Parrainage
5343,23,2.0,112.14,15.0,0.5,928,0.5448,1,Risque Moyen,Réactivation Ciblée : Emailing personnalisé / Remise panier moyen
5344,48,2.0,441.47,200.0,1.0,645,0.5693,1,Risque Moyen,Réactivation Ciblée : Emailing personnalisé / Remise panier moyen
5345,29,4.0,648.06,33.0,0.25,1345,0.4306,0,Risque Moyen,Réactivation Ciblée : Emailing personnalisé / Remise panier moyen
5346,37,2.0,357.15999999999997,29.0,1.0,1079,0.5477,1,Risque Moyen,Réactivation Ciblée : Emailing personnalisé / Remise panier moyen
5347,38,0.0,0.0,303.0,0.0,473,0.708,1,Risque Élevé,Rétention Urgente : Appel VIP / Bon d'achat 20% / Enquête insatisfaction
5348,29,1.0,123.64,49.0,0.0,1061,0.6107,1,Risque Moyen,Réactivation Ciblée : Emailing personnalisé / Remise panier moyen
5349,51,2.0,247.82,10.0,1.0,1065,0.5319,1,Risque Moyen,Réactivation Ciblée : Emailing personnalisé / Remise panier moyen
5350,23,1.0,121.16,103.0,1.0,738,0.6326,1,Risque Moyen,Réactivation Ciblée : Emailing personnalisé / Remise panier moyen
5351,38,9.0,1053.04,3.0,0.5555555555555556,418,0.144,0,Risque Faible,Fidélisation Active : Programme fidélité / Ventes privées / Parrainage
5352,38,5.0,447.7,113.0,0.6,1331,0.3635,0,Risque Moyen,Réactivation Ciblée : Emailing personnalisé / Remise panier moyen
5353,34,10.0,1772.6100000000001,25.0,0.4,983,0.1382,0,Risque Faible,Fidélisation Active : Programme fidélité / Ventes privées / Parrainage
5354,21,4.0,698.99,58.0,0.5,624,0.4342,0,Risque Moyen,Réactivation Ciblée : Emailing personnalisé / Remise panier moyen
5355,45,2.0,43.07,39.0,1.0,1287,0.5374,1,Risque Moyen,Réactivation Ciblée : Emailing personnalisé / Remise panier moyen
5356,43,5.0,1700.15,232.0,0.2,1319,0.4372,0,Risque Moyen,Réactivation Ciblée : Emailing personnalisé / Remise panier moyen
5357,28,5.0,508.63,51.0,0.4,700,0.3489,0,Risque Faible,Fidélisation Active : Programme fidélité / Ventes privées / Parrainage
5358,43,3.0,369.4,69.0,0.3333333333333333,1295,0.4797,0,Risque Moyen,Réactivation Ciblée : Emailing personnalisé / Remise panier moyen
5359,39,1.0,79.98,235.0,0.0,367,0.6274,1,Risque Moyen,Réactivation Ciblée : Emailing personnalisé / Remise panier moyen
5360,21,2.0,150.07,51.0,0.5,674,0.5502,1,Risque Moyen,Réactivation Ciblée : Emailing personnalisé / Remise panier moyen
5361,26,3.0,441.46000000000004,37.0,0.6666666666666666,685,0.4868,0,Risque Moyen,Réactivation Ciblée : Emailing personnalisé / Remise panier moyen
5362,48,1.0,63.09,222.0,1.0,1013,0.641,1,Risque Moyen,Réactivation Ciblée : Emailing personnalisé / Remise panier moyen
5363,38,0.0,0.0,303.0,0.0,355,0.7059,1,Risque Élevé,Rétention Urgente : Appel VIP / Bon d'achat 20% / Enquête insatisfaction
5364,29,0.0,0.0,303.0,0.0,1184,0.7286,1,Risque Élevé,Rétention Urgente : Appel VIP / Bon d'achat 20% / Enquête insatisfaction
5365,26,1.0,154.13,227.0,1.0,1215,0.6635,1,Risque Élevé,Rétention Urgente : Appel VIP / Bon d'achat 20% / Enquête insatisfaction
5366,29,6.0,1233.02,31.0,0.3333333333333333,515,0.3187,0,Risque Faible,Fidélisation Active : Programme fidélité / Ventes privées / Parrainage
5367,30,3.0,588.49,11.0,0.6666666666666666,1251,0.4996,0,Risque Moyen,Réactivation Ciblée : Emailing personnalisé / Remise panier moyen
5368,26,3.0,221.55,14.0,0.3333333333333333,1102,0.4739,0,Risque Moyen,Réactivation Ciblée : Emailing personnalisé / Remise panier moyen
5369,18,1.0,118.86,238.0,0.0,532,0.6527,1,Risque Élevé,Rétention Urgente : Appel VIP / Bon d'achat 20% / Enquête insatisfaction
5370,48,1.0,163.34,240.0,1.0,1114,0.6414,1,Risque Moyen,Réactivation Ciblée : Emailing personnalisé / Remise panier moyen
5371,46,5.0,759.37,21.0,0.6,1198,0.3488,0,Risque Faible,Fidélisation Active : Programme fidélité / Ventes privées / Parrainage
5372,21,0.0,0.0,303.0,0.0,752,0.7284,1,Risque Élevé,Rétention Urgente : Appel VIP / Bon d'achat 20% / Enquête insatisfaction
5373,36,3.0,438.49,40.0,0.6666666666666666,367,0.465,0,Risque Moyen,Réactivation Ciblée : Emailing personnalisé / Remise panier moyen
5374,25,5.0,608.67,19.0,0.8,821,0.3615,0,Risque Moyen,Réactivation Ciblée : Emailing personnalisé / Remise panier moyen
5375,32,0.0,0.0,303.0,0.0,667,0.717,1,Risque Élevé,Rétention Urgente : Appel VIP / Bon d'achat 20% / Enquête insatisfaction
5376,31,0.0,0.0,303.0,0.0,702,0.7185,1,Risque Élevé,Rétention Urgente : Appel VIP / Bon d'achat 20% / Enquête insatisfaction
5377,30,1.0,43.44,46.0,1.0,476,0.6132,1,Risque Moyen,Réactivation Ciblée : Emailing personnalisé / Remise panier moyen
5378,57,1.0,284.26,172.0,0.0,959,0.6042,1,Risque Moyen,Réactivation Ciblée : Emailing personnalisé / Remise panier moyen
5379,30,0.0,0.0,303.0,0.0,630,0.7182,1,Risque Élevé,Rétention Urgente : Appel VIP / Bon d'achat 20% / Enquête insatisfaction
5380,26,5.0,704.13,58.0,0.6,1223,0.3718,0,Risque Moyen,Réactivation Ciblée : Emailing personnalisé / Remise panier moyen
5381,27,1.0,123.72,193.0,1.0,307,0.6402,1,Risque Moyen,Réactivation Ciblée : Emailing personnalisé / Remise panier moyen
5382,46,4.0,477.54,52.0,0.5,879,0.397,0,Risque Moyen,Réactivation Ciblée : Emailing personnalisé / Remise panier moyen
5383,18,2.0,191.41,234.0,0.0,1107,0.6036,1,Risque Moyen,Réactivation Ciblée : Emailing personnalisé / Remise panier moyen
5384,27,1.0,292.48,151.0,1.0,1024,0.6436,1,Risque Moyen,Réactivation Ciblée : Emailing personnalisé / Remise panier moyen
5385,51,5.0,372.08000000000004,23.0,0.6,490,0.3137,0,Risque Faible,Fidélisation Active : Programme fidélité / Ventes privées / Parrainage
5386,38,6.0,2273.56,34.0,0.6666666666666666,855,0.3619,0,Risque Moyen,Réactivation Ciblée : Emailing personnalisé / Remise panier moyen
5387,37,7.0,1476.55,74.0,0.42857142857142855,424,0.2591,0,Risque Faible,Fidélisation Active : Programme fidélité / Ventes privées / Parrainage
5388,58,1.0,151.96,7.0,0.0,656,0.561,1,Risque Moyen,Réactivation Ciblée : Emailing personnalisé / Remise panier moyen
5389,38,2.0,361.3,19.0,0.5,1154,0.5447,1,Risque Moyen,Réactivation Ciblée : Emailing personnalisé / Remise panier moyen
5390,27,5.0,938.96,34.0,0.6,765,0.3731,0,Risque Moyen,Réactivation Ciblée : Emailing personnalisé / Remise panier moyen
5391,32,0.0,0.0,303.0,0.0,531,0.7146,1,Risque Élevé,Rétention Urgente : Appel VIP / Bon d'achat 20% / Enquête insatisfaction
5392,23,5.0,1341.9699999999998,6.0,0.8,597,0.3869,0,Risque Moyen,Réactivation Ciblée : Emailing personnalisé / Remise panier moyen
5393,49,6.0,817.8100000000001,89.0,0.8333333333333334,699,0.295,0,Risque Faible,Fidélisation Active : Programme fidélité / Ventes privées / Parrainage
5394,41,2.0,124.71000000000001,202.0,0.5,288,0.5522,1,Risque Moyen,Réactivation Ciblée : Emailing personnalisé / Remise panier moyen
5395,47,1.0,39.150000000000006,134.0,1.0,810,0.6202,1,Risque Moyen,Réactivation Ciblée : Emailing personnalisé / Remise panier moyen
5396,48,7.0,1244.62,33.0,0.7142857142857143,1147,0.2496,0,Risque Faible,Fidélisation Active : Programme fidélité / Ventes privées / Parrainage
5397,30,3.0,240.44,108.0,0.3333333333333333,894,0.4863,0,Risque Moyen,Réactivation Ciblée : Emailing personnalisé / Remise panier moyen
5398,25,0.0,0.0,303.0,0.0,506,0.7206,1,Risque Élevé,Rétention Urgente : Appel VIP / Bon d'achat 20% / Enquête insatisfaction
5399,34,2.0,534.97,38.0,0.5,557,0.5481,1,Risque Moyen,Réactivation Ciblée : Emailing personnalisé / Remise panier moyen
5400,25,5.0,542.65,6.0,0.0,1189,0.3534,0,Risque Moyen,Réactivation Ciblée : Emailing personnalisé / Remise panier moyen
5401,37,1.0,35.35,223.0,1.0,1192,0.6526,1,Risque Élevé,Rétention Urgente : Appel VIP / Bon d'achat 20% / Enquête insatisfaction
5402,47,1.0,53.52,100.0,0.0,882,0.6014,1,Risque Moyen,Réactivation Ciblée : Emailing personnalisé / Remise panier moyen
5403,33,4.0,822.78,111.0,0.75,955,0.4487,0,Risque Moyen,Réactivation Ciblée : Emailing personnalisé / Remise panier moyen
5404,37,0.0,0.0,303.0,0.0,677,0.7125,1,Risque Élevé,Rétention Urgente : Appel VIP / Bon d'achat 20% / Enquête insatisfaction
5405,34,3.0,562.35,89.0,0.0,308,0.4771,0,Risque Moyen,Réactivation Ciblée : Emailing personnalisé / Remise panier moyen
5406,44,4.0,431.48,2.0,0.5,794,0.3935,0,Risque Moyen,Réactivation Ciblée : Emailing personnalisé / Remise panier moyen
5407,28,4.0,1050.94,134.0,0.5,1101,0.4697,0,Risque Moyen,Réactivation Ciblée : Emailing personnalisé / Remise panier moyen
5408,18,1.0,90.87,94.0,0.0,584,0.6227,1,Risque Moyen,Réactivation Ciblée : Emailing personnalisé / Remise panier moyen
5409,40,0.0,0.0,303.0,0.0,445,0.7056,1,Risque Élevé,Rétention Urgente : Appel VIP / Bon d'achat 20% / Enquête insatisfaction
5410,46,9.0,749.55,6.0,0.4444444444444444,981,0.1407,0,Risque Faible,Fidélisation Active : Programme fidélité / Ventes privées / Parrainage
5411,40,0.0,0.0,303.0,0.0,1015,0.7157,1,Risque Élevé,Rétention Urgente : Appel VIP / Bon d'achat 20% / Enquête insatisfaction
5412,28,2.0,264.15999999999997,5.0,1.0,555,0.5439,1,Risque Moyen,Réactivation Ciblée : Emailing personnalisé / Remise panier moyen
5413,23,0.0,0.0,303.0,0.0,345,0.7196,1,Risque Élevé,Rétention Urgente : Appel VIP / Bon d'achat 20% / Enquête insatisfaction
5414,40,2.0,146.19,193.0,0.0,1100,0.5633,1,Risque Moyen,Réactivation Ciblée : Emailing personnalisé / Remise panier moyen
5415,37,3.0,351.65999999999997,51.0,0.6666666666666666,278,0.4618,0,Risque Moyen,Réactivation Ciblée : Emailing personnalisé / Remise panier moyen
5416,34,4.0,972.2000000000002,29.0,0.75,1092,0.4399,0,Risque Moyen,Réactivation Ciblée : Emailing personnalisé / Remise panier moyen
5417,55,1.0,486.15000000000003,8.0,0.0,1062,0.5726,1,Risque Moyen,Réactivation Ciblée : Emailing personnalisé / Remise panier moyen
5418,25,1.0,118.46,85.0,0.0,738,0.6161,1,Risque Moyen,Réactivation Ciblée : Emailing personnalisé / Remise panier moyen
5419,55,3.0,800.48,19.0,0.3333333333333333,831,0.4643,0,Risque Moyen,Réactivation Ciblée : Emailing personnalisé / Remise panier moyen
5420,35,0.0,0.0,303.0,0.0,851,0.7174,1,Risque Élevé,Rétention Urgente : Appel VIP / Bon d'achat 20% / Enquête insatisfaction
5421,18,3.0,602.15,60.0,0.6666666666666666,1235,0.5219,1,Risque Moyen,Réactivation Ciblée : Emailing personnalisé / Remise panier moyen
5422,33,10.0,2106.2599999999998,6.0,0.7,544,0.141,0,Risque Faible,Fidélisation Active : Programme fidélité / Ventes privées / Parrainage
5423,46,4.0,784.97,3.0,0.75,320,0.3964,0,Risque Moyen,Réactivation Ciblée : Emailing personnalisé / Remise panier moyen
5424,31,9.0,893.6800000000001,15.0,0.6666666666666666,556,0.1468,0,Risque Faible,Fidélisation Active : Programme fidélité / Ventes privées / Parrainage
5425,19,0.0,0.0,303.0,0.0,1297,0.7394,1,Risque Élevé,Rétention Urgente : Appel VIP / Bon d'achat 20% / Enquête insatisfaction
5426,33,3.0,604.57,42.0,0.6666666666666666,351,0.4777,0,Risque Moyen,Réactivation Ciblée : Emailing personnalisé / Remise panier moyen
5427,26,1.0,81.08,133.0,0.0,417,0.619,1,Risque Moyen,Réactivation Ciblée : Emailing personnalisé / Remise panier moyen
5428,40,6.0,431.47,35.0,0.8333333333333334,1336,0.2848,0,Risque Faible,Fidélisation Active : Programme fidélité / Ventes privées / Parrainage
5429,44,3.0,202.78,7.0,0.3333333333333333,1272,0.4573,0,Risque Moyen,Réactivation Ciblée : Emailing personnalisé / Remise panier moyen
5430,23,8.0,1317.71,24.0,0.5,1106,0.2138,0,Risque Faible,Fidélisation Active : Programme fidélité / Ventes privées / Parrainage
5431,27,7.0,551.23,23.0,0.42857142857142855,495,0.2238,0,Risque Faible,Fidélisation Active : Programme fidélité / Ventes privées / Parrainage
5432,43,3.0,654.8399999999999,95.0,1.0,455,0.4899,0,Risque Moyen,Réactivation Ciblée : Emailing personnalisé / Remise panier moyen
5433,26,3.0,228.24,59.0,0.6666666666666666,275,0.4723,0,Risque Moyen,Réactivation Ciblée : Emailing personnalisé / Remise panier moyen
5434,23,0.0,0.0,303.0,0.0,1076,0.7321,1,Risque Élevé,Rétention Urgente : Appel VIP / Bon d'achat 20% / Enquête insatisfaction
5435,22,2.0,141.93,176.0,0.5,452,0.5736,1,Risque Moyen,Réactivation Ciblée : Emailing personnalisé / Remise panier moyen
5436,39,2.0,418.78,38.0,0.5,639,0.5356,1,Risque Moyen,Réactivation Ciblée : Emailing personnalisé / Remise panier moyen
5437,38,4.0,405.30999999999995,82.0,0.5,1197,0.4183,0,Risque Moyen,Réactivation Ciblée : Emailing personnalisé / Remise panier moyen
5438,27,1.0,20.81,70.0,1.0,611,0.6204,1,Risque Moyen,Réactivation Ciblée : Emailing personnalisé / Remise panier moyen
5439,35,7.0,1078.64,11.0,0.0,443,0.2346,0,Risque Faible,Fidélisation Active : Programme fidélité / Ventes privées / Parrainage
5440,52,3.0,123.29,26.0,0.6666666666666666,468,0.4348,0,Risque Moyen,Réactivation Ciblée : Emailing personnalisé / Remise panier moyen
5441,24,1.0,161.88,172.0,1.0,852,0.6513,1,Risque Élevé,Rétention Urgente : Appel VIP / Bon d'achat 20% / Enquête insatisfaction
5442,18,0.0,0.0,303.0,0.0,335,0.724,1,Risque Élevé,Rétention Urgente : Appel VIP / Bon d'achat 20% / Enquête insatisfaction
5443,40,5.0,1495.06,128.0,0.6,1098,0.4081,0,Risque Moyen,Réactivation Ciblée : Emailing personnalisé / Remise panier moyen
5444,34,2.0,606.92,150.0,1.0,627,0.5787,1,Risque Moyen,Réactivation Ciblée : Emailing personnalisé / Remise panier moyen
5445,27,8.0,1367.29,23.0,0.375,802,0.2111,0,Risque Faible,Fidélisation Active : Programme fidélité / Ventes privées / Parrainage
5446,42,6.0,1179.01,32.0,0.3333333333333333,816,0.2989,0,Risque Faible,Fidélisation Active : Programme fidélité / Ventes privées / Parrainage
5447,44,2.0,157.31,18.0,0.5,719,0.5246,1,Risque Moyen,Réactivation Ciblée : Emailing personnalisé / Remise panier moyen
5448,18,4.0,700.7800000000001,52.0,1.0,978,0.4495,0,Risque Moyen,Réactivation Ciblée : Emailing personnalisé / Remise panier moyen
5449,28,4.0,474.01,101.0,0.5,410,0.4193,0,Risque Moyen,Réactivation Ciblée : Emailing personnalisé / Remise panier moyen
5450,60,3.0,1013.9300000000001,130.0,0.6666666666666666,794,0.4925,0,Risque Moyen,Réactivation Ciblée : Emailing personnalisé / Remise panier moyen
5451,41,10.0,1385.81,20.0,0.6,1025,0.1246,0,Risque Faible,Fidélisation Active : Programme fidélité / Ventes privées / Parrainage
5452,42,3.0,452.56,36.0,0.0,913,0.4661,0,Risque Moyen,Réactivation Ciblée : Emailing personnalisé / Remise panier moyen
5453,48,1.0,53.89,265.0,0.0,925,0.6336,1,Risque Moyen,Réactivation Ciblée : Emailing personnalisé / Remise panier moyen
5454,35,5.0,476.88,56.0,0.4,1172,0.3469,0,Risque Faible,Fidélisation Active : Programme fidélité / Ventes privées / Parrainage
5455,44,4.0,641.19,30.0,0.5,501,0.3963,0,Risque Moyen,Réactivation Ciblée : Emailing personnalisé / Remise panier moyen
5456,43,2.0,272.69,19.0,0.5,1006,0.5321,1,Risque Moyen,Réactivation Ciblée : Emailing personnalisé / Remise panier moyen
5457,41,1.0,17.39,179.0,0.0,501,0.6151,1,Risque Moyen,Réactivation Ciblée : Emailing personnalisé / Remise panier moyen
5458,31,3.0,631.0699999999999,23.0,1.0,803,0.4901,0,Risque Moyen,Réactivation Ciblée : Emailing personnalisé / Remise panier moyen
5459,37,3.0,760.0799999999999,131.0,0.6666666666666666,698,0.5071,1,Risque Moyen,Réactivation Ciblée : Emailing personnalisé / Remise panier moyen
5460,29,10.0,1257.8500000000001,10.0,0.8,1344,0.1403,0,Risque Faible,Fidélisation Active : Programme fidélité / Ventes privées / Parrainage
5461,35,2.0,329.04,182.0,0.5,1132,0.5845,1,Risque Moyen,Réactivation Ciblée : Emailing personnalisé / Remise panier moyen
5462,22,2.0,188.51999999999998,223.0,0.0,908,0.5948,1,Risque Moyen,Réactivation Ciblée : Emailing personnalisé / Remise panier moyen
5463,26,1.0,421.70000000000005,121.0,1.0,1269,0.6476,1,Risque Moyen,Réactivation Ciblée : Emailing personnalisé / Remise panier moyen
5464,32,4.0,1052.46,92.0,0.5,629,0.4503,0,Risque Moyen,Réactivation Ciblée : Emailing personnalisé / Remise panier moyen
5465,25,0.0,0.0,303.0,0.0,961,0.7284,1,Risque Élevé,Rétention Urgente : Appel VIP / Bon d'achat 20% / Enquête insatisfaction
5466,29,1.0,306.42,164.0,0.0,391,0.6207,1,Risque Moyen,Réactivation Ciblée : Emailing personnalisé / Remise panier moyen
5467,33,4.0,634.58,21.0,0.5,618,0.4065,0,Risque Moyen,Réactivation Ciblée : Emailing personnalisé / Remise panier moyen
5468,39,3.0,445.5,24.0,0.6666666666666666,1226,0.4832,0,Risque Moyen,Réactivation Ciblée : Emailing personnalisé / Remise panier moyen
5469,45,8.0,1181.81,9.0,0.375,840,0.1967,0,Risque Faible,Fidélisation Active : Programme fidélité / Ventes privées / Parrainage
5470,30,2.0,388.21000000000004,15.0,0.5,340,0.5337,1,Risque Moyen,Réactivation Ciblée : Emailing personnalisé / Remise panier moyen
5471,50,6.0,605.22,40.0,0.6666666666666666,846,0.2774,0,Risque Faible,Fidélisation Active : Programme fidélité / Ventes privées / Parrainage
5472,45,5.0,974.29,84.0,1.0,649,0.3636,0,Risque Moyen,Réactivation Ciblée : Emailing personnalisé / Remise panier moyen
5473,41,3.0,686.03,33.0,0.6666666666666666,951,0.4798,0,Risque Moyen,Réactivation Ciblée : Emailing personnalisé / Remise panier moyen
5474,37,5.0,1086.17,13.0,0.6,824,0.3687,0,Risque Moyen,Réactivation Ciblée : Emailing personnalisé / Remise panier moyen
5475,39,0.0,0.0,303.0,0.0,359,0.705,1,Risque Élevé,Rétention Urgente : Appel VIP / Bon d'achat 20% / Enquête insatisfaction
5476,48,5.0,726.69,19.0,0.8,552,0.3465,0,Risque Faible,Fidélisation Active : Programme fidélité / Ventes privées / Parrainage
5477,48,2.0,104.09,13.0,1.0,1210,0.5342,1,Risque Moyen,Réactivation Ciblée : Emailing personnalisé / Remise panier moyen
5478,50,8.0,1172.29,45.0,0.625,742,0.193,0,Risque Faible,Fidélisation Active : Programme fidélité / Ventes privées / Parrainage
5479,35,8.0,1236.49,32.0,0.5,596,0.1994,0,Risque Faible,Fidélisation Active : Programme fidélité / Ventes privées / Parrainage
5480,41,7.0,988.88,32.0,0.5714285714285714,300,0.2328,0,Risque Faible,Fidélisation Active : Programme fidélité / Ventes privées / Parrainage
5481,50,3.0,499.25,36.0,1.0,1241,0.4877,0,Risque Moyen,Réactivation Ciblée : Emailing personnalisé / Remise panier moyen
5482,28,2.0,309.04999999999995,183.0,0.5,492,0.5787,1,Risque Moyen,Réactivation Ciblée : Emailing personnalisé / Remise panier moyen
5483,31,0.0,0.0,303.0,0.0,763,0.7196,1,Risque Élevé,Rétention Urgente : Appel VIP / Bon d'achat 20% / Enquête insatisfaction
5484,35,2.0,248.07999999999998,129.0,0.0,828,0.5531,1,Risque Moyen,Réactivation Ciblée : Emailing personnalisé / Remise panier moyen
5485,45,2.0,269.47999999999996,39.0,0.0,1205,0.5306,1,Risque Moyen,Réactivation Ciblée : Emailing personnalisé / Remise panier moyen
5486,45,1.0,137.01,91.0,1.0,720,0.6061,1,Risque Moyen,Réactivation Ciblée : Emailing personnalisé / Remise panier moyen
5487,32,0.0,0.0,303.0,0.0,1238,0.7268,1,Risque Élevé,Rétention Urgente : Appel VIP / Bon d'achat 20% / Enquête insatisfaction
5488,18,2.0,323.82,30.0,0.5,673,0.5543,1,Risque Moyen,Réactivation Ciblée : Emailing personnalisé / Remise panier moyen
5489,38,5.0,787.76,4.0,0.0,865,0.3439,0,Risque Faible,Fidélisation Active : Programme fidélité / Ventes privées / Parrainage
5490,25,1.0,23.66,62.0,0.0,1185,0.6216,1,Risque Moyen,Réactivation Ciblée : Emailing personnalisé / Remise panier moyen
5491,19,5.0,653.54,64.0,0.4,543,0.3629,0,Risque Moyen,Réactivation Ciblée : Emailing personnalisé / Remise panier moyen
5492,21,4.0,733.47,204.0,0.25,698,0.4704,0,Risque Moyen,Réactivation Ciblée : Emailing personnalisé / Remise panier moyen
5493,39,3.0,295.9,32.0,1.0,387,0.4577,0,Risque Moyen,Réactivation Ciblée : Emailing personnalisé / Remise panier moyen
5494,50,5.0,906.67,18.0,0.6,346,0.3328,0,Risque Faible,Fidélisation Active : Programme fidélité / Ventes privées / Parrainage
5495,35,8.0,1017.16,55.0,0.5,815,0.2051,0,Risque Faible,Fidélisation Active : Programme fidélité / Ventes privées / Parrainage
5496,37,2.0,690.93,63.0,0.5,1238,0.5717,1,Risque Moyen,Réactivation Ciblée : Emailing personnalisé / Remise panier moyen
5497,48,4.0,363.31,4.0,1.0,672,0.3862,0,Risque Moyen,Réactivation Ciblée : Emailing personnalisé / Remise panier moyen
5498,18,4.0,366.31,81.0,0.75,331,0.4193,0,Risque Moyen,Réactivation Ciblée : Emailing personnalisé / Remise panier moyen
5499,41,2.0,217.8,113.0,0.5,555,0.5401,1,Risque Moyen,Réactivation Ciblée : Emailing personnalisé / Remise panier moyen
5500,35,3.0,338.83,167.0,0.3333333333333333,710,0.5034,1,Risque Moyen,Réactivation Ciblée : Emailing personnalisé / Remise panier moyen
5501,41,2.0,400.90999999999997,141.0,0.5,989,0.5694,1,Risque Moyen,Réactivation Ciblée : Emailing personnalisé / Remise panier moyen
5502,30,11.0,1572.26,23.0,0.6363636363636364,285,0.1046,0,Risque Faible,Fidélisation Active : Programme fidélité / Ventes privées / Parrainage
5503,26,2.0,188.23000000000002,74.0,0.5,442,0.5454,1,Risque Moyen,Réactivation Ciblée : Emailing personnalisé / Remise panier moyen
5504,37,6.0,632.2,27.0,0.5,831,0.2791,0,Risque Faible,Fidélisation Active : Programme fidélité / Ventes privées / Parrainage
5505,53,3.0,586.78,84.0,0.0,792,0.4678,0,Risque Moyen,Réactivation Ciblée : Emailing personnalisé / Remise panier moyen
5506,44,0.0,0.0,303.0,0.0,275,0.6988,1,Risque Élevé,Rétention Urgente : Appel VIP / Bon d'achat 20% / Enquête insatisfaction
5507,29,0.0,0.0,303.0,0.0,684,0.72,1,Risque Élevé,Rétention Urgente : Appel VIP / Bon d'achat 20% / Enquête insatisfaction
5508,20,2.0,198.89,33.0,0.5,1329,0.5622,1,Risque Moyen,Réactivation Ciblée : Emailing personnalisé / Remise panier moyen
5509,18,3.0,633.28,2.0,0.3333333333333333,1003,0.5012,1,Risque Moyen,Réactivation Ciblée : Emailing personnalisé / Remise panier moyen
5510,49,10.0,1309.08,1.0,0.8,1121,0.1211,0,Risque Faible,Fidélisation Active : Programme fidélité / Ventes privées / Parrainage
5511,24,5.0,795.0600000000001,45.0,0.8,1357,0.3814,0,Risque Moyen,Réactivation Ciblée : Emailing personnalisé / Remise panier moyen
5512,31,6.0,1215.07,111.0,0.3333333333333333,632,0.3319,0,Risque Faible,Fidélisation Active : Programme fidélité / Ventes privées / Parrainage
5513,50,6.0,1014.3800000000001,89.0,0.6666666666666666,859,0.2984,0,Risque Faible,Fidélisation Active : Programme fidélité / Ventes privées / Parrainage
5514,18,1.0,172.0,76.0,0.0,1198,0.6302,1,Risque Moyen,Réactivation Ciblée : Emailing personnalisé / Remise panier moyen
5515,51,2.0,512.6099999999999,150.0,0.5,313,0.5436,1,Risque Moyen,Réactivation Ciblée : Emailing personnalisé / Remise panier moyen
5516,32,6.0,553.4200000000001,18.0,0.3333333333333333,648,0.2765,0,Risque Faible,Fidélisation Active : Programme fidélité / Ventes privées / Parrainage
5517,22,8.0,1155.94,51.0,0.25,374,0.1988,0,Risque Faible,Fidélisation Active : Programme fidélité / Ventes privées / Parrainage
5518,32,0.0,0.0,303.0,0.0,554,0.715,1,Risque Élevé,Rétention Urgente : Appel VIP / Bon d'achat 20% / Enquête insatisfaction
5519,27,2.0,75.79,15.0,1.0,940,0.5456,1,Risque Moyen,Réactivation Ciblée : Emailing personnalisé / Remise panier moyen
5520,40,0.0,0.0,303.0,0.0,310,0.7032,1,Risque Élevé,Rétention Urgente : Appel VIP / Bon d'achat 20% / Enquête insatisfaction
5521,28,1.0,8.48,69.0,0.0,1164,0.6197,1,Risque Moyen,Réactivation Ciblée : Emailing personnalisé / Remise panier moyen
5522,18,3.0,489.9,164.0,0.3333333333333333,479,0.5236,1,Risque Moyen,Réactivation Ciblée : Emailing personnalisé / Remise panier moyen
5523,33,2.0,108.6,230.0,0.5,464,0.5706,1,Risque Moyen,Réactivation Ciblée : Emailing personnalisé / Remise panier moyen
5524,20,3.0,520.84,106.0,0.3333333333333333,672,0.5071,1,Risque Moyen,Réactivation Ciblée : Emailing personnalisé / Remise panier moyen
5525,37,5.0,498.92,4.0,0.0,619,0.3245,0,Risque Faible,Fidélisation Active : Programme fidélité / Ventes privées / Parrainage
5526,22,1.0,67.22,162.0,0.0,384,0.6288,1,Risque Moyen,Réactivation Ciblée : Emailing personnalisé / Remise panier moyen
5527,30,6.0,1376.72,13.0,1.0,383,0.3178,0,Risque Faible,Fidélisation Active : Programme fidélité / Ventes privées / Parrainage
5528,37,4.0,613.39,64.0,0.75,1120,0.4239,0,Risque Moyen,Réactivation Ciblée : Emailing personnalisé / Remise panier moyen
5529,33,5.0,520.5,27.0,0.6,340,0.3403,0,Risque Faible,Fidélisation Active : Programme fidélité / Ventes privées / Parrainage
5530,38,0.0,0.0,303.0,0.0,1139,0.7197,1,Risque Élevé,Rétention Urgente : Appel VIP / Bon d'achat 20% / Enquête insatisfaction
5531,42,0.0,0.0,303.0,0.0,741,0.709,1,Risque Élevé,Rétention Urgente : Appel VIP / Bon d'achat 20% / Enquête insatisfaction
5532,22,9.0,1669.58,10.0,0.6666666666666666,541,0.1772,0,Risque Faible,Fidélisation Active : Programme fidélité / Ventes privées / Parrainage
5533,34,1.0,185.66,93.0,1.0,1048,0.6243,1,Risque Moyen,Réactivation Ciblée : Emailing personnalisé / Remise panier moyen
5534,18,3.0,157.57,44.0,1.0,1341,0.5026,1,Risque Moyen,Réactivation Ciblée : Emailing personnalisé / Remise panier moyen
5535,38,2.0,141.98000000000002,6.0,0.5,518,0.5177,1,Risque Moyen,Réactivation Ciblée : Emailing personnalisé / Remise panier moyen
5536,32,3.0,835.13,80.0,0.6666666666666666,859,0.5114,1,Risque Moyen,Réactivation Ciblée : Emailing personnalisé / Remise panier moyen
5537,24,2.0,672.56,203.0,1.0,1141,0.6128,1,Risque Moyen,Réactivation Ciblée : Emailing personnalisé / Remise panier moyen
5538,38,2.0,311.05,31.0,1.0,728,0.543,1,Risque Moyen,Réactivation Ciblée : Emailing personnalisé / Remise panier moyen
5539,48,1.0,175.12,224.0,1.0,828,0.6323,1,Risque Moyen,Réactivation Ciblée : Emailing personnalisé / Remise panier moyen
5540,30,2.0,300.79,100.0,0.0,697,0.557,1,Risque Moyen,Réactivation Ciblée : Emailing personnalisé / Remise panier moyen
5541,25,1.0,337.04,259.0,1.0,459,0.6597,1,Risque Élevé,Rétention Urgente : Appel VIP / Bon d'achat 20% / Enquête insatisfaction
5542,37,3.0,407.07000000000005,146.0,0.6666666666666666,560,0.4991,0,Risque Moyen,Réactivation Ciblée : Emailing personnalisé / Remise panier moyen
5543,20,1.0,93.32,111.0,1.0,849,0.6459,1,Risque Moyen,Réactivation Ciblée : Emailing personnalisé / Remise panier moyen
5544,28,3.0,249.3,190.0,0.0,855,0.5066,1,Risque Moyen,Réactivation Ciblée : Emailing personnalisé / Remise panier moyen
5545,48,5.0,572.75,17.0,0.2,335,0.3153,0,Risque Faible,Fidélisation Active : Programme fidélité / Ventes privées / Parrainage
5546,36,4.0,549.27,1.0,0.5,1022,0.4107,0,Risque Moyen,Réactivation Ciblée : Emailing personnalisé / Remise panier moyen
5547,18,6.0,486.90999999999997,32.0,0.5,1252,0.3021,0,Risque Faible,Fidélisation Active : Programme fidélité / Ventes privées / Parrainage
5548,18,3.0,997.46,150.0,0.3333333333333333,958,0.5436,1,Risque Moyen,Réactivation Ciblée : Emailing personnalisé / Remise panier moyen
5549,37,1.0,121.10999999999999,153.0,0.0,334,0.6132,1,Risque Moyen,Réactivation Ciblée : Emailing personnalisé / Remise panier moyen
5550,44,3.0,528.42,92.0,0.6666666666666666,1271,0.4938,0,Risque Moyen,Réactivation Ciblée : Emailing personnalisé / Remise panier moyen
5551,18,0.0,0.0,303.0,0.0,1087,0.7367,1,Risque Élevé,Rétention Urgente : Appel VIP / Bon d'achat 20% / Enquête insatisfaction
5552,40,3.0,313.27,1.0,0.6666666666666666,562,0.461,0,Risque Moyen,Réactivation Ciblée : Emailing personnalisé / Remise panier moyen
5553,50,6.0,1186.91,44.0,0.16666666666666666,509,0.2815,0,Risque Faible,Fidélisation Active : Programme fidélité / Ventes privées / Parrainage
5554,56,4.0,596.54,8.0,0.25,712,0.3789,0,Risque Moyen,Réactivation Ciblée : Emailing personnalisé / Remise panier moyen
5555,39,3.0,295.42,7.0,0.6666666666666666,1158,0.4671,0,Risque Moyen,Réactivation Ciblée : Emailing personnalisé / Remise panier moyen
5556,41,0.0,0.0,303.0,0.0,861,0.7121,1,Risque Élevé,Rétention Urgente : Appel VIP / Bon d'achat 20% / Enquête insatisfaction
5557,18,11.0,2337.56,45.0,0.5454545454545454,917,0.1262,0,Risque Faible,Fidélisation Active : Programme fidélité / Ventes privées / Parrainage
5558,58,0.0,0.0,303.0,0.0,682,0.6928,1,Risque Élevé,Rétention Urgente : Appel VIP / Bon d'achat 20% / Enquête insatisfaction
5559,29,10.0,1701.99,62.0,0.4,746,0.1429,0,Risque Faible,Fidélisation Active : Programme fidélité / Ventes privées / Parrainage
5560,25,9.0,716.92,19.0,0.7777777777777778,398,0.1446,0,Risque Faible,Fidélisation Active : Programme fidélité / Ventes privées / Parrainage
5561,32,0.0,0.0,303.0,0.0,439,0.713,1,Risque Élevé,Rétention Urgente : Appel VIP / Bon d'achat 20% / Enquête insatisfaction
5562,52,0.0,0.0,303.0,0.0,1351,0.7105,1,Risque Élevé,Rétention Urgente : Appel VIP / Bon d'achat 20% / Enquête insatisfaction
5563,59,6.0,443.44,26.0,0.8333333333333334,583,0.2556,0,Risque Faible,Fidélisation Active : Programme fidélité / Ventes privées / Parrainage
5564,36,1.0,878.9,150.0,1.0,1171,0.6351,1,Risque Moyen,Réactivation Ciblée : Emailing personnalisé / Remise panier moyen
5565,46,2.0,180.86,21.0,0.0,952,0.5206,1,Risque Moyen,Réactivation Ciblée : Emailing personnalisé / Remise panier moyen
5566,35,1.0,98.52,149.0,0.0,985,0.6301,1,Risque Moyen,Réactivation Ciblée : Emailing personnalisé / Remise panier moyen
5567,24,2.0,262.35,146.0,1.0,1169,0.5898,1,Risque Moyen,Réactivation Ciblée : Emailing personnalisé / Remise panier moyen
5568,51,4.0,602.1700000000001,8.0,0.75,474,0.383,0,Risque Moyen,Réactivation Ciblée : Emailing personnalisé / Remise panier moyen
5569,28,0.0,0.0,303.0,0.0,389,0.7158,1,Risque Élevé,Rétention Urgente : Appel VIP / Bon d'achat 20% / Enquête insatisfaction
5570,52,7.0,1503.03,21.0,0.42857142857142855,302,0.235,0,Risque Faible,Fidélisation Active : Programme fidélité / Ventes privées / Parrainage
5571,49,0.0,0.0,303.0,0.0,1287,0.7122,1,Risque Élevé,Rétention Urgente : Appel VIP / Bon d'achat 20% / Enquête insatisfaction
5572,42,1.0,72.6,84.0,1.0,485,0.6039,1,Risque Moyen,Réactivation Ciblée : Emailing personnalisé / Remise panier moyen
5573,55,2.0,228.41,187.0,1.0,889,0.5536,1,Risque Moyen,Réactivation Ciblée : Emailing personnalisé / Remise panier moyen
5574,60,2.0,424.78,62.0,0.5,641,0.5195,1,Risque Moyen,Réactivation Ciblée : Emailing personnalisé / Remise panier moyen
5575,33,2.0,489.69,54.0,0.0,1245,0.5523,1,Risque Moyen,Réactivation Ciblée : Emailing personnalisé / Remise panier moyen
5576,26,4.0,542.24,6.0,0.25,841,0.4097,0,Risque Moyen,Réactivation Ciblée : Emailing personnalisé / Remise panier moyen
5577,18,4.0,199.63,153.0,0.75,843,0.4442,0,Risque Moyen,Réactivation Ciblée : Emailing personnalisé / Remise panier moyen
5578,60,1.0,536.84,118.0,0.0,1330,0.5977,1,Risque Moyen,Réactivation Ciblée : Emailing personnalisé / Remise panier moyen
5579,30,3.0,466.97,79.0,0.6666666666666666,1261,0.5026,1,Risque Moyen,Réactivation Ciblée : Emailing personnalisé / Remise panier moyen
5580,47,2.0,296.57,38.0,1.0,1101,0.5399,1,Risque Moyen,Réactivation Ciblée : Emailing personnalisé / Remise panier moyen
5581,27,5.0,956.05,8.0,0.4,1058,0.3701,0,Risque Moyen,Réactivation Ciblée : Emailing personnalisé / Remise panier moyen
5582,52,1.0,88.75,255.0,1.0,1329,0.6455,1,Risque Moyen,Réactivation Ciblée : Emailing personnalisé / Remise panier moyen
5583,27,1.0,89.36,232.0,1.0,588,0.658,1,Risque Élevé,Rétention Urgente : Appel VIP / Bon d'achat 20% / Enquête insatisfaction
5584,22,4.0,485.19,22.0,1.0,788,0.4207,0,Risque Moyen,Réactivation Ciblée : Emailing personnalisé / Remise panier moyen
5585,33,2.0,424.08000000000004,131.0,0.5,1217,0.5792,1,Risque Moyen,Réactivation Ciblée : Emailing personnalisé / Remise panier moyen
5586,29,0.0,0.0,303.0,0.0,1182,0.7286,1,Risque Élevé,Rétention Urgente : Appel VIP / Bon d'achat 20% / Enquête insatisfaction
5587,42,2.0,488.87,68.0,1.0,939,0.5501,1,Risque Moyen,Réactivation Ciblée : Emailing personnalisé / Remise panier moyen
5588,34,0.0,0.0,303.0,0.0,912,0.7194,1,Risque Élevé,Rétention Urgente : Appel VIP / Bon d'achat 20% / Enquête insatisfaction
5589,42,0.0,0.0,303.0,0.0,616,0.7068,1,Risque Élevé,Rétention Urgente : Appel VIP / Bon d'achat 20% / Enquête insatisfaction
5590,32,2.0,89.46000000000001,101.0,0.5,1165,0.5582,1,Risque Moyen,Réactivation Ciblée : Emailing personnalisé / Remise panier moyen
5591,28,5.0,1068.1399999999999,34.0,0.4,590,0.365,0,Risque Moyen,Réactivation Ciblée : Emailing personnalisé / Remise panier moyen
5592,29,10.0,1933.17,18.0,0.5,1251,0.1449,0,Risque Faible,Fidélisation Active : Programme fidélité / Ventes privées / Parrainage
5593,57,3.0,276.64,67.0,0.3333333333333333,1147,0.4597,0,Risque Moyen,Réactivation Ciblée : Emailing personnalisé / Remise panier moyen
5594,37,0.0,0.0,303.0,0.0,472,0.7089,1,Risque Élevé,Rétention Urgente : Appel VIP / Bon d'achat 20% / Enquête insatisfaction
5595,18,3.0,296.40000000000003,91.0,0.3333333333333333,1306,0.5131,1,Risque Moyen,Réactivation Ciblée : Emailing personnalisé / Remise panier moyen
5596,29,6.0,545.01,100.0,0.6666666666666666,973,0.301,0,Risque Faible,Fidélisation Active : Programme fidélité / Ventes privées / Parrainage
5597,36,1.0,118.26,189.0,0.0,1364,0.6385,1,Risque Moyen,Réactivation Ciblée : Emailing personnalisé / Remise panier moyen
5598,55,1.0,110.78,136.0,0.0,861,0.597,1,Risque Moyen,Réactivation Ciblée : Emailing personnalisé / Remise panier moyen
5599,46,1.0,379.71,195.0,1.0,1224,0.6376,1,Risque Moyen,Réactivation Ciblée : Emailing personnalisé / Remise panier moyen
5600,25,1.0,83.88,210.0,1.0,415,0.6484,1,Risque Moyen,Réactivation Ciblée : Emailing personnalisé / Remise panier moyen
5601,62,2.0,347.12,71.0,0.5,707,0.5171,1,Risque Moyen,Réactivation Ciblée : Emailing personnalisé / Remise panier moyen
5602,35,2.0,186.54000000000002,79.0,0.5,588,0.5416,1,Risque Moyen,Réactivation Ciblée : Emailing personnalisé / Remise panier moyen
5603,49,4.0,563.1800000000001,68.0,0.5,410,0.3944,0,Risque Moyen,Réactivation Ciblée : Emailing personnalisé / Remise panier moyen
5604,22,0.0,0.0,303.0,0.0,406,0.7216,1,Risque Élevé,Rétention Urgente : Appel VIP / Bon d'achat 20% / Enquête insatisfaction
5605,18,0.0,0.0,303.0,0.0,1358,0.7412,1,Risque Élevé,Rétention Urgente : Appel VIP / Bon d'achat 20% / Enquête insatisfaction
5606,20,3.0,606.26,129.0,0.3333333333333333,1300,0.5304,1,Risque Moyen,Réactivation Ciblée : Emailing personnalisé / Remise panier moyen
5607,18,1.0,78.55,30.0,0.0,405,0.6058,1,Risque Moyen,Réactivation Ciblée : Emailing personnalisé / Remise panier moyen
5608,58,0.0,0.0,303.0,0.0,1167,0.7016,1,Risque Élevé,Rétention Urgente : Appel VIP / Bon d'achat 20% / Enquête insatisfaction
5609,37,3.0,637.18,8.0,0.6666666666666666,1103,0.4849,0,Risque Moyen,Réactivation Ciblée : Emailing personnalisé / Remise panier moyen
5610,25,0.0,0.0,303.0,0.0,1261,0.7335,1,Risque Élevé,Rétention Urgente : Appel VIP / Bon d'achat 20% / Enquête insatisfaction
5611,40,0.0,0.0,303.0,0.0,291,0.7029,1,Risque Élevé,Rétention Urgente : Appel VIP / Bon d'achat 20% / Enquête insatisfaction
5612,37,1.0,202.88,133.0,1.0,418,0.6225,1,Risque Moyen,Réactivation Ciblée : Emailing personnalisé / Remise panier moyen
5613,42,3.0,336.08,12.0,0.6666666666666666,1179,0.4643,0,Risque Moyen,Réactivation Ciblée : Emailing personnalisé / Remise panier moyen
5614,48,1.0,101.25,175.0,0.0,1130,0.6225,1,Risque Moyen,Réactivation Ciblée : Emailing personnalisé / Remise panier moyen
5615,32,0.0,0.0,303.0,0.0,418,0.7126,1,Risque Élevé,Rétention Urgente : Appel VIP / Bon d'achat 20% / Enquête insatisfaction
5616,25,1.0,356.0,269.0,0.0,1026,0.664,1,Risque Élevé,Rétention Urgente : Appel VIP / Bon d'achat 20% / Enquête insatisfaction
5617,44,1.0,82.44,179.0,0.0,1078,0.6248,1,Risque Moyen,Réactivation Ciblée : Emailing personnalisé / Remise panier moyen
5618,44,4.0,705.1,31.0,1.0,1048,0.4177,0,Risque Moyen,Réactivation Ciblée : Emailing personnalisé / Remise panier moyen
5619,36,4.0,370.13,31.0,0.25,1327,0.4146,0,Risque Moyen,Réactivation Ciblée : Emailing personnalisé / Remise panier moyen
5620,59,0.0,0.0,303.0,0.0,414,0.6869,1,Risque Élevé,Rétention Urgente : Appel VIP / Bon d'achat 20% / Enquête insatisfaction
5621,30,6.0,1041.7,37.0,0.6666666666666666,480,0.2964,0,Risque Faible,Fidélisation Active : Programme fidélité / Ventes privées / Parrainage
5622,25,2.0,384.96,27.0,0.0,736,0.5447,1,Risque Moyen,Réactivation Ciblée : Emailing personnalisé / Remise panier moyen
5623,40,2.0,143.36,132.0,0.5,523,0.5433,1,Risque Moyen,Réactivation Ciblée : Emailing personnalisé / Remise panier moyen
5624,28,8.0,2340.8,11.0,0.625,1085,0.2492,0,Risque Faible,Fidélisation Active : Programme fidélité / Ventes privées / Parrainage
5625,40,5.0,705.66,4.0,0.8,562,0.3317,0,Risque Faible,Fidélisation Active : Programme fidélité / Ventes privées / Parrainage
5626,26,5.0,400.55,49.0,1.0,1187,0.3587,0,Risque Moyen,Réactivation Ciblée : Emailing personnalisé / Remise panier moyen
5627,31,0.0,0.0,303.0,0.0,334,0.7121,1,Risque Élevé,Rétention Urgente : Appel VIP / Bon d'achat 20% / Enquête insatisfaction
5628,56,2.0,251.32999999999998,32.0,1.0,624,0.5195,1,Risque Moyen,Réactivation Ciblée : Emailing personnalisé / Remise panier moyen
5629,31,3.0,461.02,38.0,0.3333333333333333,927,0.4877,0,Risque Moyen,Réactivation Ciblée : Emailing personnalisé / Remise panier moyen
5630,26,2.0,100.97,95.0,0.5,740,0.5547,1,Risque Moyen,Réactivation Ciblée : Emailing personnalisé / Remise panier moyen
5631,48,2.0,666.31,90.0,0.5,981,0.5509,1,Risque Moyen,Réactivation Ciblée : Emailing personnalisé / Remise panier moyen
5632,23,1.0,184.84,29.0,1.0,793,0.6196,1,Risque Moyen,Réactivation Ciblée : Emailing personnalisé / Remise panier moyen
5633,27,4.0,582.84,12.0,0.5,915,0.4198,0,Risque Moyen,Réactivation Ciblée : Emailing personnalisé / Remise panier moyen
5634,41,4.0,640.73,54.0,0.75,442,0.402,0,Risque Moyen,Réactivation Ciblée : Emailing personnalisé / Remise panier moyen
5635,45,10.0,1434.49,36.0,0.5,343,0.1211,0,Risque Faible,Fidélisation Active : Programme fidélité / Ventes privées / Parrainage
5636,48,4.0,531.41,70.0,0.75,558,0.4048,0,Risque Moyen,Réactivation Ciblée : Emailing personnalisé / Remise panier moyen
5637,27,4.0,609.3199999999999,57.0,0.25,560,0.4201,0,Risque Moyen,Réactivation Ciblée : Emailing personnalisé / Remise panier moyen
5638,42,1.0,53.71,148.0,1.0,285,0.6135,1,Risque Moyen,Réactivation Ciblée : Emailing personnalisé / Remise panier moyen
5639,30,4.0,1135.12,124.0,0.5,1001,0.4618,0,Risque Moyen,Réactivation Ciblée : Emailing personnalisé / Remise panier moyen
5640,28,6.0,929.65,19.0,0.6666666666666666,427,0.2993,0,Risque Faible,Fidélisation Active : Programme fidélité / Ventes privées / Parrainage
5641,48,1.0,50.14,74.0,0.0,1329,0.602,1,Risque Moyen,Réactivation Ciblée : Emailing personnalisé / Remise panier moyen
5642,29,7.0,691.71,27.0,0.5714285714285714,812,0.236,0,Risque Faible,Fidélisation Active : Programme fidélité / Ventes privées / Parrainage
5643,38,0.0,0.0,303.0,0.0,452,0.7076,1,Risque Élevé,Rétention Urgente : Appel VIP / Bon d'achat 20% / Enquête insatisfaction
5644,37,2.0,239.95,149.0,1.0,348,0.5563,1,Risque Moyen,Réactivation Ciblée : Emailing personnalisé / Remise panier moyen
5645,23,2.0,52.83,65.0,0.0,726,0.5447,1,Risque Moyen,Réactivation Ciblée : Emailing personnalisé / Remise panier moyen
5646,46,3.0,319.82,78.0,0.6666666666666666,919,0.4747,0,Risque Moyen,Réactivation Ciblée : Emailing personnalisé / Remise panier moyen
5647,41,8.0,1940.05,2.0,0.75,974,0.215,0,Risque Faible,Fidélisation Active : Programme fidélité / Ventes privées / Parrainage
5648,18,7.0,924.69,64.0,0.5714285714285714,577,0.2532,0,Risque Faible,Fidélisation Active : Programme fidélité / Ventes privées / Parrainage
5649,38,3.0,445.14,25.0,1.0,1281,0.4895,0,Risque Moyen,Réactivation Ciblée : Emailing personnalisé / Remise panier moyen
5650,26,0.0,0.0,303.0,0.0,836,0.7254,1,Risque Élevé,Rétention Urgente : Appel VIP / Bon d'achat 20% / Enquête insatisfaction
5651,47,6.0,573.3399999999999,58.0,0.16666666666666666,625,0.2705,0,Risque Faible,Fidélisation Active : Programme fidélité / Ventes privées / Parrainage
5652,19,5.0,810.26,132.0,1.0,988,0.4024,0,Risque Moyen,Réactivation Ciblée : Emailing personnalisé / Remise panier moyen
5653,31,2.0,210.23,114.0,0.5,938,0.5616,1,Risque Moyen,Réactivation Ciblée : Emailing personnalisé / Remise panier moyen
5654,39,5.0,407.38,7.0,0.6,1092,0.3331,0,Risque Faible,Fidélisation Active : Programme fidélité / Ventes privées / Parrainage
5655,36,0.0,0.0,303.0,0.0,1175,0.7221,1,Risque Élevé,Rétention Urgente : Appel VIP / Bon d'achat 20% / Enquête insatisfaction
5656,43,1.0,54.88,189.0,0.0,1190,0.6305,1,Risque Moyen,Réactivation Ciblée : Emailing personnalisé / Remise panier moyen
5657,18,2.0,257.53999999999996,6.0,0.5,1151,0.5601,1,Risque Moyen,Réactivation Ciblée : Emailing personnalisé / Remise panier moyen
5658,53,6.0,1055.3,31.0,0.8333333333333334,381,0.2796,0,Risque Faible,Fidélisation Active : Programme fidélité / Ventes privées / Parrainage
5659,41,1.0,424.8,110.0,0.0,286,0.5967,1,Risque Moyen,Réactivation Ciblée : Emailing personnalisé / Remise panier moyen
5660,50,2.0,191.31,194.0,0.5,812,0.5591,1,Risque Moyen,Réactivation Ciblée : Emailing personnalisé / Remise panier moyen
5661,45,0.0,0.0,303.0,0.0,601,0.7037,1,Risque Élevé,Rétention Urgente : Appel VIP / Bon d'achat 20% / Enquête insatisfaction
5662,35,3.0,324.37,104.0,0.0,1292,0.4956,0,Risque Moyen,Réactivation Ciblée : Emailing personnalisé / Remise panier moyen
5663,21,1.0,347.76,3.0,0.0,770,0.6068,1,Risque Moyen,Réactivation Ciblée : Emailing personnalisé / Remise panier moyen
5664,29,0.0,0.0,303.0,0.0,845,0.7228,1,Risque Élevé,Rétention Urgente : Appel VIP / Bon d'achat 20% / Enquête insatisfaction
5665,52,6.0,677.76,7.0,0.5,556,0.2657,0,Risque Faible,Fidélisation Active : Programme fidélité / Ventes privées / Parrainage
5666,50,1.0,79.04,7.0,1.0,985,0.589,1,Risque Moyen,Réactivation Ciblée : Emailing personnalisé / Remise panier moyen
5667,28,3.0,350.01,51.0,0.6666666666666666,865,0.4867,0,Risque Moyen,Réactivation Ciblée : Emailing personnalisé / Remise panier moyen
5668,18,7.0,1073.57,16.0,0.5714285714285714,1127,0.2623,0,Risque Faible,Fidélisation Active : Programme fidélité / Ventes privées / Parrainage
5669,33,0.0,0.0,303.0,0.0,1000,0.7219,1,Risque Élevé,Rétention Urgente : Appel VIP / Bon d'achat 20% / Enquête insatisfaction
5670,32,6.0,1432.1299999999999,86.0,0.8333333333333334,1081,0.3398,0,Risque Faible,Fidélisation Active : Programme fidélité / Ventes privées / Parrainage
5671,32,0.0,0.0,303.0,0.0,970,0.7222,1,Risque Élevé,Rétention Urgente : Appel VIP / Bon d'achat 20% / Enquête insatisfaction
5672,41,7.0,789.69,1.0,0.42857142857142855,1265,0.231,0,Risque Faible,Fidélisation Active : Programme fidélité / Ventes privées / Parrainage
5673,45,2.0,630.85,27.0,0.5,1242,0.5454,1,Risque Moyen,Réactivation Ciblée : Emailing personnalisé / Remise panier moyen
5674,46,0.0,0.0,303.0,0.0,1329,0.7157,1,Risque Élevé,Rétention Urgente : Appel VIP / Bon d'achat 20% / Enquête insatisfaction
5675,40,0.0,0.0,303.0,0.0,487,0.7064,1,Risque Élevé,Rétention Urgente : Appel VIP / Bon d'achat 20% / Enquête insatisfaction
5676,18,9.0,1703.84,8.0,0.6666666666666666,424,0.1829,0,Risque Faible,Fidélisation Active : Programme fidélité / Ventes privées / Parrainage
5677,31,0.0,0.0,303.0,0.0,1122,0.7258,1,Risque Élevé,Rétention Urgente : Appel VIP / Bon d'achat 20% / Enquête insatisfaction
5678,60,7.0,1297.6000000000001,32.0,0.42857142857142855,1057,0.2311,0,Risque Faible,Fidélisation Active : Programme fidélité / Ventes privées / Parrainage
5679,39,1.0,196.58,222.0,0.0,1335,0.6425,1,Risque Moyen,Réactivation Ciblée : Emailing personnalisé / Remise panier moyen
5680,39,1.0,92.38,79.0,1.0,1240,0.6232,1,Risque Moyen,Réactivation Ciblée : Emailing personnalisé / Remise panier moyen
5681,39,6.0,1054.93,2.0,0.8333333333333334,1359,0.3103,0,Risque Faible,Fidélisation Active : Programme fidélité / Ventes privées / Parrainage
5682,40,1.0,61.29,238.0,0.0,427,0.6304,1,Risque Moyen,Réactivation Ciblée : Emailing personnalisé / Remise panier moyen
5683,18,7.0,432.17,9.0,0.2857142857142857,434,0.2231,0,Risque Faible,Fidélisation Active : Programme fidélité / Ventes privées / Parrainage
5684,32,6.0,567.24,116.0,0.5,327,0.2905,0,Risque Faible,Fidélisation Active : Programme fidélité / Ventes privées / Parrainage
5685,35,2.0,82.3,137.0,0.0,1029,0.554,1,Risque Moyen,Réactivation Ciblée : Emailing personnalisé / Remise panier moyen
5686,49,3.0,302.57,41.0,0.3333333333333333,688,0.4518,0,Risque Moyen,Réactivation Ciblée : Emailing personnalisé / Remise panier moyen
5687,36,9.0,1253.13,4.0,0.3333333333333333,835,0.153,0,Risque Faible,Fidélisation Active : Programme fidélité / Ventes privées / Parrainage
5688,18,6.0,882.18,90.0,0.8333333333333334,560,0.3211,0,Risque Faible,Fidélisation Active : Programme fidélité / Ventes privées / Parrainage
5689,40,0.0,0.0,303.0,0.0,936,0.7143,1,Risque Élevé,Rétention Urgente : Appel VIP / Bon d'achat 20% / Enquête insatisfaction
5690,26,0.0,0.0,303.0,0.0,611,0.7215,1,Risque Élevé,Rétention Urgente : Appel VIP / Bon d'achat 20% / Enquête insatisfaction
5691,22,1.0,234.02,197.0,1.0,718,0.6528,1,Risque Élevé,Rétention Urgente : Appel VIP / Bon d'achat 20% / Enquête insatisfaction
5692,26,3.0,293.84,77.0,0.3333333333333333,293,0.4748,0,Risque Moyen,Réactivation Ciblée : Emailing personnalisé / Remise panier moyen
5693,41,7.0,913.25,11.0,0.5714285714285714,278,0.2239,0,Risque Faible,Fidélisation Active : Programme fidélité / Ventes privées / Parrainage
5694,49,0.0,0.0,303.0,0.0,772,0.703,1,Risque Élevé,Rétention Urgente : Appel VIP / Bon d'achat 20% / Enquête insatisfaction
5695,40,0.0,0.0,303.0,0.0,1119,0.7175,1,Risque Élevé,Rétention Urgente : Appel VIP / Bon d'achat 20% / Enquête insatisfaction
5696,42,0.0,0.0,303.0,0.0,465,0.7041,1,Risque Élevé,Rétention Urgente : Appel VIP / Bon d'achat 20% / Enquête insatisfaction
5697,40,4.0,130.73,53.0,0.5,954,0.3956,0,Risque Moyen,Réactivation Ciblée : Emailing personnalisé / Remise panier moyen
5698,36,1.0,115.64,99.0,0.0,1363,0.6199,1,Risque Moyen,Réactivation Ciblée : Emailing personnalisé / Remise panier moyen
5699,43,7.0,1248.97,70.0,1.0,520,0.2558,0,Risque Faible,Fidélisation Active : Programme fidélité / Ventes privées / Parrainage
5700,18,3.0,229.41,59.0,0.6666666666666666,1356,0.5067,1,Risque Moyen,Réactivation Ciblée : Emailing personnalisé / Remise panier moyen
5701,36,4.0,428.2,71.0,0.25,1363,0.4196,0,Risque Moyen,Réactivation Ciblée : Emailing personnalisé / Remise panier moyen
5702,24,4.0,436.78,70.0,0.25,831,0.4197,0,Risque Moyen,Réactivation Ciblée : Emailing personnalisé / Remise panier moyen
5703,48,5.0,531.91,17.0,0.4,1365,0.3354,0,Risque Faible,Fidélisation Active : Programme fidélité / Ventes privées / Parrainage
5704,33,8.0,705.66,22.0,0.5,1085,0.1889,0,Risque Faible,Fidélisation Active : Programme fidélité / Ventes privées / Parrainage
5705,35,2.0,273.07,72.0,0.5,647,0.5429,1,Risque Moyen,Réactivation Ciblée : Emailing personnalisé / Remise panier moyen
5706,18,1.0,43.78,258.0,1.0,353,0.6645,1,Risque Élevé,Rétention Urgente : Appel VIP / Bon d'achat 20% / Enquête insatisfaction
5707,46,3.0,606.02,76.0,0.3333333333333333,676,0.4737,0,Risque Moyen,Réactivation Ciblée : Emailing personnalisé / Remise panier moyen
5708,42,2.0,235.28,235.0,1.0,712,0.5749,1,Risque Moyen,Réactivation Ciblée : Emailing personnalisé / Remise panier moyen
5709,41,9.0,1186.2,74.0,0.8888888888888888,417,0.1575,0,Risque Faible,Fidélisation Active : Programme fidélité / Ventes privées / Parrainage
5710,26,1.0,95.54,71.0,0.0,741,0.6145,1,Risque Moyen,Réactivation Ciblée : Emailing personnalisé / Remise panier moyen
5711,26,1.0,273.32,184.0,0.0,389,0.6284,1,Risque Moyen,Réactivation Ciblée : Emailing personnalisé / Remise panier moyen
5712,37,2.0,128.42,3.0,1.0,315,0.5214,1,Risque Moyen,Réactivation Ciblée : Emailing personnalisé / Remise panier moyen
5713,27,6.0,1113.23,20.0,0.5,995,0.3137,0,Risque Faible,Fidélisation Active : Programme fidélité / Ventes privées / Parrainage
5714,40,4.0,770.13,10.0,0.75,358,0.3985,0,Risque Moyen,Réactivation Ciblée : Emailing personnalisé / Remise panier moyen
5715,18,4.0,440.22,2.0,0.25,719,0.4095,0,Risque Moyen,Réactivation Ciblée : Emailing personnalisé / Remise panier moyen
5716,30,5.0,774.54,14.0,0.6,644,0.3477,0,Risque Faible,Fidélisation Active : Programme fidélité / Ventes privées / Parrainage
5717,55,5.0,348.61,59.0,0.6,557,0.3153,0,Risque Faible,Fidélisation Active : Programme fidélité / Ventes privées / Parrainage
5718,40,2.0,236.27,142.0,0.5,289,0.5422,1,Risque Moyen,Réactivation Ciblée : Emailing personnalisé / Remise panier moyen
5719,37,3.0,272.26,108.0,0.6666666666666666,1237,0.4905,0,Risque Moyen,Réactivation Ciblée : Emailing personnalisé / Remise panier moyen
5720,57,8.0,701.6,11.0,0.75,588,0.1657,0,Risque Faible,Fidélisation Active : Programme fidélité / Ventes privées / Parrainage
5721,18,1.0,117.78,261.0,0.0,1247,0.671,1,Risque Élevé,Rétention Urgente : Appel VIP / Bon d'achat 20% / Enquête insatisfaction
5722,26,7.0,1903.69,50.0,0.5714285714285714,1167,0.3078,0,Risque Faible,Fidélisation Active : Programme fidélité / Ventes privées / Parrainage
5723,31,3.0,577.0799999999999,62.0,0.6666666666666666,667,0.4946,0,Risque Moyen,Réactivation Ciblée : Emailing personnalisé / Remise panier moyen
5724,44,1.0,307.26,15.0,1.0,811,0.5926,1,Risque Moyen,Réactivation Ciblée : Emailing personnalisé / Remise panier moyen
5725,45,2.0,236.02999999999997,162.0,0.5,305,0.5413,1,Risque Moyen,Réactivation Ciblée : Emailing personnalisé / Remise panier moyen
5726,25,5.0,846.9100000000001,5.0,0.4,790,0.3583,0,Risque Moyen,Réactivation Ciblée : Emailing personnalisé / Remise panier moyen
5727,46,0.0,0.0,303.0,0.0,283,0.697,1,Risque Élevé,Rétention Urgente : Appel VIP / Bon d'achat 20% / Enquête insatisfaction
5728,31,3.0,626.72,69.0,0.3333333333333333,1142,0.4997,0,Risque Moyen,Réactivation Ciblée : Emailing personnalisé / Remise panier moyen
5729,48,0.0,0.0,303.0,0.0,1195,0.7115,1,Risque Élevé,Rétention Urgente : Appel VIP / Bon d'achat 20% / Enquête insatisfaction
5730,24,0.0,0.0,303.0,0.0,349,0.7188,1,Risque Élevé,Rétention Urgente : Appel VIP / Bon d'achat 20% / Enquête insatisfaction
5731,34,0.0,0.0,303.0,0.0,1226,0.7248,1,Risque Élevé,Rétention Urgente : Appel VIP / Bon d'achat 20% / Enquête insatisfaction
5732,30,0.0,0.0,303.0,0.0,800,0.7211,1,Risque Élevé,Rétention Urgente : Appel VIP / Bon d'achat 20% / Enquête insatisfaction
5733,47,0.0,0.0,303.0,0.0,1092,0.7106,1,Risque Élevé,Rétention Urgente : Appel VIP / Bon d'achat 20% / Enquête insatisfaction
5734,29,2.0,286.15999999999997,1.0,0.5,1093,0.5524,1,Risque Moyen,Réactivation Ciblée : Emailing personnalisé / Remise panier moyen
5735,35,1.0,8.34,63.0,0.0,1135,0.6103,1,Risque Moyen,Réactivation Ciblée : Emailing personnalisé / Remise panier moyen
5736,41,7.0,1111.54,36.0,0.5714285714285714,1337,0.2521,0,Risque Faible,Fidélisation Active : Programme fidélité / Ventes privées / Parrainage
5737,41,6.0,1149.99,73.0,0.8333333333333334,609,0.3058,0,Risque Faible,Fidélisation Active : Programme fidélité / Ventes privées / Parrainage
5738,45,0.0,0.0,303.0,0.0,576,0.7033,1,Risque Élevé,Rétention Urgente : Appel VIP / Bon d'achat 20% / Enquête insatisfaction
5739,37,6.0,525.32,34.0,0.16666666666666666,607,0.27,0,Risque Faible,Fidélisation Active : Programme fidélité / Ventes privées / Parrainage
5740,30,4.0,492.21,58.0,1.0,1104,0.4286,0,Risque Moyen,Réactivation Ciblée : Emailing personnalisé / Remise panier moyen
5741,31,1.0,229.05,109.0,1.0,1154,0.6403,1,Risque Moyen,Réactivation Ciblée : Emailing personnalisé / Remise panier moyen
5742,35,6.0,795.6700000000001,22.0,0.8333333333333334,1087,0.2949,0,Risque Faible,Fidélisation Active : Programme fidélité / Ventes privées / Parrainage
5743,38,6.0,935.0,34.0,0.16666666666666666,839,0.2918,0,Risque Faible,Fidélisation Active : Programme fidélité / Ventes privées / Parrainage
5744,33,1.0,33.21,163.0,1.0,1367,0.6481,1,Risque Moyen,Réactivation Ciblée : Emailing personnalisé / Remise panier moyen
5745,35,2.0,184.42000000000002,115.0,1.0,856,0.5608,1,Risque Moyen,Réactivation Ciblée : Emailing personnalisé / Remise panier moyen
5746,18,3.0,289.92,88.0,0.6666666666666666,553,0.4955,0,Risque Moyen,Réactivation Ciblée : Emailing personnalisé / Remise panier moyen
5747,42,0.0,0.0,303.0,0.0,905,0.7119,1,Risque Élevé,Rétention Urgente : Appel VIP / Bon d'achat 20% / Enquête insatisfaction
5748,37,2.0,532.29,73.0,0.5,1205,0.5639,1,Risque Moyen,Réactivation Ciblée : Emailing personnalisé / Remise panier moyen
5749,46,1.0,112.92,249.0,1.0,831,0.6463,1,Risque Moyen,Réactivation Ciblée : Emailing personnalisé / Remise panier moyen
5750,35,0.0,0.0,303.0,0.0,858,0.7176,1,Risque Élevé,Rétention Urgente : Appel VIP / Bon d'achat 20% / Enquête insatisfaction
5751,18,7.0,1156.17,15.0,0.42857142857142855,814,0.2617,0,Risque Faible,Fidélisation Active : Programme fidélité / Ventes privées / Parrainage
5752,31,9.0,1215.75,74.0,0.5555555555555556,728,0.172,0,Risque Faible,Fidélisation Active : Programme fidélité / Ventes privées / Parrainage
5753,33,4.0,800.79,63.0,0.0,274,0.4126,0,Risque Moyen,Réactivation Ciblée : Emailing personnalisé / Remise panier moyen
5754,43,3.0,294.94000000000005,58.0,0.6666666666666666,1110,0.4706,0,Risque Moyen,Réactivation Ciblée : Emailing personnalisé / Remise panier moyen
5755,18,0.0,0.0,303.0,0.0,924,0.734,1,Risque Élevé,Rétention Urgente : Appel VIP / Bon d'achat 20% / Enquête insatisfaction
5756,35,3.0,512.79,80.0,0.3333333333333333,603,0.4827,0,Risque Moyen,Réactivation Ciblée : Emailing personnalisé / Remise panier moyen
5757,41,6.0,1065.1399999999999,1.0,0.3333333333333333,1304,0.2954,0,Risque Faible,Fidélisation Active : Programme fidélité / Ventes privées / Parrainage
5758,28,1.0,75.69,81.0,1.0,711,0.6229,1,Risque Moyen,Réactivation Ciblée : Emailing personnalisé / Remise panier moyen
5759,36,7.0,550.37,22.0,0.2857142857142857,368,0.2108,0,Risque Faible,Fidélisation Active : Programme fidélité / Ventes privées / Parrainage
5760,28,0.0,0.0,303.0,0.0,1327,0.7319,1,Risque Élevé,Rétention Urgente : Appel VIP / Bon d'achat 20% / Enquête insatisfaction
5761,27,5.0,1373.6100000000001,38.0,0.4,490,0.3819,0,Risque Moyen,Réactivation Ciblée : Emailing personnalisé / Remise panier moyen
5762,31,4.0,1004.3499999999999,27.0,0.5,1173,0.4428,0,Risque Moyen,Réactivation Ciblée : Emailing personnalisé / Remise panier moyen
5763,27,0.0,0.0,303.0,0.0,981,0.727,1,Risque Élevé,Rétention Urgente : Appel VIP / Bon d'achat 20% / Enquête insatisfaction
5764,43,2.0,276.27000000000004,100.0,0.5,1304,0.5584,1,Risque Moyen,Réactivation Ciblée : Emailing personnalisé / Remise panier moyen
5765,27,2.0,222.93,6.0,1.0,1146,0.5571,1,Risque Moyen,Réactivation Ciblée : Emailing personnalisé / Remise panier moyen
5766,25,2.0,417.6,50.0,0.5,454,0.55,1,Risque Moyen,Réactivation Ciblée : Emailing personnalisé / Remise panier moyen
5767,54,5.0,1541.6,86.0,0.4,927,0.3801,0,Risque Moyen,Réactivation Ciblée : Emailing personnalisé / Remise panier moyen
5768,46,2.0,498.78,33.0,0.5,466,0.5244,1,Risque Moyen,Réactivation Ciblée : Emailing personnalisé / Remise panier moyen
5769,18,7.0,1614.6,126.0,0.7142857142857143,916,0.3071,0,Risque Faible,Fidélisation Active : Programme fidélité / Ventes privées / Parrainage
5770,27,2.0,147.38,61.0,0.5,1049,0.5536,1,Risque Moyen,Réactivation Ciblée : Emailing personnalisé / Remise panier moyen
5771,38,5.0,1029.6200000000001,72.0,0.8,599,0.3734,0,Risque Moyen,Réactivation Ciblée : Emailing personnalisé / Remise panier moyen
5772,39,0.0,0.0,303.0,0.0,486,0.7073,1,Risque Élevé,Rétention Urgente : Appel VIP / Bon d'achat 20% / Enquête insatisfaction
5773,19,11.0,1679.99,18.0,0.45454545454545453,353,0.1064,0,Risque Faible,Fidélisation Active : Programme fidélité / Ventes privées / Parrainage
5774,48,1.0,24.08,261.0,1.0,918,0.6436,1,Risque Moyen,Réactivation Ciblée : Emailing personnalisé / Remise panier moyen
5775,44,3.0,307.65,36.0,1.0,473,0.4595,0,Risque Moyen,Réactivation Ciblée : Emailing personnalisé / Remise panier moyen
5776,40,5.0,976.74,17.0,0.4,626,0.3544,0,Risque Moyen,Réactivation Ciblée : Emailing personnalisé / Remise panier moyen
5777,50,0.0,0.0,303.0,0.0,1012,0.7063,1,Risque Élevé,Rétention Urgente : Appel VIP / Bon d'achat 20% / Enquête insatisfaction
5778,40,1.0,277.46,123.0,0.0,587,0.6047,1,Risque Moyen,Réactivation Ciblée : Emailing personnalisé / Remise panier moyen
5779,40,6.0,1329.21,1.0,0.5,803,0.3052,0,Risque Faible,Fidélisation Active : Programme fidélité / Ventes privées / Parrainage
5780,52,1.0,95.49,226.0,1.0,300,0.6189,1,Risque Moyen,Réactivation Ciblée : Emailing personnalisé / Remise panier moyen
5781,47,5.0,392.94,54.0,0.8,841,0.3311,0,Risque Faible,Fidélisation Active : Programme fidélité / Ventes privées / Parrainage
5782,26,3.0,770.9000000000001,41.0,0.6666666666666666,645,0.4988,0,Risque Moyen,Réactivation Ciblée : Emailing personnalisé / Remise panier moyen
5783,42,0.0,0.0,303.0,0.0,1128,0.7158,1,Risque Élevé,Rétention Urgente : Appel VIP / Bon d'achat 20% / Enquête insatisfaction
5784,28,1.0,82.79,247.0,0.0,755,0.647,1,Risque Moyen,Réactivation Ciblée : Emailing personnalisé / Remise panier moyen
5785,41,11.0,1451.04,40.0,0.5454545454545454,1274,0.1044,0,Risque Faible,Fidélisation Active : Programme fidélité / Ventes privées / Parrainage
5786,40,0.0,0.0,303.0,0.0,1004,0.7155,1,Risque Élevé,Rétention Urgente : Appel VIP / Bon d'achat 20% / Enquête insatisfaction
5787,20,2.0,124.46000000000001,2.0,0.5,1344,0.5544,1,Risque Moyen,Réactivation Ciblée : Emailing personnalisé / Remise panier moyen
5788,34,1.0,73.55,226.0,1.0,1051,0.653,1,Risque Élevé,Rétention Urgente : Appel VIP / Bon d'achat 20% / Enquête insatisfaction
5789,38,5.0,555.8800000000001,121.0,0.6,1036,0.3631,0,Risque Moyen,Réactivation Ciblée : Emailing personnalisé / Remise panier moyen
5790,30,4.0,505.59999999999997,30.0,0.25,455,0.397,0,Risque Moyen,Réactivation Ciblée : Emailing personnalisé / Remise panier moyen
5791,38,4.0,637.11,34.0,1.0,807,0.4176,0,Risque Moyen,Réactivation Ciblée : Emailing personnalisé / Remise panier moyen
5792,44,4.0,321.84,10.0,0.75,688,0.39,0,Risque Moyen,Réactivation Ciblée : Emailing personnalisé / Remise panier moyen
5793,35,9.0,1300.77,98.0,0.4444444444444444,1269,0.1781,0,Risque Faible,Fidélisation Active : Programme fidélité / Ventes privées / Parrainage
5794,37,0.0,0.0,303.0,0.0,999,0.7182,1,Risque Élevé,Rétention Urgente : Appel VIP / Bon d'achat 20% / Enquête insatisfaction
5795,50,5.0,550.09,63.0,0.2,333,0.3233,0,Risque Faible,Fidélisation Active : Programme fidélité / Ventes privées / Parrainage
5796,40,7.0,631.7,38.0,0.7142857142857143,649,0.2228,0,Risque Faible,Fidélisation Active : Programme fidélité / Ventes privées / Parrainage
5797,37,3.0,323.51,13.0,0.3333333333333333,1292,0.4727,0,Risque Moyen,Réactivation Ciblée : Emailing personnalisé / Remise panier moyen
5798,24,6.0,609.19,26.0,0.16666666666666666,782,0.2897,0,Risque Faible,Fidélisation Active : Programme fidélité / Ventes privées / Parrainage
5799,42,4.0,516.45,47.0,0.5,395,0.3998,0,Risque Moyen,Réactivation Ciblée : Emailing personnalisé / Remise panier moyen
5800,39,2.0,481.16999999999996,73.0,1.0,687,0.5554,1,Risque Moyen,Réactivation Ciblée : Emailing personnalisé / Remise panier moyen
5801,49,3.0,308.83,44.0,0.6666666666666666,678,0.4562,0,Risque Moyen,Réactivation Ciblée : Emailing personnalisé / Remise panier moyen
5802,36,3.0,399.05,118.0,0.6666666666666666,1281,0.5007,1,Risque Moyen,Réactivation Ciblée : Emailing personnalisé / Remise panier moyen
5803,18,4.0,541.44,22.0,0.75,904,0.4309,0,Risque Moyen,Réactivation Ciblée : Emailing personnalisé / Remise panier moyen
5804,18,12.0,2398.18,17.0,0.5833333333333334,875,0.1015,0,Risque Faible,Fidélisation Active : Programme fidélité / Ventes privées / Parrainage
5805,43,2.0,181.64,201.0,0.5,1233,0.5708,1,Risque Moyen,Réactivation Ciblée : Emailing personnalisé / Remise panier moyen
5806,29,2.0,480.42,88.0,0.5,391,0.5558,1,Risque Moyen,Réactivation Ciblée : Emailing personnalisé / Remise panier moyen
5807,40,0.0,0.0,303.0,0.0,1182,0.7186,1,Risque Élevé,Rétention Urgente : Appel VIP / Bon d'achat 20% / Enquête insatisfaction
5808,36,2.0,467.3,196.0,0.0,827,0.5748,1,Risque Moyen,Réactivation Ciblée : Emailing personnalisé / Remise panier moyen
5809,33,2.0,322.13,93.0,1.0,790,0.5594,1,Risque Moyen,Réactivation Ciblée : Emailing personnalisé / Remise panier moyen
5810,34,0.0,0.0,303.0,0.0,439,0.7111,1,Risque Élevé,Rétention Urgente : Appel VIP / Bon d'achat 20% / Enquête insatisfaction
5811,25,9.0,1197.93,7.0,0.5555555555555556,558,0.1603,0,Risque Faible,Fidélisation Active : Programme fidélité / Ventes privées / Parrainage
5812,35,7.0,539.74,17.0,0.2857142857142857,957,0.2235,0,Risque Faible,Fidélisation Active : Programme fidélité / Ventes privées / Parrainage
5813,29,1.0,281.46,189.0,1.0,1152,0.6539,1,Risque Élevé,Rétention Urgente : Appel VIP / Bon d'achat 20% / Enquête insatisfaction
5814,31,2.0,513.99,130.0,0.5,699,0.5656,1,Risque Moyen,Réactivation Ciblée : Emailing personnalisé / Remise panier moyen
5815,31,0.0,0.0,303.0,0.0,274,0.711,1,Risque Élevé,Rétention Urgente : Appel VIP / Bon d'achat 20% / Enquête insatisfaction
5816,33,2.0,230.76,7.0,1.0,539,0.5399,1,Risque Moyen,Réactivation Ciblée : Emailing personnalisé / Remise panier moyen
5817,45,0.0,0.0,303.0,0.0,1084,0.7123,1,Risque Élevé,Rétention Urgente : Appel VIP / Bon d'achat 20% / Enquête insatisfaction
5818,34,1.0,23.62,49.0,0.0,486,0.5948,1,Risque Moyen,Réactivation Ciblée : Emailing personnalisé / Remise panier moyen
5819,46,0.0,0.0,303.0,0.0,599,0.7027,1,Risque Élevé,Rétention Urgente : Appel VIP / Bon d'achat 20% / Enquête insatisfaction
5820,52,4.0,1193.18,13.0,0.5,800,0.4151,0,Risque Moyen,Réactivation Ciblée : Emailing personnalisé / Remise panier moyen
5821,44,1.0,71.69999999999999,40.0,0.0,416,0.584,1,Risque Moyen,Réactivation Ciblée : Emailing personnalisé / Remise panier moyen
5822,41,7.0,1039.8600000000001,11.0,0.5714285714285714,808,0.2358,0,Risque Faible,Fidélisation Active : Programme fidélité / Ventes privées / Parrainage
5823,39,10.0,2263.41,49.0,0.7,672,0.1494,0,Risque Faible,Fidélisation Active : Programme fidélité / Ventes privées / Parrainage
5824,45,6.0,1768.16,48.0,0.5,658,0.3295,0,Risque Faible,Fidélisation Active : Programme fidélité / Ventes privées / Parrainage
5825,36,7.0,1467.92,42.0,0.5714285714285714,839,0.2674,0,Risque Faible,Fidélisation Active : Programme fidélité / Ventes privées / Parrainage
5826,46,8.0,1430.6399999999999,18.0,0.875,880,0.2043,0,Risque Faible,Fidélisation Active : Programme fidélité / Ventes privées / Parrainage
5827,42,5.0,970.59,31.0,0.6,1342,0.3693,0,Risque Moyen,Réactivation Ciblée : Emailing personnalisé / Remise panier moyen
5828,31,1.0,43.82,182.0,1.0,291,0.6326,1,Risque Moyen,Réactivation Ciblée : Emailing personnalisé / Remise panier moyen
5829,45,1.0,94.26,248.0,1.0,865,0.6421,1,Risque Moyen,Réactivation Ciblée : Emailing personnalisé / Remise panier moyen
5830,36,4.0,486.25,65.0,0.75,1217,0.4229,0,Risque Moyen,Réactivation Ciblée : Emailing personnalisé / Remise panier moyen
5831,34,7.0,1023.7099999999999,37.0,0.7142857142857143,632,0.2437,0,Risque Faible,Fidélisation Active : Programme fidélité / Ventes privées / Parrainage
5832,30,6.0,1043.56,99.0,0.6666666666666666,890,0.3194,0,Risque Faible,Fidélisation Active : Programme fidélité / Ventes privées / Parrainage
5833,37,1.0,109.05000000000001,14.0,1.0,538,0.5992,1,Risque Moyen,Réactivation Ciblée : Emailing personnalisé / Remise panier moyen
5834,46,2.0,214.68,113.0,0.0,519,0.53,1,Risque Moyen,Réactivation Ciblée : Emailing personnalisé / Remise panier moyen
5835,45,7.0,1228.1100000000001,38.0,0.8571428571428571,815,0.25,0,Risque Faible,Fidélisation Active : Programme fidélité / Ventes privées / Parrainage
5836,39,4.0,312.35,19.0,0.75,1082,0.3989,0,Risque Moyen,Réactivation Ciblée : Emailing personnalisé / Remise panier moyen
5837,42,1.0,266.52,150.0,0.0,914,0.6191,1,Risque Moyen,Réactivation Ciblée : Emailing personnalisé / Remise panier moyen
5838,49,3.0,180.3,5.0,0.0,742,0.4335,0,Risque Moyen,Réactivation Ciblée : Emailing personnalisé / Remise panier moyen
5839,33,6.0,819.0,5.0,0.3333333333333333,1157,0.2927,0,Risque Faible,Fidélisation Active : Programme fidélité / Ventes privées / Parrainage
5840,23,1.0,253.56,215.0,1.0,1006,0.6646,1,Risque Élevé,Rétention Urgente : Appel VIP / Bon d'achat 20% / Enquête insatisfaction
5841,49,4.0,513.8299999999999,37.0,0.5,771,0.3957,0,Risque Moyen,Réactivation Ciblée : Emailing personnalisé / Remise panier moyen
5842,29,3.0,413.64,3.0,0.6666666666666666,1236,0.4869,0,Risque Moyen,Réactivation Ciblée : Emailing personnalisé / Remise panier moyen
5843,27,4.0,1060.26,26.0,0.0,1092,0.4437,0,Risque Moyen,Réactivation Ciblée : Emailing personnalisé / Remise panier moyen
5844,18,8.0,1388.23,8.0,0.5,764,0.2197,0,Risque Faible,Fidélisation Active : Programme fidélité / Ventes privées / Parrainage
5845,41,3.0,527.71,52.0,0.0,712,0.4687,0,Risque Moyen,Réactivation Ciblée : Emailing personnalisé / Remise panier moyen
5846,18,12.0,2368.51,19.0,0.5,702,0.098,0,Risque Faible,Fidélisation Active : Programme fidélité / Ventes privées / Parrainage
5847,27,8.0,760.72,53.0,0.625,1233,0.2061,0,Risque Faible,Fidélisation Active : Programme fidélité / Ventes privées / Parrainage
5848,41,2.0,322.36,70.0,0.5,604,0.5336,1,Risque Moyen,Réactivation Ciblée : Emailing personnalisé / Remise panier moyen
5849,43,7.0,1125.45,35.0,0.42857142857142855,941,0.2399,0,Risque Faible,Fidélisation Active : Programme fidélité / Ventes privées / Parrainage
5850,28,2.0,203.21,7.0,0.0,539,0.5315,1,Risque Moyen,Réactivation Ciblée : Emailing personnalisé / Remise panier moyen
5851,34,6.0,966.4200000000001,8.0,0.3333333333333333,316,0.2789,0,Risque Faible,Fidélisation Active : Programme fidélité / Ventes privées / Parrainage
5852,25,2.0,163.68,13.0,0.5,774,0.5419,1,Risque Moyen,Réactivation Ciblée : Emailing personnalisé / Remise panier moyen
5853,29,0.0,0.0,303.0,0.0,449,0.7159,1,Risque Élevé,Rétention Urgente : Appel VIP / Bon d'achat 20% / Enquête insatisfaction
5854,38,1.0,300.26,142.0,1.0,311,0.6158,1,Risque Moyen,Réactivation Ciblée : Emailing personnalisé / Remise panier moyen
5855,29,1.0,66.2,124.0,1.0,865,0.6339,1,Risque Moyen,Réactivation Ciblée : Emailing personnalisé / Remise panier moyen
5856,32,8.0,796.2,43.0,0.375,1265,0.1992,0,Risque Faible,Fidélisation Active : Programme fidélité / Ventes privées / Parrainage
5857,19,7.0,476.52,71.0,0.42857142857142855,875,0.2398,0,Risque Faible,Fidélisation Active : Programme fidélité / Ventes privées / Parrainage
5858,47,1.0,278.1,245.0,1.0,981,0.6413,1,Risque Moyen,Réactivation Ciblée : Emailing personnalisé / Remise panier moyen
5859,41,11.0,1608.3,17.0,0.2727272727272727,634,0.0959,0,Risque Faible,Fidélisation Active : Programme fidélité / Ventes privées / Parrainage
5860,44,4.0,902.03,15.0,1.0,464,0.4088,0,Risque Moyen,Réactivation Ciblée : Emailing personnalisé / Remise panier moyen
5861,49,1.0,91.72,256.0,0.0,1036,0.6344,1,Risque Moyen,Réactivation Ciblée : Emailing personnalisé / Remise panier moyen
5862,26,3.0,318.31,105.0,0.6666666666666666,992,0.5091,1,Risque Moyen,Réactivation Ciblée : Emailing personnalisé / Remise panier moyen
5863,31,0.0,0.0,303.0,0.0,1129,0.7259,1,Risque Élevé,Rétention Urgente : Appel VIP / Bon d'achat 20% / Enquête insatisfaction
5864,18,0.0,0.0,303.0,0.0,639,0.7292,1,Risque Élevé,Rétention Urgente : Appel VIP / Bon d'achat 20% / Enquête insatisfaction
5865,70,1.0,161.76,174.0,0.0,1187,0.5948,1,Risque Moyen,Réactivation Ciblée : Emailing personnalisé / Remise panier moyen
5866,33,7.0,1287.6,22.0,0.42857142857142855,625,0.2543,0,Risque Faible,Fidélisation Active : Programme fidélité / Ventes privées / Parrainage
5867,46,2.0,310.07,242.0,1.0,528,0.5716,1,Risque Moyen,Réactivation Ciblée : Emailing personnalisé / Remise panier moyen
5868,21,3.0,630.1,3.0,0.6666666666666666,300,0.4823,0,Risque Moyen,Réactivation Ciblée : Emailing personnalisé / Remise panier moyen
5869,46,7.0,1070.02,47.0,0.42857142857142855,360,0.2365,0,Risque Faible,Fidélisation Active : Programme fidélité / Ventes privées / Parrainage
5870,55,2.0,444.27,172.0,1.0,541,0.5511,1,Risque Moyen,Réactivation Ciblée : Emailing personnalisé / Remise panier moyen
5871,34,0.0,0.0,303.0,0.0,771,0.717,1,Risque Élevé,Rétention Urgente : Appel VIP / Bon d'achat 20% / Enquête insatisfaction
5872,24,1.0,122.78999999999999,262.0,1.0,352,0.6601,1,Risque Élevé,Rétention Urgente : Appel VIP / Bon d'achat 20% / Enquête insatisfaction
5873,33,3.0,225.93,97.0,0.6666666666666666,1168,0.4897,0,Risque Moyen,Réactivation Ciblée : Emailing personnalisé / Remise panier moyen
5874,18,3.0,1007.84,201.0,0.3333333333333333,1026,0.5544,1,Risque Moyen,Réactivation Ciblée : Emailing personnalisé / Remise panier moyen
5875,35,10.0,2098.85,41.0,0.6,738,0.1516,0,Risque Faible,Fidélisation Active : Programme fidélité / Ventes privées / Parrainage
5876,44,0.0,0.0,303.0,0.0,1071,0.713,1,Risque Élevé,Rétention Urgente : Appel VIP / Bon d'achat 20% / Enquête insatisfaction
5877,35,1.0,80.14,217.0,1.0,671,0.6446,1,Risque Moyen,Réactivation Ciblée : Emailing personnalisé / Remise panier moyen
5878,32,4.0,560.88,39.0,0.5,656,0.4097,0,Risque Moyen,Réactivation Ciblée : Emailing personnalisé / Remise panier moyen
5879,41,9.0,1791.37,62.0,0.6666666666666666,439,0.1758,0,Risque Faible,Fidélisation Active : Programme fidélité / Ventes privées / Parrainage
5880,42,1.0,295.71,166.0,0.0,591,0.6134,1,Risque Moyen,Réactivation Ciblée : Emailing personnalisé / Remise panier moyen
5881,18,3.0,199.92,33.0,1.0,990,0.4939,0,Risque Moyen,Réactivation Ciblée : Emailing personnalisé / Remise panier moyen
5882,36,1.0,52.2,192.0,1.0,621,0.6358,1,Risque Moyen,Réactivation Ciblée : Emailing personnalisé / Remise panier moyen
5883,62,2.0,262.6,139.0,1.0,663,0.531,1,Risque Moyen,Réactivation Ciblée : Emailing personnalisé / Remise panier moyen
5884,20,3.0,244.45,30.0,0.6666666666666666,1002,0.4909,0,Risque Moyen,Réactivation Ciblée : Emailing personnalisé / Remise panier moyen
5885,34,10.0,2152.41,28.0,0.8,598,0.1527,0,Risque Faible,Fidélisation Active : Programme fidélité / Ventes privées / Parrainage
5886,56,1.0,45.27,1.0,1.0,274,0.5667,1,Risque Moyen,Réactivation Ciblée : Emailing personnalisé / Remise panier moyen
5887,47,3.0,325.41999999999996,92.0,0.6666666666666666,317,0.4596,0,Risque Moyen,Réactivation Ciblée : Emailing personnalisé / Remise panier moyen
5888,29,5.0,523.49,20.0,0.6,1020,0.3524,0,Risque Moyen,Réactivation Ciblée : Emailing personnalisé / Remise panier moyen
5889,37,8.0,932.78,66.0,0.625,1276,0.2032,0,Risque Faible,Fidélisation Active : Programme fidélité / Ventes privées / Parrainage
5890,35,5.0,463.55,94.0,0.8,1228,0.3654,0,Risque Moyen,Réactivation Ciblée : Emailing personnalisé / Remise panier moyen
5891,27,4.0,536.76,126.0,0.5,1014,0.4429,0,Risque Moyen,Réactivation Ciblée : Emailing personnalisé / Remise panier moyen
5892,34,5.0,797.25,22.0,0.6,276,0.3428,0,Risque Faible,Fidélisation Active : Programme fidélité / Ventes privées / Parrainage
5893,32,6.0,1251.95,32.0,0.6666666666666666,787,0.3307,0,Risque Faible,Fidélisation Active : Programme fidélité / Ventes privées / Parrainage
5894,36,3.0,361.71999999999997,24.0,1.0,486,0.4742,0,Risque Moyen,Réactivation Ciblée : Emailing personnalisé / Remise panier moyen
5895,27,8.0,958.6500000000001,26.0,0.25,1245,0.1996,0,Risque Faible,Fidélisation Active : Programme fidélité / Ventes privées / Parrainage
5896,21,10.0,2057.89,3.0,0.8,766,0.1515,0,Risque Faible,Fidélisation Active : Programme fidélité / Ventes privées / Parrainage
5897,35,7.0,1411.0700000000002,129.0,0.5714285714285714,395,0.2707,0,Risque Faible,Fidélisation Active : Programme fidélité / Ventes privées / Parrainage
5898,54,0.0,0.0,303.0,0.0,1064,0.7035,1,Risque Élevé,Rétention Urgente : Appel VIP / Bon d'achat 20% / Enquête insatisfaction
5899,36,0.0,0.0,303.0,0.0,566,0.7115,1,Risque Élevé,Rétention Urgente : Appel VIP / Bon d'achat 20% / Enquête insatisfaction
5900,31,3.0,1016.76,90.0,0.6666666666666666,432,0.511,1,Risque Moyen,Réactivation Ciblée : Emailing personnalisé / Remise panier moyen
5901,43,2.0,152.36,9.0,1.0,1004,0.529,1,Risque Moyen,Réactivation Ciblée : Emailing personnalisé / Remise panier moyen
5902,33,1.0,169.97,253.0,1.0,377,0.645,1,Risque Moyen,Réactivation Ciblée : Emailing personnalisé / Remise panier moyen
5903,56,2.0,934.19,40.0,0.0,1103,0.535,1,Risque Moyen,Réactivation Ciblée : Emailing personnalisé / Remise panier moyen
5904,35,0.0,0.0,303.0,0.0,1285,0.7249,1,Risque Élevé,Rétention Urgente : Appel VIP / Bon d'achat 20% / Enquête insatisfaction
5905,43,2.0,231.38,129.0,0.5,516,0.5472,1,Risque Moyen,Réactivation Ciblée : Emailing personnalisé / Remise panier moyen
5906,27,7.0,1406.08,35.0,0.7142857142857143,620,0.2715,0,Risque Faible,Fidélisation Active : Programme fidélité / Ventes privées / Parrainage
5907,41,5.0,892.83,61.0,0.8,1218,0.3714,0,Risque Moyen,Réactivation Ciblée : Emailing personnalisé / Remise panier moyen
5908,38,11.0,1094.16,30.0,0.6363636363636364,683,0.0919,0,Risque Faible,Fidélisation Active : Programme fidélité / Ventes privées / Parrainage
5909,34,9.0,1304.17,15.0,0.6666666666666666,1229,0.1705,0,Risque Faible,Fidélisation Active : Programme fidélité / Ventes privées / Parrainage
5910,29,1.0,92.2,89.0,1.0,1314,0.6413,1,Risque Moyen,Réactivation Ciblée : Emailing personnalisé / Remise panier moyen
5911,28,4.0,637.1899999999999,44.0,0.25,1295,0.4284,0,Risque Moyen,Réactivation Ciblée : Emailing personnalisé / Remise panier moyen
5912,38,1.0,48.05,250.0,1.0,372,0.6407,1,Risque Moyen,Réactivation Ciblée : Emailing personnalisé / Remise panier moyen
5913,42,1.0,126.09,60.0,0.0,461,0.5907,1,Risque Moyen,Réactivation Ciblée : Emailing personnalisé / Remise panier moyen
5914,34,0.0,0.0,303.0,0.0,540,0.7129,1,Risque Élevé,Rétention Urgente : Appel VIP / Bon d'achat 20% / Enquête insatisfaction
5915,38,2.0,343.09,188.0,0.0,727,0.5665,1,Risque Moyen,Réactivation Ciblée : Emailing personnalisé / Remise panier moyen
5916,35,2.0,143.2,145.0,0.5,625,0.5539,1,Risque Moyen,Réactivation Ciblée : Emailing personnalisé / Remise panier moyen
5917,36,9.0,1255.28,25.0,0.5555555555555556,1343,0.1675,0,Risque Faible,Fidélisation Active : Programme fidélité / Ventes privées / Parrainage
5918,33,0.0,0.0,303.0,0.0,934,0.7207,1,Risque Élevé,Rétention Urgente : Appel VIP / Bon d'achat 20% / Enquête insatisfaction
5919,35,0.0,0.0,303.0,0.0,1307,0.7253,1,Risque Élevé,Rétention Urgente : Appel VIP / Bon d'achat 20% / Enquête insatisfaction
5920,65,0.0,0.0,303.0,0.0,879,0.6896,1,Risque Élevé,Rétention Urgente : Appel VIP / Bon d'achat 20% / Enquête insatisfaction
5921,38,6.0,566.48,9.0,0.6666666666666666,876,0.2839,0,Risque Faible,Fidélisation Active : Programme fidélité / Ventes privées / Parrainage
5922,42,1.0,141.81,121.0,1.0,690,0.6149,1,Risque Moyen,Réactivation Ciblée : Emailing personnalisé / Remise panier moyen
5923,40,1.0,23.84,99.0,0.0,901,0.6075,1,Risque Moyen,Réactivation Ciblée : Emailing personnalisé / Remise panier moyen
5924,32,1.0,351.44,206.0,0.0,718,0.6362,1,Risque Moyen,Réactivation Ciblée : Emailing personnalisé / Remise panier moyen
5925,49,1.0,50.53,23.0,1.0,921,0.5926,1,Risque Moyen,Réactivation Ciblée : Emailing personnalisé / Remise panier moyen
5926,32,2.0,113.47,16.0,1.0,1161,0.5456,1,Risque Moyen,Réactivation Ciblée : Emailing personnalisé / Remise panier moyen
5927,47,1.0,93.73,155.0,0.0,367,0.5998,1,Risque Moyen,Réactivation Ciblée : Emailing personnalisé / Remise panier moyen
5928,31,8.0,899.9000000000001,2.0,0.25,1359,0.1933,0,Risque Faible,Fidélisation Active : Programme fidélité / Ventes privées / Parrainage
5929,24,1.0,77.82,59.0,0.0,582,0.6111,1,Risque Moyen,Réactivation Ciblée : Emailing personnalisé / Remise panier moyen
5930,39,2.0,175.66,144.0,0.5,1365,0.5698,1,Risque Moyen,Réactivation Ciblée : Emailing personnalisé / Remise panier moyen
5931,23,1.0,61.64,23.0,0.0,902,0.6093,1,Risque Moyen,Réactivation Ciblée : Emailing personnalisé / Remise panier moyen
5932,41,1.0,13.74,133.0,1.0,1110,0.6287,1,Risque Moyen,Réactivation Ciblée : Emailing personnalisé / Remise panier moyen
5933,22,6.0,574.22,33.0,0.6666666666666666,648,0.2904,0,Risque Faible,Fidélisation Active : Programme fidélité / Ventes privées / Parrainage
5934,31,2.0,495.72,133.0,0.5,1082,0.5761,1,Risque Moyen,Réactivation Ciblée : Emailing personnalisé / Remise panier moyen
5935,19,1.0,108.74,63.0,0.0,1338,0.6301,1,Risque Moyen,Réactivation Ciblée : Emailing personnalisé / Remise panier moyen
5936,66,4.0,559.07,72.0,0.5,848,0.394,0,Risque Moyen,Réactivation Ciblée : Emailing personnalisé / Remise panier moyen
5937,18,6.0,1243.8700000000001,10.0,0.6666666666666666,653,0.3205,0,Risque Faible,Fidélisation Active : Programme fidélité / Ventes privées / Parrainage
5938,35,16.0,1950.3899999999999,22.0,0.4375,1245,0.0282,0,Risque Faible,Fidélisation Active : Programme fidélité / Ventes privées / Parrainage
5939,48,4.0,1231.9,64.0,0.5,447,0.4244,0,Risque Moyen,Réactivation Ciblée : Emailing personnalisé / Remise panier moyen
5940,46,4.0,1176.74,75.0,1.0,1239,0.4496,0,Risque Moyen,Réactivation Ciblée : Emailing personnalisé / Remise panier moyen
5941,44,1.0,103.84,244.0,1.0,623,0.6394,1,Risque Moyen,Réactivation Ciblée : Emailing personnalisé / Remise panier moyen
5942,32,0.0,0.0,303.0,0.0,853,0.7202,1,Risque Élevé,Rétention Urgente : Appel VIP / Bon d'achat 20% / Enquête insatisfaction
5943,50,2.0,160.41,124.0,0.0,595,0.5286,1,Risque Moyen,Réactivation Ciblée : Emailing personnalisé / Remise panier moyen
5944,45,3.0,417.07,80.0,0.6666666666666666,418,0.4641,0,Risque Moyen,Réactivation Ciblée : Emailing personnalisé / Remise panier moyen
5945,37,5.0,888.39,106.0,0.6,1292,0.3802,0,Risque Moyen,Réactivation Ciblée : Emailing personnalisé / Remise panier moyen
5946,38,0.0,0.0,303.0,0.0,1003,0.7173,1,Risque Élevé,Rétention Urgente : Appel VIP / Bon d'achat 20% / Enquête insatisfaction
5947,32,2.0,760.31,31.0,0.5,1077,0.5618,1,Risque Moyen,Réactivation Ciblée : Emailing personnalisé / Remise panier moyen
5948,25,3.0,180.04000000000002,36.0,0.6666666666666666,1212,0.487,0,Risque Moyen,Réactivation Ciblée : Emailing personnalisé / Remise panier moyen
5949,49,2.0,670.23,59.0,0.5,461,0.532,1,Risque Moyen,Réactivation Ciblée : Emailing personnalisé / Remise panier moyen
5950,49,7.0,1302.86,2.0,0.8571428571428571,451,0.2405,0,Risque Faible,Fidélisation Active : Programme fidélité / Ventes privées / Parrainage
5951,25,9.0,855.97,28.0,0.5555555555555556,1259,0.1581,0,Risque Faible,Fidélisation Active : Programme fidélité / Ventes privées / Parrainage
5952,33,1.0,162.08,62.0,1.0,1231,0.6229,1,Risque Moyen,Réactivation Ciblée : Emailing personnalisé / Remise panier moyen
5953,33,1.0,103.57,146.0,1.0,349,0.6234,1,Risque Moyen,Réactivation Ciblée : Emailing personnalisé / Remise panier moyen
5954,35,3.0,295.31,13.0,0.3333333333333333,1305,0.4765,0,Risque Moyen,Réactivation Ciblée : Emailing personnalisé / Remise panier moyen
5955,36,6.0,990.05,43.0,0.5,862,0.3026,0,Risque Faible,Fidélisation Active : Programme fidélité / Ventes privées / Parrainage
5956,45,5.0,523.5,5.0,0.8,529,0.3296,0,Risque Faible,Fidélisation Active : Programme fidélité / Ventes privées / Parrainage
5957,27,4.0,572.34,10.0,0.75,354,0.408,0,Risque Moyen,Réactivation Ciblée : Emailing personnalisé / Remise panier moyen
5958,26,6.0,496.27,12.0,0.3333333333333333,392,0.2746,0,Risque Faible,Fidélisation Active : Programme fidélité / Ventes privées / Parrainage
5959,49,1.0,81.98,218.0,1.0,580,0.6283,1,Risque Moyen,Réactivation Ciblée : Emailing personnalisé / Remise panier moyen
5960,30,0.0,0.0,303.0,0.0,1019,0.7249,1,Risque Élevé,Rétention Urgente : Appel VIP / Bon d'achat 20% / Enquête insatisfaction
5961,21,7.0,1272.83,10.0,0.5714285714285714,1222,0.2718,0,Risque Faible,Fidélisation Active : Programme fidélité / Ventes privées / Parrainage
5962,30,4.0,852.24,4.0,0.5,507,0.4196,0,Risque Moyen,Réactivation Ciblée : Emailing personnalisé / Remise panier moyen
5963,31,4.0,535.37,46.0,0.25,962,0.4192,0,Risque Moyen,Réactivation Ciblée : Emailing personnalisé / Remise panier moyen
5964,52,3.0,352.47,64.0,0.6666666666666666,1025,0.4681,0,Risque Moyen,Réactivation Ciblée : Emailing personnalisé / Remise panier moyen
5965,45,2.0,65.86,98.0,0.5,717,0.5372,1,Risque Moyen,Réactivation Ciblée : Emailing personnalisé / Remise panier moyen
5966,48,0.0,0.0,303.0,0.0,664,0.702,1,Risque Élevé,Rétention Urgente : Appel VIP / Bon d'achat 20% / Enquête insatisfaction
5967,44,5.0,342.9,25.0,0.8,598,0.3203,0,Risque Faible,Fidélisation Active : Programme fidélité / Ventes privées / Parrainage
5968,45,1.0,22.47,69.0,0.0,1330,0.6046,1,Risque Moyen,Réactivation Ciblée : Emailing personnalisé / Remise panier moyen
5969,27,0.0,0.0,303.0,0.0,1082,0.7287,1,Risque Élevé,Rétention Urgente : Appel VIP / Bon d'achat 20% / Enquête insatisfaction
5970,33,4.0,1512.05,30.0,0.5,401,0.4424,0,Risque Moyen,Réactivation Ciblée : Emailing personnalisé / Remise panier moyen
5971,24,3.0,755.1,68.0,0.3333333333333333,478,0.497,0,Risque Moyen,Réactivation Ciblée : Emailing personnalisé / Remise panier moyen
5972,33,5.0,788.99,109.0,0.6,707,0.3818,0,Risque Moyen,Réactivation Ciblée : Emailing personnalisé / Remise panier moyen
5973,43,1.0,202.34,148.0,0.0,340,0.6027,1,Risque Moyen,Réactivation Ciblée : Emailing personnalisé / Remise panier moyen
5974,36,3.0,401.85,27.0,1.0,1133,0.4791,0,Risque Moyen,Réactivation Ciblée : Emailing personnalisé / Remise panier moyen
5975,49,5.0,603.48,7.0,0.2,1133,0.3265,0,Risque Faible,Fidélisation Active : Programme fidélité / Ventes privées / Parrainage
5976,22,1.0,44.74,218.0,0.0,400,0.6429,1,Risque Moyen,Réactivation Ciblée : Emailing personnalisé / Remise panier moyen
5977,41,4.0,605.1,142.0,0.25,868,0.4293,0,Risque Moyen,Réactivation Ciblée : Emailing personnalisé / Remise panier moyen
5978,21,3.0,976.7900000000001,28.0,0.3333333333333333,1130,0.5143,1,Risque Moyen,Réactivation Ciblée : Emailing personnalisé / Remise panier moyen
5979,36,2.0,164.16,20.0,0.5,540,0.5261,1,Risque Moyen,Réactivation Ciblée : Emailing personnalisé / Remise panier moyen
5980,43,3.0,372.46,20.0,0.3333333333333333,1317,0.4673,0,Risque Moyen,Réactivation Ciblée : Emailing personnalisé / Remise panier moyen
5981,33,4.0,984.8899999999999,55.0,0.5,1261,0.45,0,Risque Moyen,Réactivation Ciblée : Emailing personnalisé / Remise panier moyen
5982,41,2.0,409.52000000000004,30.0,0.5,312,0.5244,1,Risque Moyen,Réactivation Ciblée : Emailing personnalisé / Remise panier moyen
5983,24,9.0,1405.66,55.0,0.2222222222222222,1347,0.1808,0,Risque Faible,Fidélisation Active : Programme fidélité / Ventes privées / Parrainage
5984,18,2.0,126.19,6.0,0.5,1062,0.5537,1,Risque Moyen,Réactivation Ciblée : Emailing personnalisé / Remise panier moyen
5985,41,1.0,84.91,95.0,0.0,1358,0.6141,1,Risque Moyen,Réactivation Ciblée : Emailing personnalisé / Remise panier moyen
5986,54,1.0,25.33,168.0,0.0,807,0.605,1,Risque Moyen,Réactivation Ciblée : Emailing personnalisé / Remise panier moyen
5987,24,2.0,484.80999999999995,84.0,1.0,1171,0.5826,1,Risque Moyen,Réactivation Ciblée : Emailing personnalisé / Remise panier moyen
5988,48,3.0,174.91,105.0,0.6666666666666666,301,0.4587,0,Risque Moyen,Réactivation Ciblée : Emailing personnalisé / Remise panier moyen
5989,35,3.0,869.6300000000001,56.0,0.6666666666666666,980,0.502,1,Risque Moyen,Réactivation Ciblée : Emailing personnalisé / Remise panier moyen
5990,20,0.0,0.0,303.0,0.0,818,0.7304,1,Risque Élevé,Rétention Urgente : Appel VIP / Bon d'achat 20% / Enquête insatisfaction
5991,23,4.0,401.06,167.0,0.5,873,0.4422,0,Risque Moyen,Réactivation Ciblée : Emailing personnalisé / Remise panier moyen
5992,35,3.0,431.34000000000003,152.0,0.6666666666666666,864,0.5035,1,Risque Moyen,Réactivation Ciblée : Emailing personnalisé / Remise panier moyen
5993,31,1.0,293.4,85.0,1.0,1232,0.6361,1,Risque Moyen,Réactivation Ciblée : Emailing personnalisé / Remise panier moyen
5994,21,1.0,25.15,46.0,1.0,380,0.617,1,Risque Moyen,Réactivation Ciblée : Emailing personnalisé / Remise panier moyen
5995,18,2.0,159.0,187.0,1.0,1205,0.6019,1,Risque Moyen,Réactivation Ciblée : Emailing personnalisé / Remise panier moyen
5996,26,3.0,734.6,15.0,0.3333333333333333,517,0.4832,0,Risque Moyen,Réactivation Ciblée : Emailing personnalisé / Remise panier moyen
5997,37,3.0,579.26,38.0,1.0,322,0.4812,0,Risque Moyen,Réactivation Ciblée : Emailing personnalisé / Remise panier moyen
5998,35,5.0,770.25,57.0,0.4,658,0.3512,0,Risque Moyen,Réactivation Ciblée : Emailing personnalisé / Remise panier moyen
5999,29,5.0,660.3399999999999,5.0,0.6,862,0.3453,0,Risque Faible,Fidélisation Active : Programme fidélité / Ventes privées / Parrainage
6000,37,1.0,166.0,11.0,1.0,683,0.5966,1,Risque Moyen,Réactivation Ciblée : Emailing personnalisé / Remise panier moyen
6001,46,0.0,0.0,303.0,0.0,661,0.7038,1,Risque Élevé,Rétention Urgente : Appel VIP / Bon d'achat 20% / Enquête insatisfaction
6002,39,1.0,142.14000000000001,8.0,1.0,1227,0.6095,1,Risque Moyen,Réactivation Ciblée : Emailing personnalisé / Remise panier moyen
6003,34,2.0,147.6,31.0,0.5,1088,0.54,1,Risque Moyen,Réactivation Ciblée : Emailing personnalisé / Remise panier moyen
6004,45,6.0,690.04,12.0,0.5,402,0.2689,0,Risque Faible,Fidélisation Active : Programme fidélité / Ventes privées / Parrainage
6005,24,6.0,806.1800000000001,56.0,0.5,1067,0.3085,0,Risque Faible,Fidélisation Active : Programme fidélité / Ventes privées / Parrainage
6006,33,5.0,517.41,23.0,0.8,972,0.344,0,Risque Faible,Fidélisation Active : Programme fidélité / Ventes privées / Parrainage
6007,33,0.0,0.0,303.0,0.0,1051,0.7227,1,Risque Élevé,Rétention Urgente : Appel VIP / Bon d'achat 20% / Enquête insatisfaction
6008,21,13.0,1245.35,11.0,0.5384615384615384,461,0.0562,0,Risque Faible,Fidélisation Active : Programme fidélité / Ventes privées / Parrainage
6009,30,3.0,731.77,70.0,0.3333333333333333,489,0.4945,0,Risque Moyen,Réactivation Ciblée : Emailing personnalisé / Remise panier moyen
6010,18,3.0,121.47,91.0,0.6666666666666666,511,0.4925,0,Risque Moyen,Réactivation Ciblée : Emailing personnalisé / Remise panier moyen
6011,56,1.0,38.4,65.0,1.0,297,0.5811,1,Risque Moyen,Réactivation Ciblée : Emailing personnalisé / Remise panier moyen
6012,25,8.0,1348.4,16.0,0.125,696,0.2062,0,Risque Faible,Fidélisation Active : Programme fidélité / Ventes privées / Parrainage
6013,52,6.0,1387.6,9.0,0.16666666666666666,394,0.2903,0,Risque Faible,Fidélisation Active : Programme fidélité / Ventes privées / Parrainage
6014,35,4.0,612.6,17.0,0.75,692,0.407,0,Risque Moyen,Réactivation Ciblée : Emailing personnalisé / Remise panier moyen
6015,41,5.0,1148.08,54.0,0.8,990,0.3827,0,Risque Moyen,Réactivation Ciblée : Emailing personnalisé / Remise panier moyen
6016,30,4.0,525.52,13.0,1.0,1152,0.419,0,Risque Moyen,Réactivation Ciblée : Emailing personnalisé / Remise panier moyen
6017,37,5.0,1101.5,55.0,0.4,520,0.3636,0,Risque Moyen,Réactivation Ciblée : Emailing personnalisé / Remise panier moyen
6018,42,1.0,56.91,253.0,1.0,501,0.6396,1,Risque Moyen,Réactivation Ciblée : Emailing personnalisé / Remise panier moyen
6019,42,6.0,1644.02,61.0,0.6666666666666666,935,0.3261,0,Risque Faible,Fidélisation Active : Programme fidélité / Ventes privées / Parrainage
6020,44,4.0,464.0,144.0,0.25,613,0.4163,0,Risque Moyen,Réactivation Ciblée : Emailing personnalisé / Remise panier moyen
6021,31,1.0,126.79,133.0,1.0,427,0.624,1,Risque Moyen,Réactivation Ciblée : Emailing personnalisé / Remise panier moyen
6022,30,0.0,0.0,303.0,0.0,662,0.7187,1,Risque Élevé,Rétention Urgente : Appel VIP / Bon d'achat 20% / Enquête insatisfaction
6023,18,3.0,370.48,190.0,0.6666666666666666,770,0.5273,1,Risque Moyen,Réactivation Ciblée : Emailing personnalisé / Remise panier moyen
6024,41,2.0,240.60999999999999,219.0,0.5,1133,0.5759,1,Risque Moyen,Réactivation Ciblée : Emailing personnalisé / Remise panier moyen
6025,47,5.0,969.56,84.0,0.8,1269,0.3696,0,Risque Moyen,Réactivation Ciblée : Emailing personnalisé / Remise panier moyen
6026,53,1.0,87.85,88.0,1.0,630,0.5956,1,Risque Moyen,Réactivation Ciblée : Emailing personnalisé / Remise panier moyen
6027,38,3.0,781.3299999999999,128.0,0.6666666666666666,1250,0.5177,1,Risque Moyen,Réactivation Ciblée : Emailing personnalisé / Remise panier moyen
6028,27,9.0,1347.7,4.0,0.3333333333333333,661,0.1575,0,Risque Faible,Fidélisation Active : Programme fidélité / Ventes privées / Parrainage
6029,18,5.0,854.49,117.0,1.0,1281,0.4038,0,Risque Moyen,Réactivation Ciblée : Emailing personnalisé / Remise panier moyen
6030,46,5.0,1061.48,65.0,0.6,1333,0.3793,0,Risque Moyen,Réactivation Ciblée : Emailing personnalisé / Remise panier moyen
6031,18,1.0,91.36,13.0,0.0,1055,0.6214,1,Risque Moyen,Réactivation Ciblée : Emailing personnalisé / Remise panier moyen
6032,31,1.0,136.8,55.0,0.0,818,0.6067,1,Risque Moyen,Réactivation Ciblée : Emailing personnalisé / Remise panier moyen
6033,33,3.0,158.49,39.0,0.3333333333333333,942,0.4662,0,Risque Moyen,Réactivation Ciblée : Emailing personnalisé / Remise panier moyen
6034,34,13.0,1580.22,19.0,0.6923076923076923,852,0.063,0,Risque Faible,Fidélisation Active : Programme fidélité / Ventes privées / Parrainage
6035,35,2.0,930.52,102.0,1.0,716,0.5792,1,Risque Moyen,Réactivation Ciblée : Emailing personnalisé / Remise panier moyen
6036,37,4.0,706.32,81.0,0.25,1360,0.4387,0,Risque Moyen,Réactivation Ciblée : Emailing personnalisé / Remise panier moyen
6037,18,1.0,19.33,30.0,1.0,1312,0.6357,1,Risque Moyen,Réactivation Ciblée : Emailing personnalisé / Remise panier moyen
6038,35,2.0,232.83999999999997,36.0,0.5,1086,0.5479,1,Risque Moyen,Réactivation Ciblée : Emailing personnalisé / Remise panier moyen
6039,18,0.0,0.0,303.0,0.0,908,0.7337,1,Risque Élevé,Rétention Urgente : Appel VIP / Bon d'achat 20% / Enquête insatisfaction
6040,43,2.0,177.47,18.0,1.0,775,0.5266,1,Risque Moyen,Réactivation Ciblée : Emailing personnalisé / Remise panier moyen
6041,29,3.0,527.9,82.0,0.3333333333333333,439,0.489,0,Risque Moyen,Réactivation Ciblée : Emailing personnalisé / Remise panier moyen
6042,18,2.0,143.98000000000002,66.0,1.0,1304,0.5757,1,Risque Moyen,Réactivation Ciblée : Emailing personnalisé / Remise panier moyen
6043,26,1.0,65.53,228.0,0.0,514,0.6407,1,Risque Moyen,Réactivation Ciblée : Emailing personnalisé / Remise panier moyen
6044,29,4.0,330.57,131.0,0.5,567,0.421,0,Risque Moyen,Réactivation Ciblée : Emailing personnalisé / Remise panier moyen
6045,48,0.0,0.0,303.0,0.0,1233,0.7121,1,Risque Élevé,Rétention Urgente : Appel VIP / Bon d'achat 20% / Enquête insatisfaction
6046,37,3.0,269.35,49.0,0.3333333333333333,607,0.46,0,Risque Moyen,Réactivation Ciblée : Emailing personnalisé / Remise panier moyen
6047,39,2.0,236.56,46.0,0.5,359,0.5302,1,Risque Moyen,Réactivation Ciblée : Emailing personnalisé / Remise panier moyen
6048,48,0.0,0.0,303.0,0.0,297,0.6953,1,Risque Élevé,Rétention Urgente : Appel VIP / Bon d'achat 20% / Enquête insatisfaction
6049,34,5.0,826.46,46.0,0.4,757,0.3599,0,Risque Moyen,Réactivation Ciblée : Emailing personnalisé / Remise panier moyen
6050,43,4.0,740.14,28.0,0.25,519,0.3959,0,Risque Moyen,Réactivation Ciblée : Emailing personnalisé / Remise panier moyen
6051,43,0.0,0.0,303.0,0.0,1252,0.7171,1,Risque Élevé,Rétention Urgente : Appel VIP / Bon d'achat 20% / Enquête insatisfaction
6052,21,1.0,187.12,223.0,1.0,590,0.6572,1,Risque Élevé,Rétention Urgente : Appel VIP / Bon d'achat 20% / Enquête insatisfaction
6053,51,9.0,1048.6000000000001,10.0,0.5555555555555556,549,0.1431,0,Risque Faible,Fidélisation Active : Programme fidélité / Ventes privées / Parrainage
6054,19,2.0,354.08,104.0,0.5,346,0.5693,1,Risque Moyen,Réactivation Ciblée : Emailing personnalisé / Remise panier moyen
6055,45,7.0,1262.05,53.0,0.7142857142857143,890,0.2585,0,Risque Faible,Fidélisation Active : Programme fidélité / Ventes privées / Parrainage
6056,18,6.0,928.6800000000001,75.0,0.5,833,0.3254,0,Risque Faible,Fidélisation Active : Programme fidélité / Ventes privées / Parrainage
6057,42,3.0,312.09000000000003,174.0,0.3333333333333333,875,0.489,0,Risque Moyen,Réactivation Ciblée : Emailing personnalisé / Remise panier moyen
6058,55,1.0,515.04,173.0,0.0,964,0.6055,1,Risque Moyen,Réactivation Ciblée : Emailing personnalisé / Remise panier moyen
6059,33,8.0,1149.75,5.0,0.5,1273,0.2039,0,Risque Faible,Fidélisation Active : Programme fidélité / Ventes privées / Parrainage
6060,32,2.0,196.59,55.0,0.5,1115,0.5597,1,Risque Moyen,Réactivation Ciblée : Emailing personnalisé / Remise panier moyen
6061,42,8.0,1224.29,68.0,0.625,955,0.2036,0,Risque Faible,Fidélisation Active : Programme fidélité / Ventes privées / Parrainage
6062,31,2.0,142.95999999999998,231.0,1.0,785,0.5881,1,Risque Moyen,Réactivation Ciblée : Emailing personnalisé / Remise panier moyen
6063,55,1.0,17.35,98.0,0.0,793,0.5888,1,Risque Moyen,Réactivation Ciblée : Emailing personnalisé / Remise panier moyen
6064,37,0.0,0.0,303.0,0.0,1126,0.7204,1,Risque Élevé,Rétention Urgente : Appel VIP / Bon d'achat 20% / Enquête insatisfaction
6065,31,0.0,0.0,303.0,0.0,730,0.719,1,Risque Élevé,Rétention Urgente : Appel VIP / Bon d'achat 20% / Enquête insatisfaction
6066,29,3.0,416.35,7.0,0.6666666666666666,1330,0.4835,0,Risque Moyen,Réactivation Ciblée : Emailing personnalisé / Remise panier moyen
6067,25,1.0,94.55,202.0,1.0,1016,0.6565,1,Risque Élevé,Rétention Urgente : Appel VIP / Bon d'achat 20% / Enquête insatisfaction
6068,28,3.0,174.61,44.0,0.3333333333333333,943,0.4778,0,Risque Moyen,Réactivation Ciblée : Emailing personnalisé / Remise panier moyen
6069,31,2.0,141.41,68.0,0.5,387,0.5364,1,Risque Moyen,Réactivation Ciblée : Emailing personnalisé / Remise panier moyen
6070,30,0.0,0.0,303.0,0.0,859,0.7221,1,Risque Élevé,Rétention Urgente : Appel VIP / Bon d'achat 20% / Enquête insatisfaction
6071,28,3.0,361.57,27.0,1.0,1229,0.4955,0,Risque Moyen,Réactivation Ciblée : Emailing personnalisé / Remise panier moyen
6072,58,5.0,831.1800000000001,13.0,0.4,1117,0.3377,0,Risque Faible,Fidélisation Active : Programme fidélité / Ventes privées / Parrainage
6073,24,1.0,144.24,266.0,1.0,700,0.6634,1,Risque Élevé,Rétention Urgente : Appel VIP / Bon d'achat 20% / Enquête insatisfaction
6074,37,6.0,1167.27,7.0,0.3333333333333333,1052,0.2992,0,Risque Faible,Fidélisation Active : Programme fidélité / Ventes privées / Parrainage
6075,42,2.0,294.44,78.0,1.0,949,0.551,1,Risque Moyen,Réactivation Ciblée : Emailing personnalisé / Remise panier moyen
6076,42,3.0,195.26,36.0,0.3333333333333333,490,0.4512,0,Risque Moyen,Réactivation Ciblée : Emailing personnalisé / Remise panier moyen
6077,34,1.0,163.94,191.0,1.0,620,0.6362,1,Risque Moyen,Réactivation Ciblée : Emailing personnalisé / Remise panier moyen
6078,32,1.0,243.84,87.0,0.0,471,0.6058,1,Risque Moyen,Réactivation Ciblée : Emailing personnalisé / Remise panier moyen
6079,40,0.0,0.0,303.0,0.0,316,0.7033,1,Risque Élevé,Rétention Urgente : Appel VIP / Bon d'achat 20% / Enquête insatisfaction
6080,38,1.0,229.7,35.0,1.0,304,0.6002,1,Risque Moyen,Réactivation Ciblée : Emailing personnalisé / Remise panier moyen
6081,32,1.0,139.93,88.0,1.0,828,0.6216,1,Risque Moyen,Réactivation Ciblée : Emailing personnalisé / Remise panier moyen
6082,18,8.0,994.34,88.0,0.875,799,0.2147,0,Risque Faible,Fidélisation Active : Programme fidélité / Ventes privées / Parrainage
6083,30,7.0,1211.15,96.0,0.8571428571428571,646,0.2662,0,Risque Faible,Fidélisation Active : Programme fidélité / Ventes privées / Parrainage
6084,22,1.0,41.34,59.0,0.0,368,0.6073,1,Risque Moyen,Réactivation Ciblée : Emailing personnalisé / Remise panier moyen
6085,28,2.0,267.40999999999997,198.0,0.5,493,0.577,1,Risque Moyen,Réactivation Ciblée : Emailing personnalisé / Remise panier moyen
6086,35,1.0,248.61,236.0,0.0,1180,0.6477,1,Risque Moyen,Réactivation Ciblée : Emailing personnalisé / Remise panier moyen
6087,39,2.0,243.19,209.0,1.0,919,0.5917,1,Risque Moyen,Réactivation Ciblée : Emailing personnalisé / Remise panier moyen
6088,55,4.0,767.9100000000001,36.0,1.0,1275,0.4135,0,Risque Moyen,Réactivation Ciblée : Emailing personnalisé / Remise panier moyen
6089,29,0.0,0.0,303.0,0.0,1086,0.7269,1,Risque Élevé,Rétention Urgente : Appel VIP / Bon d'achat 20% / Enquête insatisfaction
6090,44,0.0,0.0,303.0,0.0,799,0.7082,1,Risque Élevé,Rétention Urgente : Appel VIP / Bon d'achat 20% / Enquête insatisfaction
6091,38,1.0,563.72,259.0,0.0,1344,0.6502,1,Risque Élevé,Rétention Urgente : Appel VIP / Bon d'achat 20% / Enquête insatisfaction
6092,49,3.0,467.89,7.0,0.6666666666666666,1109,0.4641,0,Risque Moyen,Réactivation Ciblée : Emailing personnalisé / Remise panier moyen
6093,41,0.0,0.0,303.0,0.0,872,0.7123,1,Risque Élevé,Rétention Urgente : Appel VIP / Bon d'achat 20% / Enquête insatisfaction
6094,24,4.0,347.75,15.0,0.75,1254,0.4214,0,Risque Moyen,Réactivation Ciblée : Emailing personnalisé / Remise panier moyen
6095,18,2.0,138.10999999999999,123.0,0.5,917,0.5763,1,Risque Moyen,Réactivation Ciblée : Emailing personnalisé / Remise panier moyen
6096,38,0.0,0.0,303.0,0.0,669,0.7115,1,Risque Élevé,Rétention Urgente : Appel VIP / Bon d'achat 20% / Enquête insatisfaction
6097,29,5.0,869.11,75.0,0.6,597,0.3675,0,Risque Moyen,Réactivation Ciblée : Emailing personnalisé / Remise panier moyen
6098,24,2.0,379.57,104.0,0.0,984,0.5657,1,Risque Moyen,Réactivation Ciblée : Emailing personnalisé / Remise panier moyen
6099,21,6.0,1370.3400000000001,73.0,0.6666666666666666,756,0.3382,0,Risque Faible,Fidélisation Active : Programme fidélité / Ventes privées / Parrainage
6100,37,7.0,637.64,27.0,0.8571428571428571,380,0.2222,0,Risque Faible,Fidélisation Active : Programme fidélité / Ventes privées / Parrainage
6101,52,6.0,1393.45,44.0,0.8333333333333334,1150,0.3099,0,Risque Faible,Fidélisation Active : Programme fidélité / Ventes privées / Parrainage
6102,31,0.0,0.0,303.0,0.0,489,0.7148,1,Risque Élevé,Rétention Urgente : Appel VIP / Bon d'achat 20% / Enquête insatisfaction
6103,41,0.0,0.0,303.0,0.0,812,0.7112,1,Risque Élevé,Rétention Urgente : Appel VIP / Bon d'achat 20% / Enquête insatisfaction
6104,34,7.0,1508.86,7.0,0.42857142857142855,282,0.2508,0,Risque Faible,Fidélisation Active : Programme fidélité / Ventes privées / Parrainage
6105,21,1.0,182.16,198.0,1.0,1019,0.6606,1,Risque Élevé,Rétention Urgente : Appel VIP / Bon d'achat 20% / Enquête insatisfaction
6106,43,4.0,834.5799999999999,5.0,1.0,979,0.4225,0,Risque Moyen,Réactivation Ciblée : Emailing personnalisé / Remise panier moyen
6107,23,8.0,1402.8100000000002,27.0,0.5,565,0.2133,0,Risque Faible,Fidélisation Active : Programme fidélité / Ventes privées / Parrainage
6108,35,5.0,162.05,66.0,0.8,992,0.3386,0,Risque Faible,Fidélisation Active : Programme fidélité / Ventes privées / Parrainage
6109,31,1.0,239.5,77.0,0.0,498,0.6034,1,Risque Moyen,Réactivation Ciblée : Emailing personnalisé / Remise panier moyen
6110,45,0.0,0.0,303.0,0.0,1303,0.7161,1,Risque Élevé,Rétention Urgente : Appel VIP / Bon d'achat 20% / Enquête insatisfaction
6111,23,7.0,832.18,14.0,0.5714285714285714,623,0.2402,0,Risque Faible,Fidélisation Active : Programme fidélité / Ventes privées / Parrainage
6112,39,2.0,238.71999999999997,168.0,0.0,1361,0.5725,1,Risque Moyen,Réactivation Ciblée : Emailing personnalisé / Remise panier moyen
6113,26,15.0,2722.7000000000003,12.0,0.6666666666666666,1342,0.0463,0,Risque Faible,Fidélisation Active : Programme fidélité / Ventes privées / Parrainage
6114,29,0.0,0.0,303.0,0.0,1079,0.7268,1,Risque Élevé,Rétention Urgente : Appel VIP / Bon d'achat 20% / Enquête insatisfaction
6115,18,2.0,404.31,150.0,0.0,1341,0.5902,1,Risque Moyen,Réactivation Ciblée : Emailing personnalisé / Remise panier moyen
6116,58,7.0,1033.22,11.0,0.5714285714285714,902,0.2264,0,Risque Faible,Fidélisation Active : Programme fidélité / Ventes privées / Parrainage
6117,41,11.0,1741.11,1.0,0.6363636363636364,1261,0.1032,0,Risque Faible,Fidélisation Active : Programme fidélité / Ventes privées / Parrainage
6118,27,3.0,928.28,25.0,0.6666666666666666,478,0.4995,0,Risque Moyen,Réactivation Ciblée : Emailing personnalisé / Remise panier moyen
6119,23,6.0,768.33,4.0,0.8333333333333334,930,0.2992,0,Risque Faible,Fidélisation Active : Programme fidélité / Ventes privées / Parrainage
6120,30,0.0,0.0,303.0,0.0,1166,0.7274,1,Risque Élevé,Rétention Urgente : Appel VIP / Bon d'achat 20% / Enquête insatisfaction
6121,43,4.0,400.88,126.0,0.5,592,0.4074,0,Risque Moyen,Réactivation Ciblée : Emailing personnalisé / Remise panier moyen
6122,18,5.0,859.79,25.0,0.4,379,0.368,0,Risque Moyen,Réactivation Ciblée : Emailing personnalisé / Remise panier moyen
6123,33,5.0,877.47,31.0,0.2,1068,0.3738,0,Risque Moyen,Réactivation Ciblée : Emailing personnalisé / Remise panier moyen
6124,54,6.0,964.9399999999999,31.0,0.6666666666666666,931,0.2802,0,Risque Faible,Fidélisation Active : Programme fidélité / Ventes privées / Parrainage
6125,23,3.0,607.7,66.0,1.0,334,0.5,1,Risque Moyen,Réactivation Ciblée : Emailing personnalisé / Remise panier moyen
6126,36,3.0,405.28,6.0,0.6666666666666666,532,0.4622,0,Risque Moyen,Réactivation Ciblée : Emailing personnalisé / Remise panier moyen
6127,59,0.0,0.0,303.0,0.0,762,0.6933,1,Risque Élevé,Rétention Urgente : Appel VIP / Bon d'achat 20% / Enquête insatisfaction
6128,42,2.0,237.14,129.0,0.5,727,0.5508,1,Risque Moyen,Réactivation Ciblée : Emailing personnalisé / Remise panier moyen
6129,36,4.0,312.98,30.0,0.25,1259,0.4027,0,Risque Moyen,Réactivation Ciblée : Emailing personnalisé / Remise panier moyen
6130,41,0.0,0.0,303.0,0.0,726,0.7097,1,Risque Élevé,Rétention Urgente : Appel VIP / Bon d'achat 20% / Enquête insatisfaction
6131,31,2.0,463.6,113.0,0.5,666,0.5645,1,Risque Moyen,Réactivation Ciblée : Emailing personnalisé / Remise panier moyen
6132,49,0.0,0.0,303.0,0.0,568,0.6993,1,Risque Élevé,Rétention Urgente : Appel VIP / Bon d'achat 20% / Enquête insatisfaction
6133,31,0.0,0.0,303.0,0.0,499,0.715,1,Risque Élevé,Rétention Urgente : Appel VIP / Bon d'achat 20% / Enquête insatisfaction
6134,18,0.0,0.0,303.0,0.0,450,0.726,1,Risque Élevé,Rétention Urgente : Appel VIP / Bon d'achat 20% / Enquête insatisfaction
6135,31,2.0,111.76,194.0,0.5,520,0.5705,1,Risque Moyen,Réactivation Ciblée : Emailing personnalisé / Remise panier moyen
6136,24,0.0,0.0,303.0,0.0,862,0.7276,1,Risque Élevé,Rétention Urgente : Appel VIP / Bon d'achat 20% / Enquête insatisfaction
6137,32,2.0,309.65,100.0,0.5,1192,0.571,1,Risque Moyen,Réactivation Ciblée : Emailing personnalisé / Remise panier moyen
6138,32,0.0,0.0,303.0,0.0,701,0.7176,1,Risque Élevé,Rétention Urgente : Appel VIP / Bon d'achat 20% / Enquête insatisfaction
6139,48,1.0,76.64,188.0,0.0,858,0.618,1,Risque Moyen,Réactivation Ciblée : Emailing personnalisé / Remise panier moyen
6140,43,1.0,67.78,99.0,1.0,1260,0.6218,1,Risque Moyen,Réactivation Ciblée : Emailing personnalisé / Remise panier moyen
6141,38,0.0,0.0,303.0,0.0,497,0.7084,1,Risque Élevé,Rétention Urgente : Appel VIP / Bon d'achat 20% / Enquête insatisfaction
6142,35,3.0,282.40999999999997,58.0,1.0,880,0.4781,0,Risque Moyen,Réactivation Ciblée : Emailing personnalisé / Remise panier moyen
6143,23,4.0,842.96,90.0,0.75,636,0.4471,0,Risque Moyen,Réactivation Ciblée : Emailing personnalisé / Remise panier moyen
6144,18,1.0,74.46,7.0,1.0,1088,0.6278,1,Risque Moyen,Réactivation Ciblée : Emailing personnalisé / Remise panier moyen
6145,36,1.0,159.91,248.0,0.0,466,0.6321,1,Risque Moyen,Réactivation Ciblée : Emailing personnalisé / Remise panier moyen
6146,44,1.0,15.25,96.0,1.0,951,0.6146,1,Risque Moyen,Réactivation Ciblée : Emailing personnalisé / Remise panier moyen
6147,34,0.0,0.0,303.0,0.0,615,0.7142,1,Risque Élevé,Rétention Urgente : Appel VIP / Bon d'achat 20% / Enquête insatisfaction
6148,29,8.0,1218.6399999999999,70.0,0.5,707,0.2147,0,Risque Faible,Fidélisation Active : Programme fidélité / Ventes privées / Parrainage
6149,40,3.0,223.94,50.0,0.3333333333333333,681,0.4614,0,Risque Moyen,Réactivation Ciblée : Emailing personnalisé / Remise panier moyen
6150,34,3.0,495.96,137.0,0.6666666666666666,1265,0.5118,1,Risque Moyen,Réactivation Ciblée : Emailing personnalisé / Remise panier moyen
6151,54,6.0,1308.62,39.0,0.5,657,0.2938,0,Risque Faible,Fidélisation Active : Programme fidélité / Ventes privées / Parrainage
6152,49,1.0,124.71,204.0,0.0,787,0.6162,1,Risque Moyen,Réactivation Ciblée : Emailing personnalisé / Remise panier moyen
6153,46,0.0,0.0,303.0,0.0,1312,0.7154,1,Risque Élevé,Rétention Urgente : Appel VIP / Bon d'achat 20% / Enquête insatisfaction
6154,43,2.0,379.15999999999997,23.0,0.5,791,0.5282,1,Risque Moyen,Réactivation Ciblée : Emailing personnalisé / Remise panier moyen
6155,21,0.0,0.0,303.0,0.0,287,0.7204,1,Risque Élevé,Rétention Urgente : Appel VIP / Bon d'achat 20% / Enquête insatisfaction
6156,42,2.0,168.26,46.0,1.0,1252,0.546,1,Risque Moyen,Réactivation Ciblée : Emailing personnalisé / Remise panier moyen
6157,39,9.0,1315.8,41.0,0.5555555555555556,550,0.1585,0,Risque Faible,Fidélisation Active : Programme fidélité / Ventes privées / Parrainage
6158,42,3.0,718.5999999999999,53.0,0.3333333333333333,324,0.4732,0,Risque Moyen,Réactivation Ciblée : Emailing personnalisé / Remise panier moyen
6159,40,1.0,439.86,136.0,0.0,1290,0.6215,1,Risque Moyen,Réactivation Ciblée : Emailing personnalisé / Remise panier moyen
6160,40,7.0,852.0899999999999,67.0,0.5714285714285714,810,0.2352,0,Risque Faible,Fidélisation Active : Programme fidélité / Ventes privées / Parrainage
6161,65,2.0,450.75,19.0,1.0,483,0.5029,1,Risque Moyen,Réactivation Ciblée : Emailing personnalisé / Remise panier moyen
6162,34,3.0,548.25,58.0,0.3333333333333333,1261,0.4942,0,Risque Moyen,Réactivation Ciblée : Emailing personnalisé / Remise panier moyen
6163,45,0.0,0.0,303.0,0.0,570,0.7031,1,Risque Élevé,Rétention Urgente : Appel VIP / Bon d'achat 20% / Enquête insatisfaction
6164,30,1.0,807.95,208.0,1.0,681,0.6444,1,Risque Moyen,Réactivation Ciblée : Emailing personnalisé / Remise panier moyen
6165,44,5.0,977.32,80.0,0.6,1299,0.3767,0,Risque Moyen,Réactivation Ciblée : Emailing personnalisé / Remise panier moyen
6166,45,1.0,99.08,249.0,1.0,982,0.6446,1,Risque Moyen,Réactivation Ciblée : Emailing personnalisé / Remise panier moyen
6167,39,4.0,563.65,43.0,1.0,514,0.4119,0,Risque Moyen,Réactivation Ciblée : Emailing personnalisé / Remise panier moyen
6168,53,2.0,176.53,192.0,0.5,287,0.5374,1,Risque Moyen,Réactivation Ciblée : Emailing personnalisé / Remise panier moyen
6169,25,0.0,0.0,303.0,0.0,1124,0.7312,1,Risque Élevé,Rétention Urgente : Appel VIP / Bon d'achat 20% / Enquête insatisfaction
6170,30,2.0,176.42,18.0,0.5,300,0.5296,1,Risque Moyen,Réactivation Ciblée : Emailing personnalisé / Remise panier moyen
6171,37,3.0,851.38,89.0,0.3333333333333333,685,0.4985,0,Risque Moyen,Réactivation Ciblée : Emailing personnalisé / Remise panier moyen
6172,45,1.0,306.8,196.0,1.0,584,0.629,1,Risque Moyen,Réactivation Ciblée : Emailing personnalisé / Remise panier moyen
6173,37,3.0,379.56,20.0,0.6666666666666666,1298,0.4841,0,Risque Moyen,Réactivation Ciblée : Emailing personnalisé / Remise panier moyen
6174,49,0.0,0.0,303.0,0.0,1261,0.7117,1,Risque Élevé,Rétention Urgente : Appel VIP / Bon d'achat 20% / Enquête insatisfaction
6175,28,0.0,0.0,303.0,0.0,647,0.7203,1,Risque Élevé,Rétention Urgente : Appel VIP / Bon d'achat 20% / Enquête insatisfaction
6176,22,4.0,499.68,88.0,0.5,1067,0.4379,0,Risque Moyen,Réactivation Ciblée : Emailing personnalisé / Remise panier moyen
6177,38,2.0,139.66,198.0,0.5,841,0.5666,1,Risque Moyen,Réactivation Ciblée : Emailing personnalisé / Remise panier moyen
6178,34,1.0,356.8,195.0,1.0,417,0.6324,1,Risque Moyen,Réactivation Ciblée : Emailing personnalisé / Remise panier moyen
6179,41,4.0,322.02,9.0,0.5,1113,0.3929,0,Risque Moyen,Réactivation Ciblée : Emailing personnalisé / Remise panier moyen
6180,35,0.0,0.0,303.0,0.0,415,0.7098,1,Risque Élevé,Rétention Urgente : Appel VIP / Bon d'achat 20% / Enquête insatisfaction
6181,31,6.0,693.87,120.0,0.5,445,0.3077,0,Risque Faible,Fidélisation Active : Programme fidélité / Ventes privées / Parrainage
6182,34,0.0,0.0,303.0,0.0,807,0.7176,1,Risque Élevé,Rétention Urgente : Appel VIP / Bon d'achat 20% / Enquête insatisfaction
6183,35,1.0,69.83,91.0,0.0,1009,0.6128,1,Risque Moyen,Réactivation Ciblée : Emailing personnalisé / Remise panier moyen
6184,32,4.0,507.06000000000006,49.0,0.5,1073,0.4208,0,Risque Moyen,Réactivation Ciblée : Emailing personnalisé / Remise panier moyen
6185,33,0.0,0.0,303.0,0.0,1276,0.7266,1,Risque Élevé,Rétention Urgente : Appel VIP / Bon d'achat 20% / Enquête insatisfaction
6186,31,0.0,0.0,303.0,0.0,508,0.7151,1,Risque Élevé,Rétention Urgente : Appel VIP / Bon d'achat 20% / Enquête insatisfaction
6187,44,2.0,291.28999999999996,105.0,0.0,379,0.5311,1,Risque Moyen,Réactivation Ciblée : Emailing personnalisé / Remise panier moyen
6188,37,6.0,575.75,18.0,0.3333333333333333,885,0.2785,0,Risque Faible,Fidélisation Active : Programme fidélité / Ventes privées / Parrainage
6189,60,0.0,0.0,303.0,0.0,493,0.6873,1,Risque Élevé,Rétention Urgente : Appel VIP / Bon d'achat 20% / Enquête insatisfaction
6190,37,8.0,1061.72,22.0,0.5,1028,0.1976,0,Risque Faible,Fidélisation Active : Programme fidélité / Ventes privées / Parrainage
6191,29,0.0,0.0,303.0,0.0,1039,0.7261,1,Risque Élevé,Rétention Urgente : Appel VIP / Bon d'achat 20% / Enquête insatisfaction
6192,64,3.0,350.06,28.0,0.3333333333333333,570,0.4269,0,Risque Moyen,Réactivation Ciblée : Emailing personnalisé / Remise panier moyen
6193,40,3.0,406.93,74.0,1.0,1168,0.4902,0,Risque Moyen,Réactivation Ciblée : Emailing personnalisé / Remise panier moyen
6194,46,6.0,989.1899999999999,32.0,0.5,626,0.2976,0,Risque Faible,Fidélisation Active : Programme fidélité / Ventes privées / Parrainage
6195,42,1.0,71.05,244.0,1.0,1271,0.6527,1,Risque Élevé,Rétention Urgente : Appel VIP / Bon d'achat 20% / Enquête insatisfaction
6196,42,1.0,125.48,46.0,0.0,530,0.5849,1,Risque Moyen,Réactivation Ciblée : Emailing personnalisé / Remise panier moyen
6197,41,3.0,389.45000000000005,161.0,1.0,1017,0.5045,1,Risque Moyen,Réactivation Ciblée : Emailing personnalisé / Remise panier moyen
6198,23,2.0,259.04,36.0,0.0,902,0.5501,1,Risque Moyen,Réactivation Ciblée : Emailing personnalisé / Remise panier moyen
6199,39,0.0,0.0,303.0,0.0,329,0.7045,1,Risque Élevé,Rétention Urgente : Appel VIP / Bon d'achat 20% / Enquête insatisfaction
6200,20,2.0,538.92,44.0,1.0,913,0.5761,1,Risque Moyen,Réactivation Ciblée : Emailing personnalisé / Remise panier moyen
6201,33,9.0,963.28,17.0,0.5555555555555556,1111,0.1529,0,Risque Faible,Fidélisation Active : Programme fidélité / Ventes privées / Parrainage
6202,27,1.0,379.4,193.0,0.0,1307,0.6461,1,Risque Moyen,Réactivation Ciblée : Emailing personnalisé / Remise panier moyen
6203,39,2.0,501.99,89.0,0.5,887,0.5515,1,Risque Moyen,Réactivation Ciblée : Emailing personnalisé / Remise panier moyen
6204,39,3.0,497.89,45.0,0.6666666666666666,369,0.4731,0,Risque Moyen,Réactivation Ciblée : Emailing personnalisé / Remise panier moyen
6205,40,1.0,568.68,35.0,1.0,734,0.6001,1,Risque Moyen,Réactivation Ciblée : Emailing personnalisé / Remise panier moyen
6206,38,1.0,153.87,123.0,1.0,303,0.6116,1,Risque Moyen,Réactivation Ciblée : Emailing personnalisé / Remise panier moyen
6207,28,2.0,834.45,110.0,0.5,293,0.5704,1,Risque Moyen,Réactivation Ciblée : Emailing personnalisé / Remise panier moyen
6208,32,8.0,2209.65,19.0,0.625,453,0.2362,0,Risque Faible,Fidélisation Active : Programme fidélité / Ventes privées / Parrainage
6209,45,0.0,0.0,303.0,0.0,1057,0.7118,1,Risque Élevé,Rétention Urgente : Appel VIP / Bon d'achat 20% / Enquête insatisfaction
6210,47,3.0,430.37,129.0,0.6666666666666666,790,0.4875,0,Risque Moyen,Réactivation Ciblée : Emailing personnalisé / Remise panier moyen
6211,22,2.0,73.85,33.0,1.0,1310,0.5629,1,Risque Moyen,Réactivation Ciblée : Emailing personnalisé / Remise panier moyen
6212,18,1.0,66.83,223.0,0.0,1065,0.6588,1,Risque Élevé,Rétention Urgente : Appel VIP / Bon d'achat 20% / Enquête insatisfaction
6213,27,4.0,257.65,105.0,0.5,1334,0.4312,0,Risque Moyen,Réactivation Ciblée : Emailing personnalisé / Remise panier moyen
6214,46,3.0,335.2,10.0,0.3333333333333333,721,0.4479,0,Risque Moyen,Réactivation Ciblée : Emailing personnalisé / Remise panier moyen
6215,48,0.0,0.0,303.0,0.0,358,0.6965,1,Risque Élevé,Rétention Urgente : Appel VIP / Bon d'achat 20% / Enquête insatisfaction
6216,25,0.0,0.0,303.0,0.0,876,0.727,1,Risque Élevé,Rétention Urgente : Appel VIP / Bon d'achat 20% / Enquête insatisfaction
6217,38,0.0,0.0,303.0,0.0,878,0.7151,1,Risque Élevé,Rétention Urgente : Appel VIP / Bon d'achat 20% / Enquête insatisfaction
6218,55,2.0,325.47,133.0,0.5,1148,0.5476,1,Risque Moyen,Réactivation Ciblée : Emailing personnalisé / Remise panier moyen
6219,40,1.0,56.04,270.0,0.0,1246,0.6512,1,Risque Élevé,Rétention Urgente : Appel VIP / Bon d'achat 20% / Enquête insatisfaction
6220,51,2.0,173.73000000000002,42.0,1.0,662,0.5203,1,Risque Moyen,Réactivation Ciblée : Emailing personnalisé / Remise panier moyen
6221,46,0.0,0.0,303.0,0.0,482,0.7006,1,Risque Élevé,Rétention Urgente : Appel VIP / Bon d'achat 20% / Enquête insatisfaction
6222,25,9.0,2103.09,48.0,0.4444444444444444,875,0.2001,0,Risque Faible,Fidélisation Active : Programme fidélité / Ventes privées / Parrainage
6223,33,10.0,1051.53,45.0,0.6,610,0.1196,0,Risque Faible,Fidélisation Active : Programme fidélité / Ventes privées / Parrainage
6224,35,2.0,394.09999999999997,125.0,0.5,736,0.5608,1,Risque Moyen,Réactivation Ciblée : Emailing personnalisé / Remise panier moyen
6225,36,0.0,0.0,303.0,0.0,1039,0.7198,1,Risque Élevé,Rétention Urgente : Appel VIP / Bon d'achat 20% / Enquête insatisfaction
6226,45,1.0,134.83,229.0,1.0,397,0.6284,1,Risque Moyen,Réactivation Ciblée : Emailing personnalisé / Remise panier moyen
6227,39,1.0,57.62,230.0,0.0,1359,0.6464,1,Risque Moyen,Réactivation Ciblée : Emailing personnalisé / Remise panier moyen
6228,18,1.0,100.97,148.0,0.0,1242,0.6467,1,Risque Moyen,Réactivation Ciblée : Emailing personnalisé / Remise panier moyen
6229,21,0.0,0.0,303.0,0.0,384,0.7221,1,Risque Élevé,Rétention Urgente : Appel VIP / Bon d'achat 20% / Enquête insatisfaction
6230,18,0.0,0.0,303.0,0.0,700,0.7302,1,Risque Élevé,Rétention Urgente : Appel VIP / Bon d'achat 20% / Enquête insatisfaction
6231,37,2.0,325.03999999999996,59.0,0.0,1138,0.5479,1,Risque Moyen,Réactivation Ciblée : Emailing personnalisé / Remise panier moyen
6232,38,2.0,184.16000000000003,131.0,0.0,330,0.5384,1,Risque Moyen,Réactivation Ciblée : Emailing personnalisé / Remise panier moyen
6233,38,0.0,0.0,303.0,0.0,882,0.7152,1,Risque Élevé,Rétention Urgente : Appel VIP / Bon d'achat 20% / Enquête insatisfaction
6234,24,2.0,112.25,38.0,0.5,927,0.5487,1,Risque Moyen,Réactivation Ciblée : Emailing personnalisé / Remise panier moyen
6235,42,0.0,0.0,303.0,0.0,491,0.7046,1,Risque Élevé,Rétention Urgente : Appel VIP / Bon d'achat 20% / Enquête insatisfaction
6236,43,5.0,1126.95,29.0,0.6,1095,0.3685,0,Risque Moyen,Réactivation Ciblée : Emailing personnalisé / Remise panier moyen
6237,21,10.0,2088.21,31.0,0.6,751,0.1575,0,Risque Faible,Fidélisation Active : Programme fidélité / Ventes privées / Parrainage
6238,19,1.0,47.42,24.0,1.0,342,0.6155,1,Risque Moyen,Réactivation Ciblée : Emailing personnalisé / Remise panier moyen
6239,35,5.0,389.45,22.0,0.8,1043,0.3426,0,Risque Faible,Fidélisation Active : Programme fidélité / Ventes privées / Parrainage
6240,55,5.0,795.3199999999999,16.0,0.2,1116,0.3342,0,Risque Faible,Fidélisation Active : Programme fidélité / Ventes privées / Parrainage
6241,54,4.0,511.14,43.0,0.75,290,0.3803,0,Risque Moyen,Réactivation Ciblée : Emailing personnalisé / Remise panier moyen
6242,41,1.0,109.76,254.0,0.0,483,0.6351,1,Risque Moyen,Réactivation Ciblée : Emailing personnalisé / Remise panier moyen
6243,27,2.0,82.31,154.0,0.5,921,0.5721,1,Risque Moyen,Réactivation Ciblée : Emailing personnalisé / Remise panier moyen
6244,45,7.0,643.39,38.0,0.2857142857142857,996,0.224,0,Risque Faible,Fidélisation Active : Programme fidélité / Ventes privées / Parrainage
6245,30,0.0,0.0,303.0,0.0,900,0.7229,1,Risque Élevé,Rétention Urgente : Appel VIP / Bon d'achat 20% / Enquête insatisfaction
6246,27,5.0,546.75,36.0,0.8,609,0.3546,0,Risque Moyen,Réactivation Ciblée : Emailing personnalisé / Remise panier moyen
6247,18,1.0,78.15,207.0,0.0,536,0.6451,1,Risque Moyen,Réactivation Ciblée : Emailing personnalisé / Remise panier moyen
6248,36,21.0,3556.35,1.0,0.47619047619047616,1299,0.0101,0,Risque Faible,Fidélisation Active : Programme fidélité / Ventes privées / Parrainage
6249,28,6.0,1128.09,21.0,0.3333333333333333,888,0.3061,0,Risque Faible,Fidélisation Active : Programme fidélité / Ventes privées / Parrainage
6250,36,6.0,566.6899999999999,4.0,0.8333333333333334,839,0.2787,0,Risque Faible,Fidélisation Active : Programme fidélité / Ventes privées / Parrainage
6251,18,1.0,165.07,31.0,0.0,879,0.6145,1,Risque Moyen,Réactivation Ciblée : Emailing personnalisé / Remise panier moyen
6252,37,0.0,0.0,303.0,0.0,866,0.7159,1,Risque Élevé,Rétention Urgente : Appel VIP / Bon d'achat 20% / Enquête insatisfaction
6253,18,7.0,872.4300000000001,9.0,0.42857142857142855,360,0.2379,0,Risque Faible,Fidélisation Active : Programme fidélité / Ventes privées / Parrainage
6254,47,2.0,235.89000000000001,154.0,0.0,1252,0.554,1,Risque Moyen,Réactivation Ciblée : Emailing personnalisé / Remise panier moyen
6255,41,1.0,35.65,76.0,1.0,762,0.6095,1,Risque Moyen,Réactivation Ciblée : Emailing personnalisé / Remise panier moyen
6256,32,2.0,439.39,30.0,0.0,450,0.5324,1,Risque Moyen,Réactivation Ciblée : Emailing personnalisé / Remise panier moyen
6257,41,0.0,0.0,303.0,0.0,465,0.705,1,Risque Élevé,Rétention Urgente : Appel VIP / Bon d'achat 20% / Enquête insatisfaction
6258,24,7.0,1038.38,3.0,0.7142857142857143,941,0.2519,0,Risque Faible,Fidélisation Active : Programme fidélité / Ventes privées / Parrainage
6259,36,5.0,826.6899999999999,9.0,0.6,875,0.3547,0,Risque Moyen,Réactivation Ciblée : Emailing personnalisé / Remise panier moyen
6260,44,4.0,394.88,59.0,0.25,1307,0.406,0,Risque Moyen,Réactivation Ciblée : Emailing personnalisé / Remise panier moyen
6261,18,5.0,419.9,3.0,0.2,872,0.3438,0,Risque Faible,Fidélisation Active : Programme fidélité / Ventes privées / Parrainage
6262,30,8.0,863.82,46.0,0.5,733,0.1938,0,Risque Faible,Fidélisation Active : Programme fidélité / Ventes privées / Parrainage
6263,35,4.0,329.94,98.0,0.5,1289,0.4266,0,Risque Moyen,Réactivation Ciblée : Emailing personnalisé / Remise panier moyen
6264,33,10.0,2234.5499999999997,26.0,0.3,884,0.1474,0,Risque Faible,Fidélisation Active : Programme fidélité / Ventes privées / Parrainage
6265,51,12.0,2119.51,12.0,0.6666666666666666,323,0.0803,0,Risque Faible,Fidélisation Active : Programme fidélité / Ventes privées / Parrainage
6266,23,2.0,730.9100000000001,113.0,0.5,774,0.5806,1,Risque Moyen,Réactivation Ciblée : Emailing personnalisé / Remise panier moyen
6267,28,4.0,860.95,57.0,0.5,1108,0.4442,0,Risque Moyen,Réactivation Ciblée : Emailing personnalisé / Remise panier moyen
6268,18,7.0,1370.01,14.0,0.0,1240,0.2736,0,Risque Faible,Fidélisation Active : Programme fidélité / Ventes privées / Parrainage
6269,52,0.0,0.0,303.0,0.0,743,0.6996,1,Risque Élevé,Rétention Urgente : Appel VIP / Bon d'achat 20% / Enquête insatisfaction
6270,32,7.0,1516.78,16.0,0.8571428571428571,1085,0.2732,0,Risque Faible,Fidélisation Active : Programme fidélité / Ventes privées / Parrainage
6271,30,0.0,0.0,303.0,0.0,298,0.7124,1,Risque Élevé,Rétention Urgente : Appel VIP / Bon d'achat 20% / Enquête insatisfaction
6272,34,3.0,594.38,10.0,0.3333333333333333,1350,0.489,0,Risque Moyen,Réactivation Ciblée : Emailing personnalisé / Remise panier moyen
6273,42,2.0,130.32,34.0,0.0,770,0.5317,1,Risque Moyen,Réactivation Ciblée : Emailing personnalisé / Remise panier moyen
6274,39,6.0,1075.79,24.0,0.8333333333333334,715,0.2979,0,Risque Faible,Fidélisation Active : Programme fidélité / Ventes privées / Parrainage
6275,64,7.0,1023.1600000000001,94.0,0.42857142857142855,606,0.2271,0,Risque Faible,Fidélisation Active : Programme fidélité / Ventes privées / Parrainage
6276,40,6.0,1548.13,2.0,0.16666666666666666,531,0.3029,0,Risque Faible,Fidélisation Active : Programme fidélité / Ventes privées / Parrainage
6277,30,5.0,494.46000000000004,48.0,0.8,337,0.3389,0,Risque Faible,Fidélisation Active : Programme fidélité / Ventes privées / Parrainage
6278,29,10.0,892.25,44.0,0.7,308,0.1162,0,Risque Faible,Fidélisation Active : Programme fidélité / Ventes privées / Parrainage
6279,31,2.0,272.46,159.0,0.0,1297,0.5766,1,Risque Moyen,Réactivation Ciblée : Emailing personnalisé / Remise panier moyen
6280,18,8.0,1349.6100000000001,48.0,0.375,278,0.2135,0,Risque Faible,Fidélisation Active : Programme fidélité / Ventes privées / Parrainage
6281,35,2.0,42.2,80.0,1.0,716,0.5454,1,Risque Moyen,Réactivation Ciblée : Emailing personnalisé / Remise panier moyen
6282,44,6.0,709.44,36.0,0.5,1305,0.2958,0,Risque Faible,Fidélisation Active : Programme fidélité / Ventes privées / Parrainage
6283,28,4.0,451.65,65.0,1.0,1339,0.4423,0,Risque Moyen,Réactivation Ciblée : Emailing personnalisé / Remise panier moyen
6284,26,5.0,590.0799999999999,43.0,0.4,812,0.3524,0,Risque Moyen,Réactivation Ciblée : Emailing personnalisé / Remise panier moyen
6285,52,1.0,90.48,57.0,1.0,723,0.594,1,Risque Moyen,Réactivation Ciblée : Emailing personnalisé / Remise panier moyen
6286,19,3.0,669.08,207.0,0.6666666666666666,329,0.5293,1,Risque Moyen,Réactivation Ciblée : Emailing personnalisé / Remise panier moyen
6287,18,0.0,0.0,303.0,0.0,1091,0.7368,1,Risque Élevé,Rétention Urgente : Appel VIP / Bon d'achat 20% / Enquête insatisfaction
6288,22,4.0,253.73,87.0,1.0,1092,0.4332,0,Risque Moyen,Réactivation Ciblée : Emailing personnalisé / Remise panier moyen
6289,18,1.0,34.72,7.0,0.0,1148,0.6188,1,Risque Moyen,Réactivation Ciblée : Emailing personnalisé / Remise panier moyen
6290,39,1.0,282.0,209.0,0.0,699,0.626,1,Risque Moyen,Réactivation Ciblée : Emailing personnalisé / Remise panier moyen
6291,31,4.0,1242.98,69.0,0.5,321,0.4379,0,Risque Moyen,Réactivation Ciblée : Emailing personnalisé / Remise panier moyen
6292,33,1.0,145.91,20.0,0.0,537,0.5891,1,Risque Moyen,Réactivation Ciblée : Emailing personnalisé / Remise panier moyen
6293,48,2.0,148.76999999999998,92.0,0.0,1228,0.5371,1,Risque Moyen,Réactivation Ciblée : Emailing personnalisé / Remise panier moyen
6294,27,7.0,1328.31,18.0,0.7142857142857143,635,0.2545,0,Risque Faible,Fidélisation Active : Programme fidélité / Ventes privées / Parrainage
6295,44,3.0,1438.1200000000001,120.0,0.0,1343,0.5337,1,Risque Moyen,Réactivation Ciblée : Emailing personnalisé / Remise panier moyen
6296,52,1.0,70.19999999999999,265.0,0.0,1271,0.644,1,Risque Moyen,Réactivation Ciblée : Emailing personnalisé / Remise panier moyen
6297,30,3.0,693.8299999999999,84.0,0.6666666666666666,1093,0.5111,1,Risque Moyen,Réactivation Ciblée : Emailing personnalisé / Remise panier moyen
6298,43,0.0,0.0,303.0,0.0,796,0.7091,1,Risque Élevé,Rétention Urgente : Appel VIP / Bon d'achat 20% / Enquête insatisfaction
6299,32,1.0,95.89,151.0,0.0,477,0.6174,1,Risque Moyen,Réactivation Ciblée : Emailing personnalisé / Remise panier moyen
6300,45,2.0,137.56,237.0,0.5,936,0.5693,1,Risque Moyen,Réactivation Ciblée : Emailing personnalisé / Remise panier moyen
6301,18,0.0,0.0,303.0,0.0,1360,0.7413,1,Risque Élevé,Rétention Urgente : Appel VIP / Bon d'achat 20% / Enquête insatisfaction
6302,18,11.0,2017.79,81.0,0.8181818181818182,473,0.1233,0,Risque Faible,Fidélisation Active : Programme fidélité / Ventes privées / Parrainage
6303,31,3.0,389.71,30.0,0.3333333333333333,500,0.4725,0,Risque Moyen,Réactivation Ciblée : Emailing personnalisé / Remise panier moyen
6304,25,2.0,202.87,87.0,0.0,436,0.5481,1,Risque Moyen,Réactivation Ciblée : Emailing personnalisé / Remise panier moyen
6305,29,3.0,1328.9,76.0,1.0,1097,0.5396,1,Risque Moyen,Réactivation Ciblée : Emailing personnalisé / Remise panier moyen
6306,33,3.0,263.13,53.0,1.0,1337,0.4885,0,Risque Moyen,Réactivation Ciblée : Emailing personnalisé / Remise panier moyen
6307,43,0.0,0.0,303.0,0.0,517,0.7041,1,Risque Élevé,Rétention Urgente : Appel VIP / Bon d'achat 20% / Enquête insatisfaction
6308,31,2.0,274.90999999999997,47.0,0.5,764,0.5445,1,Risque Moyen,Réactivation Ciblée : Emailing personnalisé / Remise panier moyen
6309,26,17.0,2982.84,15.0,0.5294117647058824,1352,0.0281,0,Risque Faible,Fidélisation Active : Programme fidélité / Ventes privées / Parrainage
6310,31,9.0,734.14,5.0,0.5555555555555556,1068,0.1503,0,Risque Faible,Fidélisation Active : Programme fidélité / Ventes privées / Parrainage
6311,27,0.0,0.0,303.0,0.0,1327,0.7328,1,Risque Élevé,Rétention Urgente : Appel VIP / Bon d'achat 20% / Enquête insatisfaction
6312,25,6.0,1316.73,7.0,0.6666666666666666,1317,0.33,0,Risque Faible,Fidélisation Active : Programme fidélité / Ventes privées / Parrainage
6313,18,2.0,553.47,12.0,0.0,1181,0.5618,1,Risque Moyen,Réactivation Ciblée : Emailing personnalisé / Remise panier moyen
6314,36,3.0,326.87,5.0,0.6666666666666666,1218,0.4722,0,Risque Moyen,Réactivation Ciblée : Emailing personnalisé / Remise panier moyen
6315,29,4.0,1166.24,11.0,0.5,960,0.4448,0,Risque Moyen,Réactivation Ciblée : Emailing personnalisé / Remise panier moyen
6316,46,6.0,851.37,66.0,0.8333333333333334,1025,0.2934,0,Risque Faible,Fidélisation Active : Programme fidélité / Ventes privées / Parrainage
6317,19,3.0,361.32,102.0,0.6666666666666666,778,0.5045,1,Risque Moyen,Réactivation Ciblée : Emailing personnalisé / Remise panier moyen
6318,29,0.0,0.0,303.0,0.0,277,0.7129,1,Risque Élevé,Rétention Urgente : Appel VIP / Bon d'achat 20% / Enquête insatisfaction
6319,55,0.0,0.0,303.0,0.0,523,0.6927,1,Risque Élevé,Rétention Urgente : Appel VIP / Bon d'achat 20% / Enquête insatisfaction
6320,25,2.0,159.09,91.0,0.5,469,0.5503,1,Risque Moyen,Réactivation Ciblée : Emailing personnalisé / Remise panier moyen
6321,32,5.0,1116.0900000000001,37.0,0.2,1341,0.3842,0,Risque Moyen,Réactivation Ciblée : Emailing personnalisé / Remise panier moyen
6322,22,1.0,191.7,226.0,1.0,316,0.6514,1,Risque Élevé,Rétention Urgente : Appel VIP / Bon d'achat 20% / Enquête insatisfaction
6323,20,2.0,184.51999999999998,254.0,0.5,735,0.6013,1,Risque Moyen,Réactivation Ciblée : Emailing personnalisé / Remise panier moyen
6324,52,2.0,235.75,103.0,0.0,1157,0.5351,1,Risque Moyen,Réactivation Ciblée : Emailing personnalisé / Remise panier moyen
6325,37,7.0,788.61,16.0,0.2857142857142857,681,0.228,0,Risque Faible,Fidélisation Active : Programme fidélité / Ventes privées / Parrainage
6326,36,11.0,2008.2800000000002,10.0,0.45454545454545453,1297,0.1146,0,Risque Faible,Fidélisation Active : Programme fidélité / Ventes privées / Parrainage
6327,18,5.0,468.65,49.0,0.2,1259,0.3624,0,Risque Moyen,Réactivation Ciblée : Emailing personnalisé / Remise panier moyen
6328,39,2.0,168.1,53.0,0.5,1137,0.5428,1,Risque Moyen,Réactivation Ciblée : Emailing personnalisé / Remise panier moyen
6329,48,0.0,0.0,303.0,0.0,1326,0.7138,1,Risque Élevé,Rétention Urgente : Appel VIP / Bon d'achat 20% / Enquête insatisfaction
6330,48,2.0,158.58999999999997,25.0,0.0,1104,0.5177,1,Risque Moyen,Réactivation Ciblée : Emailing personnalisé / Remise panier moyen
6331,42,4.0,667.87,4.0,0.5,1323,0.4109,0,Risque Moyen,Réactivation Ciblée : Emailing personnalisé / Remise panier moyen
6332,23,1.0,42.63,179.0,1.0,1131,0.6568,1,Risque Élevé,Rétention Urgente : Appel VIP / Bon d'achat 20% / Enquête insatisfaction
6333,38,0.0,0.0,303.0,0.0,768,0.7132,1,Risque Élevé,Rétention Urgente : Appel VIP / Bon d'achat 20% / Enquête insatisfaction
6334,42,7.0,1557.23,96.0,0.5714285714285714,678,0.2752,0,Risque Faible,Fidélisation Active : Programme fidélité / Ventes privées / Parrainage
6335,18,2.0,248.26999999999998,2.0,1.0,393,0.5443,1,Risque Moyen,Réactivation Ciblée : Emailing personnalisé / Remise panier moyen
6336,23,1.0,133.04,113.0,0.0,626,0.6276,1,Risque Moyen,Réactivation Ciblée : Emailing personnalisé / Remise panier moyen
6337,45,2.0,175.05,124.0,0.0,642,0.5441,1,Risque Moyen,Réactivation Ciblée : Emailing personnalisé / Remise panier moyen
6338,45,4.0,452.75,53.0,0.0,1169,0.4124,0,Risque Moyen,Réactivation Ciblée : Emailing personnalisé / Remise panier moyen
6339,18,2.0,289.59000000000003,182.0,1.0,356,0.5876,1,Risque Moyen,Réactivation Ciblée : Emailing personnalisé / Remise panier moyen
6340,44,1.0,75.03,143.0,0.0,932,0.6124,1,Risque Moyen,Réactivation Ciblée : Emailing personnalisé / Remise panier moyen
6341,36,0.0,0.0,303.0,0.0,875,0.7169,1,Risque Élevé,Rétention Urgente : Appel VIP / Bon d'achat 20% / Enquête insatisfaction
6342,44,4.0,1525.3799999999999,81.0,0.5,662,0.4473,0,Risque Moyen,Réactivation Ciblée : Emailing personnalisé / Remise panier moyen
6343,28,3.0,282.82000000000005,9.0,0.6666666666666666,1345,0.4836,0,Risque Moyen,Réactivation Ciblée : Emailing personnalisé / Remise panier moyen
6344,42,2.0,454.41,62.0,1.0,1099,0.5515,1,Risque Moyen,Réactivation Ciblée : Emailing personnalisé / Remise panier moyen
6345,44,1.0,64.94,195.0,1.0,579,0.629,1,Risque Moyen,Réactivation Ciblée : Emailing personnalisé / Remise panier moyen
6346,31,1.0,23.74,238.0,1.0,631,0.6509,1,Risque Élevé,Rétention Urgente : Appel VIP / Bon d'achat 20% / Enquête insatisfaction
6347,35,3.0,591.83,24.0,1.0,1241,0.4983,0,Risque Moyen,Réactivation Ciblée : Emailing personnalisé / Remise panier moyen
6348,28,1.0,448.83000000000004,171.0,1.0,826,0.6426,1,Risque Moyen,Réactivation Ciblée : Emailing personnalisé / Remise panier moyen
6349,53,3.0,354.49,46.0,0.6666666666666666,287,0.443,0,Risque Moyen,Réactivation Ciblée : Emailing personnalisé / Remise panier moyen
6350,34,2.0,477.59999999999997,100.0,1.0,1044,0.5701,1,Risque Moyen,Réactivation Ciblée : Emailing personnalisé / Remise panier moyen
6351,25,6.0,847.69,4.0,0.0,710,0.2934,0,Risque Faible,Fidélisation Active : Programme fidélité / Ventes privées / Parrainage
6352,27,1.0,817.1500000000001,145.0,1.0,1284,0.6465,1,Risque Moyen,Réactivation Ciblée : Emailing personnalisé / Remise panier moyen
6353,36,0.0,0.0,303.0,0.0,343,0.7076,1,Risque Élevé,Rétention Urgente : Appel VIP / Bon d'achat 20% / Enquête insatisfaction
6354,43,2.0,229.18,44.0,0.5,918,0.5328,1,Risque Moyen,Réactivation Ciblée : Emailing personnalisé / Remise panier moyen
6355,20,4.0,778.8399999999999,73.0,1.0,375,0.4375,0,Risque Moyen,Réactivation Ciblée : Emailing personnalisé / Remise panier moyen
6356,55,1.0,46.8,56.0,1.0,320,0.5806,1,Risque Moyen,Réactivation Ciblée : Emailing personnalisé / Remise panier moyen
6357,38,10.0,1478.32,28.0,0.3,310,0.1242,0,Risque Faible,Fidélisation Active : Programme fidélité / Ventes privées / Parrainage
6358,40,1.0,60.39,30.0,1.0,700,0.6034,1,Risque Moyen,Réactivation Ciblée : Emailing personnalisé / Remise panier moyen
6359,34,1.0,189.14999999999998,48.0,1.0,397,0.6056,1,Risque Moyen,Réactivation Ciblée : Emailing personnalisé / Remise panier moyen
6360,35,2.0,542.24,134.0,1.0,1026,0.5772,1,Risque Moyen,Réactivation Ciblée : Emailing personnalisé / Remise panier moyen
6361,33,6.0,925.21,115.0,0.3333333333333333,381,0.3064,0,Risque Faible,Fidélisation Active : Programme fidélité / Ventes privées / Parrainage
6362,46,2.0,370.09000000000003,13.0,1.0,417,0.5244,1,Risque Moyen,Réactivation Ciblée : Emailing personnalisé / Remise panier moyen
6363,35,2.0,89.07,12.0,0.5,912,0.5299,1,Risque Moyen,Réactivation Ciblée : Emailing personnalisé / Remise panier moyen
6364,43,8.0,1293.06,40.0,0.625,470,0.1915,0,Risque Faible,Fidélisation Active : Programme fidélité / Ventes privées / Parrainage
6365,30,4.0,600.48,39.0,0.25,971,0.4234,0,Risque Moyen,Réactivation Ciblée : Emailing personnalisé / Remise panier moyen
6366,37,0.0,0.0,303.0,0.0,470,0.7089,1,Risque Élevé,Rétention Urgente : Appel VIP / Bon d'achat 20% / Enquête insatisfaction
6367,26,2.0,311.6,91.0,0.5,1026,0.5701,1,Risque Moyen,Réactivation Ciblée : Emailing personnalisé / Remise panier moyen
6368,48,3.0,491.58,88.0,0.3333333333333333,556,0.4638,0,Risque Moyen,Réactivation Ciblée : Emailing personnalisé / Remise panier moyen
6369,26,7.0,1173.64,4.0,0.7142857142857143,429,0.2481,0,Risque Faible,Fidélisation Active : Programme fidélité / Ventes privées / Parrainage
6370,31,0.0,0.0,303.0,0.0,1322,0.7292,1,Risque Élevé,Rétention Urgente : Appel VIP / Bon d'achat 20% / Enquête insatisfaction
6371,32,5.0,1334.37,112.0,0.4,454,0.3899,0,Risque Moyen,Réactivation Ciblée : Emailing personnalisé / Remise panier moyen
6372,31,1.0,49.12,191.0,1.0,1207,0.6544,1,Risque Élevé,Rétention Urgente : Appel VIP / Bon d'achat 20% / Enquête insatisfaction
6373,43,4.0,850.14,6.0,0.25,1074,0.4147,0,Risque Moyen,Réactivation Ciblée : Emailing personnalisé / Remise panier moyen
6374,32,2.0,860.19,2.0,0.0,1277,0.5538,1,Risque Moyen,Réactivation Ciblée : Emailing personnalisé / Remise panier moyen
6375,50,2.0,98.07,193.0,0.5,619,0.5488,1,Risque Moyen,Réactivation Ciblée : Emailing personnalisé / Remise panier moyen
6376,26,4.0,616.85,18.0,0.5,812,0.417,0,Risque Moyen,Réactivation Ciblée : Emailing personnalisé / Remise panier moyen
6377,37,3.0,435.71999999999997,117.0,0.6666666666666666,1060,0.5021,1,Risque Moyen,Réactivation Ciblée : Emailing personnalisé / Remise panier moyen
6378,26,0.0,0.0,303.0,0.0,800,0.7248,1,Risque Élevé,Rétention Urgente : Appel VIP / Bon d'achat 20% / Enquête insatisfaction
6379,40,3.0,479.22,35.0,0.0,1193,0.4728,0,Risque Moyen,Réactivation Ciblée : Emailing personnalisé / Remise panier moyen
6380,35,9.0,1289.2,4.0,0.7777777777777778,396,0.1533,0,Risque Faible,Fidélisation Active : Programme fidélité / Ventes privées / Parrainage
6381,33,0.0,0.0,303.0,0.0,431,0.7119,1,Risque Élevé,Rétention Urgente : Appel VIP / Bon d'achat 20% / Enquête insatisfaction
6382,48,2.0,335.14,194.0,1.0,350,0.5577,1,Risque Moyen,Réactivation Ciblée : Emailing personnalisé / Remise panier moyen
6383,28,1.0,129.8,36.0,1.0,1151,0.6237,1,Risque Moyen,Réactivation Ciblée : Emailing personnalisé / Remise panier moyen
6384,41,3.0,428.31000000000006,91.0,0.6666666666666666,556,0.4786,0,Risque Moyen,Réactivation Ciblée : Emailing personnalisé / Remise panier moyen
6385,27,9.0,2306.7,6.0,0.5555555555555556,1205,0.2039,0,Risque Faible,Fidélisation Active : Programme fidélité / Ventes privées / Parrainage
6386,36,3.0,369.14,100.0,0.6666666666666666,1321,0.4988,0,Risque Moyen,Réactivation Ciblée : Emailing personnalisé / Remise panier moyen
6387,22,7.0,1280.35,44.0,0.5714285714285714,568,0.266,0,Risque Faible,Fidélisation Active : Programme fidélité / Ventes privées / Parrainage
6388,28,2.0,133.12,150.0,0.5,651,0.5674,1,Risque Moyen,Réactivation Ciblée : Emailing personnalisé / Remise panier moyen
6389,34,0.0,0.0,303.0,0.0,1285,0.7258,1,Risque Élevé,Rétention Urgente : Appel VIP / Bon d'achat 20% / Enquête insatisfaction
6390,55,2.0,271.7,155.0,0.5,756,0.5474,1,Risque Moyen,Réactivation Ciblée : Emailing personnalisé / Remise panier moyen
6391,36,1.0,106.07,156.0,0.0,298,0.6103,1,Risque Moyen,Réactivation Ciblée : Emailing personnalisé / Remise panier moyen
6392,53,2.0,70.98,180.0,0.5,1135,0.5509,1,Risque Moyen,Réactivation Ciblée : Emailing personnalisé / Remise panier moyen
6393,37,2.0,265.74,15.0,0.5,407,0.5293,1,Risque Moyen,Réactivation Ciblée : Emailing personnalisé / Remise panier moyen
6394,31,0.0,0.0,303.0,0.0,521,0.7154,1,Risque Élevé,Rétention Urgente : Appel VIP / Bon d'achat 20% / Enquête insatisfaction
6395,52,1.0,279.36,82.0,0.0,1222,0.596,1,Risque Moyen,Réactivation Ciblée : Emailing personnalisé / Remise panier moyen
6396,40,1.0,158.94,157.0,0.0,1173,0.6233,1,Risque Moyen,Réactivation Ciblée : Emailing personnalisé / Remise panier moyen
6397,28,4.0,588.72,70.0,0.75,463,0.4226,0,Risque Moyen,Réactivation Ciblée : Emailing personnalisé / Remise panier moyen
6398,40,0.0,0.0,303.0,0.0,355,0.704,1,Risque Élevé,Rétention Urgente : Appel VIP / Bon d'achat 20% / Enquête insatisfaction
6399,32,5.0,341.25,13.0,0.4,323,0.3262,0,Risque Faible,Fidélisation Active : Programme fidélité / Ventes privées / Parrainage
6400,18,8.0,746.49,98.0,0.375,983,0.215,0,Risque Faible,Fidélisation Active : Programme fidélité / Ventes privées / Parrainage
6401,45,3.0,1061.1399999999999,42.0,0.6666666666666666,1005,0.5003,1,Risque Moyen,Réactivation Ciblée : Emailing personnalisé / Remise panier moyen
6402,47,2.0,321.28,14.0,0.5,1095,0.525,1,Risque Moyen,Réactivation Ciblée : Emailing personnalisé / Remise panier moyen
6403,55,1.0,156.16,104.0,0.0,1161,0.5979,1,Risque Moyen,Réactivation Ciblée : Emailing personnalisé / Remise panier moyen
6404,40,2.0,327.88,56.0,0.0,1094,0.5408,1,Risque Moyen,Réactivation Ciblée : Emailing personnalisé / Remise panier moyen
6405,32,6.0,818.46,42.0,0.8333333333333334,362,0.2928,0,Risque Faible,Fidélisation Active : Programme fidélité / Ventes privées / Parrainage
6406,44,8.0,1329.22,2.0,0.625,873,0.1959,0,Risque Faible,Fidélisation Active : Programme fidélité / Ventes privées / Parrainage
6407,44,3.0,556.06,41.0,0.6666666666666666,467,0.4704,0,Risque Moyen,Réactivation Ciblée : Emailing personnalisé / Remise panier moyen
6408,53,3.0,290.9,69.0,0.6666666666666666,1210,0.4702,0,Risque Moyen,Réactivation Ciblée : Emailing personnalisé / Remise panier moyen
6409,35,0.0,0.0,303.0,0.0,429,0.71,1,Risque Élevé,Rétention Urgente : Appel VIP / Bon d'achat 20% / Enquête insatisfaction
6410,33,0.0,0.0,303.0,0.0,909,0.7203,1,Risque Élevé,Rétention Urgente : Appel VIP / Bon d'achat 20% / Enquête insatisfaction
6411,27,3.0,95.72999999999999,11.0,0.6666666666666666,975,0.4717,0,Risque Moyen,Réactivation Ciblée : Emailing personnalisé / Remise panier moyen
6412,41,2.0,201.44,163.0,1.0,452,0.5542,1,Risque Moyen,Réactivation Ciblée : Emailing personnalisé / Remise panier moyen
6413,18,0.0,0.0,303.0,0.0,426,0.7256,1,Risque Élevé,Rétention Urgente : Appel VIP / Bon d'achat 20% / Enquête insatisfaction
6414,44,8.0,1202.0500000000002,20.0,0.625,930,0.1944,0,Risque Faible,Fidélisation Active : Programme fidélité / Ventes privées / Parrainage
6415,41,2.0,540.66,21.0,1.0,1205,0.5518,1,Risque Moyen,Réactivation Ciblée : Emailing personnalisé / Remise panier moyen
6416,41,2.0,128.98000000000002,25.0,0.0,730,0.5235,1,Risque Moyen,Réactivation Ciblée : Emailing personnalisé / Remise panier moyen
6417,37,2.0,164.5,91.0,0.0,799,0.5404,1,Risque Moyen,Réactivation Ciblée : Emailing personnalisé / Remise panier moyen
6418,52,3.0,518.94,211.0,0.6666666666666666,1222,0.5119,1,Risque Moyen,Réactivation Ciblée : Emailing personnalisé / Remise panier moyen
6419,45,0.0,0.0,303.0,0.0,386,0.6998,1,Risque Élevé,Rétention Urgente : Appel VIP / Bon d'achat 20% / Enquête insatisfaction
6420,28,2.0,451.62,53.0,1.0,409,0.5569,1,Risque Moyen,Réactivation Ciblée : Emailing personnalisé / Remise panier moyen
6421,29,7.0,1110.35,67.0,0.2857142857142857,601,0.2498,0,Risque Faible,Fidélisation Active : Programme fidélité / Ventes privées / Parrainage
6422,25,3.0,379.71000000000004,123.0,0.3333333333333333,1259,0.5158,1,Risque Moyen,Réactivation Ciblée : Emailing personnalisé / Remise panier moyen
6423,41,4.0,533.83,1.0,0.0,975,0.39,0,Risque Moyen,Réactivation Ciblée : Emailing personnalisé / Remise panier moyen
6424,24,1.0,16.49,221.0,0.0,926,0.6502,1,Risque Élevé,Rétention Urgente : Appel VIP / Bon d'achat 20% / Enquête insatisfaction
6425,47,0.0,0.0,303.0,0.0,622,0.7022,1,Risque Élevé,Rétention Urgente : Appel VIP / Bon d'achat 20% / Enquête insatisfaction
6426,50,11.0,1428.18,27.0,0.45454545454545453,615,0.0925,0,Risque Faible,Fidélisation Active : Programme fidélité / Ventes privées / Parrainage
6427,25,3.0,314.78999999999996,111.0,0.6666666666666666,1239,0.5082,1,Risque Moyen,Réactivation Ciblée : Emailing personnalisé / Remise panier moyen
6428,33,1.0,24.66,23.0,0.0,864,0.5982,1,Risque Moyen,Réactivation Ciblée : Emailing personnalisé / Remise panier moyen
6429,35,0.0,0.0,303.0,0.0,649,0.7139,1,Risque Élevé,Rétention Urgente : Appel VIP / Bon d'achat 20% / Enquête insatisfaction
6430,45,0.0,0.0,303.0,0.0,1347,0.7169,1,Risque Élevé,Rétention Urgente : Appel VIP / Bon d'achat 20% / Enquête insatisfaction
6431,53,7.0,1599.6,63.0,0.7142857142857143,328,0.2549,0,Risque Faible,Fidélisation Active : Programme fidélité / Ventes privées / Parrainage
6432,18,5.0,871.96,10.0,0.8,494,0.3659,0,Risque Moyen,Réactivation Ciblée : Emailing personnalisé / Remise panier moyen
6433,32,2.0,416.97,57.0,1.0,538,0.5533,1,Risque Moyen,Réactivation Ciblée : Emailing personnalisé / Remise panier moyen
6434,32,2.0,598.6800000000001,115.0,1.0,735,0.5713,1,Risque Moyen,Réactivation Ciblée : Emailing personnalisé / Remise panier moyen
6435,20,7.0,1213.99,23.0,0.42857142857142855,1087,0.2694,0,Risque Faible,Fidélisation Active : Programme fidélité / Ventes privées / Parrainage
6436,30,2.0,45.92,16.0,0.5,996,0.5374,1,Risque Moyen,Réactivation Ciblée : Emailing personnalisé / Remise panier moyen
6437,40,1.0,118.32,23.0,1.0,360,0.5919,1,Risque Moyen,Réactivation Ciblée : Emailing personnalisé / Remise panier moyen
6438,32,4.0,830.3499999999999,171.0,0.25,1083,0.4603,0,Risque Moyen,Réactivation Ciblée : Emailing personnalisé / Remise panier moyen
6439,18,7.0,1366.68,20.0,0.42857142857142855,965,0.2686,0,Risque Faible,Fidélisation Active : Programme fidélité / Ventes privées / Parrainage
6440,67,7.0,1057.23,19.0,0.2857142857142857,1279,0.2216,0,Risque Faible,Fidélisation Active : Programme fidélité / Ventes privées / Parrainage
6441,38,5.0,628.56,120.0,0.8,673,0.3604,0,Risque Moyen,Réactivation Ciblée : Emailing personnalisé / Remise panier moyen
6442,36,5.0,1139.28,116.0,0.4,461,0.3754,0,Risque Moyen,Réactivation Ciblée : Emailing personnalisé / Remise panier moyen
6443,23,4.0,978.56,47.0,0.5,740,0.4418,0,Risque Moyen,Réactivation Ciblée : Emailing personnalisé / Remise panier moyen
6444,38,5.0,557.73,89.0,0.8,367,0.3417,0,Risque Faible,Fidélisation Active : Programme fidélité / Ventes privées / Parrainage
6445,33,2.0,219.23000000000002,56.0,1.0,922,0.5522,1,Risque Moyen,Réactivation Ciblée : Emailing personnalisé / Remise panier moyen
6446,18,2.0,517.58,131.0,0.5,1057,0.592,1,Risque Moyen,Réactivation Ciblée : Emailing personnalisé / Remise panier moyen
6447,23,0.0,0.0,303.0,0.0,1248,0.735,1,Risque Élevé,Rétention Urgente : Appel VIP / Bon d'achat 20% / Enquête insatisfaction
6448,44,1.0,120.61,18.0,1.0,1052,0.5987,1,Risque Moyen,Réactivation Ciblée : Emailing personnalisé / Remise panier moyen
6449,56,2.0,594.3199999999999,100.0,1.0,1231,0.5581,1,Risque Moyen,Réactivation Ciblée : Emailing personnalisé / Remise panier moyen
6450,39,0.0,0.0,303.0,0.0,551,0.7084,1,Risque Élevé,Rétention Urgente : Appel VIP / Bon d'achat 20% / Enquête insatisfaction
6451,47,2.0,102.17,77.0,1.0,978,0.5401,1,Risque Moyen,Réactivation Ciblée : Emailing personnalisé / Remise panier moyen
6452,33,2.0,111.92,205.0,0.5,340,0.5648,1,Risque Moyen,Réactivation Ciblée : Emailing personnalisé / Remise panier moyen
6453,34,0.0,0.0,303.0,0.0,600,0.714,1,Risque Élevé,Rétention Urgente : Appel VIP / Bon d'achat 20% / Enquête insatisfaction
6454,47,4.0,284.82,5.0,0.0,1002,0.3807,0,Risque Moyen,Réactivation Ciblée : Emailing personnalisé / Remise panier moyen
6455,53,1.0,70.44,83.0,1.0,528,0.5926,1,Risque Moyen,Réactivation Ciblée : Emailing personnalisé / Remise panier moyen
6456,49,3.0,782.66,10.0,0.3333333333333333,877,0.4653,0,Risque Moyen,Réactivation Ciblée : Emailing personnalisé / Remise panier moyen
6457,23,0.0,0.0,303.0,0.0,611,0.7242,1,Risque Élevé,Rétention Urgente : Appel VIP / Bon d'achat 20% / Enquête insatisfaction
6458,34,1.0,128.88,204.0,1.0,847,0.6478,1,Risque Moyen,Réactivation Ciblée : Emailing personnalisé / Remise panier moyen
6459,38,2.0,282.74,1.0,1.0,1181,0.5412,1,Risque Moyen,Réactivation Ciblée : Emailing personnalisé / Remise panier moyen
6460,32,4.0,557.75,44.0,0.5,965,0.4192,0,Risque Moyen,Réactivation Ciblée : Emailing personnalisé / Remise panier moyen
6461,39,11.0,945.72,54.0,0.6363636363636364,942,0.0951,0,Risque Faible,Fidélisation Active : Programme fidélité / Ventes privées / Parrainage
6462,44,5.0,1225.5800000000002,42.0,0.2,956,0.3646,0,Risque Moyen,Réactivation Ciblée : Emailing personnalisé / Remise panier moyen
6463,46,2.0,95.01,13.0,0.5,1215,0.5264,1,Risque Moyen,Réactivation Ciblée : Emailing personnalisé / Remise panier moyen
6464,54,1.0,284.5,39.0,0.0,1166,0.5834,1,Risque Moyen,Réactivation Ciblée : Emailing personnalisé / Remise panier moyen
6465,31,3.0,649.4200000000001,35.0,0.0,1152,0.4915,0,Risque Moyen,Réactivation Ciblée : Emailing personnalisé / Remise panier moyen
6466,20,2.0,297.13,62.0,0.5,887,0.5673,1,Risque Moyen,Réactivation Ciblée : Emailing personnalisé / Remise panier moyen
6467,39,5.0,532.15,7.0,0.8,344,0.3252,0,Risque Faible,Fidélisation Active : Programme fidélité / Ventes privées / Parrainage
6468,56,4.0,771.1,66.0,0.5,603,0.3953,0,Risque Moyen,Réactivation Ciblée : Emailing personnalisé / Remise panier moyen
6469,30,0.0,0.0,303.0,0.0,866,0.7223,1,Risque Élevé,Rétention Urgente : Appel VIP / Bon d'achat 20% / Enquête insatisfaction
6470,43,3.0,1019.6,48.0,0.3333333333333333,570,0.4873,0,Risque Moyen,Réactivation Ciblée : Emailing personnalisé / Remise panier moyen
6471,43,3.0,191.54999999999998,7.0,0.6666666666666666,563,0.4447,0,Risque Moyen,Réactivation Ciblée : Emailing personnalisé / Remise panier moyen
6472,37,2.0,423.2,8.0,0.5,426,0.5268,1,Risque Moyen,Réactivation Ciblée : Emailing personnalisé / Remise panier moyen
6473,35,4.0,1112.15,15.0,0.5,600,0.4252,0,Risque Moyen,Réactivation Ciblée : Emailing personnalisé / Remise panier moyen
6474,25,3.0,249.91,124.0,0.3333333333333333,607,0.4982,0,Risque Moyen,Réactivation Ciblée : Emailing personnalisé / Remise panier moyen
6475,18,0.0,0.0,303.0,0.0,1281,0.74,1,Risque Élevé,Rétention Urgente : Appel VIP / Bon d'achat 20% / Enquête insatisfaction
6476,23,1.0,67.32,69.0,1.0,935,0.6303,1,Risque Moyen,Réactivation Ciblée : Emailing personnalisé / Remise panier moyen
6477,31,2.0,366.51,144.0,1.0,949,0.5768,1,Risque Moyen,Réactivation Ciblée : Emailing personnalisé / Remise panier moyen
6478,47,2.0,145.75,156.0,0.0,940,0.544,1,Risque Moyen,Réactivation Ciblée : Emailing personnalisé / Remise panier moyen
6479,34,2.0,371.57,20.0,0.5,1207,0.5464,1,Risque Moyen,Réactivation Ciblée : Emailing personnalisé / Remise panier moyen
6480,29,0.0,0.0,303.0,0.0,862,0.7231,1,Risque Élevé,Rétention Urgente : Appel VIP / Bon d'achat 20% / Enquête insatisfaction
6481,25,5.0,372.36,9.0,0.8,1104,0.3567,0,Risque Moyen,Réactivation Ciblée : Emailing personnalisé / Remise panier moyen
6482,42,1.0,69.96,139.0,0.0,1259,0.6204,1,Risque Moyen,Réactivation Ciblée : Emailing personnalisé / Remise panier moyen
6483,50,0.0,0.0,303.0,0.0,469,0.6966,1,Risque Élevé,Rétention Urgente : Appel VIP / Bon d'achat 20% / Enquête insatisfaction
6484,47,1.0,308.13,221.0,1.0,975,0.6378,1,Risque Moyen,Réactivation Ciblée : Emailing personnalisé / Remise panier moyen
6485,42,5.0,1096.83,18.0,0.6,749,0.3574,0,Risque Moyen,Réactivation Ciblée : Emailing personnalisé / Remise panier moyen
6486,19,1.0,76.12,164.0,1.0,685,0.6488,1,Risque Moyen,Réactivation Ciblée : Emailing personnalisé / Remise panier moyen
6487,31,0.0,0.0,303.0,0.0,817,0.7205,1,Risque Élevé,Rétention Urgente : Appel VIP / Bon d'achat 20% / Enquête insatisfaction
6488,56,3.0,565.26,51.0,0.3333333333333333,565,0.4512,0,Risque Moyen,Réactivation Ciblée : Emailing personnalisé / Remise panier moyen
6489,47,6.0,1535.28,2.0,0.5,310,0.2986,0,Risque Faible,Fidélisation Active : Programme fidélité / Ventes privées / Parrainage
6490,18,0.0,0.0,303.0,0.0,647,0.7293,1,Risque Élevé,Rétention Urgente : Appel VIP / Bon d'achat 20% / Enquête insatisfaction
6491,34,4.0,408.33000000000004,28.0,0.25,1338,0.4093,0,Risque Moyen,Réactivation Ciblée : Emailing personnalisé / Remise panier moyen
6492,39,4.0,264.06,102.0,0.75,552,0.4019,0,Risque Moyen,Réactivation Ciblée : Emailing personnalisé / Remise panier moyen
6493,27,3.0,201.79,35.0,0.3333333333333333,1263,0.4889,0,Risque Moyen,Réactivation Ciblée : Emailing personnalisé / Remise panier moyen
6494,18,1.0,164.85,237.0,0.0,352,0.6464,1,Risque Moyen,Réactivation Ciblée : Emailing personnalisé / Remise panier moyen
6495,36,1.0,92.47,158.0,1.0,315,0.6221,1,Risque Moyen,Réactivation Ciblée : Emailing personnalisé / Remise panier moyen
6496,26,1.0,274.88,85.0,0.0,575,0.6115,1,Risque Moyen,Réactivation Ciblée : Emailing personnalisé / Remise panier moyen
6497,26,1.0,20.08,16.0,1.0,1208,0.6223,1,Risque Moyen,Réactivation Ciblée : Emailing personnalisé / Remise panier moyen
6498,31,5.0,886.82,100.0,0.6,1173,0.3849,0,Risque Moyen,Réactivation Ciblée : Emailing personnalisé / Remise panier moyen
6499,34,9.0,1747.0100000000002,54.0,0.6666666666666666,761,0.1797,0,Risque Faible,Fidélisation Active : Programme fidélité / Ventes privées / Parrainage
6500,35,4.0,173.97,115.0,0.5,1031,0.4153,0,Risque Moyen,Réactivation Ciblée : Emailing personnalisé / Remise panier moyen
6501,25,2.0,438.83,186.0,0.5,579,0.5868,1,Risque Moyen,Réactivation Ciblée : Emailing personnalisé / Remise panier moyen
6502,33,4.0,761.3299999999999,113.0,0.5,922,0.4434,0,Risque Moyen,Réactivation Ciblée : Emailing personnalisé / Remise panier moyen
6503,18,6.0,597.22,15.0,0.5,1032,0.3006,0,Risque Faible,Fidélisation Active : Programme fidélité / Ventes privées / Parrainage
6504,38,2.0,497.5,21.0,0.0,1237,0.5437,1,Risque Moyen,Réactivation Ciblée : Emailing personnalisé / Remise panier moyen
6505,18,4.0,802.0500000000001,58.0,0.5,1120,0.4624,0,Risque Moyen,Réactivation Ciblée : Emailing personnalisé / Remise panier moyen
6506,32,3.0,158.69,26.0,0.6666666666666666,870,0.4668,0,Risque Moyen,Réactivation Ciblée : Emailing personnalisé / Remise panier moyen
6507,45,0.0,0.0,303.0,0.0,1306,0.7162,1,Risque Élevé,Rétention Urgente : Appel VIP / Bon d'achat 20% / Enquête insatisfaction
6508,23,7.0,1680.86,24.0,0.7142857142857143,550,0.2743,0,Risque Faible,Fidélisation Active : Programme fidélité / Ventes privées / Parrainage
6509,43,5.0,818.16,38.0,0.4,1112,0.3536,0,Risque Moyen,Réactivation Ciblée : Emailing personnalisé / Remise panier moyen
6510,48,2.0,311.5,202.0,0.5,902,0.5651,1,Risque Moyen,Réactivation Ciblée : Emailing personnalisé / Remise panier moyen
6511,18,0.0,0.0,303.0,0.0,520,0.7272,1,Risque Élevé,Rétention Urgente : Appel VIP / Bon d'achat 20% / Enquête insatisfaction
6512,33,9.0,1687.1,1.0,0.3333333333333333,1008,0.1766,0,Risque Faible,Fidélisation Active : Programme fidélité / Ventes privées / Parrainage
6513,18,1.0,75.85,64.0,0.0,489,0.6147,1,Risque Moyen,Réactivation Ciblée : Emailing personnalisé / Remise panier moyen
6514,34,8.0,1425.53,53.0,0.5,1190,0.2244,0,Risque Faible,Fidélisation Active : Programme fidélité / Ventes privées / Parrainage
6515,35,0.0,0.0,303.0,0.0,420,0.7099,1,Risque Élevé,Rétention Urgente : Appel VIP / Bon d'achat 20% / Enquête insatisfaction
6516,18,2.0,284.64,97.0,0.5,870,0.5744,1,Risque Moyen,Réactivation Ciblée : Emailing personnalisé / Remise panier moyen
6517,56,2.0,822.51,195.0,0.5,692,0.5617,1,Risque Moyen,Réactivation Ciblée : Emailing personnalisé / Remise panier moyen
6518,38,8.0,1627.49,56.0,0.5,1077,0.2277,0,Risque Faible,Fidélisation Active : Programme fidélité / Ventes privées / Parrainage
6519,26,1.0,110.55000000000001,69.0,1.0,781,0.6275,1,Risque Moyen,Réactivation Ciblée : Emailing personnalisé / Remise panier moyen
6520,51,0.0,0.0,303.0,0.0,551,0.6971,1,Risque Élevé,Rétention Urgente : Appel VIP / Bon d'achat 20% / Enquête insatisfaction
6521,18,0.0,0.0,303.0,0.0,1270,0.7398,1,Risque Élevé,Rétention Urgente : Appel VIP / Bon d'achat 20% / Enquête insatisfaction
6522,21,2.0,481.92,177.0,0.5,1188,0.6047,1,Risque Moyen,Réactivation Ciblée : Emailing personnalisé / Remise panier moyen
6523,18,1.0,46.73,64.0,0.0,416,0.6136,1,Risque Moyen,Réactivation Ciblée : Emailing personnalisé / Remise panier moyen
6524,55,3.0,277.2,138.0,0.6666666666666666,995,0.476,0,Risque Moyen,Réactivation Ciblée : Emailing personnalisé / Remise panier moyen
6525,39,3.0,399.82000000000005,20.0,0.6666666666666666,745,0.4642,0,Risque Moyen,Réactivation Ciblée : Emailing personnalisé / Remise panier moyen
6526,42,4.0,648.91,200.0,0.75,1116,0.4533,0,Risque Moyen,Réactivation Ciblée : Emailing personnalisé / Remise panier moyen
6527,38,1.0,44.1,155.0,1.0,506,0.6259,1,Risque Moyen,Réactivation Ciblée : Emailing personnalisé / Remise panier moyen
6528,41,2.0,507.4,167.0,0.5,1247,0.5782,1,Risque Moyen,Réactivation Ciblée : Emailing personnalisé / Remise panier moyen
6529,36,5.0,792.22,60.0,0.8,927,0.3651,0,Risque Moyen,Réactivation Ciblée : Emailing personnalisé / Remise panier moyen
6530,38,3.0,467.49,73.0,1.0,1124,0.4909,0,Risque Moyen,Réactivation Ciblée : Emailing personnalisé / Remise panier moyen
6531,36,5.0,617.35,14.0,0.6,498,0.3314,0,Risque Faible,Fidélisation Active : Programme fidélité / Ventes privées / Parrainage
6532,28,2.0,188.39999999999998,221.0,1.0,542,0.5829,1,Risque Moyen,Réactivation Ciblée : Emailing personnalisé / Remise panier moyen
6533,34,1.0,32.26,207.0,1.0,299,0.6369,1,Risque Moyen,Réactivation Ciblée : Emailing personnalisé / Remise panier moyen
6534,38,2.0,742.76,36.0,1.0,917,0.5582,1,Risque Moyen,Réactivation Ciblée : Emailing personnalisé / Remise panier moyen
6535,36,4.0,366.33,100.0,1.0,1073,0.4282,0,Risque Moyen,Réactivation Ciblée : Emailing personnalisé / Remise panier moyen
6536,19,3.0,895.29,58.0,0.6666666666666666,279,0.5063,1,Risque Moyen,Réactivation Ciblée : Emailing personnalisé / Remise panier moyen
6537,20,2.0,365.96,152.0,0.5,886,0.5859,1,Risque Moyen,Réactivation Ciblée : Emailing personnalisé / Remise panier moyen
6538,47,10.0,2415.54,17.0,0.6,1060,0.1484,0,Risque Faible,Fidélisation Active : Programme fidélité / Ventes privées / Parrainage
6539,32,0.0,0.0,303.0,0.0,776,0.7189,1,Risque Élevé,Rétention Urgente : Appel VIP / Bon d'achat 20% / Enquête insatisfaction
6540,41,1.0,32.56,100.0,1.0,350,0.6082,1,Risque Moyen,Réactivation Ciblée : Emailing personnalisé / Remise panier moyen
6541,23,2.0,358.46000000000004,158.0,1.0,971,0.589,1,Risque Moyen,Réactivation Ciblée : Emailing personnalisé / Remise panier moyen
6542,19,5.0,945.8599999999999,81.0,0.2,900,0.3901,0,Risque Moyen,Réactivation Ciblée : Emailing personnalisé / Remise panier moyen
6543,26,0.0,0.0,303.0,0.0,752,0.7239,1,Risque Élevé,Rétention Urgente : Appel VIP / Bon d'achat 20% / Enquête insatisfaction
6544,33,3.0,714.86,22.0,0.6666666666666666,977,0.49,0,Risque Moyen,Réactivation Ciblée : Emailing personnalisé / Remise panier moyen
6545,28,4.0,415.97,11.0,0.5,1272,0.4139,0,Risque Moyen,Réactivation Ciblée : Emailing personnalisé / Remise panier moyen
6546,49,3.0,223.70000000000002,102.0,0.6666666666666666,428,0.4568,0,Risque Moyen,Réactivation Ciblée : Emailing personnalisé / Remise panier moyen
6547,37,5.0,862.02,11.0,0.8,509,0.3424,0,Risque Faible,Fidélisation Active : Programme fidélité / Ventes privées / Parrainage
6548,55,2.0,629.96,76.0,1.0,1174,0.547,1,Risque Moyen,Réactivation Ciblée : Emailing personnalisé / Remise panier moyen
6549,39,3.0,669.55,36.0,0.6666666666666666,411,0.4706,0,Risque Moyen,Réactivation Ciblée : Emailing personnalisé / Remise panier moyen
6550,18,2.0,466.48,250.0,0.5,1286,0.6249,1,Risque Moyen,Réactivation Ciblée : Emailing personnalisé / Remise panier moyen
6551,47,5.0,563.0400000000001,92.0,0.4,1118,0.3476,0,Risque Faible,Fidélisation Active : Programme fidélité / Ventes privées / Parrainage
6552,18,3.0,519.47,231.0,1.0,275,0.5361,1,Risque Moyen,Réactivation Ciblée : Emailing personnalisé / Remise panier moyen
6553,38,0.0,0.0,303.0,0.0,1029,0.7178,1,Risque Élevé,Rétention Urgente : Appel VIP / Bon d'achat 20% / Enquête insatisfaction
6554,26,1.0,109.46,76.0,1.0,669,0.6247,1,Risque Moyen,Réactivation Ciblée : Emailing personnalisé / Remise panier moyen
6555,59,1.0,56.62,102.0,1.0,1269,0.6056,1,Risque Moyen,Réactivation Ciblée : Emailing personnalisé / Remise panier moyen
6556,51,0.0,0.0,303.0,0.0,636,0.6986,1,Risque Élevé,Rétention Urgente : Appel VIP / Bon d'achat 20% / Enquête insatisfaction
6557,27,3.0,318.66999999999996,74.0,0.3333333333333333,1046,0.4899,0,Risque Moyen,Réactivation Ciblée : Emailing personnalisé / Remise panier moyen
6558,34,0.0,0.0,303.0,0.0,1359,0.7271,1,Risque Élevé,Rétention Urgente : Appel VIP / Bon d'achat 20% / Enquête insatisfaction
6559,38,1.0,196.44,177.0,1.0,356,0.6234,1,Risque Moyen,Réactivation Ciblée : Emailing personnalisé / Remise panier moyen
6560,44,4.0,562.8,13.0,0.25,299,0.3833,0,Risque Moyen,Réactivation Ciblée : Emailing personnalisé / Remise panier moyen
6561,35,5.0,1267.43,34.0,0.4,563,0.3702,0,Risque Moyen,Réactivation Ciblée : Emailing personnalisé / Remise panier moyen
6562,24,2.0,515.38,35.0,0.0,461,0.5484,1,Risque Moyen,Réactivation Ciblée : Emailing personnalisé / Remise panier moyen
6563,27,1.0,26.19,130.0,1.0,314,0.6268,1,Risque Moyen,Réactivation Ciblée : Emailing personnalisé / Remise panier moyen
6564,35,6.0,1030.3,44.0,0.6666666666666666,1239,0.31,0,Risque Faible,Fidélisation Active : Programme fidélité / Ventes privées / Parrainage
6565,49,5.0,691.6999999999999,143.0,0.4,320,0.3467,0,Risque Faible,Fidélisation Active : Programme fidélité / Ventes privées / Parrainage
6566,40,2.0,684.4100000000001,179.0,1.0,805,0.5814,1,Risque Moyen,Réactivation Ciblée : Emailing personnalisé / Remise panier moyen
6567,26,0.0,0.0,303.0,0.0,1220,0.7319,1,Risque Élevé,Rétention Urgente : Appel VIP / Bon d'achat 20% / Enquête insatisfaction
6568,42,4.0,545.54,36.0,0.5,790,0.4046,0,Risque Moyen,Réactivation Ciblée : Emailing personnalisé / Remise panier moyen
6569,31,3.0,420.3,38.0,0.3333333333333333,349,0.4655,0,Risque Moyen,Réactivation Ciblée : Emailing personnalisé / Remise panier moyen
6570,45,0.0,0.0,303.0,0.0,1250,0.7152,1,Risque Élevé,Rétention Urgente : Appel VIP / Bon d'achat 20% / Enquête insatisfaction
6571,63,0.0,0.0,303.0,0.0,1141,0.6963,1,Risque Élevé,Rétention Urgente : Appel VIP / Bon d'achat 20% / Enquête insatisfaction
6572,31,0.0,0.0,303.0,0.0,754,0.7194,1,Risque Élevé,Rétention Urgente : Appel VIP / Bon d'achat 20% / Enquête insatisfaction
6573,44,0.0,0.0,303.0,0.0,1129,0.714,1,Risque Élevé,Rétention Urgente : Appel VIP / Bon d'achat 20% / Enquête insatisfaction
6574,27,2.0,147.43,78.0,1.0,456,0.5504,1,Risque Moyen,Réactivation Ciblée : Emailing personnalisé / Remise panier moyen
6575,34,0.0,0.0,303.0,0.0,403,0.7105,1,Risque Élevé,Rétention Urgente : Appel VIP / Bon d'achat 20% / Enquête insatisfaction
6576,35,0.0,0.0,303.0,0.0,1210,0.7237,1,Risque Élevé,Rétention Urgente : Appel VIP / Bon d'achat 20% / Enquête insatisfaction
6577,33,0.0,0.0,303.0,0.0,806,0.7185,1,Risque Élevé,Rétention Urgente : Appel VIP / Bon d'achat 20% / Enquête insatisfaction
6578,62,2.0,189.51000000000002,16.0,0.0,893,0.4959,0,Risque Moyen,Réactivation Ciblée : Emailing personnalisé / Remise panier moyen
6579,32,11.0,1825.6200000000001,5.0,0.36363636363636365,821,0.1073,0,Risque Faible,Fidélisation Active : Programme fidélité / Ventes privées / Parrainage
6580,41,0.0,0.0,303.0,0.0,332,0.7027,1,Risque Élevé,Rétention Urgente : Appel VIP / Bon d'achat 20% / Enquête insatisfaction
6581,18,5.0,294.15999999999997,35.0,0.6,516,0.3489,0,Risque Faible,Fidélisation Active : Programme fidélité / Ventes privées / Parrainage
6582,40,0.0,0.0,303.0,0.0,1151,0.7181,1,Risque Élevé,Rétention Urgente : Appel VIP / Bon d'achat 20% / Enquête insatisfaction
6583,48,2.0,297.18,184.0,0.0,614,0.547,1,Risque Moyen,Réactivation Ciblée : Emailing personnalisé / Remise panier moyen
6584,29,10.0,2451.46,2.0,0.5,634,0.1538,0,Risque Faible,Fidélisation Active : Programme fidélité / Ventes privées / Parrainage
6585,18,8.0,1027.66,1.0,0.5,378,0.1999,0,Risque Faible,Fidélisation Active : Programme fidélité / Ventes privées / Parrainage
6586,35,2.0,365.85,218.0,1.0,588,0.5871,1,Risque Moyen,Réactivation Ciblée : Emailing personnalisé / Remise panier moyen
6587,35,4.0,322.0,2.0,0.5,1147,0.3986,0,Risque Moyen,Réactivation Ciblée : Emailing personnalisé / Remise panier moyen
6588,43,2.0,125.28999999999999,74.0,0.5,1081,0.5388,1,Risque Moyen,Réactivation Ciblée : Emailing personnalisé / Remise panier moyen
6589,57,1.0,605.49,245.0,0.0,845,0.6148,1,Risque Moyen,Réactivation Ciblée : Emailing personnalisé / Remise panier moyen
6590,31,1.0,47.86,236.0,0.0,670,0.6425,1,Risque Moyen,Réactivation Ciblée : Emailing personnalisé / Remise panier moyen
6591,26,1.0,55.26,125.0,0.0,688,0.6232,1,Risque Moyen,Réactivation Ciblée : Emailing personnalisé / Remise panier moyen
6592,22,5.0,1302.72,145.0,0.6,1045,0.419,0,Risque Moyen,Réactivation Ciblée : Emailing personnalisé / Remise panier moyen
6593,37,0.0,0.0,303.0,0.0,751,0.7138,1,Risque Élevé,Rétention Urgente : Appel VIP / Bon d'achat 20% / Enquête insatisfaction
6594,40,11.0,2161.8199999999997,1.0,0.6363636363636364,508,0.1097,0,Risque Faible,Fidélisation Active : Programme fidélité / Ventes privées / Parrainage
6595,29,5.0,1175.2900000000002,44.0,0.4,1328,0.395,0,Risque Moyen,Réactivation Ciblée : Emailing personnalisé / Remise panier moyen
6596,44,1.0,180.96,207.0,1.0,976,0.6418,1,Risque Moyen,Réactivation Ciblée : Emailing personnalisé / Remise panier moyen
6597,40,1.0,75.38,88.0,1.0,1166,0.6208,1,Risque Moyen,Réactivation Ciblée : Emailing personnalisé / Remise panier moyen
6598,35,2.0,201.08999999999997,35.0,0.0,516,0.5228,1,Risque Moyen,Réactivation Ciblée : Emailing personnalisé / Remise panier moyen
6599,25,2.0,214.87,74.0,1.0,595,0.5602,1,Risque Moyen,Réactivation Ciblée : Emailing personnalisé / Remise panier moyen
6600,30,8.0,1590.22,18.0,0.625,587,0.2148,0,Risque Faible,Fidélisation Active : Programme fidélité / Ventes privées / Parrainage
6601,18,0.0,0.0,303.0,0.0,1334,0.7408,1,Risque Élevé,Rétention Urgente : Appel VIP / Bon d'achat 20% / Enquête insatisfaction
6602,38,1.0,106.6,150.0,1.0,1316,0.6382,1,Risque Moyen,Réactivation Ciblée : Emailing personnalisé / Remise panier moyen
6603,35,5.0,698.74,36.0,0.8,866,0.3527,0,Risque Moyen,Réactivation Ciblée : Emailing personnalisé / Remise panier moyen
6604,37,2.0,325.73,105.0,1.0,1219,0.5646,1,Risque Moyen,Réactivation Ciblée : Emailing personnalisé / Remise panier moyen
6605,41,1.0,221.24,128.0,1.0,932,0.6233,1,Risque Moyen,Réactivation Ciblée : Emailing personnalisé / Remise panier moyen
6606,39,7.0,1018.8499999999999,5.0,0.2857142857142857,919,0.2414,0,Risque Faible,Fidélisation Active : Programme fidélité / Ventes privées / Parrainage
6607,34,8.0,1438.6200000000001,54.0,0.625,844,0.2106,0,Risque Faible,Fidélisation Active : Programme fidélité / Ventes privées / Parrainage
6608,36,18.0,3114.14,28.0,0.6666666666666666,1102,0.0213,0,Risque Faible,Fidélisation Active : Programme fidélité / Ventes privées / Parrainage
6609,20,4.0,791.13,39.0,0.5,1283,0.4527,0,Risque Moyen,Réactivation Ciblée : Emailing personnalisé / Remise panier moyen
6610,29,6.0,1090.43,48.0,0.6666666666666666,1060,0.3154,0,Risque Faible,Fidélisation Active : Programme fidélité / Ventes privées / Parrainage
6611,36,0.0,0.0,303.0,0.0,1104,0.7209,1,Risque Élevé,Rétention Urgente : Appel VIP / Bon d'achat 20% / Enquête insatisfaction
6612,27,1.0,296.88,219.0,1.0,877,0.6544,1,Risque Élevé,Rétention Urgente : Appel VIP / Bon d'achat 20% / Enquête insatisfaction
6613,44,2.0,73.45,63.0,0.0,328,0.5124,1,Risque Moyen,Réactivation Ciblée : Emailing personnalisé / Remise panier moyen
6614,28,1.0,53.48,90.0,1.0,847,0.6278,1,Risque Moyen,Réactivation Ciblée : Emailing personnalisé / Remise panier moyen
6615,37,8.0,1207.95,6.0,0.5,491,0.1908,0,Risque Faible,Fidélisation Active : Programme fidélité / Ventes privées / Parrainage
6616,36,6.0,1131.49,36.0,0.8333333333333334,1275,0.3208,0,Risque Faible,Fidélisation Active : Programme fidélité / Ventes privées / Parrainage
6617,43,7.0,1085.3400000000001,70.0,0.2857142857142857,1335,0.2478,0,Risque Faible,Fidélisation Active : Programme fidélité / Ventes privées / Parrainage
6618,45,3.0,201.64,69.0,0.6666666666666666,568,0.4586,0,Risque Moyen,Réactivation Ciblée : Emailing personnalisé / Remise panier moyen
6619,43,2.0,576.26,123.0,0.0,953,0.5558,1,Risque Moyen,Réactivation Ciblée : Emailing personnalisé / Remise panier moyen
6620,18,3.0,653.5600000000001,80.0,0.6666666666666666,845,0.5151,1,Risque Moyen,Réactivation Ciblée : Emailing personnalisé / Remise panier moyen
6621,48,3.0,576.22,1.0,0.0,1136,0.4558,0,Risque Moyen,Réactivation Ciblée : Emailing personnalisé / Remise panier moyen
6622,52,1.0,96.09,214.0,0.0,764,0.615,1,Risque Moyen,Réactivation Ciblée : Emailing personnalisé / Remise panier moyen
6623,30,0.0,0.0,303.0,0.0,1262,0.729,1,Risque Élevé,Rétention Urgente : Appel VIP / Bon d'achat 20% / Enquête insatisfaction
6624,38,3.0,262.16,121.0,0.6666666666666666,847,0.4835,0,Risque Moyen,Réactivation Ciblée : Emailing personnalisé / Remise panier moyen
6625,25,0.0,0.0,303.0,0.0,732,0.7245,1,Risque Élevé,Rétention Urgente : Appel VIP / Bon d'achat 20% / Enquête insatisfaction
6626,18,5.0,1043.18,3.0,0.0,582,0.3618,0,Risque Moyen,Réactivation Ciblée : Emailing personnalisé / Remise panier moyen
6627,27,4.0,338.09000000000003,37.0,0.0,350,0.3933,0,Risque Moyen,Réactivation Ciblée : Emailing personnalisé / Remise panier moyen
6628,29,4.0,633.83,27.0,0.5,1028,0.4228,0,Risque Moyen,Réactivation Ciblée : Emailing personnalisé / Remise panier moyen
6629,31,5.0,1218.22,19.0,0.4,672,0.3678,0,Risque Moyen,Réactivation Ciblée : Emailing personnalisé / Remise panier moyen
6630,24,4.0,343.3,131.0,0.5,1310,0.4448,0,Risque Moyen,Réactivation Ciblée : Emailing personnalisé / Remise panier moyen
6631,27,2.0,195.25,138.0,0.0,783,0.56,1,Risque Moyen,Réactivation Ciblée : Emailing personnalisé / Remise panier moyen
6632,35,0.0,0.0,303.0,0.0,1126,0.7222,1,Risque Élevé,Rétention Urgente : Appel VIP / Bon d'achat 20% / Enquête insatisfaction
6633,27,1.0,30.59,84.0,0.0,1141,0.6231,1,Risque Moyen,Réactivation Ciblée : Emailing personnalisé / Remise panier moyen
6634,41,4.0,610.31,127.0,0.25,809,0.4314,0,Risque Moyen,Réactivation Ciblée : Emailing personnalisé / Remise panier moyen
6635,42,1.0,21.0,150.0,1.0,851,0.6259,1,Risque Moyen,Réactivation Ciblée : Emailing personnalisé / Remise panier moyen
6636,61,7.0,1689.35,8.0,0.2857142857142857,814,0.2412,0,Risque Faible,Fidélisation Active : Programme fidélité / Ventes privées / Parrainage
6637,47,3.0,619.18,191.0,0.6666666666666666,1242,0.5144,1,Risque Moyen,Réactivation Ciblée : Emailing personnalisé / Remise panier moyen
6638,38,2.0,207.18,107.0,0.5,1034,0.5606,1,Risque Moyen,Réactivation Ciblée : Emailing personnalisé / Remise panier moyen
6639,28,1.0,27.62,236.0,1.0,611,0.6532,1,Risque Élevé,Rétention Urgente : Appel VIP / Bon d'achat 20% / Enquête insatisfaction
6640,38,6.0,890.49,18.0,0.6666666666666666,1248,0.2994,0,Risque Faible,Fidélisation Active : Programme fidélité / Ventes privées / Parrainage
6641,39,0.0,0.0,303.0,0.0,668,0.7105,1,Risque Élevé,Rétention Urgente : Appel VIP / Bon d'achat 20% / Enquête insatisfaction
6642,29,2.0,65.75,22.0,1.0,1127,0.5487,1,Risque Moyen,Réactivation Ciblée : Emailing personnalisé / Remise panier moyen
6643,44,2.0,227.25,61.0,0.5,1291,0.5412,1,Risque Moyen,Réactivation Ciblée : Emailing personnalisé / Remise panier moyen
6644,20,0.0,0.0,303.0,0.0,919,0.7322,1,Risque Élevé,Rétention Urgente : Appel VIP / Bon d'achat 20% / Enquête insatisfaction
6645,32,10.0,1629.7,25.0,0.9,1104,0.1391,0,Risque Faible,Fidélisation Active : Programme fidélité / Ventes privées / Parrainage
6646,41,1.0,198.86,8.0,1.0,687,0.5933,1,Risque Moyen,Réactivation Ciblée : Emailing personnalisé / Remise panier moyen
6647,32,3.0,327.43,85.0,0.3333333333333333,1074,0.4854,0,Risque Moyen,Réactivation Ciblée : Emailing personnalisé / Remise panier moyen
6648,33,15.0,2452.75,7.0,0.5333333333333333,404,0.0423,0,Risque Faible,Fidélisation Active : Programme fidélité / Ventes privées / Parrainage
6649,33,1.0,38.51,7.0,1.0,479,0.5977,1,Risque Moyen,Réactivation Ciblée : Emailing personnalisé / Remise panier moyen
6650,26,5.0,1181.99,96.0,0.8,1122,0.4077,0,Risque Moyen,Réactivation Ciblée : Emailing personnalisé / Remise panier moyen
6651,48,2.0,193.63,33.0,0.0,945,0.5189,1,Risque Moyen,Réactivation Ciblée : Emailing personnalisé / Remise panier moyen
6652,24,0.0,0.0,303.0,0.0,286,0.7177,1,Risque Élevé,Rétention Urgente : Appel VIP / Bon d'achat 20% / Enquête insatisfaction
6653,38,2.0,156.59,145.0,0.5,536,0.5553,1,Risque Moyen,Réactivation Ciblée : Emailing personnalisé / Remise panier moyen
6654,40,2.0,123.67999999999999,127.0,0.5,1358,0.5617,1,Risque Moyen,Réactivation Ciblée : Emailing personnalisé / Remise panier moyen
6655,25,1.0,238.34,32.0,1.0,1022,0.622,1,Risque Moyen,Réactivation Ciblée : Emailing personnalisé / Remise panier moyen
6656,36,10.0,1259.8500000000001,54.0,0.5,517,0.1273,0,Risque Faible,Fidélisation Active : Programme fidélité / Ventes privées / Parrainage
6657,25,6.0,512.05,32.0,0.5,340,0.2785,0,Risque Faible,Fidélisation Active : Programme fidélité / Ventes privées / Parrainage
6658,50,6.0,697.19,7.0,0.5,1124,0.2761,0,Risque Faible,Fidélisation Active : Programme fidélité / Ventes privées / Parrainage
6659,22,2.0,337.95000000000005,23.0,0.0,1120,0.5524,1,Risque Moyen,Réactivation Ciblée : Emailing personnalisé / Remise panier moyen
6660,28,5.0,492.01,44.0,0.8,424,0.3476,0,Risque Faible,Fidélisation Active : Programme fidélité / Ventes privées / Parrainage
6661,22,2.0,181.19,172.0,0.5,934,0.5836,1,Risque Moyen,Réactivation Ciblée : Emailing personnalisé / Remise panier moyen
6662,20,4.0,197.34,27.0,0.5,1264,0.4206,0,Risque Moyen,Réactivation Ciblée : Emailing personnalisé / Remise panier moyen
6663,53,1.0,80.71,135.0,1.0,1127,0.6158,1,Risque Moyen,Réactivation Ciblée : Emailing personnalisé / Remise panier moyen
6664,41,7.0,539.0699999999999,76.0,0.5714285714285714,850,0.227,0,Risque Faible,Fidélisation Active : Programme fidélité / Ventes privées / Parrainage
6665,37,4.0,300.79,155.0,0.0,640,0.4143,0,Risque Moyen,Réactivation Ciblée : Emailing personnalisé / Remise panier moyen
6666,28,3.0,640.75,3.0,0.6666666666666666,301,0.4769,0,Risque Moyen,Réactivation Ciblée : Emailing personnalisé / Remise panier moyen
6667,45,1.0,61.650000000000006,88.0,0.0,319,0.5913,1,Risque Moyen,Réactivation Ciblée : Emailing personnalisé / Remise panier moyen
6668,26,1.0,225.1,242.0,1.0,1188,0.6669,1,Risque Élevé,Rétention Urgente : Appel VIP / Bon d'achat 20% / Enquête insatisfaction
6669,44,2.0,242.68,76.0,0.5,765,0.5378,1,Risque Moyen,Réactivation Ciblée : Emailing personnalisé / Remise panier moyen
6670,25,2.0,145.81,58.0,0.5,941,0.555,1,Risque Moyen,Réactivation Ciblée : Emailing personnalisé / Remise panier moyen
6671,28,3.0,455.95000000000005,22.0,0.0,1101,0.4851,0,Risque Moyen,Réactivation Ciblée : Emailing personnalisé / Remise panier moyen
6672,43,8.0,972.6800000000001,9.0,0.625,511,0.182,0,Risque Faible,Fidélisation Active : Programme fidélité / Ventes privées / Parrainage
6673,45,1.0,97.27,31.0,0.0,789,0.5842,1,Risque Moyen,Réactivation Ciblée : Emailing personnalisé / Remise panier moyen
6674,42,4.0,401.94,135.0,1.0,493,0.4161,0,Risque Moyen,Réactivation Ciblée : Emailing personnalisé / Remise panier moyen
6675,23,6.0,674.89,43.0,0.5,1218,0.3052,0,Risque Faible,Fidélisation Active : Programme fidélité / Ventes privées / Parrainage
6676,30,1.0,122.76,169.0,1.0,769,0.6414,1,Risque Moyen,Réactivation Ciblée : Emailing personnalisé / Remise panier moyen
6677,37,5.0,481.42,37.0,0.6,1274,0.3511,0,Risque Moyen,Réactivation Ciblée : Emailing personnalisé / Remise panier moyen
6678,26,4.0,644.01,52.0,0.25,987,0.4282,0,Risque Moyen,Réactivation Ciblée : Emailing personnalisé / Remise panier moyen
6679,50,1.0,482.79,254.0,0.0,854,0.626,1,Risque Moyen,Réactivation Ciblée : Emailing personnalisé / Remise panier moyen
6680,18,0.0,0.0,303.0,0.0,439,0.7258,1,Risque Élevé,Rétention Urgente : Appel VIP / Bon d'achat 20% / Enquête insatisfaction
6681,26,7.0,984.1600000000001,32.0,0.0,1170,0.2525,0,Risque Faible,Fidélisation Active : Programme fidélité / Ventes privées / Parrainage
6682,29,1.0,52.5,40.0,1.0,1361,0.6267,1,Risque Moyen,Réactivation Ciblée : Emailing personnalisé / Remise panier moyen
6683,18,2.0,291.48,13.0,0.5,564,0.5498,1,Risque Moyen,Réactivation Ciblée : Emailing personnalisé / Remise panier moyen
6684,20,5.0,657.4399999999999,140.0,0.4,1042,0.3878,0,Risque Moyen,Réactivation Ciblée : Emailing personnalisé / Remise panier moyen
6685,42,7.0,884.97,59.0,0.42857142857142855,498,0.2304,0,Risque Faible,Fidélisation Active : Programme fidélité / Ventes privées / Parrainage
6686,35,0.0,0.0,303.0,0.0,324,0.7082,1,Risque Élevé,Rétention Urgente : Appel VIP / Bon d'achat 20% / Enquête insatisfaction
6687,52,4.0,251.92000000000002,29.0,0.5,1114,0.3829,0,Risque Moyen,Réactivation Ciblée : Emailing personnalisé / Remise panier moyen
6688,52,1.0,51.28,246.0,0.0,318,0.6132,1,Risque Moyen,Réactivation Ciblée : Emailing personnalisé / Remise panier moyen
6689,40,2.0,180.14,6.0,1.0,849,0.5289,1,Risque Moyen,Réactivation Ciblée : Emailing personnalisé / Remise panier moyen
6690,38,5.0,558.91,53.0,0.6,439,0.3359,0,Risque Faible,Fidélisation Active : Programme fidélité / Ventes privées / Parrainage
6691,36,2.0,302.78,80.0,1.0,839,0.556,1,Risque Moyen,Réactivation Ciblée : Emailing personnalisé / Remise panier moyen
6692,18,10.0,1608.95,32.0,0.6,422,0.1425,0,Risque Faible,Fidélisation Active : Programme fidélité / Ventes privées / Parrainage
6693,20,3.0,1109.69,3.0,0.6666666666666666,869,0.5142,1,Risque Moyen,Réactivation Ciblée : Emailing personnalisé / Remise panier moyen
6694,36,7.0,1759.5,29.0,0.42857142857142855,859,0.2705,0,Risque Faible,Fidélisation Active : Programme fidélité / Ventes privées / Parrainage
6695,42,9.0,978.16,63.0,0.5555555555555556,945,0.1559,0,Risque Faible,Fidélisation Active : Programme fidélité / Ventes privées / Parrainage
6696,38,4.0,676.34,19.0,0.75,1219,0.4215,0,Risque Moyen,Réactivation Ciblée : Emailing personnalisé / Remise panier moyen
6697,25,2.0,511.02,176.0,0.5,701,0.5885,1,Risque Moyen,Réactivation Ciblée : Emailing personnalisé / Remise panier moyen
6698,45,1.0,66.82,264.0,1.0,423,0.639,1,Risque Moyen,Réactivation Ciblée : Emailing personnalisé / Remise panier moyen
6699,51,5.0,749.77,3.0,0.6,298,0.3208,0,Risque Faible,Fidélisation Active : Programme fidélité / Ventes privées / Parrainage
6700,45,0.0,0.0,303.0,0.0,1057,0.7118,1,Risque Élevé,Rétention Urgente : Appel VIP / Bon d'achat 20% / Enquête insatisfaction
6701,46,3.0,157.51999999999998,75.0,0.6666666666666666,1230,0.4695,0,Risque Moyen,Réactivation Ciblée : Emailing personnalisé / Remise panier moyen
6702,29,2.0,446.5,241.0,0.5,447,0.5853,1,Risque Moyen,Réactivation Ciblée : Emailing personnalisé / Remise panier moyen
6703,47,0.0,0.0,303.0,0.0,1355,0.7152,1,Risque Élevé,Rétention Urgente : Appel VIP / Bon d'achat 20% / Enquête insatisfaction
6704,37,1.0,75.68,71.0,1.0,598,0.6088,1,Risque Moyen,Réactivation Ciblée : Emailing personnalisé / Remise panier moyen
6705,41,4.0,480.12,82.0,0.75,1184,0.4201,0,Risque Moyen,Réactivation Ciblée : Emailing personnalisé / Remise panier moyen
6706,39,3.0,287.93,68.0,0.3333333333333333,1259,0.4765,0,Risque Moyen,Réactivation Ciblée : Emailing personnalisé / Remise panier moyen
6707,34,2.0,149.68,55.0,0.5,626,0.5354,1,Risque Moyen,Réactivation Ciblée : Emailing personnalisé / Remise panier moyen
6708,26,3.0,368.34999999999997,81.0,0.3333333333333333,1088,0.4971,0,Risque Moyen,Réactivation Ciblée : Emailing personnalisé / Remise panier moyen
6709,34,2.0,555.46,18.0,0.5,826,0.5434,1,Risque Moyen,Réactivation Ciblée : Emailing personnalisé / Remise panier moyen
6710,46,5.0,671.0899999999999,64.0,0.4,1283,0.35,0,Risque Faible,Fidélisation Active : Programme fidélité / Ventes privées / Parrainage
6711,30,1.0,350.94,64.0,1.0,1231,0.628,1,Risque Moyen,Réactivation Ciblée : Emailing personnalisé / Remise panier moyen
6712,45,8.0,938.5,6.0,0.875,1292,0.1873,0,Risque Faible,Fidélisation Active : Programme fidélité / Ventes privées / Parrainage
6713,43,4.0,285.54,89.0,0.5,394,0.3978,0,Risque Moyen,Réactivation Ciblée : Emailing personnalisé / Remise panier moyen
6714,32,3.0,340.26,193.0,0.6666666666666666,593,0.5074,1,Risque Moyen,Réactivation Ciblée : Emailing personnalisé / Remise panier moyen
6715,50,6.0,484.75,7.0,0.8333333333333334,352,0.2544,0,Risque Faible,Fidélisation Active : Programme fidélité / Ventes privées / Parrainage
6716,31,2.0,138.78,118.0,0.5,1272,0.5661,1,Risque Moyen,Réactivation Ciblée : Emailing personnalisé / Remise panier moyen
6717,52,4.0,358.43,3.0,0.5,374,0.3681,0,Risque Moyen,Réactivation Ciblée : Emailing personnalisé / Remise panier moyen
6718,40,10.0,1747.3000000000002,44.0,0.3,571,0.1327,0,Risque Faible,Fidélisation Active : Programme fidélité / Ventes privées / Parrainage
6719,35,9.0,1944.93,31.0,0.6666666666666666,336,0.1797,0,Risque Faible,Fidélisation Active : Programme fidélité / Ventes privées / Parrainage
6720,25,2.0,135.32999999999998,239.0,0.5,1286,0.599,1,Risque Moyen,Réactivation Ciblée : Emailing personnalisé / Remise panier moyen
6721,34,11.0,2165.38,25.0,0.2727272727272727,1322,0.1192,0,Risque Faible,Fidélisation Active : Programme fidélité / Ventes privées / Parrainage
6722,33,2.0,315.48,87.0,0.0,939,0.5477,1,Risque Moyen,Réactivation Ciblée : Emailing personnalisé / Remise panier moyen
6723,21,11.0,1753.42,4.0,0.6363636363636364,856,0.1106,0,Risque Faible,Fidélisation Active : Programme fidélité / Ventes privées / Parrainage
6724,33,6.0,1132.2800000000002,47.0,0.5,856,0.3129,0,Risque Faible,Fidélisation Active : Programme fidélité / Ventes privées / Parrainage
6725,26,13.0,2630.42,11.0,0.7692307692307693,711,0.0776,0,Risque Faible,Fidélisation Active : Programme fidélité / Ventes privées / Parrainage
6726,41,12.0,2074.12,49.0,0.75,696,0.0885,0,Risque Faible,Fidélisation Active : Programme fidélité / Ventes privées / Parrainage
6727,49,1.0,53.58,219.0,0.0,722,0.621,1,Risque Moyen,Réactivation Ciblée : Emailing personnalisé / Remise panier moyen
6728,22,0.0,0.0,303.0,0.0,571,0.7244,1,Risque Élevé,Rétention Urgente : Appel VIP / Bon d'achat 20% / Enquête insatisfaction
6729,54,0.0,0.0,303.0,0.0,1292,0.7076,1,Risque Élevé,Rétention Urgente : Appel VIP / Bon d'achat 20% / Enquête insatisfaction
6730,34,3.0,465.87,58.0,1.0,1288,0.5021,1,Risque Moyen,Réactivation Ciblée : Emailing personnalisé / Remise panier moyen
6731,24,1.0,362.2,84.0,1.0,815,0.634,1,Risque Moyen,Réactivation Ciblée : Emailing personnalisé / Remise panier moyen
6732,43,4.0,313.53,51.0,0.25,733,0.3908,0,Risque Moyen,Réactivation Ciblée : Emailing personnalisé / Remise panier moyen
6733,30,3.0,869.9499999999999,24.0,0.3333333333333333,627,0.4935,0,Risque Moyen,Réactivation Ciblée : Emailing personnalisé / Remise panier moyen
6734,34,0.0,0.0,303.0,0.0,523,0.7126,1,Risque Élevé,Rétention Urgente : Appel VIP / Bon d'achat 20% / Enquête insatisfaction
6735,31,2.0,372.5,33.0,0.5,1262,0.5538,1,Risque Moyen,Réactivation Ciblée : Emailing personnalisé / Remise panier moyen
6736,26,3.0,344.31,3.0,0.3333333333333333,404,0.4666,0,Risque Moyen,Réactivation Ciblée : Emailing personnalisé / Remise panier moyen
6737,43,4.0,373.08000000000004,93.0,0.5,683,0.4055,0,Risque Moyen,Réactivation Ciblée : Emailing personnalisé / Remise panier moyen
6738,32,2.0,459.20000000000005,89.0,0.0,428,0.5452,1,Risque Moyen,Réactivation Ciblée : Emailing personnalisé / Remise panier moyen
6739,19,8.0,729.33,5.0,0.75,1057,0.1999,0,Risque Faible,Fidélisation Active : Programme fidélité / Ventes privées / Parrainage
6740,41,18.0,3372.04,1.0,0.4444444444444444,770,0.0215,0,Risque Faible,Fidélisation Active : Programme fidélité / Ventes privées / Parrainage
6741,22,2.0,612.59,118.0,1.0,685,0.5843,1,Risque Moyen,Réactivation Ciblée : Emailing personnalisé / Remise panier moyen
6742,22,2.0,130.67000000000002,30.0,0.0,736,0.5398,1,Risque Moyen,Réactivation Ciblée : Emailing personnalisé / Remise panier moyen
6743,48,2.0,431.4,110.0,1.0,701,0.5528,1,Risque Moyen,Réactivation Ciblée : Emailing personnalisé / Remise panier moyen
6744,22,3.0,1020.6399999999999,103.0,0.6666666666666666,770,0.5271,1,Risque Moyen,Réactivation Ciblée : Emailing personnalisé / Remise panier moyen
6745,18,4.0,318.06,129.0,1.0,954,0.4525,0,Risque Moyen,Réactivation Ciblée : Emailing personnalisé / Remise panier moyen
6746,42,2.0,377.22999999999996,68.0,1.0,597,0.545,1,Risque Moyen,Réactivation Ciblée : Emailing personnalisé / Remise panier moyen
6747,32,5.0,610.44,49.0,0.6,985,0.3596,0,Risque Moyen,Réactivation Ciblée : Emailing personnalisé / Remise panier moyen
6748,33,9.0,1826.08,12.0,0.3333333333333333,313,0.1657,0,Risque Faible,Fidélisation Active : Programme fidélité / Ventes privées / Parrainage
6749,32,4.0,341.85,87.0,0.75,829,0.4169,0,Risque Moyen,Réactivation Ciblée : Emailing personnalisé / Remise panier moyen
6750,38,10.0,2055.45,91.0,0.5,882,0.1544,0,Risque Faible,Fidélisation Active : Programme fidélité / Ventes privées / Parrainage
6751,27,0.0,0.0,303.0,0.0,1105,0.7291,1,Risque Élevé,Rétention Urgente : Appel VIP / Bon d'achat 20% / Enquête insatisfaction
6752,51,1.0,27.64,104.0,1.0,1339,0.6165,1,Risque Moyen,Réactivation Ciblée : Emailing personnalisé / Remise panier moyen
6753,19,6.0,631.06,9.0,0.8333333333333334,470,0.2892,0,Risque Faible,Fidélisation Active : Programme fidélité / Ventes privées / Parrainage
6754,40,0.0,0.0,303.0,0.0,1239,0.7196,1,Risque Élevé,Rétention Urgente : Appel VIP / Bon d'achat 20% / Enquête insatisfaction
6755,42,1.0,29.81,82.0,0.0,275,0.5887,1,Risque Moyen,Réactivation Ciblée : Emailing personnalisé / Remise panier moyen
6756,27,1.0,147.29,14.0,0.0,1250,0.6091,1,Risque Moyen,Réactivation Ciblée : Emailing personnalisé / Remise panier moyen
6757,24,8.0,1122.8,23.0,0.75,1042,0.2083,0,Risque Faible,Fidélisation Active : Programme fidélité / Ventes privées / Parrainage
6758,46,1.0,25.19,166.0,1.0,275,0.6132,1,Risque Moyen,Réactivation Ciblée : Emailing personnalisé / Remise panier moyen
6759,24,0.0,0.0,303.0,0.0,1161,0.7327,1,Risque Élevé,Rétention Urgente : Appel VIP / Bon d'achat 20% / Enquête insatisfaction
6760,28,3.0,332.43,180.0,1.0,1278,0.5295,1,Risque Moyen,Réactivation Ciblée : Emailing personnalisé / Remise panier moyen
6761,45,0.0,0.0,303.0,0.0,1249,0.7152,1,Risque Élevé,Rétention Urgente : Appel VIP / Bon d'achat 20% / Enquête insatisfaction
6762,35,0.0,0.0,303.0,0.0,387,0.7093,1,Risque Élevé,Rétention Urgente : Appel VIP / Bon d'achat 20% / Enquête insatisfaction
6763,18,5.0,795.3399999999999,23.0,0.6,1162,0.3751,0,Risque Moyen,Réactivation Ciblée : Emailing personnalisé / Remise panier moyen
6764,54,5.0,476.42,37.0,0.4,963,0.3257,0,Risque Faible,Fidélisation Active : Programme fidélité / Ventes privées / Parrainage
6765,29,1.0,55.12,214.0,1.0,601,0.6491,1,Risque Moyen,Réactivation Ciblée : Emailing personnalisé / Remise panier moyen
6766,31,3.0,500.46,74.0,1.0,822,0.4957,0,Risque Moyen,Réactivation Ciblée : Emailing personnalisé / Remise panier moyen
6767,38,4.0,453.33,85.0,0.75,1245,0.4244,0,Risque Moyen,Réactivation Ciblée : Emailing personnalisé / Remise panier moyen
6768,42,2.0,724.26,90.0,0.5,1257,0.5646,1,Risque Moyen,Réactivation Ciblée : Emailing personnalisé / Remise panier moyen
6769,57,4.0,1208.8799999999999,54.0,0.25,359,0.4049,0,Risque Moyen,Réactivation Ciblée : Emailing personnalisé / Remise panier moyen
6770,18,2.0,144.73,173.0,0.5,386,0.5739,1,Risque Moyen,Réactivation Ciblée : Emailing personnalisé / Remise panier moyen
6771,44,2.0,163.38,160.0,1.0,755,0.5559,1,Risque Moyen,Réactivation Ciblée : Emailing personnalisé / Remise panier moyen
6772,43,7.0,1043.66,49.0,0.42857142857142855,424,0.2363,0,Risque Faible,Fidélisation Active : Programme fidélité / Ventes privées / Parrainage
6773,33,0.0,0.0,303.0,0.0,663,0.716,1,Risque Élevé,Rétention Urgente : Appel VIP / Bon d'achat 20% / Enquête insatisfaction
6774,44,2.0,358.3,101.0,0.5,1222,0.553,1,Risque Moyen,Réactivation Ciblée : Emailing personnalisé / Remise panier moyen
6775,45,2.0,949.6600000000001,134.0,0.5,1237,0.5766,1,Risque Moyen,Réactivation Ciblée : Emailing personnalisé / Remise panier moyen
6776,20,4.0,1252.6100000000001,2.0,1.0,637,0.459,0,Risque Moyen,Réactivation Ciblée : Emailing personnalisé / Remise panier moyen
6777,54,0.0,0.0,303.0,0.0,519,0.6936,1,Risque Élevé,Rétention Urgente : Appel VIP / Bon d'achat 20% / Enquête insatisfaction
6778,18,0.0,0.0,303.0,0.0,1265,0.7397,1,Risque Élevé,Rétention Urgente : Appel VIP / Bon d'achat 20% / Enquête insatisfaction
6779,23,6.0,1325.55,57.0,0.8333333333333334,816,0.3343,0,Risque Faible,Fidélisation Active : Programme fidélité / Ventes privées / Parrainage
6780,32,2.0,963.74,225.0,0.5,801,0.6035,1,Risque Moyen,Réactivation Ciblée : Emailing personnalisé / Remise panier moyen
6781,56,4.0,1089.16,22.0,0.25,607,0.4086,0,Risque Moyen,Réactivation Ciblée : Emailing personnalisé / Remise panier moyen
6782,32,3.0,537.86,177.0,1.0,442,0.5168,1,Risque Moyen,Réactivation Ciblée : Emailing personnalisé / Remise panier moyen
6783,35,3.0,165.47,4.0,0.3333333333333333,707,0.4536,0,Risque Moyen,Réactivation Ciblée : Emailing personnalisé / Remise panier moyen
6784,51,1.0,120.66,112.0,0.0,425,0.5892,1,Risque Moyen,Réactivation Ciblée : Emailing personnalisé / Remise panier moyen
6785,32,4.0,860.8699999999999,61.0,0.75,521,0.4353,0,Risque Moyen,Réactivation Ciblée : Emailing personnalisé / Remise panier moyen
6786,22,5.0,1338.25,39.0,0.8,473,0.3902,0,Risque Moyen,Réactivation Ciblée : Emailing personnalisé / Remise panier moyen
6787,30,2.0,271.9,65.0,1.0,1200,0.5644,1,Risque Moyen,Réactivation Ciblée : Emailing personnalisé / Remise panier moyen
6788,50,6.0,574.9300000000001,5.0,0.3333333333333333,812,0.2701,0,Risque Faible,Fidélisation Active : Programme fidélité / Ventes privées / Parrainage
6789,36,1.0,657.24,83.0,0.0,384,0.5952,1,Risque Moyen,Réactivation Ciblée : Emailing personnalisé / Remise panier moyen
6790,56,3.0,433.53,50.0,0.6666666666666666,849,0.4548,0,Risque Moyen,Réactivation Ciblée : Emailing personnalisé / Remise panier moyen
6791,43,2.0,320.32,46.0,0.5,1262,0.5422,1,Risque Moyen,Réactivation Ciblée : Emailing personnalisé / Remise panier moyen
6792,28,3.0,832.72,31.0,0.3333333333333333,484,0.4889,0,Risque Moyen,Réactivation Ciblée : Emailing personnalisé / Remise panier moyen
6793,36,8.0,902.04,33.0,0.375,711,0.1877,0,Risque Faible,Fidélisation Active : Programme fidélité / Ventes privées / Parrainage
6794,26,5.0,725.25,65.0,0.6,1338,0.3763,0,Risque Moyen,Réactivation Ciblée : Emailing personnalisé / Remise panier moyen
6795,28,0.0,0.0,303.0,0.0,1122,0.7285,1,Risque Élevé,Rétention Urgente : Appel VIP / Bon d'achat 20% / Enquête insatisfaction
6796,70,2.0,198.60999999999999,68.0,0.5,443,0.4967,0,Risque Moyen,Réactivation Ciblée : Emailing personnalisé / Remise panier moyen
6797,46,2.0,220.31,52.0,1.0,1345,0.5501,1,Risque Moyen,Réactivation Ciblée : Emailing personnalisé / Remise panier moyen
6798,44,1.0,273.02,116.0,0.0,871,0.6047,1,Risque Moyen,Réactivation Ciblée : Emailing personnalisé / Remise panier moyen
6799,28,0.0,0.0,303.0,0.0,515,0.718,1,Risque Élevé,Rétention Urgente : Appel VIP / Bon d'achat 20% / Enquête insatisfaction
6800,52,0.0,0.0,303.0,0.0,1065,0.7054,1,Risque Élevé,Rétention Urgente : Appel VIP / Bon d'achat 20% / Enquête insatisfaction
6801,47,3.0,264.94,65.0,0.6666666666666666,1053,0.472,0,Risque Moyen,Réactivation Ciblée : Emailing personnalisé / Remise panier moyen
6802,56,5.0,570.21,30.0,0.6,1091,0.3338,0,Risque Faible,Fidélisation Active : Programme fidélité / Ventes privées / Parrainage
6803,55,1.0,399.84,77.0,0.0,827,0.5859,1,Risque Moyen,Réactivation Ciblée : Emailing personnalisé / Remise panier moyen
6804,19,2.0,1171.83,228.0,1.0,580,0.6227,1,Risque Moyen,Réactivation Ciblée : Emailing personnalisé / Remise panier moyen
6805,23,1.0,139.25,53.0,1.0,1013,0.6356,1,Risque Moyen,Réactivation Ciblée : Emailing personnalisé / Remise panier moyen
6806,24,1.0,46.7,70.0,1.0,1119,0.6354,1,Risque Moyen,Réactivation Ciblée : Emailing personnalisé / Remise panier moyen
6807,25,2.0,259.09,21.0,0.0,1266,0.5524,1,Risque Moyen,Réactivation Ciblée : Emailing personnalisé / Remise panier moyen
6808,39,4.0,400.96999999999997,114.0,0.5,1334,0.4269,0,Risque Moyen,Réactivation Ciblée : Emailing personnalisé / Remise panier moyen
6809,29,4.0,493.56,97.0,0.25,837,0.4284,0,Risque Moyen,Réactivation Ciblée : Emailing personnalisé / Remise panier moyen
6810,58,7.0,1135.67,25.0,0.8571428571428571,810,0.2357,0,Risque Faible,Fidélisation Active : Programme fidélité / Ventes privées / Parrainage
6811,56,1.0,75.98,84.0,1.0,292,0.5846,1,Risque Moyen,Réactivation Ciblée : Emailing personnalisé / Remise panier moyen
6812,35,3.0,446.38,189.0,0.0,584,0.4984,0,Risque Moyen,Réactivation Ciblée : Emailing personnalisé / Remise panier moyen
6813,57,3.0,306.99,37.0,0.6666666666666666,1351,0.4621,0,Risque Moyen,Réactivation Ciblée : Emailing personnalisé / Remise panier moyen
6814,51,0.0,0.0,303.0,0.0,1217,0.7091,1,Risque Élevé,Rétention Urgente : Appel VIP / Bon d'achat 20% / Enquête insatisfaction
6815,30,2.0,290.22,92.0,0.5,353,0.5448,1,Risque Moyen,Réactivation Ciblée : Emailing personnalisé / Remise panier moyen
6816,18,2.0,176.79,98.0,0.5,496,0.5605,1,Risque Moyen,Réactivation Ciblée : Emailing personnalisé / Remise panier moyen
6817,33,6.0,818.09,34.0,0.5,820,0.2918,0,Risque Faible,Fidélisation Active : Programme fidélité / Ventes privées / Parrainage
6818,28,3.0,989.56,106.0,0.6666666666666666,990,0.5269,1,Risque Moyen,Réactivation Ciblée : Emailing personnalisé / Remise panier moyen
6819,37,0.0,0.0,303.0,0.0,911,0.7166,1,Risque Élevé,Rétention Urgente : Appel VIP / Bon d'achat 20% / Enquête insatisfaction
6820,36,4.0,663.97,93.0,0.5,1016,0.428,0,Risque Moyen,Réactivation Ciblée : Emailing personnalisé / Remise panier moyen
6821,36,0.0,0.0,303.0,0.0,993,0.719,1,Risque Élevé,Rétention Urgente : Appel VIP / Bon d'achat 20% / Enquête insatisfaction
6822,41,1.0,55.96,195.0,0.0,1161,0.6313,1,Risque Moyen,Réactivation Ciblée : Emailing personnalisé / Remise panier moyen
6823,22,6.0,934.6800000000001,25.0,0.8333333333333334,909,0.3112,0,Risque Faible,Fidélisation Active : Programme fidélité / Ventes privées / Parrainage
6824,40,0.0,0.0,303.0,0.0,839,0.7126,1,Risque Élevé,Rétention Urgente : Appel VIP / Bon d'achat 20% / Enquête insatisfaction
6825,30,2.0,498.20000000000005,40.0,0.0,884,0.5472,1,Risque Moyen,Réactivation Ciblée : Emailing personnalisé / Remise panier moyen
6826,37,2.0,207.78,178.0,0.5,1247,0.5732,1,Risque Moyen,Réactivation Ciblée : Emailing personnalisé / Remise panier moyen
6827,46,4.0,413.68,97.0,0.25,575,0.4015,0,Risque Moyen,Réactivation Ciblée : Emailing personnalisé / Remise panier moyen
6828,22,4.0,1196.52,21.0,0.5,1118,0.4528,0,Risque Moyen,Réactivation Ciblée : Emailing personnalisé / Remise panier moyen
6829,32,2.0,436.85999999999996,48.0,0.5,1322,0.5648,1,Risque Moyen,Réactivation Ciblée : Emailing personnalisé / Remise panier moyen
6830,34,1.0,79.87,54.0,1.0,473,0.6059,1,Risque Moyen,Réactivation Ciblée : Emailing personnalisé / Remise panier moyen
6831,29,1.0,402.51,130.0,0.0,1124,0.6291,1,Risque Moyen,Réactivation Ciblée : Emailing personnalisé / Remise panier moyen
6832,45,4.0,582.4599999999999,82.0,0.25,645,0.4045,0,Risque Moyen,Réactivation Ciblée : Emailing personnalisé / Remise panier moyen
6833,27,2.0,235.96999999999997,56.0,0.5,1151,0.5584,1,Risque Moyen,Réactivation Ciblée : Emailing personnalisé / Remise panier moyen
6834,29,1.0,34.04,138.0,0.0,606,0.6213,1,Risque Moyen,Réactivation Ciblée : Emailing personnalisé / Remise panier moyen
6835,27,0.0,0.0,303.0,0.0,765,0.7232,1,Risque Élevé,Rétention Urgente : Appel VIP / Bon d'achat 20% / Enquête insatisfaction
6836,47,6.0,1432.61,43.0,0.3333333333333333,1079,0.3152,0,Risque Faible,Fidélisation Active : Programme fidélité / Ventes privées / Parrainage
6837,30,5.0,366.99,19.0,0.6,767,0.335,0,Risque Faible,Fidélisation Active : Programme fidélité / Ventes privées / Parrainage
6838,40,1.0,342.84999999999997,32.0,1.0,373,0.5972,1,Risque Moyen,Réactivation Ciblée : Emailing personnalisé / Remise panier moyen
6839,57,2.0,104.64,21.0,0.5,673,0.5021,1,Risque Moyen,Réactivation Ciblée : Emailing personnalisé / Remise panier moyen
6840,34,8.0,1975.4299999999998,1.0,0.75,759,0.2286,0,Risque Faible,Fidélisation Active : Programme fidélité / Ventes privées / Parrainage
6841,47,5.0,807.23,48.0,0.4,1063,0.3502,0,Risque Moyen,Réactivation Ciblée : Emailing personnalisé / Remise panier moyen
6842,53,8.0,1858.1,23.0,0.625,833,0.2094,0,Risque Faible,Fidélisation Active : Programme fidélité / Ventes privées / Parrainage
6843,46,2.0,182.38,92.0,0.0,612,0.5247,1,Risque Moyen,Réactivation Ciblée : Emailing personnalisé / Remise panier moyen
6844,35,3.0,1043.1999999999998,5.0,1.0,355,0.4884,0,Risque Moyen,Réactivation Ciblée : Emailing personnalisé / Remise panier moyen
6845,42,1.0,88.32,176.0,1.0,1015,0.6336,1,Risque Moyen,Réactivation Ciblée : Emailing personnalisé / Remise panier moyen
6846,21,5.0,814.77,15.0,0.8,634,0.3626,0,Risque Moyen,Réactivation Ciblée : Emailing personnalisé / Remise panier moyen
6847,26,3.0,199.32,17.0,1.0,1134,0.4866,0,Risque Moyen,Réactivation Ciblée : Emailing personnalisé / Remise panier moyen
6848,28,3.0,537.3,3.0,0.3333333333333333,1063,0.4842,0,Risque Moyen,Réactivation Ciblée : Emailing personnalisé / Remise panier moyen
6849,60,0.0,0.0,303.0,0.0,1055,0.6976,1,Risque Élevé,Rétention Urgente : Appel VIP / Bon d'achat 20% / Enquête insatisfaction
6850,26,9.0,1216.99,1.0,0.8888888888888888,421,0.1564,0,Risque Faible,Fidélisation Active : Programme fidélité / Ventes privées / Parrainage
6851,26,1.0,457.6,22.0,1.0,332,0.6058,1,Risque Moyen,Réactivation Ciblée : Emailing personnalisé / Remise panier moyen
6852,24,3.0,288.90999999999997,42.0,0.6666666666666666,542,0.4848,0,Risque Moyen,Réactivation Ciblée : Emailing personnalisé / Remise panier moyen
6853,41,8.0,956.23,9.0,0.5,1202,0.1924,0,Risque Faible,Fidélisation Active : Programme fidélité / Ventes privées / Parrainage
6854,37,2.0,136.13,124.0,0.5,1316,0.5616,1,Risque Moyen,Réactivation Ciblée : Emailing personnalisé / Remise panier moyen
6855,47,16.0,3528.8599999999997,65.0,0.5625,1093,0.0404,0,Risque Faible,Fidélisation Active : Programme fidélité / Ventes privées / Parrainage
6856,42,3.0,542.5600000000001,53.0,0.6666666666666666,922,0.4804,0,Risque Moyen,Réactivation Ciblée : Emailing personnalisé / Remise panier moyen
6857,20,4.0,848.19,86.0,0.5,1017,0.4572,0,Risque Moyen,Réactivation Ciblée : Emailing personnalisé / Remise panier moyen
6858,26,3.0,431.15999999999997,5.0,0.6666666666666666,1359,0.4918,0,Risque Moyen,Réactivation Ciblée : Emailing personnalisé / Remise panier moyen
6859,50,8.0,1360.46,50.0,0.625,959,0.2018,0,Risque Faible,Fidélisation Active : Programme fidélité / Ventes privées / Parrainage
6860,33,2.0,385.74,99.0,1.0,1222,0.571,1,Risque Moyen,Réactivation Ciblée : Emailing personnalisé / Remise panier moyen
6861,48,4.0,766.22,57.0,1.0,540,0.4083,0,Risque Moyen,Réactivation Ciblée : Emailing personnalisé / Remise panier moyen
6862,33,1.0,126.01,194.0,1.0,739,0.6407,1,Risque Moyen,Réactivation Ciblée : Emailing personnalisé / Remise panier moyen
6863,24,10.0,1345.58,20.0,0.4,517,0.1323,0,Risque Faible,Fidélisation Active : Programme fidélité / Ventes privées / Parrainage
6864,32,2.0,209.72,118.0,1.0,941,0.5692,1,Risque Moyen,Réactivation Ciblée : Emailing personnalisé / Remise panier moyen
6865,24,8.0,941.8000000000001,24.0,0.625,881,0.2015,0,Risque Faible,Fidélisation Active : Programme fidélité / Ventes privées / Parrainage
6866,29,0.0,0.0,303.0,0.0,785,0.7218,1,Risque Élevé,Rétention Urgente : Appel VIP / Bon d'achat 20% / Enquête insatisfaction
6867,37,5.0,1027.25,45.0,0.6,713,0.3649,0,Risque Moyen,Réactivation Ciblée : Emailing personnalisé / Remise panier moyen
6868,41,1.0,155.96,19.0,0.0,753,0.5845,1,Risque Moyen,Réactivation Ciblée : Emailing personnalisé / Remise panier moyen
6869,18,2.0,92.8,30.0,0.5,1154,0.5624,1,Risque Moyen,Réactivation Ciblée : Emailing personnalisé / Remise panier moyen
6870,35,0.0,0.0,303.0,0.0,377,0.7091,1,Risque Élevé,Rétention Urgente : Appel VIP / Bon d'achat 20% / Enquête insatisfaction
6871,29,9.0,989.99,8.0,0.5555555555555556,859,0.1498,0,Risque Faible,Fidélisation Active : Programme fidélité / Ventes privées / Parrainage
6872,28,2.0,198.11,14.0,1.0,858,0.5469,1,Risque Moyen,Réactivation Ciblée : Emailing personnalisé / Remise panier moyen
6873,36,7.0,1386.77,3.0,0.5714285714285714,1343,0.2598,0,Risque Faible,Fidélisation Active : Programme fidélité / Ventes privées / Parrainage
6874,29,2.0,100.88,160.0,1.0,1176,0.5824,1,Risque Moyen,Réactivation Ciblée : Emailing personnalisé / Remise panier moyen
6875,50,1.0,148.82,46.0,1.0,1266,0.6022,1,Risque Moyen,Réactivation Ciblée : Emailing personnalisé / Remise panier moyen
6876,48,3.0,585.81,43.0,0.0,958,0.4615,0,Risque Moyen,Réactivation Ciblée : Emailing personnalisé / Remise panier moyen
6877,48,4.0,995.63,38.0,0.5,624,0.4124,0,Risque Moyen,Réactivation Ciblée : Emailing personnalisé / Remise panier moyen
6878,30,3.0,320.35,32.0,0.3333333333333333,1318,0.4852,0,Risque Moyen,Réactivation Ciblée : Emailing personnalisé / Remise panier moyen
6879,24,10.0,2478.93,13.0,0.8,1026,0.1628,0,Risque Faible,Fidélisation Active : Programme fidélité / Ventes privées / Parrainage
6880,36,0.0,0.0,303.0,0.0,1167,0.722,1,Risque Élevé,Rétention Urgente : Appel VIP / Bon d'achat 20% / Enquête insatisfaction
6881,33,6.0,1437.13,10.0,0.6666666666666666,1069,0.3185,0,Risque Faible,Fidélisation Active : Programme fidélité / Ventes privées / Parrainage
6882,28,4.0,281.15999999999997,77.0,0.75,1223,0.4232,0,Risque Moyen,Réactivation Ciblée : Emailing personnalisé / Remise panier moyen
6883,22,6.0,1218.88,8.0,0.5,599,0.3201,0,Risque Faible,Fidélisation Active : Programme fidélité / Ventes privées / Parrainage
6884,35,7.0,1549.74,45.0,0.7142857142857143,907,0.2689,0,Risque Faible,Fidélisation Active : Programme fidélité / Ventes privées / Parrainage
6885,31,0.0,0.0,303.0,0.0,453,0.7142,1,Risque Élevé,Rétention Urgente : Appel VIP / Bon d'achat 20% / Enquête insatisfaction
6886,43,2.0,133.23,60.0,0.5,545,0.533,1,Risque Moyen,Réactivation Ciblée : Emailing personnalisé / Remise panier moyen
6887,42,2.0,190.64999999999998,29.0,0.5,865,0.5287,1,Risque Moyen,Réactivation Ciblée : Emailing personnalisé / Remise panier moyen
6888,47,2.0,294.35,9.0,0.0,1218,0.5224,1,Risque Moyen,Réactivation Ciblée : Emailing personnalisé / Remise panier moyen
6889,21,3.0,196.78000000000003,5.0,1.0,1170,0.4924,0,Risque Moyen,Réactivation Ciblée : Emailing personnalisé / Remise panier moyen
6890,39,1.0,336.48,235.0,0.0,940,0.6374,1,Risque Moyen,Réactivation Ciblée : Emailing personnalisé / Remise panier moyen
6891,27,1.0,25.69,60.0,1.0,1066,0.6274,1,Risque Moyen,Réactivation Ciblée : Emailing personnalisé / Remise panier moyen
6892,22,2.0,147.71,53.0,1.0,465,0.5507,1,Risque Moyen,Réactivation Ciblée : Emailing personnalisé / Remise panier moyen
6893,30,0.0,0.0,303.0,0.0,871,0.7224,1,Risque Élevé,Rétention Urgente : Appel VIP / Bon d'achat 20% / Enquête insatisfaction
6894,47,0.0,0.0,303.0,0.0,468,0.6994,1,Risque Élevé,Rétention Urgente : Appel VIP / Bon d'achat 20% / Enquête insatisfaction
6895,31,2.0,331.44,117.0,1.0,578,0.5647,1,Risque Moyen,Réactivation Ciblée : Emailing personnalisé / Remise panier moyen
6896,52,4.0,452.05,65.0,0.5,1264,0.4023,0,Risque Moyen,Réactivation Ciblée : Emailing personnalisé / Remise panier moyen
6897,41,0.0,0.0,303.0,0.0,1359,0.7208,1,Risque Élevé,Rétention Urgente : Appel VIP / Bon d'achat 20% / Enquête insatisfaction
6898,31,1.0,156.38,151.0,1.0,318,0.6272,1,Risque Moyen,Réactivation Ciblée : Emailing personnalisé / Remise panier moyen
6899,48,5.0,710.99,30.0,0.6,758,0.3422,0,Risque Faible,Fidélisation Active : Programme fidélité / Ventes privées / Parrainage
6900,40,8.0,1155.32,49.0,0.875,600,0.1946,0,Risque Faible,Fidélisation Active : Programme fidélité / Ventes privées / Parrainage
6901,25,0.0,0.0,303.0,0.0,1042,0.7298,1,Risque Élevé,Rétention Urgente : Appel VIP / Bon d'achat 20% / Enquête insatisfaction
6902,55,0.0,0.0,303.0,0.0,486,0.6921,1,Risque Élevé,Rétention Urgente : Appel VIP / Bon d'achat 20% / Enquête insatisfaction
6903,38,1.0,207.14999999999998,116.0,1.0,462,0.6167,1,Risque Moyen,Réactivation Ciblée : Emailing personnalisé / Remise panier moyen
6904,35,2.0,145.45,66.0,0.5,631,0.5368,1,Risque Moyen,Réactivation Ciblée : Emailing personnalisé / Remise panier moyen
6905,26,4.0,371.76,6.0,0.75,1242,0.4157,0,Risque Moyen,Réactivation Ciblée : Emailing personnalisé / Remise panier moyen
6906,48,3.0,288.64,95.0,0.6666666666666666,445,0.4608,0,Risque Moyen,Réactivation Ciblée : Emailing personnalisé / Remise panier moyen
6907,41,2.0,144.59,41.0,0.0,1198,0.5309,1,Risque Moyen,Réactivation Ciblée : Emailing personnalisé / Remise panier moyen
6908,42,2.0,266.66999999999996,23.0,1.0,1157,0.5386,1,Risque Moyen,Réactivation Ciblée : Emailing personnalisé / Remise panier moyen
6909,29,2.0,432.99,22.0,0.5,445,0.5373,1,Risque Moyen,Réactivation Ciblée : Emailing personnalisé / Remise panier moyen
6910,44,0.0,0.0,303.0,0.0,1180,0.7149,1,Risque Élevé,Rétention Urgente : Appel VIP / Bon d'achat 20% / Enquête insatisfaction
6911,45,5.0,869.01,38.0,0.4,436,0.3363,0,Risque Faible,Fidélisation Active : Programme fidélité / Ventes privées / Parrainage
6912,28,1.0,243.48,60.0,0.0,982,0.6149,1,Risque Moyen,Réactivation Ciblée : Emailing personnalisé / Remise panier moyen
6913,19,2.0,213.91,21.0,0.5,592,0.5475,1,Risque Moyen,Réactivation Ciblée : Emailing personnalisé / Remise panier moyen
6914,41,2.0,317.41,46.0,0.5,357,0.5229,1,Risque Moyen,Réactivation Ciblée : Emailing personnalisé / Remise panier moyen
6915,18,2.0,403.63,17.0,0.5,643,0.5523,1,Risque Moyen,Réactivation Ciblée : Emailing personnalisé / Remise panier moyen
6916,37,1.0,52.69,256.0,1.0,1346,0.6619,1,Risque Élevé,Rétention Urgente : Appel VIP / Bon d'achat 20% / Enquête insatisfaction
6917,30,2.0,677.97,4.0,1.0,968,0.56,1,Risque Moyen,Réactivation Ciblée : Emailing personnalisé / Remise panier moyen
6918,48,6.0,1435.69,31.0,0.3333333333333333,864,0.3137,0,Risque Faible,Fidélisation Active : Programme fidélité / Ventes privées / Parrainage
6919,31,3.0,252.4,2.0,0.6666666666666666,448,0.4564,0,Risque Moyen,Réactivation Ciblée : Emailing personnalisé / Remise panier moyen
6920,47,3.0,305.83000000000004,5.0,0.6666666666666666,1040,0.4554,0,Risque Moyen,Réactivation Ciblée : Emailing personnalisé / Remise panier moyen
6921,29,3.0,657.49,54.0,0.0,898,0.4884,0,Risque Moyen,Réactivation Ciblée : Emailing personnalisé / Remise panier moyen
6922,46,9.0,1792.8300000000002,66.0,0.5555555555555556,957,0.1762,0,Risque Faible,Fidélisation Active : Programme fidélité / Ventes privées / Parrainage
6923,58,0.0,0.0,303.0,0.0,615,0.6915,1,Risque Élevé,Rétention Urgente : Appel VIP / Bon d'achat 20% / Enquête insatisfaction
6924,23,6.0,1063.52,54.0,0.6666666666666666,1340,0.3306,0,Risque Faible,Fidélisation Active : Programme fidélité / Ventes privées / Parrainage
6925,38,6.0,570.58,18.0,0.5,1124,0.2884,0,Risque Faible,Fidélisation Active : Programme fidélité / Ventes privées / Parrainage
6926,65,0.0,0.0,303.0,0.0,431,0.6813,1,Risque Élevé,Rétention Urgente : Appel VIP / Bon d'achat 20% / Enquête insatisfaction
6927,36,1.0,88.09,238.0,1.0,543,0.6432,1,Risque Moyen,Réactivation Ciblée : Emailing personnalisé / Remise panier moyen
6928,36,4.0,519.45,38.0,0.75,285,0.3968,0,Risque Moyen,Réactivation Ciblée : Emailing personnalisé / Remise panier moyen
6929,44,6.0,1213.0,47.0,0.5,1230,0.3157,0,Risque Faible,Fidélisation Active : Programme fidélité / Ventes privées / Parrainage
6930,35,0.0,0.0,303.0,0.0,1012,0.7202,1,Risque Élevé,Rétention Urgente : Appel VIP / Bon d'achat 20% / Enquête insatisfaction
6931,18,0.0,0.0,303.0,0.0,1157,0.7379,1,Risque Élevé,Rétention Urgente : Appel VIP / Bon d'achat 20% / Enquête insatisfaction
6932,47,1.0,64.74,209.0,1.0,883,0.6328,1,Risque Moyen,Réactivation Ciblée : Emailing personnalisé / Remise panier moyen
6933,18,0.0,0.0,303.0,0.0,1191,0.7385,1,Risque Élevé,Rétention Urgente : Appel VIP / Bon d'achat 20% / Enquête insatisfaction
6934,30,1.0,415.44,131.0,0.0,856,0.6247,1,Risque Moyen,Réactivation Ciblée : Emailing personnalisé / Remise panier moyen
6935,48,3.0,403.87,1.0,0.6666666666666666,1256,0.463,0,Risque Moyen,Réactivation Ciblée : Emailing personnalisé / Remise panier moyen
6936,31,0.0,0.0,303.0,0.0,1086,0.7251,1,Risque Élevé,Rétention Urgente : Appel VIP / Bon d'achat 20% / Enquête insatisfaction
6937,27,1.0,86.47,87.0,1.0,825,0.6273,1,Risque Moyen,Réactivation Ciblée : Emailing personnalisé / Remise panier moyen
6938,45,3.0,795.85,71.0,0.6666666666666666,1328,0.5015,1,Risque Moyen,Réactivation Ciblée : Emailing personnalisé / Remise panier moyen
6939,26,8.0,781.17,25.0,0.5,437,0.1889,0,Risque Faible,Fidélisation Active : Programme fidélité / Ventes privées / Parrainage
6940,22,2.0,149.75,140.0,1.0,514,0.5707,1,Risque Moyen,Réactivation Ciblée : Emailing personnalisé / Remise panier moyen
6941,38,3.0,293.27,53.0,0.3333333333333333,443,0.4613,0,Risque Moyen,Réactivation Ciblée : Emailing personnalisé / Remise panier moyen
6942,33,3.0,740.47,22.0,0.6666666666666666,1056,0.4989,0,Risque Moyen,Réactivation Ciblée : Emailing personnalisé / Remise panier moyen
6943,21,3.0,302.03999999999996,140.0,0.6666666666666666,898,0.5157,1,Risque Moyen,Réactivation Ciblée : Emailing personnalisé / Remise panier moyen
6944,42,5.0,418.61,22.0,1.0,1321,0.34,0,Risque Faible,Fidélisation Active : Programme fidélité / Ventes privées / Parrainage
6945,40,6.0,1208.4499999999998,2.0,0.3333333333333333,1235,0.3056,0,Risque Faible,Fidélisation Active : Programme fidélité / Ventes privées / Parrainage
6946,31,3.0,628.58,34.0,1.0,850,0.4934,0,Risque Moyen,Réactivation Ciblée : Emailing personnalisé / Remise panier moyen
6947,32,3.0,223.33999999999997,3.0,0.0,370,0.4518,0,Risque Moyen,Réactivation Ciblée : Emailing personnalisé / Remise panier moyen
6948,40,1.0,252.94,68.0,1.0,1052,0.6139,1,Risque Moyen,Réactivation Ciblée : Emailing personnalisé / Remise panier moyen
6949,48,0.0,0.0,303.0,0.0,1283,0.713,1,Risque Élevé,Rétention Urgente : Appel VIP / Bon d'achat 20% / Enquête insatisfaction
6950,32,1.0,76.11,142.0,0.0,297,0.6162,1,Risque Moyen,Réactivation Ciblée : Emailing personnalisé / Remise panier moyen
6951,42,3.0,186.0,7.0,0.0,359,0.4359,0,Risque Moyen,Réactivation Ciblée : Emailing personnalisé / Remise panier moyen
6952,41,1.0,24.19,256.0,0.0,879,0.6386,1,Risque Moyen,Réactivation Ciblée : Emailing personnalisé / Remise panier moyen
6953,45,1.0,286.9,18.0,1.0,945,0.5952,1,Risque Moyen,Réactivation Ciblée : Emailing personnalisé / Remise panier moyen
6954,35,2.0,327.44000000000005,106.0,0.0,982,0.5592,1,Risque Moyen,Réactivation Ciblée : Emailing personnalisé / Remise panier moyen
6955,25,2.0,519.48,12.0,0.0,443,0.5376,1,Risque Moyen,Réactivation Ciblée : Emailing personnalisé / Remise panier moyen
6956,30,3.0,372.5,20.0,0.3333333333333333,1129,0.4779,0,Risque Moyen,Réactivation Ciblée : Emailing personnalisé / Remise panier moyen
6957,39,6.0,625.23,97.0,0.6666666666666666,1111,0.3034,0,Risque Faible,Fidélisation Active : Programme fidélité / Ventes privées / Parrainage
6958,55,7.0,756.23,34.0,0.42857142857142855,1325,0.2279,0,Risque Faible,Fidélisation Active : Programme fidélité / Ventes privées / Parrainage
6959,30,8.0,858.3399999999999,23.0,0.625,705,0.191,0,Risque Faible,Fidélisation Active : Programme fidélité / Ventes privées / Parrainage
6960,44,2.0,547.16,49.0,0.5,362,0.5289,1,Risque Moyen,Réactivation Ciblée : Emailing personnalisé / Remise panier moyen
6961,31,1.0,33.48,255.0,0.0,615,0.6435,1,Risque Moyen,Réactivation Ciblée : Emailing personnalisé / Remise panier moyen
6962,36,1.0,117.43,21.0,1.0,1264,0.6124,1,Risque Moyen,Réactivation Ciblée : Emailing personnalisé / Remise panier moyen
6963,52,1.0,34.86,265.0,1.0,415,0.6301,1,Risque Moyen,Réactivation Ciblée : Emailing personnalisé / Remise panier moyen
6964,43,7.0,744.52,46.0,0.7142857142857143,442,0.2249,0,Risque Faible,Fidélisation Active : Programme fidélité / Ventes privées / Parrainage
6965,21,5.0,637.14,164.0,0.4,415,0.3803,0,Risque Moyen,Réactivation Ciblée : Emailing personnalisé / Remise panier moyen
6966,29,0.0,0.0,303.0,0.0,674,0.7199,1,Risque Élevé,Rétention Urgente : Appel VIP / Bon d'achat 20% / Enquête insatisfaction
6967,49,3.0,115.05,131.0,0.6666666666666666,1312,0.4789,0,Risque Moyen,Réactivation Ciblée : Emailing personnalisé / Remise panier moyen
6968,37,1.0,60.52,78.0,1.0,1129,0.6213,1,Risque Moyen,Réactivation Ciblée : Emailing personnalisé / Remise panier moyen
6969,22,1.0,63.51,247.0,1.0,388,0.6567,1,Risque Élevé,Rétention Urgente : Appel VIP / Bon d'achat 20% / Enquête insatisfaction
6970,26,3.0,436.93,90.0,0.6666666666666666,942,0.5018,1,Risque Moyen,Réactivation Ciblée : Emailing personnalisé / Remise panier moyen
6971,43,1.0,254.43,43.0,1.0,752,0.6012,1,Risque Moyen,Réactivation Ciblée : Emailing personnalisé / Remise panier moyen
6972,46,0.0,0.0,303.0,0.0,792,0.7062,1,Risque Élevé,Rétention Urgente : Appel VIP / Bon d'achat 20% / Enquête insatisfaction
6973,35,1.0,106.38,221.0,0.0,367,0.6264,1,Risque Moyen,Réactivation Ciblée : Emailing personnalisé / Remise panier moyen
6974,62,0.0,0.0,303.0,0.0,1229,0.6989,1,Risque Élevé,Rétention Urgente : Appel VIP / Bon d'achat 20% / Enquête insatisfaction
6975,44,2.0,106.05,57.0,1.0,1307,0.5462,1,Risque Moyen,Réactivation Ciblée : Emailing personnalisé / Remise panier moyen
6976,32,0.0,0.0,303.0,0.0,1217,0.7265,1,Risque Élevé,Rétention Urgente : Appel VIP / Bon d'achat 20% / Enquête insatisfaction
6977,26,1.0,144.01,141.0,1.0,1239,0.6469,1,Risque Moyen,Réactivation Ciblée : Emailing personnalisé / Remise panier moyen
6978,24,4.0,190.12,3.0,0.5,938,0.3999,0,Risque Moyen,Réactivation Ciblée : Emailing personnalisé / Remise panier moyen
6979,39,6.0,1091.98,31.0,0.5,969,0.3048,0,Risque Faible,Fidélisation Active : Programme fidélité / Ventes privées / Parrainage
6980,30,1.0,306.0,142.0,0.0,695,0.6253,1,Risque Moyen,Réactivation Ciblée : Emailing personnalisé / Remise panier moyen
6981,53,1.0,326.4,73.0,1.0,828,0.5952,1,Risque Moyen,Réactivation Ciblée : Emailing personnalisé / Remise panier moyen
6982,51,1.0,32.02,270.0,0.0,1187,0.637,1,Risque Moyen,Réactivation Ciblée : Emailing personnalisé / Remise panier moyen
6983,42,0.0,0.0,303.0,0.0,294,0.701,1,Risque Élevé,Rétention Urgente : Appel VIP / Bon d'achat 20% / Enquête insatisfaction
6984,22,11.0,1735.71,3.0,0.7272727272727273,843,0.1092,0,Risque Faible,Fidélisation Active : Programme fidélité / Ventes privées / Parrainage
6985,28,5.0,621.05,33.0,0.6,1019,0.3556,0,Risque Moyen,Réactivation Ciblée : Emailing personnalisé / Remise panier moyen
6986,49,4.0,947.46,90.0,1.0,287,0.4235,0,Risque Moyen,Réactivation Ciblée : Emailing personnalisé / Remise panier moyen
6987,29,4.0,851.6999999999999,5.0,0.75,950,0.4288,0,Risque Moyen,Réactivation Ciblée : Emailing personnalisé / Remise panier moyen
6988,47,5.0,1276.52,9.0,0.6,729,0.3563,0,Risque Moyen,Réactivation Ciblée : Emailing personnalisé / Remise panier moyen
6989,40,3.0,754.06,6.0,0.3333333333333333,1332,0.4835,0,Risque Moyen,Réactivation Ciblée : Emailing personnalisé / Remise panier moyen
6990,36,6.0,1086.25,21.0,0.6666666666666666,875,0.3018,0,Risque Faible,Fidélisation Active : Programme fidélité / Ventes privées / Parrainage
6991,27,4.0,1021.4300000000001,25.0,0.75,1010,0.4425,0,Risque Moyen,Réactivation Ciblée : Emailing personnalisé / Remise panier moyen
6992,34,7.0,1525.51,21.0,0.42857142857142855,718,0.2658,0,Risque Faible,Fidélisation Active : Programme fidélité / Ventes privées / Parrainage
6993,37,8.0,1045.29,14.0,0.5,830,0.1947,0,Risque Faible,Fidélisation Active : Programme fidélité / Ventes privées / Parrainage
6994,46,2.0,120.85,14.0,0.5,1025,0.5252,1,Risque Moyen,Réactivation Ciblée : Emailing personnalisé / Remise panier moyen
6995,25,0.0,0.0,303.0,0.0,624,0.7226,1,Risque Élevé,Rétention Urgente : Appel VIP / Bon d'achat 20% / Enquête insatisfaction
6996,32,3.0,587.16,36.0,0.6666666666666666,1198,0.493,0,Risque Moyen,Réactivation Ciblée : Emailing personnalisé / Remise panier moyen
6997,35,4.0,566.54,76.0,0.25,503,0.4107,0,Risque Moyen,Réactivation Ciblée : Emailing personnalisé / Remise panier moyen
6998,42,2.0,271.18,216.0,0.0,1349,0.5757,1,Risque Moyen,Réactivation Ciblée : Emailing personnalisé / Remise panier moyen
6999,25,2.0,90.41,23.0,0.0,1066,0.5412,1,Risque Moyen,Réactivation Ciblée : Emailing personnalisé / Remise panier moyen
7000,21,6.0,1623.52,50.0,0.6666666666666666,593,0.3436,0,Risque Faible,Fidélisation Active : Programme fidélité / Ventes privées / Parrainage
7001,42,5.0,1059.03,82.0,0.4,372,0.3575,0,Risque Moyen,Réactivation Ciblée : Emailing personnalisé / Remise panier moyen
7002,18,2.0,471.09999999999997,120.0,1.0,1042,0.5919,1,Risque Moyen,Réactivation Ciblée : Emailing personnalisé / Remise panier moyen
7003,49,6.0,1821.55,11.0,0.5,793,0.3247,0,Risque Faible,Fidélisation Active : Programme fidélité / Ventes privées / Parrainage
7004,33,1.0,118.34,186.0,1.0,333,0.6331,1,Risque Moyen,Réactivation Ciblée : Emailing personnalisé / Remise panier moyen
7005,18,3.0,257.57,15.0,1.0,1008,0.4899,0,Risque Moyen,Réactivation Ciblée : Emailing personnalisé / Remise panier moyen
7006,30,0.0,0.0,303.0,0.0,597,0.7176,1,Risque Élevé,Rétention Urgente : Appel VIP / Bon d'achat 20% / Enquête insatisfaction
7007,39,1.0,95.18,171.0,0.0,1073,0.6261,1,Risque Moyen,Réactivation Ciblée : Emailing personnalisé / Remise panier moyen
7008,29,11.0,1392.5900000000001,4.0,0.45454545454545453,600,0.099,0,Risque Faible,Fidélisation Active : Programme fidélité / Ventes privées / Parrainage
7009,35,3.0,725.1600000000001,31.0,1.0,610,0.4903,0,Risque Moyen,Réactivation Ciblée : Emailing personnalisé / Remise panier moyen
7010,43,7.0,951.46,25.0,0.7142857142857143,716,0.235,0,Risque Faible,Fidélisation Active : Programme fidélité / Ventes privées / Parrainage
7011,33,4.0,746.81,29.0,0.75,551,0.4281,0,Risque Moyen,Réactivation Ciblée : Emailing personnalisé / Remise panier moyen
7012,25,4.0,867.4100000000001,16.0,0.25,676,0.4269,0,Risque Moyen,Réactivation Ciblée : Emailing personnalisé / Remise panier moyen
7013,32,1.0,16.41,214.0,1.0,869,0.6498,1,Risque Moyen,Réactivation Ciblée : Emailing personnalisé / Remise panier moyen
7014,51,2.0,256.07,63.0,0.5,301,0.513,1,Risque Moyen,Réactivation Ciblée : Emailing personnalisé / Remise panier moyen
7015,54,4.0,774.94,88.0,0.5,1220,0.4299,0,Risque Moyen,Réactivation Ciblée : Emailing personnalisé / Remise panier moyen
7016,18,5.0,1027.3,1.0,1.0,422,0.3764,0,Risque Moyen,Réactivation Ciblée : Emailing personnalisé / Remise panier moyen
7017,47,2.0,171.13,6.0,1.0,805,0.5199,1,Risque Moyen,Réactivation Ciblée : Emailing personnalisé / Remise panier moyen
7018,38,4.0,538.9100000000001,30.0,0.5,1306,0.4119,0,Risque Moyen,Réactivation Ciblée : Emailing personnalisé / Remise panier moyen
7019,45,3.0,811.52,51.0,1.0,975,0.4938,0,Risque Moyen,Réactivation Ciblée : Emailing personnalisé / Remise panier moyen
7020,29,4.0,477.33000000000004,37.0,0.75,1310,0.4241,0,Risque Moyen,Réactivation Ciblée : Emailing personnalisé / Remise panier moyen
7021,18,9.0,1269.75,11.0,0.3333333333333333,849,0.1641,0,Risque Faible,Fidélisation Active : Programme fidélité / Ventes privées / Parrainage
7022,41,0.0,0.0,303.0,0.0,550,0.7066,1,Risque Élevé,Rétention Urgente : Appel VIP / Bon d'achat 20% / Enquête insatisfaction
7023,25,0.0,0.0,303.0,0.0,980,0.7287,1,Risque Élevé,Rétention Urgente : Appel VIP / Bon d'achat 20% / Enquête insatisfaction
7024,20,0.0,0.0,303.0,0.0,781,0.7298,1,Risque Élevé,Rétention Urgente : Appel VIP / Bon d'achat 20% / Enquête insatisfaction
7025,20,0.0,0.0,303.0,0.0,355,0.7225,1,Risque Élevé,Rétention Urgente : Appel VIP / Bon d'achat 20% / Enquête insatisfaction
7026,42,9.0,1885.69,45.0,0.5555555555555556,733,0.177,0,Risque Faible,Fidélisation Active : Programme fidélité / Ventes privées / Parrainage
7027,37,0.0,0.0,303.0,0.0,845,0.7155,1,Risque Élevé,Rétention Urgente : Appel VIP / Bon d'achat 20% / Enquête insatisfaction
7028,44,4.0,1226.94,18.0,0.75,1089,0.433,0,Risque Moyen,Réactivation Ciblée : Emailing personnalisé / Remise panier moyen
7029,42,2.0,130.22,168.0,1.0,300,0.5496,1,Risque Moyen,Réactivation Ciblée : Emailing personnalisé / Remise panier moyen
7030,30,2.0,137.63,34.0,0.5,804,0.5411,1,Risque Moyen,Réactivation Ciblée : Emailing personnalisé / Remise panier moyen
7031,34,3.0,562.83,186.0,1.0,1135,0.5385,1,Risque Moyen,Réactivation Ciblée : Emailing personnalisé / Remise panier moyen
7032,29,3.0,433.16,117.0,0.3333333333333333,1183,0.5035,1,Risque Moyen,Réactivation Ciblée : Emailing personnalisé / Remise panier moyen
7033,33,6.0,490.82000000000005,15.0,0.3333333333333333,564,0.275,0,Risque Faible,Fidélisation Active : Programme fidélité / Ventes privées / Parrainage
7034,24,0.0,0.0,303.0,0.0,1294,0.7349,1,Risque Élevé,Rétention Urgente : Appel VIP / Bon d'achat 20% / Enquête insatisfaction
7035,39,4.0,384.57000000000005,27.0,0.75,431,0.3897,0,Risque Moyen,Réactivation Ciblée : Emailing personnalisé / Remise panier moyen
7036,47,1.0,26.63,183.0,0.0,659,0.6126,1,Risque Moyen,Réactivation Ciblée : Emailing personnalisé / Remise panier moyen
7037,26,4.0,804.8199999999999,29.0,0.25,1136,0.4362,0,Risque Moyen,Réactivation Ciblée : Emailing personnalisé / Remise panier moyen
7038,49,2.0,159.12,59.0,1.0,834,0.5298,1,Risque Moyen,Réactivation Ciblée : Emailing personnalisé / Remise panier moyen
7039,36,15.0,2282.18,8.0,0.5333333333333333,473,0.0391,0,Risque Faible,Fidélisation Active : Programme fidélité / Ventes privées / Parrainage
7040,38,7.0,1427.83,81.0,0.5714285714285714,397,0.2587,0,Risque Faible,Fidélisation Active : Programme fidélité / Ventes privées / Parrainage
7041,18,4.0,671.15,87.0,0.5,722,0.4429,0,Risque Moyen,Réactivation Ciblée : Emailing personnalisé / Remise panier moyen
7042,18,2.0,212.05,16.0,0.5,1076,0.5556,1,Risque Moyen,Réactivation Ciblée : Emailing personnalisé / Remise panier moyen
7043,37,0.0,0.0,303.0,0.0,1331,0.7239,1,Risque Élevé,Rétention Urgente : Appel VIP / Bon d'achat 20% / Enquête insatisfaction
7044,44,5.0,729.37,40.0,0.6,1201,0.3557,0,Risque Moyen,Réactivation Ciblée : Emailing personnalisé / Remise panier moyen
7045,28,2.0,234.51,195.0,0.0,1266,0.5842,1,Risque Moyen,Réactivation Ciblée : Emailing personnalisé / Remise panier moyen
7046,53,1.0,34.8,150.0,1.0,1224,0.6215,1,Risque Moyen,Réactivation Ciblée : Emailing personnalisé / Remise panier moyen
7047,43,4.0,259.03,37.0,0.25,614,0.3877,0,Risque Moyen,Réactivation Ciblée : Emailing personnalisé / Remise panier moyen
7048,25,3.0,142.45999999999998,19.0,0.3333333333333333,709,0.4697,0,Risque Moyen,Réactivation Ciblée : Emailing personnalisé / Remise panier moyen
7049,35,0.0,0.0,303.0,0.0,1003,0.7201,1,Risque Élevé,Rétention Urgente : Appel VIP / Bon d'achat 20% / Enquête insatisfaction
7050,62,13.0,1608.61,1.0,0.46153846153846156,1216,0.0546,0,Risque Faible,Fidélisation Active : Programme fidélité / Ventes privées / Parrainage
7051,21,0.0,0.0,303.0,0.0,541,0.7248,1,Risque Élevé,Rétention Urgente : Appel VIP / Bon d'achat 20% / Enquête insatisfaction
7052,41,1.0,57.67,59.0,1.0,947,0.6094,1,Risque Moyen,Réactivation Ciblée : Emailing personnalisé / Remise panier moyen
7053,31,1.0,44.88,100.0,0.0,1050,0.6221,1,Risque Moyen,Réactivation Ciblée : Emailing personnalisé / Remise panier moyen
7054,43,2.0,77.44,52.0,0.5,884,0.5288,1,Risque Moyen,Réactivation Ciblée : Emailing personnalisé / Remise panier moyen
7055,49,6.0,801.52,4.0,0.6666666666666666,1286,0.2808,0,Risque Faible,Fidélisation Active : Programme fidélité / Ventes privées / Parrainage
7056,31,1.0,68.1,53.0,1.0,1290,0.6257,1,Risque Moyen,Réactivation Ciblée : Emailing personnalisé / Remise panier moyen
7057,47,3.0,524.9,102.0,0.3333333333333333,1218,0.4897,0,Risque Moyen,Réactivation Ciblée : Emailing personnalisé / Remise panier moyen
7058,59,1.0,383.49,21.0,1.0,613,0.5742,1,Risque Moyen,Réactivation Ciblée : Emailing personnalisé / Remise panier moyen
7059,36,1.0,19.27,254.0,1.0,639,0.6492,1,Risque Moyen,Réactivation Ciblée : Emailing personnalisé / Remise panier moyen
7060,44,5.0,284.37,44.0,1.0,1354,0.3422,0,Risque Faible,Fidélisation Active : Programme fidélité / Ventes privées / Parrainage
7061,29,0.0,0.0,303.0,0.0,1268,0.73,1,Risque Élevé,Rétention Urgente : Appel VIP / Bon d'achat 20% / Enquête insatisfaction
7062,35,1.0,177.66,33.0,0.0,589,0.5924,1,Risque Moyen,Réactivation Ciblée : Emailing personnalisé / Remise panier moyen
7063,33,2.0,343.38,132.0,0.5,310,0.5546,1,Risque Moyen,Réactivation Ciblée : Emailing personnalisé / Remise panier moyen
7064,44,7.0,1038.34,1.0,0.8571428571428571,1018,0.2373,0,Risque Faible,Fidélisation Active : Programme fidélité / Ventes privées / Parrainage
7065,48,6.0,1080.28,40.0,0.5,412,0.2911,0,Risque Faible,Fidélisation Active : Programme fidélité / Ventes privées / Parrainage
7066,34,1.0,125.9,166.0,0.0,1086,0.6302,1,Risque Moyen,Réactivation Ciblée : Emailing personnalisé / Remise panier moyen
7067,52,6.0,640.94,39.0,0.8333333333333334,732,0.271,0,Risque Faible,Fidélisation Active : Programme fidélité / Ventes privées / Parrainage
7068,52,12.0,2401.38,42.0,0.5833333333333334,844,0.0892,0,Risque Faible,Fidélisation Active : Programme fidélité / Ventes privées / Parrainage
7069,44,3.0,227.05,46.0,0.6666666666666666,1204,0.4668,0,Risque Moyen,Réactivation Ciblée : Emailing personnalisé / Remise panier moyen
7070,29,2.0,631.52,16.0,0.5,941,0.5567,1,Risque Moyen,Réactivation Ciblée : Emailing personnalisé / Remise panier moyen
7071,28,7.0,1324.44,55.0,0.42857142857142855,435,0.2573,0,Risque Faible,Fidélisation Active : Programme fidélité / Ventes privées / Parrainage
7072,26,0.0,0.0,303.0,0.0,926,0.7269,1,Risque Élevé,Rétention Urgente : Appel VIP / Bon d'achat 20% / Enquête insatisfaction
7073,45,1.0,77.62,68.0,0.0,743,0.5915,1,Risque Moyen,Réactivation Ciblée : Emailing personnalisé / Remise panier moyen
7074,22,6.0,1264.52,7.0,0.6666666666666666,1300,0.327,0,Risque Faible,Fidélisation Active : Programme fidélité / Ventes privées / Parrainage
7075,42,8.0,810.28,30.0,0.625,1095,0.1875,0,Risque Faible,Fidélisation Active : Programme fidélité / Ventes privées / Parrainage
7076,23,2.0,200.45,39.0,0.5,809,0.5491,1,Risque Moyen,Réactivation Ciblée : Emailing personnalisé / Remise panier moyen
7077,44,1.0,868.9499999999999,77.0,1.0,520,0.5982,1,Risque Moyen,Réactivation Ciblée : Emailing personnalisé / Remise panier moyen
7078,35,4.0,741.6800000000001,83.0,0.5,799,0.4251,0,Risque Moyen,Réactivation Ciblée : Emailing personnalisé / Remise panier moyen
7079,50,3.0,880.09,82.0,0.3333333333333333,779,0.483,0,Risque Moyen,Réactivation Ciblée : Emailing personnalisé / Remise panier moyen
7080,48,7.0,1297.25,7.0,0.5714285714285714,870,0.2478,0,Risque Faible,Fidélisation Active : Programme fidélité / Ventes privées / Parrainage
7081,51,2.0,96.59,139.0,0.5,1165,0.5517,1,Risque Moyen,Réactivation Ciblée : Emailing personnalisé / Remise panier moyen
7082,51,1.0,216.24,177.0,0.0,594,0.6052,1,Risque Moyen,Réactivation Ciblée : Emailing personnalisé / Remise panier moyen
7083,37,0.0,0.0,303.0,0.0,981,0.7179,1,Risque Élevé,Rétention Urgente : Appel VIP / Bon d'achat 20% / Enquête insatisfaction
7084,22,7.0,1644.39,3.0,0.42857142857142855,953,0.285,0,Risque Faible,Fidélisation Active : Programme fidélité / Ventes privées / Parrainage
7085,23,0.0,0.0,303.0,0.0,468,0.7218,1,Risque Élevé,Rétention Urgente : Appel VIP / Bon d'achat 20% / Enquête insatisfaction
7086,18,5.0,1098.9699999999998,20.0,0.4,1057,0.3853,0,Risque Moyen,Réactivation Ciblée : Emailing personnalisé / Remise panier moyen
7087,23,4.0,682.57,55.0,0.5,1117,0.4434,0,Risque Moyen,Réactivation Ciblée : Emailing personnalisé / Remise panier moyen
7088,36,2.0,204.96,14.0,0.5,1166,0.5389,1,Risque Moyen,Réactivation Ciblée : Emailing personnalisé / Remise panier moyen
7089,29,4.0,460.65000000000003,57.0,0.75,1259,0.4268,0,Risque Moyen,Réactivation Ciblée : Emailing personnalisé / Remise panier moyen
7090,33,4.0,328.31,7.0,0.75,1287,0.4181,0,Risque Moyen,Réactivation Ciblée : Emailing personnalisé / Remise panier moyen
7091,40,5.0,963.8299999999999,21.0,0.6,600,0.3524,0,Risque Moyen,Réactivation Ciblée : Emailing personnalisé / Remise panier moyen
7092,32,4.0,360.0,46.0,0.75,1176,0.4138,0,Risque Moyen,Réactivation Ciblée : Emailing personnalisé / Remise panier moyen
7093,23,11.0,2667.52,6.0,0.7272727272727273,1230,0.1395,0,Risque Faible,Fidélisation Active : Programme fidélité / Ventes privées / Parrainage
7094,34,2.0,920.35,31.0,0.0,1148,0.5584,1,Risque Moyen,Réactivation Ciblée : Emailing personnalisé / Remise panier moyen
7095,25,2.0,343.15000000000003,236.0,1.0,508,0.5956,1,Risque Moyen,Réactivation Ciblée : Emailing personnalisé / Remise panier moyen
7096,32,0.0,0.0,303.0,0.0,1029,0.7233,1,Risque Élevé,Rétention Urgente : Appel VIP / Bon d'achat 20% / Enquête insatisfaction
7097,50,0.0,0.0,303.0,0.0,891,0.7042,1,Risque Élevé,Rétention Urgente : Appel VIP / Bon d'achat 20% / Enquête insatisfaction
7098,32,2.0,259.96000000000004,70.0,1.0,410,0.5484,1,Risque Moyen,Réactivation Ciblée : Emailing personnalisé / Remise panier moyen
7099,54,3.0,1028.6299999999999,82.0,0.6666666666666666,556,0.4862,0,Risque Moyen,Réactivation Ciblée : Emailing personnalisé / Remise panier moyen
7100,51,7.0,938.9,126.0,0.42857142857142855,1171,0.2491,0,Risque Faible,Fidélisation Active : Programme fidélité / Ventes privées / Parrainage
7101,29,1.0,46.87,83.0,0.0,1170,0.6211,1,Risque Moyen,Réactivation Ciblée : Emailing personnalisé / Remise panier moyen
7102,23,3.0,451.95000000000005,18.0,0.6666666666666666,553,0.4835,0,Risque Moyen,Réactivation Ciblée : Emailing personnalisé / Remise panier moyen
7103,34,6.0,1112.81,141.0,0.3333333333333333,1194,0.3265,0,Risque Faible,Fidélisation Active : Programme fidélité / Ventes privées / Parrainage
7104,48,2.0,171.75,49.0,0.5,880,0.5263,1,Risque Moyen,Réactivation Ciblée : Emailing personnalisé / Remise panier moyen
7105,30,3.0,527.97,19.0,0.3333333333333333,1053,0.4828,0,Risque Moyen,Réactivation Ciblée : Emailing personnalisé / Remise panier moyen
7106,45,3.0,130.23,156.0,0.3333333333333333,549,0.4714,0,Risque Moyen,Réactivation Ciblée : Emailing personnalisé / Remise panier moyen
7107,48,0.0,0.0,303.0,0.0,989,0.7078,1,Risque Élevé,Rétention Urgente : Appel VIP / Bon d'achat 20% / Enquête insatisfaction
7108,26,7.0,1070.98,90.0,0.42857142857142855,927,0.2768,0,Risque Faible,Fidélisation Active : Programme fidélité / Ventes privées / Parrainage
7109,28,5.0,1141.69,47.0,0.6,504,0.3768,0,Risque Moyen,Réactivation Ciblée : Emailing personnalisé / Remise panier moyen
7110,43,0.0,0.0,303.0,0.0,1236,0.7168,1,Risque Élevé,Rétention Urgente : Appel VIP / Bon d'achat 20% / Enquête insatisfaction
7111,37,2.0,75.13,137.0,0.5,388,0.5436,1,Risque Moyen,Réactivation Ciblée : Emailing personnalisé / Remise panier moyen
7112,27,5.0,293.52,31.0,0.6,318,0.3332,0,Risque Faible,Fidélisation Active : Programme fidélité / Ventes privées / Parrainage
7113,31,3.0,401.02,84.0,0.3333333333333333,432,0.4811,0,Risque Moyen,Réactivation Ciblée : Emailing personnalisé / Remise panier moyen
7114,34,1.0,23.580000000000002,162.0,1.0,713,0.638,1,Risque Moyen,Réactivation Ciblée : Emailing personnalisé / Remise panier moyen
7115,18,3.0,727.5899999999999,68.0,1.0,1133,0.5268,1,Risque Moyen,Réactivation Ciblée : Emailing personnalisé / Remise panier moyen
7116,43,0.0,0.0,303.0,0.0,380,0.7016,1,Risque Élevé,Rétention Urgente : Appel VIP / Bon d'achat 20% / Enquête insatisfaction
7117,30,7.0,878.7399999999999,18.0,0.8571428571428571,554,0.2378,0,Risque Faible,Fidélisation Active : Programme fidélité / Ventes privées / Parrainage
7118,18,1.0,211.14,203.0,0.0,450,0.6447,1,Risque Moyen,Réactivation Ciblée : Emailing personnalisé / Remise panier moyen
7119,35,6.0,1230.29,6.0,0.6666666666666666,930,0.3171,0,Risque Faible,Fidélisation Active : Programme fidélité / Ventes privées / Parrainage
7120,27,1.0,42.72,152.0,0.0,781,0.6318,1,Risque Moyen,Réactivation Ciblée : Emailing personnalisé / Remise panier moyen
7121,54,0.0,0.0,303.0,0.0,758,0.698,1,Risque Élevé,Rétention Urgente : Appel VIP / Bon d'achat 20% / Enquête insatisfaction
7122,29,9.0,2100.11,34.0,0.5555555555555556,1139,0.1955,0,Risque Faible,Fidélisation Active : Programme fidélité / Ventes privées / Parrainage
7123,23,4.0,617.9000000000001,65.0,0.75,1029,0.4358,0,Risque Moyen,Réactivation Ciblée : Emailing personnalisé / Remise panier moyen
7124,41,2.0,304.49,144.0,0.5,1205,0.5644,1,Risque Moyen,Réactivation Ciblée : Emailing personnalisé / Remise panier moyen
7125,28,6.0,492.96999999999997,48.0,0.3333333333333333,1253,0.2924,0,Risque Faible,Fidélisation Active : Programme fidélité / Ventes privées / Parrainage
7126,26,1.0,507.21,269.0,0.0,1298,0.6624,1,Risque Élevé,Rétention Urgente : Appel VIP / Bon d'achat 20% / Enquête insatisfaction
7127,41,6.0,1852.09,74.0,0.6666666666666666,519,0.3427,0,Risque Faible,Fidélisation Active : Programme fidélité / Ventes privées / Parrainage
7128,24,5.0,254.45,42.0,1.0,292,0.3368,0,Risque Faible,Fidélisation Active : Programme fidélité / Ventes privées / Parrainage
7129,19,7.0,1795.6200000000001,2.0,0.14285714285714285,1027,0.2897,0,Risque Faible,Fidélisation Active : Programme fidélité / Ventes privées / Parrainage
7130,54,1.0,108.2,3.0,0.0,434,0.5669,1,Risque Moyen,Réactivation Ciblée : Emailing personnalisé / Remise panier moyen
7131,41,4.0,313.94,51.0,0.5,781,0.3946,0,Risque Moyen,Réactivation Ciblée : Emailing personnalisé / Remise panier moyen
7132,32,4.0,456.21999999999997,170.0,0.75,590,0.4337,0,Risque Moyen,Réactivation Ciblée : Emailing personnalisé / Remise panier moyen
7133,35,1.0,161.74,162.0,1.0,1037,0.6375,1,Risque Moyen,Réactivation Ciblée : Emailing personnalisé / Remise panier moyen
7134,41,4.0,822.58,10.0,0.75,401,0.4021,0,Risque Moyen,Réactivation Ciblée : Emailing personnalisé / Remise panier moyen
7135,46,7.0,1346.8000000000002,32.0,0.14285714285714285,1262,0.2513,0,Risque Faible,Fidélisation Active : Programme fidélité / Ventes privées / Parrainage
7136,27,0.0,0.0,303.0,0.0,1287,0.7321,1,Risque Élevé,Rétention Urgente : Appel VIP / Bon d'achat 20% / Enquête insatisfaction
7137,39,1.0,20.88,259.0,0.0,977,0.6433,1,Risque Moyen,Réactivation Ciblée : Emailing personnalisé / Remise panier moyen
7138,29,4.0,708.42,39.0,1.0,1139,0.4402,0,Risque Moyen,Réactivation Ciblée : Emailing personnalisé / Remise panier moyen
7139,33,5.0,776.78,19.0,0.0,1349,0.3572,0,Risque Moyen,Réactivation Ciblée : Emailing personnalisé / Remise panier moyen
7140,37,3.0,366.77,81.0,1.0,589,0.4815,0,Risque Moyen,Réactivation Ciblée : Emailing personnalisé / Remise panier moyen
7141,35,2.0,256.59000000000003,52.0,0.5,717,0.544,1,Risque Moyen,Réactivation Ciblée : Emailing personnalisé / Remise panier moyen
7142,43,3.0,835.4300000000001,147.0,1.0,897,0.5184,1,Risque Moyen,Réactivation Ciblée : Emailing personnalisé / Remise panier moyen
7143,40,6.0,1194.77,59.0,0.6666666666666666,777,0.3126,0,Risque Faible,Fidélisation Active : Programme fidélité / Ventes privées / Parrainage
7144,18,1.0,79.14,4.0,1.0,1295,0.6312,1,Risque Moyen,Réactivation Ciblée : Emailing personnalisé / Remise panier moyen
7145,20,3.0,620.27,116.0,0.3333333333333333,715,0.5175,1,Risque Moyen,Réactivation Ciblée : Emailing personnalisé / Remise panier moyen
7146,31,2.0,669.11,115.0,0.5,907,0.5738,1,Risque Moyen,Réactivation Ciblée : Emailing personnalisé / Remise panier moyen
7147,55,3.0,967.4200000000001,38.0,0.3333333333333333,1054,0.4761,0,Risque Moyen,Réactivation Ciblée : Emailing personnalisé / Remise panier moyen
7148,26,1.0,36.22,55.0,1.0,729,0.6205,1,Risque Moyen,Réactivation Ciblée : Emailing personnalisé / Remise panier moyen
7149,33,1.0,142.71,35.0,0.0,1095,0.6039,1,Risque Moyen,Réactivation Ciblée : Emailing personnalisé / Remise panier moyen
7150,29,1.0,164.75,218.0,1.0,887,0.6521,1,Risque Élevé,Rétention Urgente : Appel VIP / Bon d'achat 20% / Enquête insatisfaction
7151,29,0.0,0.0,303.0,0.0,1287,0.7304,1,Risque Élevé,Rétention Urgente : Appel VIP / Bon d'achat 20% / Enquête insatisfaction
7152,37,0.0,0.0,303.0,0.0,1338,0.724,1,Risque Élevé,Rétention Urgente : Appel VIP / Bon d'achat 20% / Enquête insatisfaction
7153,50,2.0,107.82,25.0,0.0,623,0.5106,1,Risque Moyen,Réactivation Ciblée : Emailing personnalisé / Remise panier moyen
7154,40,2.0,756.9799999999999,51.0,0.5,373,0.5422,1,Risque Moyen,Réactivation Ciblée : Emailing personnalisé / Remise panier moyen
7155,26,2.0,191.26,22.0,0.5,1327,0.5529,1,Risque Moyen,Réactivation Ciblée : Emailing personnalisé / Remise panier moyen
7156,65,1.0,102.12,243.0,0.0,1118,0.6142,1,Risque Moyen,Réactivation Ciblée : Emailing personnalisé / Remise panier moyen
7157,36,1.0,179.27,54.0,0.0,982,0.6018,1,Risque Moyen,Réactivation Ciblée : Emailing personnalisé / Remise panier moyen
7158,29,3.0,441.8,15.0,0.6666666666666666,373,0.4805,0,Risque Moyen,Réactivation Ciblée : Emailing personnalisé / Remise panier moyen
7159,51,3.0,439.73,35.0,0.3333333333333333,1103,0.4611,0,Risque Moyen,Réactivation Ciblée : Emailing personnalisé / Remise panier moyen
7160,30,1.0,149.45,77.0,0.0,1347,0.6291,1,Risque Moyen,Réactivation Ciblée : Emailing personnalisé / Remise panier moyen
7161,53,2.0,163.15,100.0,0.0,1293,0.5328,1,Risque Moyen,Réactivation Ciblée : Emailing personnalisé / Remise panier moyen
7162,25,2.0,189.61,61.0,0.5,689,0.5511,1,Risque Moyen,Réactivation Ciblée : Emailing personnalisé / Remise panier moyen
7163,51,1.0,290.64,152.0,0.0,478,0.5985,1,Risque Moyen,Réactivation Ciblée : Emailing personnalisé / Remise panier moyen
7164,37,5.0,629.09,57.0,0.8,504,0.3434,0,Risque Faible,Fidélisation Active : Programme fidélité / Ventes privées / Parrainage
7165,49,3.0,228.07,6.0,0.3333333333333333,1129,0.4471,0,Risque Moyen,Réactivation Ciblée : Emailing personnalisé / Remise panier moyen
7166,56,1.0,135.87,70.0,0.0,1318,0.591,1,Risque Moyen,Réactivation Ciblée : Emailing personnalisé / Remise panier moyen
7167,23,5.0,895.03,3.0,0.4,409,0.3601,0,Risque Moyen,Réactivation Ciblée : Emailing personnalisé / Remise panier moyen
7168,49,2.0,283.48,64.0,1.0,893,0.5409,1,Risque Moyen,Réactivation Ciblée : Emailing personnalisé / Remise panier moyen
7169,20,4.0,1091.92,46.0,0.0,505,0.4467,0,Risque Moyen,Réactivation Ciblée : Emailing personnalisé / Remise panier moyen
7170,23,3.0,156.76999999999998,45.0,0.6666666666666666,475,0.4726,0,Risque Moyen,Réactivation Ciblée : Emailing personnalisé / Remise panier moyen
7171,26,3.0,171.63,17.0,1.0,844,0.4817,0,Risque Moyen,Réactivation Ciblée : Emailing personnalisé / Remise panier moyen
7172,41,3.0,275.37,36.0,0.6666666666666666,1212,0.4696,0,Risque Moyen,Réactivation Ciblée : Emailing personnalisé / Remise panier moyen
7173,35,1.0,309.51,204.0,1.0,1170,0.6507,1,Risque Élevé,Rétention Urgente : Appel VIP / Bon d'achat 20% / Enquête insatisfaction
7174,33,3.0,299.22,209.0,0.6666666666666666,345,0.5033,1,Risque Moyen,Réactivation Ciblée : Emailing personnalisé / Remise panier moyen
7175,37,1.0,169.42,39.0,0.0,703,0.5919,1,Risque Moyen,Réactivation Ciblée : Emailing personnalisé / Remise panier moyen
7176,42,2.0,148.26999999999998,91.0,1.0,633,0.5466,1,Risque Moyen,Réactivation Ciblée : Emailing personnalisé / Remise panier moyen
7177,42,2.0,180.22,79.0,1.0,1294,0.5608,1,Risque Moyen,Réactivation Ciblée : Emailing personnalisé / Remise panier moyen
7178,47,1.0,882.0999999999999,198.0,0.0,417,0.6072,1,Risque Moyen,Réactivation Ciblée : Emailing personnalisé / Remise panier moyen
7179,55,0.0,0.0,303.0,0.0,644,0.695,1,Risque Élevé,Rétention Urgente : Appel VIP / Bon d'achat 20% / Enquête insatisfaction
7180,35,6.0,1108.71,47.0,0.3333333333333333,360,0.305,0,Risque Faible,Fidélisation Active : Programme fidélité / Ventes privées / Parrainage
7181,29,5.0,455.07,107.0,0.4,1002,0.3573,0,Risque Moyen,Réactivation Ciblée : Emailing personnalisé / Remise panier moyen
7182,42,4.0,981.1200000000001,11.0,1.0,613,0.4159,0,Risque Moyen,Réactivation Ciblée : Emailing personnalisé / Remise panier moyen
7183,22,0.0,0.0,303.0,0.0,1261,0.7361,1,Risque Élevé,Rétention Urgente : Appel VIP / Bon d'achat 20% / Enquête insatisfaction
7184,28,1.0,128.28,91.0,0.0,680,0.6128,1,Risque Moyen,Réactivation Ciblée : Emailing personnalisé / Remise panier moyen
7185,46,4.0,531.49,14.0,0.5,1276,0.403,0,Risque Moyen,Réactivation Ciblée : Emailing personnalisé / Remise panier moyen
7186,34,1.0,123.34,264.0,0.0,403,0.6387,1,Risque Moyen,Réactivation Ciblée : Emailing personnalisé / Remise panier moyen
7187,22,3.0,472.96999999999997,10.0,0.3333333333333333,1269,0.4951,0,Risque Moyen,Réactivation Ciblée : Emailing personnalisé / Remise panier moyen
7188,19,2.0,188.48999999999998,144.0,0.0,1188,0.5807,1,Risque Moyen,Réactivation Ciblée : Emailing personnalisé / Remise panier moyen
7189,36,1.0,128.78,14.0,0.0,698,0.5902,1,Risque Moyen,Réactivation Ciblée : Emailing personnalisé / Remise panier moyen
7190,48,2.0,327.15999999999997,87.0,0.5,1273,0.546,1,Risque Moyen,Réactivation Ciblée : Emailing personnalisé / Remise panier moyen
7191,47,1.0,291.9,92.0,1.0,1137,0.6126,1,Risque Moyen,Réactivation Ciblée : Emailing personnalisé / Remise panier moyen
7192,36,3.0,724.94,40.0,0.6666666666666666,1118,0.4939,0,Risque Moyen,Réactivation Ciblée : Emailing personnalisé / Remise panier moyen
7193,57,2.0,642.04,95.0,0.5,465,0.5347,1,Risque Moyen,Réactivation Ciblée : Emailing personnalisé / Remise panier moyen
7194,34,10.0,1595.67,36.0,0.4,1350,0.1414,0,Risque Faible,Fidélisation Active : Programme fidélité / Ventes privées / Parrainage
7195,33,3.0,420.89,1.0,0.3333333333333333,1162,0.4768,0,Risque Moyen,Réactivation Ciblée : Emailing personnalisé / Remise panier moyen
7196,18,0.0,0.0,303.0,0.0,1058,0.7363,1,Risque Élevé,Rétention Urgente : Appel VIP / Bon d'achat 20% / Enquête insatisfaction
7197,30,3.0,573.88,61.0,0.3333333333333333,1266,0.5024,1,Risque Moyen,Réactivation Ciblée : Emailing personnalisé / Remise panier moyen
7198,44,5.0,1234.08,111.0,0.4,1210,0.3906,0,Risque Moyen,Réactivation Ciblée : Emailing personnalisé / Remise panier moyen
7199,52,2.0,147.34,17.0,0.5,991,0.5145,1,Risque Moyen,Réactivation Ciblée : Emailing personnalisé / Remise panier moyen
7200,26,1.0,345.48,159.0,1.0,655,0.6383,1,Risque Moyen,Réactivation Ciblée : Emailing personnalisé / Remise panier moyen
7201,40,5.0,1132.02,31.0,0.8,1277,0.3781,0,Risque Moyen,Réactivation Ciblée : Emailing personnalisé / Remise panier moyen
7202,47,0.0,0.0,303.0,0.0,702,0.7036,1,Risque Élevé,Rétention Urgente : Appel VIP / Bon d'achat 20% / Enquête insatisfaction
7203,35,2.0,261.14,70.0,1.0,1193,0.5617,1,Risque Moyen,Réactivation Ciblée : Emailing personnalisé / Remise panier moyen
7204,18,5.0,1377.75,96.0,0.6,634,0.4051,0,Risque Moyen,Réactivation Ciblée : Emailing personnalisé / Remise panier moyen
7205,38,0.0,0.0,303.0,0.0,1190,0.7206,1,Risque Élevé,Rétention Urgente : Appel VIP / Bon d'achat 20% / Enquête insatisfaction
7206,43,1.0,624.72,180.0,1.0,631,0.6245,1,Risque Moyen,Réactivation Ciblée : Emailing personnalisé / Remise panier moyen
7207,25,1.0,47.52,150.0,1.0,916,0.6447,1,Risque Moyen,Réactivation Ciblée : Emailing personnalisé / Remise panier moyen
7208,32,9.0,2036.56,13.0,0.5555555555555556,786,0.1894,0,Risque Faible,Fidélisation Active : Programme fidélité / Ventes privées / Parrainage
7209,22,0.0,0.0,303.0,0.0,877,0.7297,1,Risque Élevé,Rétention Urgente : Appel VIP / Bon d'achat 20% / Enquête insatisfaction
7210,18,0.0,0.0,303.0,0.0,412,0.7253,1,Risque Élevé,Rétention Urgente : Appel VIP / Bon d'achat 20% / Enquête insatisfaction
7211,46,2.0,453.31,191.0,1.0,1266,0.5786,1,Risque Moyen,Réactivation Ciblée : Emailing personnalisé / Remise panier moyen
7212,35,4.0,623.64,96.0,0.25,1328,0.4364,0,Risque Moyen,Réactivation Ciblée : Emailing personnalisé / Remise panier moyen
7213,53,1.0,45.96,264.0,1.0,934,0.6391,1,Risque Moyen,Réactivation Ciblée : Emailing personnalisé / Remise panier moyen
7214,44,3.0,240.38,40.0,0.6666666666666666,423,0.4492,0,Risque Moyen,Réactivation Ciblée : Emailing personnalisé / Remise panier moyen
7215,31,4.0,527.43,38.0,1.0,667,0.4237,0,Risque Moyen,Réactivation Ciblée : Emailing personnalisé / Remise panier moyen
7216,34,1.0,46.97,142.0,0.0,932,0.6232,1,Risque Moyen,Réactivation Ciblée : Emailing personnalisé / Remise panier moyen
7217,41,1.0,84.68,113.0,0.0,661,0.6057,1,Risque Moyen,Réactivation Ciblée : Emailing personnalisé / Remise panier moyen
7218,46,2.0,650.45,90.0,1.0,314,0.5444,1,Risque Moyen,Réactivation Ciblée : Emailing personnalisé / Remise panier moyen
7219,39,4.0,1431.23,10.0,0.75,1339,0.4513,0,Risque Moyen,Réactivation Ciblée : Emailing personnalisé / Remise panier moyen
7220,47,1.0,155.59,162.0,0.0,383,0.6008,1,Risque Moyen,Réactivation Ciblée : Emailing personnalisé / Remise panier moyen
7221,32,4.0,690.0799999999999,78.0,0.5,685,0.4273,0,Risque Moyen,Réactivation Ciblée : Emailing personnalisé / Remise panier moyen
7222,24,7.0,939.73,133.0,0.7142857142857143,979,0.2767,0,Risque Faible,Fidélisation Active : Programme fidélité / Ventes privées / Parrainage
7223,34,4.0,433.87,92.0,1.0,1093,0.4314,0,Risque Moyen,Réactivation Ciblée : Emailing personnalisé / Remise panier moyen
7224,37,4.0,349.92,5.0,0.5,1357,0.4044,0,Risque Moyen,Réactivation Ciblée : Emailing personnalisé / Remise panier moyen
7225,22,2.0,164.46,107.0,0.5,1320,0.5773,1,Risque Moyen,Réactivation Ciblée : Emailing personnalisé / Remise panier moyen
7226,20,3.0,277.98,130.0,1.0,1359,0.5212,1,Risque Moyen,Réactivation Ciblée : Emailing personnalisé / Remise panier moyen
7227,40,1.0,79.61,191.0,0.0,1108,0.6301,1,Risque Moyen,Réactivation Ciblée : Emailing personnalisé / Remise panier moyen
7228,31,2.0,140.65,63.0,1.0,1049,0.5551,1,Risque Moyen,Réactivation Ciblée : Emailing personnalisé / Remise panier moyen
7229,33,4.0,793.92,60.0,0.5,1183,0.4407,0,Risque Moyen,Réactivation Ciblée : Emailing personnalisé / Remise panier moyen
7230,31,5.0,1149.81,103.0,0.6,1140,0.3965,0,Risque Moyen,Réactivation Ciblée : Emailing personnalisé / Remise panier moyen
7231,52,5.0,657.0600000000001,74.0,0.2,699,0.3321,0,Risque Faible,Fidélisation Active : Programme fidélité / Ventes privées / Parrainage
7232,49,2.0,378.82000000000005,13.0,0.5,584,0.5212,1,Risque Moyen,Réactivation Ciblée : Emailing personnalisé / Remise panier moyen
7233,21,1.0,40.2,179.0,0.0,534,0.6367,1,Risque Moyen,Réactivation Ciblée : Emailing personnalisé / Remise panier moyen
7234,29,5.0,580.5200000000001,90.0,0.6,1348,0.3713,0,Risque Moyen,Réactivation Ciblée : Emailing personnalisé / Remise panier moyen
7235,44,3.0,226.23999999999998,109.0,0.6666666666666666,1353,0.4861,0,Risque Moyen,Réactivation Ciblée : Emailing personnalisé / Remise panier moyen
7236,42,0.0,0.0,303.0,0.0,889,0.7116,1,Risque Élevé,Rétention Urgente : Appel VIP / Bon d'achat 20% / Enquête insatisfaction
7237,35,0.0,0.0,303.0,0.0,1363,0.7263,1,Risque Élevé,Rétention Urgente : Appel VIP / Bon d'achat 20% / Enquête insatisfaction
7238,22,3.0,905.8,48.0,0.6666666666666666,1071,0.5266,1,Risque Moyen,Réactivation Ciblée : Emailing personnalisé / Remise panier moyen
7239,27,2.0,172.05,28.0,1.0,457,0.5399,1,Risque Moyen,Réactivation Ciblée : Emailing personnalisé / Remise panier moyen
7240,29,1.0,147.7,117.0,1.0,428,0.6226,1,Risque Moyen,Réactivation Ciblée : Emailing personnalisé / Remise panier moyen
7241,38,0.0,0.0,303.0,0.0,1110,0.7192,1,Risque Élevé,Rétention Urgente : Appel VIP / Bon d'achat 20% / Enquête insatisfaction
7242,54,0.0,0.0,303.0,0.0,355,0.6906,1,Risque Élevé,Rétention Urgente : Appel VIP / Bon d'achat 20% / Enquête insatisfaction
7243,27,3.0,557.66,134.0,1.0,305,0.5084,1,Risque Moyen,Réactivation Ciblée : Emailing personnalisé / Remise panier moyen
7244,24,1.0,22.33,180.0,1.0,1093,0.6555,1,Risque Élevé,Rétention Urgente : Appel VIP / Bon d'achat 20% / Enquête insatisfaction
7245,34,1.0,138.96,152.0,1.0,625,0.6346,1,Risque Moyen,Réactivation Ciblée : Emailing personnalisé / Remise panier moyen
7246,46,5.0,811.78,84.0,0.6,850,0.3526,0,Risque Moyen,Réactivation Ciblée : Emailing personnalisé / Remise panier moyen
7247,19,0.0,0.0,303.0,0.0,542,0.7266,1,Risque Élevé,Rétention Urgente : Appel VIP / Bon d'achat 20% / Enquête insatisfaction
7248,51,3.0,639.29,12.0,1.0,764,0.4644,0,Risque Moyen,Réactivation Ciblée : Emailing personnalisé / Remise panier moyen
7249,33,2.0,97.44,81.0,0.5,420,0.5412,1,Risque Moyen,Réactivation Ciblée : Emailing personnalisé / Remise panier moyen
7250,27,2.0,329.54999999999995,5.0,1.0,889,0.5512,1,Risque Moyen,Réactivation Ciblée : Emailing personnalisé / Remise panier moyen
7251,18,5.0,501.57,95.0,0.6,955,0.3732,0,Risque Moyen,Réactivation Ciblée : Emailing personnalisé / Remise panier moyen
7252,43,4.0,530.09,85.0,0.5,370,0.4068,0,Risque Moyen,Réactivation Ciblée : Emailing personnalisé / Remise panier moyen
7253,33,2.0,47.58,18.0,1.0,295,0.5252,1,Risque Moyen,Réactivation Ciblée : Emailing personnalisé / Remise panier moyen
7254,37,17.0,3366.07,14.0,0.5882352941176471,592,0.0282,0,Risque Faible,Fidélisation Active : Programme fidélité / Ventes privées / Parrainage
7255,25,2.0,250.14999999999998,121.0,1.0,1324,0.5843,1,Risque Moyen,Réactivation Ciblée : Emailing personnalisé / Remise panier moyen
7256,31,2.0,145.46,26.0,0.5,539,0.5391,1,Risque Moyen,Réactivation Ciblée : Emailing personnalisé / Remise panier moyen
7257,30,0.0,0.0,303.0,0.0,1094,0.7262,1,Risque Élevé,Rétention Urgente : Appel VIP / Bon d'achat 20% / Enquête insatisfaction
7258,34,0.0,0.0,303.0,0.0,310,0.7088,1,Risque Élevé,Rétention Urgente : Appel VIP / Bon d'achat 20% / Enquête insatisfaction
7259,28,2.0,611.79,24.0,0.0,716,0.5466,1,Risque Moyen,Réactivation Ciblée : Emailing personnalisé / Remise panier moyen
7260,18,1.0,162.07,261.0,1.0,1225,0.6782,1,Risque Élevé,Rétention Urgente : Appel VIP / Bon d'achat 20% / Enquête insatisfaction
7261,65,5.0,957.2199999999999,8.0,1.0,534,0.3214,0,Risque Faible,Fidélisation Active : Programme fidélité / Ventes privées / Parrainage
7262,20,3.0,205.68,172.0,0.6666666666666666,612,0.5106,1,Risque Moyen,Réactivation Ciblée : Emailing personnalisé / Remise panier moyen
7263,37,1.0,188.34,35.0,0.0,1176,0.6026,1,Risque Moyen,Réactivation Ciblée : Emailing personnalisé / Remise panier moyen
7264,18,5.0,667.79,35.0,0.6,822,0.3622,0,Risque Moyen,Réactivation Ciblée : Emailing personnalisé / Remise panier moyen
7265,18,3.0,530.26,30.0,1.0,585,0.503,1,Risque Moyen,Réactivation Ciblée : Emailing personnalisé / Remise panier moyen
7266,36,10.0,2310.02,15.0,0.6,1191,0.1546,0,Risque Faible,Fidélisation Active : Programme fidélité / Ventes privées / Parrainage
7267,37,10.0,2170.9,8.0,0.4,587,0.1434,0,Risque Faible,Fidélisation Active : Programme fidélité / Ventes privées / Parrainage
7268,49,1.0,90.86,39.0,0.0,1051,0.5871,1,Risque Moyen,Réactivation Ciblée : Emailing personnalisé / Remise panier moyen
7269,39,2.0,227.59,143.0,1.0,1218,0.5709,1,Risque Moyen,Réactivation Ciblée : Emailing personnalisé / Remise panier moyen
7270,33,5.0,1869.29,53.0,0.6,758,0.4107,0,Risque Moyen,Réactivation Ciblée : Emailing personnalisé / Remise panier moyen
7271,25,1.0,86.92,216.0,0.0,828,0.6472,1,Risque Moyen,Réactivation Ciblée : Emailing personnalisé / Remise panier moyen
7272,51,2.0,376.06,65.0,1.0,1219,0.5454,1,Risque Moyen,Réactivation Ciblée : Emailing personnalisé / Remise panier moyen
7273,45,4.0,313.52,12.0,0.25,1107,0.3901,0,Risque Moyen,Réactivation Ciblée : Emailing personnalisé / Remise panier moyen
7274,21,1.0,45.8,246.0,0.0,956,0.6584,1,Risque Élevé,Rétention Urgente : Appel VIP / Bon d'achat 20% / Enquête insatisfaction
7275,35,1.0,108.19,119.0,1.0,877,0.6262,1,Risque Moyen,Réactivation Ciblée : Emailing personnalisé / Remise panier moyen
7276,37,2.0,228.3,85.0,1.0,368,0.5403,1,Risque Moyen,Réactivation Ciblée : Emailing personnalisé / Remise panier moyen
7277,31,1.0,82.17,255.0,1.0,1332,0.6671,1,Risque Élevé,Rétention Urgente : Appel VIP / Bon d'achat 20% / Enquête insatisfaction
7278,43,2.0,374.45,54.0,0.0,888,0.5334,1,Risque Moyen,Réactivation Ciblée : Emailing personnalisé / Remise panier moyen
7279,44,9.0,1489.03,51.0,0.8888888888888888,1189,0.1742,0,Risque Faible,Fidélisation Active : Programme fidélité / Ventes privées / Parrainage
7280,33,4.0,1115.87,67.0,0.5,787,0.4471,0,Risque Moyen,Réactivation Ciblée : Emailing personnalisé / Remise panier moyen
7281,32,1.0,27.94,132.0,0.0,390,0.6125,1,Risque Moyen,Réactivation Ciblée : Emailing personnalisé / Remise panier moyen
7282,51,1.0,13.38,249.0,1.0,1015,0.6401,1,Risque Moyen,Réactivation Ciblée : Emailing personnalisé / Remise panier moyen
7283,45,4.0,426.92,36.0,0.5,402,0.3852,0,Risque Moyen,Réactivation Ciblée : Emailing personnalisé / Remise panier moyen
7284,36,0.0,0.0,303.0,0.0,1005,0.7192,1,Risque Élevé,Rétention Urgente : Appel VIP / Bon d'achat 20% / Enquête insatisfaction
7285,18,0.0,0.0,303.0,0.0,1300,0.7403,1,Risque Élevé,Rétention Urgente : Appel VIP / Bon d'achat 20% / Enquête insatisfaction
7286,39,1.0,8.79,147.0,0.0,1061,0.6221,1,Risque Moyen,Réactivation Ciblée : Emailing personnalisé / Remise panier moyen
7287,43,0.0,0.0,303.0,0.0,946,0.7117,1,Risque Élevé,Rétention Urgente : Appel VIP / Bon d'achat 20% / Enquête insatisfaction
7288,18,0.0,0.0,303.0,0.0,855,0.7329,1,Risque Élevé,Rétention Urgente : Appel VIP / Bon d'achat 20% / Enquête insatisfaction
7289,38,4.0,569.28,46.0,0.25,1150,0.4145,0,Risque Moyen,Réactivation Ciblée : Emailing personnalisé / Remise panier moyen
7290,30,0.0,0.0,303.0,0.0,300,0.7124,1,Risque Élevé,Rétention Urgente : Appel VIP / Bon d'achat 20% / Enquête insatisfaction
7291,33,3.0,201.84,81.0,0.3333333333333333,1002,0.4802,0,Risque Moyen,Réactivation Ciblée : Emailing personnalisé / Remise panier moyen
7292,25,1.0,254.04,259.0,0.0,1247,0.6618,1,Risque Élevé,Rétention Urgente : Appel VIP / Bon d'achat 20% / Enquête insatisfaction
7293,33,2.0,252.56,114.0,0.0,874,0.5532,1,Risque Moyen,Réactivation Ciblée : Emailing personnalisé / Remise panier moyen
7294,50,0.0,0.0,303.0,0.0,792,0.7024,1,Risque Élevé,Rétention Urgente : Appel VIP / Bon d'achat 20% / Enquête insatisfaction
7295,30,0.0,0.0,303.0,0.0,485,0.7156,1,Risque Élevé,Rétention Urgente : Appel VIP / Bon d'achat 20% / Enquête insatisfaction
7296,46,1.0,94.35000000000001,127.0,0.0,474,0.6054,1,Risque Moyen,Réactivation Ciblée : Emailing personnalisé / Remise panier moyen
7297,26,3.0,409.16,205.0,0.0,790,0.5155,1,Risque Moyen,Réactivation Ciblée : Emailing personnalisé / Remise panier moyen
7298,43,2.0,439.35,51.0,0.5,1019,0.5468,1,Risque Moyen,Réactivation Ciblée : Emailing personnalisé / Remise panier moyen
7299,35,2.0,50.89,27.0,0.5,1254,0.5462,1,Risque Moyen,Réactivation Ciblée : Emailing personnalisé / Remise panier moyen
7300,39,1.0,107.94,209.0,1.0,741,0.6378,1,Risque Moyen,Réactivation Ciblée : Emailing personnalisé / Remise panier moyen
7301,35,6.0,644.3,64.0,0.3333333333333333,1132,0.3007,0,Risque Faible,Fidélisation Active : Programme fidélité / Ventes privées / Parrainage
7302,42,0.0,0.0,303.0,0.0,1322,0.7192,1,Risque Élevé,Rétention Urgente : Appel VIP / Bon d'achat 20% / Enquête insatisfaction
7303,18,5.0,524.4300000000001,111.0,0.0,1095,0.3798,0,Risque Moyen,Réactivation Ciblée : Emailing personnalisé / Remise panier moyen
7304,19,2.0,345.41999999999996,112.0,0.0,1256,0.5844,1,Risque Moyen,Réactivation Ciblée : Emailing personnalisé / Remise panier moyen
7305,40,9.0,1123.5700000000002,67.0,0.6666666666666666,824,0.1603,0,Risque Faible,Fidélisation Active : Programme fidélité / Ventes privées / Parrainage
7306,18,3.0,195.38,39.0,0.6666666666666666,970,0.4887,0,Risque Moyen,Réactivation Ciblée : Emailing personnalisé / Remise panier moyen
7307,29,1.0,82.69,164.0,0.0,577,0.6255,1,Risque Moyen,Réactivation Ciblée : Emailing personnalisé / Remise panier moyen
7308,34,1.0,45.71,250.0,0.0,1053,0.6478,1,Risque Moyen,Réactivation Ciblée : Emailing personnalisé / Remise panier moyen
7309,26,2.0,154.78,74.0,1.0,1318,0.5712,1,Risque Moyen,Réactivation Ciblée : Emailing personnalisé / Remise panier moyen
7310,27,0.0,0.0,303.0,0.0,1225,0.7311,1,Risque Élevé,Rétention Urgente : Appel VIP / Bon d'achat 20% / Enquête insatisfaction
7311,38,4.0,225.45,15.0,0.75,841,0.3892,0,Risque Moyen,Réactivation Ciblée : Emailing personnalisé / Remise panier moyen
7312,46,2.0,333.76,44.0,0.5,979,0.5348,1,Risque Moyen,Réactivation Ciblée : Emailing personnalisé / Remise panier moyen
7313,24,7.0,1621.5,34.0,0.42857142857142855,550,0.2774,0,Risque Faible,Fidélisation Active : Programme fidélité / Ventes privées / Parrainage
7314,29,6.0,1002.11,32.0,0.5,620,0.3069,0,Risque Faible,Fidélisation Active : Programme fidélité / Ventes privées / Parrainage
7315,27,3.0,388.27,51.0,0.0,957,0.4811,0,Risque Moyen,Réactivation Ciblée : Emailing personnalisé / Remise panier moyen
7316,18,0.0,0.0,303.0,0.0,985,0.735,1,Risque Élevé,Rétention Urgente : Appel VIP / Bon d'achat 20% / Enquête insatisfaction
7317,37,0.0,0.0,303.0,0.0,494,0.7093,1,Risque Élevé,Rétention Urgente : Appel VIP / Bon d'achat 20% / Enquête insatisfaction
7318,45,11.0,2233.45,2.0,0.6363636363636364,472,0.1111,0,Risque Faible,Fidélisation Active : Programme fidélité / Ventes privées / Parrainage
7319,46,2.0,188.78,93.0,1.0,661,0.5396,1,Risque Moyen,Réactivation Ciblée : Emailing personnalisé / Remise panier moyen
7320,25,0.0,0.0,303.0,0.0,1155,0.7317,1,Risque Élevé,Rétention Urgente : Appel VIP / Bon d'achat 20% / Enquête insatisfaction
7321,21,1.0,75.72,200.0,0.0,799,0.6497,1,Risque Moyen,Réactivation Ciblée : Emailing personnalisé / Remise panier moyen
7322,35,2.0,238.68,141.0,1.0,1150,0.5737,1,Risque Moyen,Réactivation Ciblée : Emailing personnalisé / Remise panier moyen
7323,44,1.0,59.67,9.0,1.0,1150,0.5997,1,Risque Moyen,Réactivation Ciblée : Emailing personnalisé / Remise panier moyen
7324,37,1.0,148.16,138.0,0.0,1356,0.6264,1,Risque Moyen,Réactivation Ciblée : Emailing personnalisé / Remise panier moyen
7325,38,0.0,0.0,303.0,0.0,946,0.7163,1,Risque Élevé,Rétention Urgente : Appel VIP / Bon d'achat 20% / Enquête insatisfaction
7326,48,2.0,232.35,187.0,1.0,883,0.5677,1,Risque Moyen,Réactivation Ciblée : Emailing personnalisé / Remise panier moyen
7327,27,1.0,8.45,204.0,0.0,401,0.6333,1,Risque Moyen,Réactivation Ciblée : Emailing personnalisé / Remise panier moyen
7328,33,3.0,235.64,44.0,1.0,583,0.4739,0,Risque Moyen,Réactivation Ciblée : Emailing personnalisé / Remise panier moyen
7329,53,6.0,557.46,181.0,0.6666666666666666,1250,0.2987,0,Risque Faible,Fidélisation Active : Programme fidélité / Ventes privées / Parrainage
7330,33,5.0,1003.86,4.0,0.2,1098,0.3613,0,Risque Moyen,Réactivation Ciblée : Emailing personnalisé / Remise panier moyen
7331,21,4.0,380.08,24.0,0.75,457,0.4131,0,Risque Moyen,Réactivation Ciblée : Emailing personnalisé / Remise panier moyen
7332,28,1.0,46.29,152.0,0.0,527,0.6235,1,Risque Moyen,Réactivation Ciblée : Emailing personnalisé / Remise panier moyen
7333,25,1.0,142.71,123.0,0.0,298,0.6188,1,Risque Moyen,Réactivation Ciblée : Emailing personnalisé / Remise panier moyen
7334,39,1.0,333.8,3.0,0.0,705,0.5881,1,Risque Moyen,Réactivation Ciblée : Emailing personnalisé / Remise panier moyen
7335,25,0.0,0.0,303.0,0.0,345,0.7178,1,Risque Élevé,Rétention Urgente : Appel VIP / Bon d'achat 20% / Enquête insatisfaction
7336,38,1.0,45.64,133.0,1.0,1196,0.6332,1,Risque Moyen,Réactivation Ciblée : Emailing personnalisé / Remise panier moyen
7337,27,2.0,165.57000000000002,34.0,0.5,582,0.5424,1,Risque Moyen,Réactivation Ciblée : Emailing personnalisé / Remise panier moyen
7338,18,1.0,47.01,142.0,1.0,1022,0.6524,1,Risque Élevé,Rétention Urgente : Appel VIP / Bon d'achat 20% / Enquête insatisfaction
7339,38,1.0,490.59000000000003,262.0,1.0,1132,0.6561,1,Risque Élevé,Rétention Urgente : Appel VIP / Bon d'achat 20% / Enquête insatisfaction
7340,37,2.0,423.61,97.0,0.5,432,0.5465,1,Risque Moyen,Réactivation Ciblée : Emailing personnalisé / Remise panier moyen
7341,41,1.0,62.71,264.0,0.0,826,0.6387,1,Risque Moyen,Réactivation Ciblée : Emailing personnalisé / Remise panier moyen
7342,28,7.0,905.99,41.0,0.5714285714285714,962,0.2449,0,Risque Faible,Fidélisation Active : Programme fidélité / Ventes privées / Parrainage
7343,26,1.0,314.72,270.0,1.0,1291,0.6732,1,Risque Élevé,Rétention Urgente : Appel VIP / Bon d'achat 20% / Enquête insatisfaction
7344,39,8.0,1418.95,58.0,0.75,1357,0.2152,0,Risque Faible,Fidélisation Active : Programme fidélité / Ventes privées / Parrainage
7345,52,5.0,643.8,48.0,0.2,1140,0.3369,0,Risque Faible,Fidélisation Active : Programme fidélité / Ventes privées / Parrainage
7346,35,2.0,480.31,145.0,1.0,526,0.5721,1,Risque Moyen,Réactivation Ciblée : Emailing personnalisé / Remise panier moyen
7347,40,9.0,1730.28,17.0,0.3333333333333333,404,0.1666,0,Risque Faible,Fidélisation Active : Programme fidélité / Ventes privées / Parrainage
7348,31,0.0,0.0,303.0,0.0,697,0.7184,1,Risque Élevé,Rétention Urgente : Appel VIP / Bon d'achat 20% / Enquête insatisfaction
7349,18,6.0,687.8,43.0,0.3333333333333333,530,0.2964,0,Risque Faible,Fidélisation Active : Programme fidélité / Ventes privées / Parrainage
7350,46,1.0,26.31,2.0,1.0,1205,0.5976,1,Risque Moyen,Réactivation Ciblée : Emailing personnalisé / Remise panier moyen
7351,45,5.0,1151.43,40.0,0.4,987,0.3633,0,Risque Moyen,Réactivation Ciblée : Emailing personnalisé / Remise panier moyen
7352,43,2.0,464.95,98.0,0.5,638,0.5473,1,Risque Moyen,Réactivation Ciblée : Emailing personnalisé / Remise panier moyen
7353,33,0.0,0.0,303.0,0.0,787,0.7182,1,Risque Élevé,Rétention Urgente : Appel VIP / Bon d'achat 20% / Enquête insatisfaction
7354,42,0.0,0.0,303.0,0.0,597,0.7065,1,Risque Élevé,Rétention Urgente : Appel VIP / Bon d'achat 20% / Enquête insatisfaction
7355,45,5.0,738.1899999999999,140.0,0.4,427,0.352,0,Risque Moyen,Réactivation Ciblée : Emailing personnalisé / Remise panier moyen
7356,53,3.0,452.64,71.0,0.3333333333333333,282,0.4518,0,Risque Moyen,Réactivation Ciblée : Emailing personnalisé / Remise panier moyen
7357,46,8.0,1096.97,20.0,1.0,374,0.1842,0,Risque Faible,Fidélisation Active : Programme fidélité / Ventes privées / Parrainage
7358,36,3.0,318.70000000000005,11.0,0.3333333333333333,1123,0.4696,0,Risque Moyen,Réactivation Ciblée : Emailing personnalisé / Remise panier moyen
7359,21,1.0,165.03,204.0,1.0,371,0.6474,1,Risque Moyen,Réactivation Ciblée : Emailing personnalisé / Remise panier moyen
7360,37,8.0,1458.11,16.0,0.75,1319,0.2125,0,Risque Faible,Fidélisation Active : Programme fidélité / Ventes privées / Parrainage
7361,38,3.0,1273.1599999999999,27.0,1.0,700,0.5085,1,Risque Moyen,Réactivation Ciblée : Emailing personnalisé / Remise panier moyen
7362,43,6.0,1095.1399999999999,18.0,0.8333333333333334,1149,0.3144,0,Risque Faible,Fidélisation Active : Programme fidélité / Ventes privées / Parrainage
7363,50,5.0,552.6800000000001,4.0,0.6,462,0.3147,0,Risque Faible,Fidélisation Active : Programme fidélité / Ventes privées / Parrainage
7364,34,3.0,535.69,28.0,0.6666666666666666,1005,0.4962,0,Risque Moyen,Réactivation Ciblée : Emailing personnalisé / Remise panier moyen
7365,58,0.0,0.0,303.0,0.0,377,0.6871,1,Risque Élevé,Rétention Urgente : Appel VIP / Bon d'achat 20% / Enquête insatisfaction
7366,18,4.0,593.1800000000001,208.0,0.25,449,0.4602,0,Risque Moyen,Réactivation Ciblée : Emailing personnalisé / Remise panier moyen
7367,40,2.0,180.59,95.0,0.0,806,0.5362,1,Risque Moyen,Réactivation Ciblée : Emailing personnalisé / Remise panier moyen
7368,26,8.0,1327.25,71.0,0.625,1327,0.2276,0,Risque Faible,Fidélisation Active : Programme fidélité / Ventes privées / Parrainage
7369,18,4.0,791.72,18.0,0.25,946,0.4361,0,Risque Moyen,Réactivation Ciblée : Emailing personnalisé / Remise panier moyen
7370,33,5.0,522.04,11.0,0.4,1234,0.3466,0,Risque Faible,Fidélisation Active : Programme fidélité / Ventes privées / Parrainage
7371,19,0.0,0.0,303.0,0.0,583,0.7273,1,Risque Élevé,Rétention Urgente : Appel VIP / Bon d'achat 20% / Enquête insatisfaction
7372,33,0.0,0.0,303.0,0.0,621,0.7153,1,Risque Élevé,Rétention Urgente : Appel VIP / Bon d'achat 20% / Enquête insatisfaction
7373,35,3.0,245.0,178.0,0.6666666666666666,1296,0.5087,1,Risque Moyen,Réactivation Ciblée : Emailing personnalisé / Remise panier moyen
7374,47,3.0,674.1,160.0,0.6666666666666666,734,0.4982,0,Risque Moyen,Réactivation Ciblée : Emailing personnalisé / Remise panier moyen
7375,18,3.0,814.48,134.0,0.3333333333333333,968,0.5371,1,Risque Moyen,Réactivation Ciblée : Emailing personnalisé / Remise panier moyen
7376,45,2.0,324.97,198.0,1.0,376,0.5602,1,Risque Moyen,Réactivation Ciblée : Emailing personnalisé / Remise panier moyen
7377,36,0.0,0.0,303.0,0.0,899,0.7174,1,Risque Élevé,Rétention Urgente : Appel VIP / Bon d'achat 20% / Enquête insatisfaction
7378,46,0.0,0.0,303.0,0.0,790,0.7061,1,Risque Élevé,Rétention Urgente : Appel VIP / Bon d'achat 20% / Enquête insatisfaction
7379,30,1.0,108.15,121.0,0.0,913,0.6219,1,Risque Moyen,Réactivation Ciblée : Emailing personnalisé / Remise panier moyen
7380,20,3.0,251.67000000000002,72.0,0.3333333333333333,455,0.4848,0,Risque Moyen,Réactivation Ciblée : Emailing personnalisé / Remise panier moyen
7381,22,9.0,1240.5,10.0,0.6666666666666666,1240,0.1761,0,Risque Faible,Fidélisation Active : Programme fidélité / Ventes privées / Parrainage
7382,21,2.0,101.44,12.0,0.5,990,0.5518,1,Risque Moyen,Réactivation Ciblée : Emailing personnalisé / Remise panier moyen
7383,40,0.0,0.0,303.0,0.0,980,0.7151,1,Risque Élevé,Rétention Urgente : Appel VIP / Bon d'achat 20% / Enquête insatisfaction
7384,51,0.0,0.0,303.0,0.0,583,0.6977,1,Risque Élevé,Rétention Urgente : Appel VIP / Bon d'achat 20% / Enquête insatisfaction
7385,29,0.0,0.0,303.0,0.0,905,0.7238,1,Risque Élevé,Rétention Urgente : Appel VIP / Bon d'achat 20% / Enquête insatisfaction
7386,42,2.0,95.06,136.0,1.0,380,0.5437,1,Risque Moyen,Réactivation Ciblée : Emailing personnalisé / Remise panier moyen
7387,18,1.0,63.58,74.0,1.0,822,0.6344,1,Risque Moyen,Réactivation Ciblée : Emailing personnalisé / Remise panier moyen
7388,37,6.0,1296.04,29.0,0.6666666666666666,960,0.3186,0,Risque Faible,Fidélisation Active : Programme fidélité / Ventes privées / Parrainage
7389,42,0.0,0.0,303.0,0.0,751,0.7092,1,Risque Élevé,Rétention Urgente : Appel VIP / Bon d'achat 20% / Enquête insatisfaction
7390,19,4.0,369.68000000000006,29.0,0.75,608,0.4213,0,Risque Moyen,Réactivation Ciblée : Emailing personnalisé / Remise panier moyen
7391,33,0.0,0.0,303.0,0.0,716,0.7169,1,Risque Élevé,Rétention Urgente : Appel VIP / Bon d'achat 20% / Enquête insatisfaction
7392,43,3.0,276.29,26.0,0.6666666666666666,367,0.4514,0,Risque Moyen,Réactivation Ciblée : Emailing personnalisé / Remise panier moyen
7393,18,6.0,846.48,104.0,0.8333333333333334,878,0.3267,0,Risque Faible,Fidélisation Active : Programme fidélité / Ventes privées / Parrainage
7394,50,3.0,375.11,8.0,1.0,562,0.4462,0,Risque Moyen,Réactivation Ciblée : Emailing personnalisé / Remise panier moyen
7395,39,3.0,468.41,180.0,1.0,1222,0.5178,1,Risque Moyen,Réactivation Ciblée : Emailing personnalisé / Remise panier moyen
7396,43,0.0,0.0,303.0,0.0,1113,0.7147,1,Risque Élevé,Rétention Urgente : Appel VIP / Bon d'achat 20% / Enquête insatisfaction
7397,30,0.0,0.0,303.0,0.0,999,0.7246,1,Risque Élevé,Rétention Urgente : Appel VIP / Bon d'achat 20% / Enquête insatisfaction
7398,18,2.0,348.84000000000003,50.0,0.0,718,0.5587,1,Risque Moyen,Réactivation Ciblée : Emailing personnalisé / Remise panier moyen
7399,41,1.0,203.5,180.0,1.0,1293,0.6474,1,Risque Moyen,Réactivation Ciblée : Emailing personnalisé / Remise panier moyen
7400,34,0.0,0.0,303.0,0.0,800,0.7175,1,Risque Élevé,Rétention Urgente : Appel VIP / Bon d'achat 20% / Enquête insatisfaction
7401,35,1.0,99.46,181.0,1.0,864,0.6408,1,Risque Moyen,Réactivation Ciblée : Emailing personnalisé / Remise panier moyen
7402,47,1.0,161.52,120.0,1.0,707,0.6135,1,Risque Moyen,Réactivation Ciblée : Emailing personnalisé / Remise panier moyen
7403,43,6.0,900.9000000000001,47.0,0.3333333333333333,353,0.2796,0,Risque Faible,Fidélisation Active : Programme fidélité / Ventes privées / Parrainage
7404,56,0.0,0.0,303.0,0.0,1022,0.7009,1,Risque Élevé,Rétention Urgente : Appel VIP / Bon d'achat 20% / Enquête insatisfaction
7405,37,2.0,187.48000000000002,84.0,0.5,1187,0.5532,1,Risque Moyen,Réactivation Ciblée : Emailing personnalisé / Remise panier moyen
7406,27,5.0,601.5699999999999,149.0,0.6,1129,0.3882,0,Risque Moyen,Réactivation Ciblée : Emailing personnalisé / Remise panier moyen
7407,33,2.0,476.61,170.0,1.0,1303,0.5896,1,Risque Moyen,Réactivation Ciblée : Emailing personnalisé / Remise panier moyen
7408,40,3.0,226.62,20.0,0.6666666666666666,1198,0.4741,0,Risque Moyen,Réactivation Ciblée : Emailing personnalisé / Remise panier moyen
7409,46,5.0,1028.73,131.0,0.0,1204,0.3766,0,Risque Moyen,Réactivation Ciblée : Emailing personnalisé / Remise panier moyen
7410,19,2.0,205.56,122.0,0.0,415,0.5621,1,Risque Moyen,Réactivation Ciblée : Emailing personnalisé / Remise panier moyen
7411,35,3.0,211.48,38.0,0.6666666666666666,1306,0.477,0,Risque Moyen,Réactivation Ciblée : Emailing personnalisé / Remise panier moyen
7412,53,0.0,0.0,303.0,0.0,1014,0.7036,1,Risque Élevé,Rétention Urgente : Appel VIP / Bon d'achat 20% / Enquête insatisfaction
7413,32,6.0,1281.31,35.0,0.6666666666666666,1318,0.3234,0,Risque Faible,Fidélisation Active : Programme fidélité / Ventes privées / Parrainage
7414,45,11.0,1415.75,37.0,0.7272727272727273,785,0.0973,0,Risque Faible,Fidélisation Active : Programme fidélité / Ventes privées / Parrainage
7415,40,13.0,1750.17,5.0,0.46153846153846156,1326,0.0643,0,Risque Faible,Fidélisation Active : Programme fidélité / Ventes privées / Parrainage
7416,46,14.0,2186.89,7.0,0.6428571428571429,406,0.0462,0,Risque Faible,Fidélisation Active : Programme fidélité / Ventes privées / Parrainage
7417,26,2.0,205.72,165.0,1.0,699,0.5787,1,Risque Moyen,Réactivation Ciblée : Emailing personnalisé / Remise panier moyen
7418,26,7.0,718.64,84.0,0.7142857142857143,1279,0.2542,0,Risque Faible,Fidélisation Active : Programme fidélité / Ventes privées / Parrainage
7419,35,0.0,0.0,303.0,0.0,753,0.7157,1,Risque Élevé,Rétention Urgente : Appel VIP / Bon d'achat 20% / Enquête insatisfaction
7420,18,4.0,277.83000000000004,40.0,0.5,806,0.4188,0,Risque Moyen,Réactivation Ciblée : Emailing personnalisé / Remise panier moyen
7421,32,5.0,576.86,88.0,0.6,534,0.3594,0,Risque Moyen,Réactivation Ciblée : Emailing personnalisé / Remise panier moyen
7422,38,3.0,832.5600000000001,37.0,0.6666666666666666,1013,0.5005,1,Risque Moyen,Réactivation Ciblée : Emailing personnalisé / Remise panier moyen
7423,55,2.0,135.09,91.0,0.5,752,0.5243,1,Risque Moyen,Réactivation Ciblée : Emailing personnalisé / Remise panier moyen
7424,39,3.0,682.53,10.0,0.6666666666666666,602,0.4737,0,Risque Moyen,Réactivation Ciblée : Emailing personnalisé / Remise panier moyen
7425,42,8.0,2046.44,33.0,0.25,1065,0.2346,0,Risque Faible,Fidélisation Active : Programme fidélité / Ventes privées / Parrainage
7426,48,3.0,502.39,28.0,0.6666666666666666,785,0.4597,0,Risque Moyen,Réactivation Ciblée : Emailing personnalisé / Remise panier moyen
7427,24,2.0,264.96,106.0,0.5,1002,0.57,1,Risque Moyen,Réactivation Ciblée : Emailing personnalisé / Remise panier moyen
7428,33,4.0,914.5799999999999,7.0,0.5,910,0.4318,0,Risque Moyen,Réactivation Ciblée : Emailing personnalisé / Remise panier moyen
7429,62,1.0,33.54,57.0,0.0,1249,0.5816,1,Risque Moyen,Réactivation Ciblée : Emailing personnalisé / Remise panier moyen
7430,34,6.0,1153.8,56.0,0.6666666666666666,1005,0.3188,0,Risque Faible,Fidélisation Active : Programme fidélité / Ventes privées / Parrainage
7431,47,2.0,244.29,200.0,1.0,885,0.5677,1,Risque Moyen,Réactivation Ciblée : Emailing personnalisé / Remise panier moyen
7432,46,6.0,446.96,47.0,0.5,517,0.2683,0,Risque Faible,Fidélisation Active : Programme fidélité / Ventes privées / Parrainage
7433,19,6.0,663.94,12.0,0.5,419,0.2886,0,Risque Faible,Fidélisation Active : Programme fidélité / Ventes privées / Parrainage
7434,38,0.0,0.0,303.0,0.0,1123,0.7194,1,Risque Élevé,Rétention Urgente : Appel VIP / Bon d'achat 20% / Enquête insatisfaction
7435,37,2.0,127.88,96.0,1.0,605,0.5459,1,Risque Moyen,Réactivation Ciblée : Emailing personnalisé / Remise panier moyen
7436,39,4.0,552.5600000000001,12.0,0.25,738,0.395,0,Risque Moyen,Réactivation Ciblée : Emailing personnalisé / Remise panier moyen
7437,27,3.0,445.22,41.0,0.6666666666666666,1004,0.4892,0,Risque Moyen,Réactivation Ciblée : Emailing personnalisé / Remise panier moyen
7438,23,4.0,1003.99,16.0,0.25,467,0.4315,0,Risque Moyen,Réactivation Ciblée : Emailing personnalisé / Remise panier moyen
7439,30,1.0,117.32,233.0,1.0,1183,0.6605,1,Risque Élevé,Rétention Urgente : Appel VIP / Bon d'achat 20% / Enquête insatisfaction
7440,34,3.0,523.8,32.0,0.0,1089,0.4802,0,Risque Moyen,Réactivation Ciblée : Emailing personnalisé / Remise panier moyen
7441,48,6.0,710.37,70.0,0.3333333333333333,627,0.2777,0,Risque Faible,Fidélisation Active : Programme fidélité / Ventes privées / Parrainage
7442,55,1.0,25.81,19.0,0.0,1017,0.5764,1,Risque Moyen,Réactivation Ciblée : Emailing personnalisé / Remise panier moyen
7443,50,8.0,958.13,50.0,0.625,780,0.1858,0,Risque Faible,Fidélisation Active : Programme fidélité / Ventes privées / Parrainage
7444,44,0.0,0.0,303.0,0.0,1287,0.7168,1,Risque Élevé,Rétention Urgente : Appel VIP / Bon d'achat 20% / Enquête insatisfaction
7445,24,10.0,1414.35,14.0,0.3,1173,0.1371,0,Risque Faible,Fidélisation Active : Programme fidélité / Ventes privées / Parrainage
7446,31,6.0,1454.99,33.0,0.16666666666666666,1309,0.3288,0,Risque Faible,Fidélisation Active : Programme fidélité / Ventes privées / Parrainage
7447,37,0.0,0.0,303.0,0.0,1218,0.722,1,Risque Élevé,Rétention Urgente : Appel VIP / Bon d'achat 20% / Enquête insatisfaction
7448,28,3.0,1359.3799999999999,147.0,1.0,284,0.5399,1,Risque Moyen,Réactivation Ciblée : Emailing personnalisé / Remise panier moyen
7449,41,2.0,208.74,109.0,1.0,941,0.5572,1,Risque Moyen,Réactivation Ciblée : Emailing personnalisé / Remise panier moyen
7450,43,6.0,328.16,8.0,0.5,418,0.2555,0,Risque Faible,Fidélisation Active : Programme fidélité / Ventes privées / Parrainage
7451,41,7.0,1404.2199999999998,108.0,0.5714285714285714,1038,0.274,0,Risque Faible,Fidélisation Active : Programme fidélité / Ventes privées / Parrainage
7452,46,6.0,702.5,37.0,0.3333333333333333,306,0.268,0,Risque Faible,Fidélisation Active : Programme fidélité / Ventes privées / Parrainage
7453,25,1.0,96.06,101.0,0.0,479,0.6144,1,Risque Moyen,Réactivation Ciblée : Emailing personnalisé / Remise panier moyen
7454,45,3.0,148.72,61.0,0.3333333333333333,414,0.4482,0,Risque Moyen,Réactivation Ciblée : Emailing personnalisé / Remise panier moyen
7455,27,4.0,389.67,95.0,0.75,1015,0.4339,0,Risque Moyen,Réactivation Ciblée : Emailing personnalisé / Remise panier moyen
7456,25,2.0,257.3,72.0,0.5,468,0.5564,1,Risque Moyen,Réactivation Ciblée : Emailing personnalisé / Remise panier moyen
7457,41,6.0,966.15,23.0,0.6666666666666666,1152,0.2984,0,Risque Faible,Fidélisation Active : Programme fidélité / Ventes privées / Parrainage
7458,48,1.0,21.17,197.0,0.0,1021,0.6219,1,Risque Moyen,Réactivation Ciblée : Emailing personnalisé / Remise panier moyen
7459,40,5.0,1290.99,6.0,0.6,958,0.3701,0,Risque Moyen,Réactivation Ciblée : Emailing personnalisé / Remise panier moyen
7460,35,1.0,26.01,137.0,0.0,638,0.6155,1,Risque Moyen,Réactivation Ciblée : Emailing personnalisé / Remise panier moyen
7461,38,2.0,215.41000000000003,3.0,0.0,471,0.5116,1,Risque Moyen,Réactivation Ciblée : Emailing personnalisé / Remise panier moyen
7462,37,0.0,0.0,303.0,0.0,454,0.7086,1,Risque Élevé,Rétention Urgente : Appel VIP / Bon d'achat 20% / Enquête insatisfaction
7463,23,3.0,212.14,117.0,0.3333333333333333,1126,0.5003,1,Risque Moyen,Réactivation Ciblée : Emailing personnalisé / Remise panier moyen
7464,21,4.0,395.18,10.0,0.25,1361,0.4261,0,Risque Moyen,Réactivation Ciblée : Emailing personnalisé / Remise panier moyen
7465,34,5.0,633.63,94.0,1.0,746,0.363,0,Risque Moyen,Réactivation Ciblée : Emailing personnalisé / Remise panier moyen
7466,36,2.0,234.99,35.0,0.5,445,0.5329,1,Risque Moyen,Réactivation Ciblée : Emailing personnalisé / Remise panier moyen
7467,35,8.0,1663.01,29.0,0.75,789,0.2231,0,Risque Faible,Fidélisation Active : Programme fidélité / Ventes privées / Parrainage
7468,42,5.0,1015.8199999999999,50.0,0.6,1203,0.3641,0,Risque Moyen,Réactivation Ciblée : Emailing personnalisé / Remise panier moyen
7469,33,0.0,0.0,303.0,0.0,1005,0.7219,1,Risque Élevé,Rétention Urgente : Appel VIP / Bon d'achat 20% / Enquête insatisfaction
7470,41,0.0,0.0,303.0,0.0,711,0.7094,1,Risque Élevé,Rétention Urgente : Appel VIP / Bon d'achat 20% / Enquête insatisfaction
7471,33,1.0,73.89,170.0,0.0,854,0.6322,1,Risque Moyen,Réactivation Ciblée : Emailing personnalisé / Remise panier moyen
7472,55,4.0,736.76,2.0,0.5,637,0.3845,0,Risque Moyen,Réactivation Ciblée : Emailing personnalisé / Remise panier moyen
7473,36,15.0,2060.7599999999998,12.0,0.4,459,0.0383,0,Risque Faible,Fidélisation Active : Programme fidélité / Ventes privées / Parrainage
7474,61,3.0,335.2,213.0,0.6666666666666666,1251,0.4887,0,Risque Moyen,Réactivation Ciblée : Emailing personnalisé / Remise panier moyen
7475,39,0.0,0.0,303.0,0.0,359,0.705,1,Risque Élevé,Rétention Urgente : Appel VIP / Bon d'achat 20% / Enquête insatisfaction
7476,33,3.0,127.56,72.0,0.3333333333333333,597,0.4695,0,Risque Moyen,Réactivation Ciblée : Emailing personnalisé / Remise panier moyen
7477,25,1.0,64.5,251.0,0.0,439,0.645,1,Risque Moyen,Réactivation Ciblée : Emailing personnalisé / Remise panier moyen
7478,19,4.0,780.77,21.0,0.75,673,0.4372,0,Risque Moyen,Réactivation Ciblée : Emailing personnalisé / Remise panier moyen
7479,24,2.0,228.59,40.0,0.5,847,0.556,1,Risque Moyen,Réactivation Ciblée : Emailing personnalisé / Remise panier moyen
7480,25,2.0,416.52,120.0,0.5,1032,0.5817,1,Risque Moyen,Réactivation Ciblée : Emailing personnalisé / Remise panier moyen
7481,39,3.0,949.43,55.0,0.6666666666666666,921,0.4984,0,Risque Moyen,Réactivation Ciblée : Emailing personnalisé / Remise panier moyen
7482,29,1.0,127.66,143.0,0.0,716,0.6233,1,Risque Moyen,Réactivation Ciblée : Emailing personnalisé / Remise panier moyen
7483,37,3.0,902.3499999999999,80.0,0.6666666666666666,479,0.4996,0,Risque Moyen,Réactivation Ciblée : Emailing personnalisé / Remise panier moyen
7484,49,5.0,741.47,37.0,0.4,765,0.334,0,Risque Faible,Fidélisation Active : Programme fidélité / Ventes privées / Parrainage
7485,34,0.0,0.0,303.0,0.0,716,0.716,1,Risque Élevé,Rétention Urgente : Appel VIP / Bon d'achat 20% / Enquête insatisfaction
7486,58,3.0,431.85,67.0,0.3333333333333333,610,0.4517,0,Risque Moyen,Réactivation Ciblée : Emailing personnalisé / Remise panier moyen
7487,22,3.0,768.91,90.0,0.3333333333333333,927,0.5206,1,Risque Moyen,Réactivation Ciblée : Emailing personnalisé / Remise panier moyen
7488,33,2.0,468.28,37.0,0.5,960,0.5542,1,Risque Moyen,Réactivation Ciblée : Emailing personnalisé / Remise panier moyen
7489,29,4.0,297.32,26.0,0.25,559,0.3924,0,Risque Moyen,Réactivation Ciblée : Emailing personnalisé / Remise panier moyen
7490,45,10.0,2441.62,1.0,0.7,1284,0.1604,0,Risque Faible,Fidélisation Active : Programme fidélité / Ventes privées / Parrainage
7491,18,10.0,1149.6100000000001,16.0,0.7,416,0.1257,0,Risque Faible,Fidélisation Active : Programme fidélité / Ventes privées / Parrainage
7492,19,0.0,0.0,303.0,0.0,672,0.7289,1,Risque Élevé,Rétention Urgente : Appel VIP / Bon d'achat 20% / Enquête insatisfaction
7493,34,9.0,1409.19,44.0,0.6666666666666666,1271,0.1724,0,Risque Faible,Fidélisation Active : Programme fidélité / Ventes privées / Parrainage
7494,52,2.0,143.72,93.0,1.0,827,0.5334,1,Risque Moyen,Réactivation Ciblée : Emailing personnalisé / Remise panier moyen
7495,37,1.0,79.24,66.0,0.0,1178,0.6087,1,Risque Moyen,Réactivation Ciblée : Emailing personnalisé / Remise panier moyen
7496,20,1.0,101.32,19.0,1.0,401,0.6118,1,Risque Moyen,Réactivation Ciblée : Emailing personnalisé / Remise panier moyen
7497,22,3.0,180.06,34.0,0.0,1111,0.4845,0,Risque Moyen,Réactivation Ciblée : Emailing personnalisé / Remise panier moyen
7498,53,1.0,90.99,127.0,0.0,1214,0.6048,1,Risque Moyen,Réactivation Ciblée : Emailing personnalisé / Remise panier moyen
7499,28,2.0,964.8599999999999,61.0,1.0,425,0.5705,1,Risque Moyen,Réactivation Ciblée : Emailing personnalisé / Remise panier moyen
7500,25,1.0,230.25,1.0,0.0,1141,0.6092,1,Risque Moyen,Réactivation Ciblée : Emailing personnalisé / Remise panier moyen
7501,51,4.0,1682.43,88.0,1.0,852,0.4583,0,Risque Moyen,Réactivation Ciblée : Emailing personnalisé / Remise panier moyen
7502,46,1.0,52.11,44.0,0.0,728,0.5853,1,Risque Moyen,Réactivation Ciblée : Emailing personnalisé / Remise panier moyen
7503,49,9.0,1539.69,10.0,0.5555555555555556,1295,0.1604,0,Risque Faible,Fidélisation Active : Programme fidélité / Ventes privées / Parrainage
7504,25,6.0,633.59,102.0,0.3333333333333333,1004,0.3111,0,Risque Faible,Fidélisation Active : Programme fidélité / Ventes privées / Parrainage
7505,18,2.0,551.71,44.0,1.0,1345,0.5855,1,Risque Moyen,Réactivation Ciblée : Emailing personnalisé / Remise panier moyen
7506,36,3.0,270.32,8.0,0.6666666666666666,906,0.4645,0,Risque Moyen,Réactivation Ciblée : Emailing personnalisé / Remise panier moyen
7507,39,3.0,67.11,45.0,0.6666666666666666,888,0.4608,0,Risque Moyen,Réactivation Ciblée : Emailing personnalisé / Remise panier moyen
7508,39,1.0,132.38,37.0,0.0,1325,0.6047,1,Risque Moyen,Réactivation Ciblée : Emailing personnalisé / Remise panier moyen
7509,51,8.0,1394.87,10.0,0.625,308,0.1903,0,Risque Faible,Fidélisation Active : Programme fidélité / Ventes privées / Parrainage
7510,18,6.0,602.6,52.0,0.5,908,0.2999,0,Risque Faible,Fidélisation Active : Programme fidélité / Ventes privées / Parrainage
7511,44,17.0,2887.4700000000003,11.0,0.7058823529411765,1299,0.0257,0,Risque Faible,Fidélisation Active : Programme fidélité / Ventes privées / Parrainage
7512,23,4.0,339.09000000000003,6.0,0.75,1156,0.414,0,Risque Moyen,Réactivation Ciblée : Emailing personnalisé / Remise panier moyen
7513,44,9.0,1585.93,6.0,0.5555555555555556,455,0.1544,0,Risque Faible,Fidélisation Active : Programme fidélité / Ventes privées / Parrainage
7514,30,2.0,105.71000000000001,177.0,0.5,1297,0.5799,1,Risque Moyen,Réactivation Ciblée : Emailing personnalisé / Remise panier moyen
7515,26,1.0,750.28,105.0,0.0,541,0.6126,1,Risque Moyen,Réactivation Ciblée : Emailing personnalisé / Remise panier moyen
7516,28,2.0,93.07,31.0,0.5,1189,0.5479,1,Risque Moyen,Réactivation Ciblée : Emailing personnalisé / Remise panier moyen
7517,19,3.0,702.41,91.0,0.3333333333333333,1161,0.5208,1,Risque Moyen,Réactivation Ciblée : Emailing personnalisé / Remise panier moyen
7518,35,4.0,621.89,31.0,0.5,1192,0.418,0,Risque Moyen,Réactivation Ciblée : Emailing personnalisé / Remise panier moyen
7519,27,3.0,465.9,145.0,0.6666666666666666,662,0.5098,1,Risque Moyen,Réactivation Ciblée : Emailing personnalisé / Remise panier moyen
7520,44,2.0,227.87,38.0,1.0,485,0.531,1,Risque Moyen,Réactivation Ciblée : Emailing personnalisé / Remise panier moyen
7521,42,8.0,1286.03,22.0,0.375,618,0.1897,0,Risque Faible,Fidélisation Active : Programme fidélité / Ventes privées / Parrainage
7522,54,2.0,447.22,151.0,0.5,1215,0.5564,1,Risque Moyen,Réactivation Ciblée : Emailing personnalisé / Remise panier moyen
7523,39,0.0,0.0,303.0,0.0,1339,0.7223,1,Risque Élevé,Rétention Urgente : Appel VIP / Bon d'achat 20% / Enquête insatisfaction
7524,41,2.0,131.81,61.0,1.0,318,0.532,1,Risque Moyen,Réactivation Ciblée : Emailing personnalisé / Remise panier moyen
7525,50,3.0,378.87,83.0,0.3333333333333333,393,0.4537,0,Risque Moyen,Réactivation Ciblée : Emailing personnalisé / Remise panier moyen
7526,28,4.0,542.71,26.0,0.5,725,0.4142,0,Risque Moyen,Réactivation Ciblée : Emailing personnalisé / Remise panier moyen
7527,19,2.0,886.75,139.0,0.5,678,0.5934,1,Risque Moyen,Réactivation Ciblée : Emailing personnalisé / Remise panier moyen
7528,37,1.0,96.36,195.0,0.0,1271,0.6431,1,Risque Moyen,Réactivation Ciblée : Emailing personnalisé / Remise panier moyen
7529,19,2.0,155.55,23.0,0.5,1043,0.5543,1,Risque Moyen,Réactivation Ciblée : Emailing personnalisé / Remise panier moyen
7530,62,4.0,920.45,29.0,0.5,1132,0.4052,0,Risque Moyen,Réactivation Ciblée : Emailing personnalisé / Remise panier moyen
7531,51,3.0,577.9200000000001,3.0,0.6666666666666666,1231,0.4668,0,Risque Moyen,Réactivation Ciblée : Emailing personnalisé / Remise panier moyen
7532,59,1.0,223.92000000000002,48.0,0.0,739,0.5738,1,Risque Moyen,Réactivation Ciblée : Emailing personnalisé / Remise panier moyen
7533,36,1.0,138.63,160.0,0.0,751,0.6199,1,Risque Moyen,Réactivation Ciblée : Emailing personnalisé / Remise panier moyen
7534,41,4.0,1419.47,75.0,0.5,299,0.4422,0,Risque Moyen,Réactivation Ciblée : Emailing personnalisé / Remise panier moyen
7535,30,1.0,65.88,112.0,0.0,979,0.622,1,Risque Moyen,Réactivation Ciblée : Emailing personnalisé / Remise panier moyen
7536,45,1.0,485.37,207.0,1.0,1009,0.6354,1,Risque Moyen,Réactivation Ciblée : Emailing personnalisé / Remise panier moyen
7537,22,3.0,569.3399999999999,54.0,0.6666666666666666,787,0.5054,1,Risque Moyen,Réactivation Ciblée : Emailing personnalisé / Remise panier moyen
7538,18,3.0,322.57000000000005,30.0,0.3333333333333333,1162,0.4951,0,Risque Moyen,Réactivation Ciblée : Emailing personnalisé / Remise panier moyen
7539,26,5.0,1144.71,44.0,0.6,768,0.3776,0,Risque Moyen,Réactivation Ciblée : Emailing personnalisé / Remise panier moyen
7540,19,2.0,276.26,98.0,0.5,390,0.5633,1,Risque Moyen,Réactivation Ciblée : Emailing personnalisé / Remise panier moyen
7541,51,15.0,2084.67,1.0,0.6,854,0.0354,0,Risque Faible,Fidélisation Active : Programme fidélité / Ventes privées / Parrainage
7542,55,3.0,248.49,15.0,0.3333333333333333,559,0.4351,0,Risque Moyen,Réactivation Ciblée : Emailing personnalisé / Remise panier moyen
7543,20,5.0,848.29,17.0,0.6,931,0.369,0,Risque Moyen,Réactivation Ciblée : Emailing personnalisé / Remise panier moyen
7544,49,10.0,1782.7,9.0,0.8,900,0.1301,0,Risque Faible,Fidélisation Active : Programme fidélité / Ventes privées / Parrainage
7545,45,0.0,0.0,303.0,0.0,739,0.7062,1,Risque Élevé,Rétention Urgente : Appel VIP / Bon d'achat 20% / Enquête insatisfaction
7546,18,4.0,1181.46,26.0,1.0,974,0.4669,0,Risque Moyen,Réactivation Ciblée : Emailing personnalisé / Remise panier moyen
7547,31,3.0,341.45,29.0,0.0,1255,0.4746,0,Risque Moyen,Réactivation Ciblée : Emailing personnalisé / Remise panier moyen
7548,29,7.0,990.4000000000001,66.0,0.7142857142857143,906,0.2627,0,Risque Faible,Fidélisation Active : Programme fidélité / Ventes privées / Parrainage
7549,43,0.0,0.0,303.0,0.0,827,0.7096,1,Risque Élevé,Rétention Urgente : Appel VIP / Bon d'achat 20% / Enquête insatisfaction
7550,21,2.0,117.25,154.0,0.5,1122,0.5919,1,Risque Moyen,Réactivation Ciblée : Emailing personnalisé / Remise panier moyen
7551,34,4.0,678.91,2.0,0.5,1096,0.417,0,Risque Moyen,Réactivation Ciblée : Emailing personnalisé / Remise panier moyen
7552,27,7.0,1293.31,15.0,0.5714285714285714,824,0.2564,0,Risque Faible,Fidélisation Active : Programme fidélité / Ventes privées / Parrainage
7553,40,0.0,0.0,303.0,0.0,746,0.711,1,Risque Élevé,Rétention Urgente : Appel VIP / Bon d'achat 20% / Enquête insatisfaction
7554,33,5.0,347.89,65.0,0.6,651,0.3402,0,Risque Faible,Fidélisation Active : Programme fidélité / Ventes privées / Parrainage
7555,29,1.0,64.28,19.0,1.0,591,0.6065,1,Risque Moyen,Réactivation Ciblée : Emailing personnalisé / Remise panier moyen
7556,33,6.0,574.14,29.0,0.16666666666666666,348,0.2682,0,Risque Faible,Fidélisation Active : Programme fidélité / Ventes privées / Parrainage
7557,57,3.0,1313.9199999999998,164.0,0.6666666666666666,879,0.5206,1,Risque Moyen,Réactivation Ciblée : Emailing personnalisé / Remise panier moyen
7558,30,4.0,614.18,88.0,0.5,1154,0.4348,0,Risque Moyen,Réactivation Ciblée : Emailing personnalisé / Remise panier moyen
7559,24,1.0,555.09,92.0,0.0,779,0.6175,1,Risque Moyen,Réactivation Ciblée : Emailing personnalisé / Remise panier moyen
7560,41,2.0,330.4,25.0,1.0,1194,0.5486,1,Risque Moyen,Réactivation Ciblée : Emailing personnalisé / Remise panier moyen
7561,33,0.0,0.0,303.0,0.0,1317,0.7273,1,Risque Élevé,Rétention Urgente : Appel VIP / Bon d'achat 20% / Enquête insatisfaction
7562,19,0.0,0.0,303.0,0.0,1072,0.7356,1,Risque Élevé,Rétention Urgente : Appel VIP / Bon d'achat 20% / Enquête insatisfaction
7563,60,2.0,93.69,174.0,0.0,1194,0.5378,1,Risque Moyen,Réactivation Ciblée : Emailing personnalisé / Remise panier moyen
7564,31,4.0,570.65,34.0,0.5,400,0.411,0,Risque Moyen,Réactivation Ciblée : Emailing personnalisé / Remise panier moyen
7565,31,1.0,233.22,33.0,0.0,1026,0.605,1,Risque Moyen,Réactivation Ciblée : Emailing personnalisé / Remise panier moyen
7566,37,2.0,143.96,47.0,0.5,769,0.5376,1,Risque Moyen,Réactivation Ciblée : Emailing personnalisé / Remise panier moyen
7567,54,4.0,342.85999999999996,26.0,0.75,1198,0.3896,0,Risque Moyen,Réactivation Ciblée : Emailing personnalisé / Remise panier moyen
7568,18,1.0,187.36,34.0,0.0,308,0.6093,1,Risque Moyen,Réactivation Ciblée : Emailing personnalisé / Remise panier moyen
7569,38,3.0,761.55,27.0,0.6666666666666666,281,0.4762,0,Risque Moyen,Réactivation Ciblée : Emailing personnalisé / Remise panier moyen
7570,58,2.0,171.0,32.0,0.5,914,0.512,1,Risque Moyen,Réactivation Ciblée : Emailing personnalisé / Remise panier moyen
7571,36,2.0,82.17,161.0,0.5,642,0.5555,1,Risque Moyen,Réactivation Ciblée : Emailing personnalisé / Remise panier moyen
7572,21,5.0,1643.49,7.0,0.6,482,0.4041,0,Risque Moyen,Réactivation Ciblée : Emailing personnalisé / Remise panier moyen
7573,28,1.0,203.6,164.0,0.0,363,0.6226,1,Risque Moyen,Réactivation Ciblée : Emailing personnalisé / Remise panier moyen
7574,37,2.0,256.93,97.0,1.0,614,0.5509,1,Risque Moyen,Réactivation Ciblée : Emailing personnalisé / Remise panier moyen
7575,50,6.0,1256.7900000000002,22.0,0.5,1219,0.3083,0,Risque Faible,Fidélisation Active : Programme fidélité / Ventes privées / Parrainage
7576,31,2.0,330.40999999999997,6.0,1.0,733,0.5415,1,Risque Moyen,Réactivation Ciblée : Emailing personnalisé / Remise panier moyen
7577,44,2.0,97.38,92.0,1.0,402,0.5323,1,Risque Moyen,Réactivation Ciblée : Emailing personnalisé / Remise panier moyen
7578,19,1.0,209.54999999999998,252.0,0.0,659,0.6577,1,Risque Élevé,Rétention Urgente : Appel VIP / Bon d'achat 20% / Enquête insatisfaction
7579,19,3.0,247.57999999999998,100.0,0.3333333333333333,1091,0.5035,1,Risque Moyen,Réactivation Ciblée : Emailing personnalisé / Remise panier moyen
7580,30,1.0,372.12,202.0,0.0,1334,0.6474,1,Risque Moyen,Réactivation Ciblée : Emailing personnalisé / Remise panier moyen
7581,51,3.0,110.08,72.0,1.0,1194,0.4669,0,Risque Moyen,Réactivation Ciblée : Emailing personnalisé / Remise panier moyen
7582,36,1.0,95.98,256.0,1.0,312,0.6442,1,Risque Moyen,Réactivation Ciblée : Emailing personnalisé / Remise panier moyen
7583,38,1.0,25.01,201.0,0.0,654,0.6259,1,Risque Moyen,Réactivation Ciblée : Emailing personnalisé / Remise panier moyen
7584,38,4.0,369.81,33.0,0.5,1115,0.407,0,Risque Moyen,Réactivation Ciblée : Emailing personnalisé / Remise panier moyen
7585,47,1.0,57.75,45.0,1.0,801,0.6011,1,Risque Moyen,Réactivation Ciblée : Emailing personnalisé / Remise panier moyen
7586,28,1.0,135.99,79.0,0.0,1046,0.6217,1,Risque Moyen,Réactivation Ciblée : Emailing personnalisé / Remise panier moyen
7587,43,1.0,88.62,128.0,0.0,1356,0.6187,1,Risque Moyen,Réactivation Ciblée : Emailing personnalisé / Remise panier moyen
7588,26,7.0,736.99,59.0,0.42857142857142855,1319,0.2553,0,Risque Faible,Fidélisation Active : Programme fidélité / Ventes privées / Parrainage
7589,57,5.0,1137.0,46.0,0.4,416,0.3384,0,Risque Faible,Fidélisation Active : Programme fidélité / Ventes privées / Parrainage
7590,26,13.0,2268.92,20.0,0.46153846153846156,375,0.0689,0,Risque Faible,Fidélisation Active : Programme fidélité / Ventes privées / Parrainage
7591,25,3.0,496.18000000000006,24.0,1.0,753,0.4963,0,Risque Moyen,Réactivation Ciblée : Emailing personnalisé / Remise panier moyen
7592,41,1.0,92.34,148.0,0.0,503,0.6097,1,Risque Moyen,Réactivation Ciblée : Emailing personnalisé / Remise panier moyen
7593,36,3.0,567.3000000000001,3.0,0.6666666666666666,1273,0.4865,0,Risque Moyen,Réactivation Ciblée : Emailing personnalisé / Remise panier moyen
7594,39,2.0,600.49,86.0,0.5,1026,0.5599,1,Risque Moyen,Réactivation Ciblée : Emailing personnalisé / Remise panier moyen
7595,38,1.0,93.9,203.0,1.0,513,0.6333,1,Risque Moyen,Réactivation Ciblée : Emailing personnalisé / Remise panier moyen
7596,23,3.0,313.06,173.0,0.3333333333333333,1176,0.5189,1,Risque Moyen,Réactivation Ciblée : Emailing personnalisé / Remise panier moyen
7597,53,1.0,329.24,240.0,1.0,858,0.6308,1,Risque Moyen,Réactivation Ciblée : Emailing personnalisé / Remise panier moyen
7598,45,3.0,210.4,203.0,0.6666666666666666,1362,0.5033,1,Risque Moyen,Réactivation Ciblée : Emailing personnalisé / Remise panier moyen
7599,50,0.0,0.0,303.0,0.0,1039,0.7068,1,Risque Élevé,Rétention Urgente : Appel VIP / Bon d'achat 20% / Enquête insatisfaction
7600,29,0.0,0.0,303.0,0.0,1286,0.7303,1,Risque Élevé,Rétention Urgente : Appel VIP / Bon d'achat 20% / Enquête insatisfaction
7601,40,1.0,48.7,225.0,1.0,464,0.6373,1,Risque Moyen,Réactivation Ciblée : Emailing personnalisé / Remise panier moyen
7602,37,12.0,1164.71,28.0,0.5,743,0.0717,0,Risque Faible,Fidélisation Active : Programme fidélité / Ventes privées / Parrainage
7603,47,0.0,0.0,303.0,0.0,842,0.7061,1,Risque Élevé,Rétention Urgente : Appel VIP / Bon d'achat 20% / Enquête insatisfaction
7604,48,2.0,324.96000000000004,5.0,0.5,929,0.5205,1,Risque Moyen,Réactivation Ciblée : Emailing personnalisé / Remise panier moyen
7605,37,0.0,0.0,303.0,0.0,479,0.709,1,Risque Élevé,Rétention Urgente : Appel VIP / Bon d'achat 20% / Enquête insatisfaction
7606,18,5.0,768.7,43.0,0.6,607,0.3732,0,Risque Moyen,Réactivation Ciblée : Emailing personnalisé / Remise panier moyen
7607,55,1.0,47.89,102.0,1.0,345,0.591,1,Risque Moyen,Réactivation Ciblée : Emailing personnalisé / Remise panier moyen
7608,41,7.0,722.65,13.0,0.5714285714285714,1350,0.2348,0,Risque Faible,Fidélisation Active : Programme fidélité / Ventes privées / Parrainage
7609,28,3.0,307.65999999999997,6.0,0.3333333333333333,1360,0.4866,0,Risque Moyen,Réactivation Ciblée : Emailing personnalisé / Remise panier moyen
7610,39,1.0,67.65,198.0,1.0,307,0.6274,1,Risque Moyen,Réactivation Ciblée : Emailing personnalisé / Remise panier moyen
7611,18,3.0,706.83,78.0,0.3333333333333333,646,0.5082,1,Risque Moyen,Réactivation Ciblée : Emailing personnalisé / Remise panier moyen
7612,47,0.0,0.0,303.0,0.0,465,0.6994,1,Risque Élevé,Rétention Urgente : Appel VIP / Bon d'achat 20% / Enquête insatisfaction
7613,19,5.0,876.8199999999999,16.0,0.6,1235,0.375,0,Risque Moyen,Réactivation Ciblée : Emailing personnalisé / Remise panier moyen
7614,33,0.0,0.0,303.0,0.0,1276,0.7266,1,Risque Élevé,Rétention Urgente : Appel VIP / Bon d'achat 20% / Enquête insatisfaction
7615,38,3.0,920.0999999999999,70.0,0.3333333333333333,567,0.4948,0,Risque Moyen,Réactivation Ciblée : Emailing personnalisé / Remise panier moyen
7616,46,4.0,1022.91,148.0,0.75,505,0.4417,0,Risque Moyen,Réactivation Ciblée : Emailing personnalisé / Remise panier moyen
7617,36,8.0,1246.6000000000001,6.0,0.5,595,0.1953,0,Risque Faible,Fidélisation Active : Programme fidélité / Ventes privées / Parrainage
7618,42,3.0,326.39,69.0,0.6666666666666666,825,0.4733,0,Risque Moyen,Réactivation Ciblée : Emailing personnalisé / Remise panier moyen
7619,35,6.0,723.13,40.0,0.5,1181,0.2907,0,Risque Faible,Fidélisation Active : Programme fidélité / Ventes privées / Parrainage
7620,35,6.0,1406.06,100.0,0.6666666666666666,1233,0.3496,0,Risque Faible,Fidélisation Active : Programme fidélité / Ventes privées / Parrainage
7621,36,2.0,262.03,42.0,0.0,1203,0.5412,1,Risque Moyen,Réactivation Ciblée : Emailing personnalisé / Remise panier moyen
7622,33,2.0,241.41,98.0,0.5,378,0.551,1,Risque Moyen,Réactivation Ciblée : Emailing personnalisé / Remise panier moyen
7623,18,3.0,867.14,118.0,0.0,1124,0.5411,1,Risque Moyen,Réactivation Ciblée : Emailing personnalisé / Remise panier moyen
7624,27,1.0,137.86,53.0,0.0,336,0.6007,1,Risque Moyen,Réactivation Ciblée : Emailing personnalisé / Remise panier moyen
7625,38,3.0,576.95,3.0,0.6666666666666666,539,0.4645,0,Risque Moyen,Réactivation Ciblée : Emailing personnalisé / Remise panier moyen
7626,32,0.0,0.0,303.0,0.0,681,0.7172,1,Risque Élevé,Rétention Urgente : Appel VIP / Bon d'achat 20% / Enquête insatisfaction
7627,33,5.0,1016.3299999999999,37.0,0.8,1255,0.3781,0,Risque Moyen,Réactivation Ciblée : Emailing personnalisé / Remise panier moyen
7628,31,2.0,125.87,186.0,0.5,1202,0.5813,1,Risque Moyen,Réactivation Ciblée : Emailing personnalisé / Remise panier moyen
7629,26,4.0,525.65,17.0,0.75,881,0.4179,0,Risque Moyen,Réactivation Ciblée : Emailing personnalisé / Remise panier moyen
7630,30,4.0,372.69000000000005,61.0,0.75,932,0.4209,0,Risque Moyen,Réactivation Ciblée : Emailing personnalisé / Remise panier moyen
7631,32,3.0,500.83000000000004,91.0,0.3333333333333333,1146,0.502,1,Risque Moyen,Réactivation Ciblée : Emailing personnalisé / Remise panier moyen
7632,35,5.0,1258.4899999999998,16.0,0.6,1178,0.3807,0,Risque Moyen,Réactivation Ciblée : Emailing personnalisé / Remise panier moyen
7633,39,0.0,0.0,303.0,0.0,793,0.7127,1,Risque Élevé,Rétention Urgente : Appel VIP / Bon d'achat 20% / Enquête insatisfaction
7634,33,12.0,1536.56,1.0,0.25,575,0.0766,0,Risque Faible,Fidélisation Active : Programme fidélité / Ventes privées / Parrainage
7635,24,2.0,458.69000000000005,92.0,1.0,1196,0.5844,1,Risque Moyen,Réactivation Ciblée : Emailing personnalisé / Remise panier moyen
7636,20,7.0,862.16,5.0,0.42857142857142855,919,0.2441,0,Risque Faible,Fidélisation Active : Programme fidélité / Ventes privées / Parrainage
7637,64,0.0,0.0,303.0,0.0,1292,0.6981,1,Risque Élevé,Rétention Urgente : Appel VIP / Bon d'achat 20% / Enquête insatisfaction
7638,23,4.0,459.33,110.0,0.75,754,0.4385,0,Risque Moyen,Réactivation Ciblée : Emailing personnalisé / Remise panier moyen
7639,29,0.0,0.0,303.0,0.0,1143,0.7279,1,Risque Élevé,Rétention Urgente : Appel VIP / Bon d'achat 20% / Enquête insatisfaction
7640,41,0.0,0.0,303.0,0.0,630,0.708,1,Risque Élevé,Rétention Urgente : Appel VIP / Bon d'achat 20% / Enquête insatisfaction
7641,39,2.0,470.17,91.0,1.0,428,0.5494,1,Risque Moyen,Réactivation Ciblée : Emailing personnalisé / Remise panier moyen
7642,41,5.0,471.08,48.0,0.2,1293,0.3412,0,Risque Faible,Fidélisation Active : Programme fidélité / Ventes privées / Parrainage
7643,30,6.0,595.9399999999999,11.0,0.8333333333333334,312,0.2773,0,Risque Faible,Fidélisation Active : Programme fidélité / Ventes privées / Parrainage
7644,38,2.0,433.88,261.0,0.5,1300,0.6014,1,Risque Moyen,Réactivation Ciblée : Emailing personnalisé / Remise panier moyen
7645,36,0.0,0.0,303.0,0.0,954,0.7183,1,Risque Élevé,Rétention Urgente : Appel VIP / Bon d'achat 20% / Enquête insatisfaction
7646,32,1.0,140.61,127.0,1.0,638,0.6258,1,Risque Moyen,Réactivation Ciblée : Emailing personnalisé / Remise panier moyen
7647,38,8.0,1028.84,22.0,0.5,1007,0.1944,0,Risque Faible,Fidélisation Active : Programme fidélité / Ventes privées / Parrainage
7648,47,4.0,798.8700000000001,49.0,0.0,499,0.401,0,Risque Moyen,Réactivation Ciblée : Emailing personnalisé / Remise panier moyen
7649,35,1.0,98.03,180.0,1.0,297,0.6273,1,Risque Moyen,Réactivation Ciblée : Emailing personnalisé / Remise panier moyen
7650,35,6.0,1277.27,90.0,0.6666666666666666,1301,0.3345,0,Risque Faible,Fidélisation Active : Programme fidélité / Ventes privées / Parrainage
7651,47,1.0,167.09,28.0,1.0,433,0.5841,1,Risque Moyen,Réactivation Ciblée : Emailing personnalisé / Remise panier moyen
7652,46,4.0,334.83000000000004,92.0,1.0,992,0.4106,0,Risque Moyen,Réactivation Ciblée : Emailing personnalisé / Remise panier moyen
7653,52,6.0,1174.3,2.0,0.3333333333333333,1093,0.2941,0,Risque Faible,Fidélisation Active : Programme fidélité / Ventes privées / Parrainage
7654,18,16.0,2826.17,14.0,0.625,601,0.0362,0,Risque Faible,Fidélisation Active : Programme fidélité / Ventes privées / Parrainage
7655,45,2.0,784.6800000000001,20.0,1.0,419,0.537,1,Risque Moyen,Réactivation Ciblée : Emailing personnalisé / Remise panier moyen
7656,42,0.0,0.0,303.0,0.0,1164,0.7165,1,Risque Élevé,Rétention Urgente : Appel VIP / Bon d'achat 20% / Enquête insatisfaction
7657,25,4.0,412.92,18.0,1.0,624,0.4107,0,Risque Moyen,Réactivation Ciblée : Emailing personnalisé / Remise panier moyen
7658,38,3.0,576.5,116.0,1.0,280,0.5006,1,Risque Moyen,Réactivation Ciblée : Emailing personnalisé / Remise panier moyen
7659,47,1.0,450.65,129.0,1.0,458,0.6104,1,Risque Moyen,Réactivation Ciblée : Emailing personnalisé / Remise panier moyen
7660,26,10.0,1963.6599999999999,7.0,0.9,1044,0.1516,0,Risque Faible,Fidélisation Active : Programme fidélité / Ventes privées / Parrainage
7661,40,1.0,227.3,142.0,1.0,991,0.6284,1,Risque Moyen,Réactivation Ciblée : Emailing personnalisé / Remise panier moyen
7662,45,2.0,240.28,31.0,0.5,552,0.5178,1,Risque Moyen,Réactivation Ciblée : Emailing personnalisé / Remise panier moyen
7663,23,0.0,0.0,303.0,0.0,688,0.7255,1,Risque Élevé,Rétention Urgente : Appel VIP / Bon d'achat 20% / Enquête insatisfaction
7664,33,2.0,83.84,42.0,1.0,698,0.5397,1,Risque Moyen,Réactivation Ciblée : Emailing personnalisé / Remise panier moyen
7665,38,1.0,341.70000000000005,94.0,1.0,741,0.62,1,Risque Moyen,Réactivation Ciblée : Emailing personnalisé / Remise panier moyen
7666,26,0.0,0.0,303.0,0.0,351,0.717,1,Risque Élevé,Rétention Urgente : Appel VIP / Bon d'achat 20% / Enquête insatisfaction
7667,25,4.0,448.78,42.0,0.5,934,0.4285,0,Risque Moyen,Réactivation Ciblée : Emailing personnalisé / Remise panier moyen
7668,34,1.0,309.6,232.0,0.0,484,0.6353,1,Risque Moyen,Réactivation Ciblée : Emailing personnalisé / Remise panier moyen
7669,44,2.0,365.18,99.0,1.0,330,0.5437,1,Risque Moyen,Réactivation Ciblée : Emailing personnalisé / Remise panier moyen
7670,42,3.0,249.45,40.0,0.3333333333333333,923,0.465,0,Risque Moyen,Réactivation Ciblée : Emailing personnalisé / Remise panier moyen
7671,26,7.0,874.45,5.0,0.8571428571428571,1315,0.2592,0,Risque Faible,Fidélisation Active : Programme fidélité / Ventes privées / Parrainage
7672,42,3.0,457.09000000000003,89.0,0.6666666666666666,677,0.4827,0,Risque Moyen,Réactivation Ciblée : Emailing personnalisé / Remise panier moyen
7673,26,3.0,1170.3600000000001,22.0,0.0,1365,0.5207,1,Risque Moyen,Réactivation Ciblée : Emailing personnalisé / Remise panier moyen
7674,18,4.0,480.6,3.0,0.5,1112,0.4348,0,Risque Moyen,Réactivation Ciblée : Emailing personnalisé / Remise panier moyen
7675,31,1.0,53.14,174.0,1.0,535,0.6357,1,Risque Moyen,Réactivation Ciblée : Emailing personnalisé / Remise panier moyen
7676,47,5.0,1243.22,7.0,0.6,887,0.3638,0,Risque Moyen,Réactivation Ciblée : Emailing personnalisé / Remise panier moyen
7677,42,2.0,247.72000000000003,69.0,0.5,908,0.5395,1,Risque Moyen,Réactivation Ciblée : Emailing personnalisé / Remise panier moyen
7678,35,8.0,782.13,19.0,0.625,520,0.1788,0,Risque Faible,Fidélisation Active : Programme fidélité / Ventes privées / Parrainage
7679,30,2.0,233.5,14.0,1.0,896,0.5546,1,Risque Moyen,Réactivation Ciblée : Emailing personnalisé / Remise panier moyen
7680,31,4.0,345.72,86.0,1.0,1176,0.4301,0,Risque Moyen,Réactivation Ciblée : Emailing personnalisé / Remise panier moyen
7681,36,3.0,598.28,216.0,0.3333333333333333,1062,0.524,1,Risque Moyen,Réactivation Ciblée : Emailing personnalisé / Remise panier moyen
7682,23,1.0,743.6,52.0,1.0,610,0.6191,1,Risque Moyen,Réactivation Ciblée : Emailing personnalisé / Remise panier moyen
7683,31,0.0,0.0,303.0,0.0,463,0.7143,1,Risque Élevé,Rétention Urgente : Appel VIP / Bon d'achat 20% / Enquête insatisfaction
7684,33,4.0,274.03000000000003,17.0,0.75,1148,0.403,0,Risque Moyen,Réactivation Ciblée : Emailing personnalisé / Remise panier moyen
7685,20,2.0,823.64,23.0,0.5,1197,0.5771,1,Risque Moyen,Réactivation Ciblée : Emailing personnalisé / Remise panier moyen
7686,26,1.0,637.8,258.0,0.0,1197,0.6604,1,Risque Élevé,Rétention Urgente : Appel VIP / Bon d'achat 20% / Enquête insatisfaction
7687,40,5.0,1432.5400000000002,9.0,0.6,282,0.3683,0,Risque Moyen,Réactivation Ciblée : Emailing personnalisé / Remise panier moyen
7688,35,4.0,704.4000000000001,57.0,0.25,280,0.4087,0,Risque Moyen,Réactivation Ciblée : Emailing personnalisé / Remise panier moyen
7689,32,0.0,0.0,303.0,0.0,1288,0.7277,1,Risque Élevé,Rétention Urgente : Appel VIP / Bon d'achat 20% / Enquête insatisfaction
7690,25,1.0,28.92,257.0,0.0,610,0.652,1,Risque Élevé,Rétention Urgente : Appel VIP / Bon d'achat 20% / Enquête insatisfaction
7691,52,0.0,0.0,303.0,0.0,1296,0.7095,1,Risque Élevé,Rétention Urgente : Appel VIP / Bon d'achat 20% / Enquête insatisfaction
7692,26,0.0,0.0,303.0,0.0,1037,0.7288,1,Risque Élevé,Rétention Urgente : Appel VIP / Bon d'achat 20% / Enquête insatisfaction
7693,38,7.0,1121.93,14.0,0.7142857142857143,320,0.2395,0,Risque Faible,Fidélisation Active : Programme fidélité / Ventes privées / Parrainage
7694,30,3.0,443.58000000000004,31.0,0.6666666666666666,1141,0.4995,0,Risque Moyen,Réactivation Ciblée : Emailing personnalisé / Remise panier moyen
7695,35,2.0,308.44,42.0,0.5,1127,0.5472,1,Risque Moyen,Réactivation Ciblée : Emailing personnalisé / Remise panier moyen
7696,40,1.0,168.21,150.0,1.0,866,0.6303,1,Risque Moyen,Réactivation Ciblée : Emailing personnalisé / Remise panier moyen
7697,20,5.0,1116.96,3.0,0.2,289,0.3627,0,Risque Moyen,Réactivation Ciblée : Emailing personnalisé / Remise panier moyen
7698,35,0.0,0.0,303.0,0.0,817,0.7168,1,Risque Élevé,Rétention Urgente : Appel VIP / Bon d'achat 20% / Enquête insatisfaction
7699,48,1.0,178.8,112.0,1.0,445,0.6031,1,Risque Moyen,Réactivation Ciblée : Emailing personnalisé / Remise panier moyen
7700,54,4.0,581.52,6.0,0.75,1248,0.3944,0,Risque Moyen,Réactivation Ciblée : Emailing personnalisé / Remise panier moyen
7701,34,4.0,656.4300000000001,48.0,0.25,1343,0.4328,0,Risque Moyen,Réactivation Ciblée : Emailing personnalisé / Remise panier moyen
7702,35,3.0,458.15,32.0,0.6666666666666666,858,0.4819,0,Risque Moyen,Réactivation Ciblée : Emailing personnalisé / Remise panier moyen
7703,59,0.0,0.0,303.0,0.0,488,0.6882,1,Risque Élevé,Rétention Urgente : Appel VIP / Bon d'achat 20% / Enquête insatisfaction
7704,47,12.0,1933.58,3.0,0.6666666666666666,1346,0.0812,0,Risque Faible,Fidélisation Active : Programme fidélité / Ventes privées / Parrainage
7705,28,10.0,1307.54,1.0,0.8,1253,0.1319,0,Risque Faible,Fidélisation Active : Programme fidélité / Ventes privées / Parrainage
7706,28,2.0,303.35,82.0,0.5,889,0.5608,1,Risque Moyen,Réactivation Ciblée : Emailing personnalisé / Remise panier moyen
7707,46,9.0,1745.7500000000002,42.0,0.6666666666666666,1062,0.1728,0,Risque Faible,Fidélisation Active : Programme fidélité / Ventes privées / Parrainage
7708,24,4.0,675.0999999999999,96.0,0.75,1138,0.45,0,Risque Moyen,Réactivation Ciblée : Emailing personnalisé / Remise panier moyen
7709,47,4.0,954.0699999999999,48.0,0.75,668,0.4179,0,Risque Moyen,Réactivation Ciblée : Emailing personnalisé / Remise panier moyen
7710,39,5.0,825.5799999999999,13.0,0.8,877,0.3486,0,Risque Faible,Fidélisation Active : Programme fidélité / Ventes privées / Parrainage
7711,41,1.0,104.43,159.0,0.0,600,0.6118,1,Risque Moyen,Réactivation Ciblée : Emailing personnalisé / Remise panier moyen
7712,32,0.0,0.0,303.0,0.0,1083,0.7242,1,Risque Élevé,Rétention Urgente : Appel VIP / Bon d'achat 20% / Enquête insatisfaction
7713,28,3.0,375.89,190.0,1.0,381,0.5116,1,Risque Moyen,Réactivation Ciblée : Emailing personnalisé / Remise panier moyen
7714,51,3.0,732.0699999999999,11.0,0.3333333333333333,479,0.4576,0,Risque Moyen,Réactivation Ciblée : Emailing personnalisé / Remise panier moyen
7715,32,1.0,198.96,245.0,0.0,771,0.6432,1,Risque Moyen,Réactivation Ciblée : Emailing personnalisé / Remise panier moyen
7716,30,3.0,351.38,109.0,1.0,512,0.4892,0,Risque Moyen,Réactivation Ciblée : Emailing personnalisé / Remise panier moyen
7717,34,2.0,1206.12,41.0,0.5,530,0.5626,1,Risque Moyen,Réactivation Ciblée : Emailing personnalisé / Remise panier moyen
7718,37,4.0,516.5699999999999,81.0,0.75,451,0.4102,0,Risque Moyen,Réactivation Ciblée : Emailing personnalisé / Remise panier moyen
7719,24,0.0,0.0,303.0,0.0,429,0.7202,1,Risque Élevé,Rétention Urgente : Appel VIP / Bon d'achat 20% / Enquête insatisfaction
7720,29,3.0,85.59,45.0,1.0,564,0.4694,0,Risque Moyen,Réactivation Ciblée : Emailing personnalisé / Remise panier moyen
7721,28,3.0,630.37,34.0,1.0,1207,0.5024,1,Risque Moyen,Réactivation Ciblée : Emailing personnalisé / Remise panier moyen
7722,44,2.0,431.57,228.0,0.5,757,0.5764,1,Risque Moyen,Réactivation Ciblée : Emailing personnalisé / Remise panier moyen
7723,25,0.0,0.0,303.0,0.0,416,0.719,1,Risque Élevé,Rétention Urgente : Appel VIP / Bon d'achat 20% / Enquête insatisfaction
7724,18,1.0,34.46,127.0,0.0,1093,0.6424,1,Risque Moyen,Réactivation Ciblée : Emailing personnalisé / Remise panier moyen
7725,18,0.0,0.0,303.0,0.0,372,0.7246,1,Risque Élevé,Rétention Urgente : Appel VIP / Bon d'achat 20% / Enquête insatisfaction
7726,19,5.0,371.46000000000004,18.0,0.6,840,0.3476,0,Risque Faible,Fidélisation Active : Programme fidélité / Ventes privées / Parrainage
7727,50,8.0,1365.44,13.0,0.25,410,0.188,0,Risque Faible,Fidélisation Active : Programme fidélité / Ventes privées / Parrainage
7728,35,2.0,258.53999999999996,129.0,0.5,1319,0.5673,1,Risque Moyen,Réactivation Ciblée : Emailing personnalisé / Remise panier moyen
7729,41,2.0,455.59999999999997,131.0,1.0,785,0.5653,1,Risque Moyen,Réactivation Ciblée : Emailing personnalisé / Remise panier moyen
7730,41,8.0,1350.28,1.0,0.25,455,0.1942,0,Risque Faible,Fidélisation Active : Programme fidélité / Ventes privées / Parrainage
7731,36,1.0,229.86,60.0,1.0,892,0.6156,1,Risque Moyen,Réactivation Ciblée : Emailing personnalisé / Remise panier moyen
7732,34,4.0,473.26,51.0,0.75,881,0.4125,0,Risque Moyen,Réactivation Ciblée : Emailing personnalisé / Remise panier moyen
7733,46,2.0,451.22999999999996,97.0,0.5,1289,0.5594,1,Risque Moyen,Réactivation Ciblée : Emailing personnalisé / Remise panier moyen
7734,37,5.0,447.26,38.0,0.6,808,0.3391,0,Risque Faible,Fidélisation Active : Programme fidélité / Ventes privées / Parrainage
7735,50,9.0,1673.4899999999998,65.0,0.4444444444444444,963,0.1711,0,Risque Faible,Fidélisation Active : Programme fidélité / Ventes privées / Parrainage
7736,42,2.0,66.17,12.0,1.0,832,0.5277,1,Risque Moyen,Réactivation Ciblée : Emailing personnalisé / Remise panier moyen
7737,28,5.0,485.03000000000003,5.0,0.4,1114,0.3508,0,Risque Moyen,Réactivation Ciblée : Emailing personnalisé / Remise panier moyen
7738,30,3.0,180.03,90.0,0.3333333333333333,409,0.4722,0,Risque Moyen,Réactivation Ciblée : Emailing personnalisé / Remise panier moyen
7739,27,1.0,29.07,261.0,1.0,882,0.6644,1,Risque Élevé,Rétention Urgente : Appel VIP / Bon d'achat 20% / Enquête insatisfaction
7740,48,6.0,1091.4599999999998,39.0,0.6666666666666666,853,0.299,0,Risque Faible,Fidélisation Active : Programme fidélité / Ventes privées / Parrainage
7741,31,0.0,0.0,303.0,0.0,905,0.722,1,Risque Élevé,Rétention Urgente : Appel VIP / Bon d'achat 20% / Enquête insatisfaction
7742,26,1.0,262.44,184.0,1.0,589,0.6432,1,Risque Moyen,Réactivation Ciblée : Emailing personnalisé / Remise panier moyen
7743,39,8.0,1066.3100000000002,13.0,0.5,1333,0.202,0,Risque Faible,Fidélisation Active : Programme fidélité / Ventes privées / Parrainage
7744,34,0.0,0.0,303.0,0.0,1353,0.727,1,Risque Élevé,Rétention Urgente : Appel VIP / Bon d'achat 20% / Enquête insatisfaction
7745,38,4.0,625.14,107.0,0.5,450,0.424,0,Risque Moyen,Réactivation Ciblée : Emailing personnalisé / Remise panier moyen
7746,56,5.0,820.39,16.0,0.4,720,0.3247,0,Risque Faible,Fidélisation Active : Programme fidélité / Ventes privées / Parrainage
7747,45,3.0,433.44,45.0,0.6666666666666666,546,0.4618,0,Risque Moyen,Réactivation Ciblée : Emailing personnalisé / Remise panier moyen
7748,35,5.0,646.36,38.0,0.2,1296,0.3495,0,Risque Faible,Fidélisation Active : Programme fidélité / Ventes privées / Parrainage
7749,20,8.0,788.81,19.0,0.375,629,0.1942,0,Risque Faible,Fidélisation Active : Programme fidélité / Ventes privées / Parrainage
7750,30,1.0,396.45000000000005,93.0,1.0,611,0.6209,1,Risque Moyen,Réactivation Ciblée : Emailing personnalisé / Remise panier moyen
7751,43,6.0,611.13,77.0,0.5,463,0.2895,0,Risque Faible,Fidélisation Active : Programme fidélité / Ventes privées / Parrainage
7752,22,5.0,562.26,112.0,1.0,350,0.3709,0,Risque Moyen,Réactivation Ciblée : Emailing personnalisé / Remise panier moyen
7753,59,0.0,0.0,303.0,0.0,571,0.6898,1,Risque Élevé,Rétention Urgente : Appel VIP / Bon d'achat 20% / Enquête insatisfaction
7754,35,8.0,1347.6499999999999,19.0,0.5,416,0.2023,0,Risque Faible,Fidélisation Active : Programme fidélité / Ventes privées / Parrainage
7755,36,15.0,2443.42,2.0,0.4666666666666667,885,0.0393,0,Risque Faible,Fidélisation Active : Programme fidélité / Ventes privées / Parrainage
7756,28,11.0,1833.3700000000001,25.0,0.6363636363636364,982,0.1189,0,Risque Faible,Fidélisation Active : Programme fidélité / Ventes privées / Parrainage
7757,40,7.0,1454.83,22.0,0.42857142857142855,911,0.2534,0,Risque Faible,Fidélisation Active : Programme fidélité / Ventes privées / Parrainage
7758,22,0.0,0.0,303.0,0.0,947,0.7308,1,Risque Élevé,Rétention Urgente : Appel VIP / Bon d'achat 20% / Enquête insatisfaction
7759,59,0.0,0.0,303.0,0.0,1137,0.7001,1,Risque Élevé,Rétention Urgente : Appel VIP / Bon d'achat 20% / Enquête insatisfaction
7760,49,1.0,93.44,28.0,1.0,830,0.5912,1,Risque Moyen,Réactivation Ciblée : Emailing personnalisé / Remise panier moyen
7761,46,3.0,646.9200000000001,13.0,0.3333333333333333,649,0.4605,0,Risque Moyen,Réactivation Ciblée : Emailing personnalisé / Remise panier moyen
7762,20,3.0,239.02999999999997,58.0,0.6666666666666666,1214,0.4993,0,Risque Moyen,Réactivation Ciblée : Emailing personnalisé / Remise panier moyen
7763,37,0.0,0.0,303.0,0.0,850,0.7156,1,Risque Élevé,Rétention Urgente : Appel VIP / Bon d'achat 20% / Enquête insatisfaction
7764,48,0.0,0.0,303.0,0.0,785,0.7042,1,Risque Élevé,Rétention Urgente : Appel VIP / Bon d'achat 20% / Enquête insatisfaction
7765,42,7.0,1775.74,11.0,0.14285714285714285,669,0.252,0,Risque Faible,Fidélisation Active : Programme fidélité / Ventes privées / Parrainage
7766,24,0.0,0.0,303.0,0.0,1264,0.7344,1,Risque Élevé,Rétention Urgente : Appel VIP / Bon d'achat 20% / Enquête insatisfaction
7767,28,4.0,549.23,19.0,0.75,557,0.4101,0,Risque Moyen,Réactivation Ciblée : Emailing personnalisé / Remise panier moyen
7768,30,0.0,0.0,303.0,0.0,403,0.7142,1,Risque Élevé,Rétention Urgente : Appel VIP / Bon d'achat 20% / Enquête insatisfaction
7769,28,8.0,2486.38,110.0,0.25,773,0.2776,0,Risque Faible,Fidélisation Active : Programme fidélité / Ventes privées / Parrainage
7770,52,12.0,1806.42,2.0,0.6666666666666666,355,0.076,0,Risque Faible,Fidélisation Active : Programme fidélité / Ventes privées / Parrainage
7771,18,2.0,209.6,35.0,0.5,829,0.5566,1,Risque Moyen,Réactivation Ciblée : Emailing personnalisé / Remise panier moyen
7772,42,3.0,287.39,157.0,0.3333333333333333,1357,0.5013,1,Risque Moyen,Réactivation Ciblée : Emailing personnalisé / Remise panier moyen
7773,21,2.0,145.53,46.0,0.5,1005,0.5625,1,Risque Moyen,Réactivation Ciblée : Emailing personnalisé / Remise panier moyen
7774,24,1.0,167.94,117.0,0.0,707,0.6225,1,Risque Moyen,Réactivation Ciblée : Emailing personnalisé / Remise panier moyen
7775,18,8.0,1463.04,25.0,0.875,831,0.2225,0,Risque Faible,Fidélisation Active : Programme fidélité / Ventes privées / Parrainage
7776,29,5.0,503.88,23.0,0.4,1055,0.347,0,Risque Faible,Fidélisation Active : Programme fidélité / Ventes privées / Parrainage
7777,52,0.0,0.0,303.0,0.0,789,0.7005,1,Risque Élevé,Rétention Urgente : Appel VIP / Bon d'achat 20% / Enquête insatisfaction
7778,38,3.0,409.5,74.0,0.6666666666666666,1107,0.4896,0,Risque Moyen,Réactivation Ciblée : Emailing personnalisé / Remise panier moyen
7779,22,6.0,1179.95,55.0,0.6666666666666666,873,0.3309,0,Risque Faible,Fidélisation Active : Programme fidélité / Ventes privées / Parrainage
7780,46,0.0,0.0,303.0,0.0,746,0.7054,1,Risque Élevé,Rétention Urgente : Appel VIP / Bon d'achat 20% / Enquête insatisfaction
7781,49,1.0,199.0,149.0,0.0,1239,0.6189,1,Risque Moyen,Réactivation Ciblée : Emailing personnalisé / Remise panier moyen
7782,36,1.0,107.57,128.0,1.0,577,0.621,1,Risque Moyen,Réactivation Ciblée : Emailing personnalisé / Remise panier moyen
7783,57,2.0,100.21000000000001,13.0,0.5,1280,0.5133,1,Risque Moyen,Réactivation Ciblée : Emailing personnalisé / Remise panier moyen
7784,44,3.0,787.04,45.0,0.6666666666666666,401,0.4724,0,Risque Moyen,Réactivation Ciblée : Emailing personnalisé / Remise panier moyen
7785,43,11.0,1191.62,42.0,0.5454545454545454,739,0.0968,0,Risque Faible,Fidélisation Active : Programme fidélité / Ventes privées / Parrainage
7786,26,1.0,77.64,156.0,1.0,863,0.6454,1,Risque Moyen,Réactivation Ciblée : Emailing personnalisé / Remise panier moyen
7787,42,10.0,1372.37,3.0,0.8,1162,0.1245,0,Risque Faible,Fidélisation Active : Programme fidélité / Ventes privées / Parrainage
7788,37,3.0,650.9,125.0,0.3333333333333333,286,0.492,0,Risque Moyen,Réactivation Ciblée : Emailing personnalisé / Remise panier moyen
7789,41,1.0,101.03999999999999,3.0,1.0,835,0.5988,1,Risque Moyen,Réactivation Ciblée : Emailing personnalisé / Remise panier moyen
7790,27,2.0,270.65999999999997,172.0,0.0,485,0.5646,1,Risque Moyen,Réactivation Ciblée : Emailing personnalisé / Remise panier moyen
7791,36,1.0,49.51,12.0,1.0,418,0.5941,1,Risque Moyen,Réactivation Ciblée : Emailing personnalisé / Remise panier moyen
7792,26,2.0,568.61,247.0,0.5,1084,0.6073,1,Risque Moyen,Réactivation Ciblée : Emailing personnalisé / Remise panier moyen
7793,18,3.0,252.54000000000002,70.0,0.6666666666666666,650,0.4947,0,Risque Moyen,Réactivation Ciblée : Emailing personnalisé / Remise panier moyen
7794,46,8.0,1575.25,25.0,0.625,867,0.2031,0,Risque Faible,Fidélisation Active : Programme fidélité / Ventes privées / Parrainage
7795,18,0.0,0.0,303.0,0.0,1111,0.7371,1,Risque Élevé,Rétention Urgente : Appel VIP / Bon d'achat 20% / Enquête insatisfaction
7796,36,4.0,790.49,5.0,0.5,559,0.4122,0,Risque Moyen,Réactivation Ciblée : Emailing personnalisé / Remise panier moyen
7797,39,6.0,1161.47,33.0,0.8333333333333334,1317,0.3117,0,Risque Faible,Fidélisation Active : Programme fidélité / Ventes privées / Parrainage
7798,39,0.0,0.0,303.0,0.0,819,0.7132,1,Risque Élevé,Rétention Urgente : Appel VIP / Bon d'achat 20% / Enquête insatisfaction
7799,32,0.0,0.0,303.0,0.0,704,0.7176,1,Risque Élevé,Rétention Urgente : Appel VIP / Bon d'achat 20% / Enquête insatisfaction
7800,38,0.0,0.0,303.0,0.0,714,0.7123,1,Risque Élevé,Rétention Urgente : Appel VIP / Bon d'achat 20% / Enquête insatisfaction
7801,40,5.0,618.06,18.0,0.8,403,0.3304,0,Risque Faible,Fidélisation Active : Programme fidélité / Ventes privées / Parrainage
7802,43,6.0,706.8199999999999,53.0,0.3333333333333333,847,0.2829,0,Risque Faible,Fidélisation Active : Programme fidélité / Ventes privées / Parrainage
7803,54,3.0,478.51000000000005,21.0,0.6666666666666666,400,0.4468,0,Risque Moyen,Réactivation Ciblée : Emailing personnalisé / Remise panier moyen
7804,38,13.0,2294.36,1.0,0.5384615384615384,368,0.0644,0,Risque Faible,Fidélisation Active : Programme fidélité / Ventes privées / Parrainage
7805,36,5.0,1095.53,2.0,0.6,481,0.355,0,Risque Moyen,Réactivation Ciblée : Emailing personnalisé / Remise panier moyen
7806,25,1.0,725.65,173.0,1.0,624,0.6425,1,Risque Moyen,Réactivation Ciblée : Emailing personnalisé / Remise panier moyen
7807,40,0.0,0.0,303.0,0.0,276,0.7026,1,Risque Élevé,Rétention Urgente : Appel VIP / Bon d'achat 20% / Enquête insatisfaction
7808,42,1.0,294.74,143.0,1.0,301,0.6115,1,Risque Moyen,Réactivation Ciblée : Emailing personnalisé / Remise panier moyen
7809,33,9.0,943.3299999999999,33.0,0.5555555555555556,1158,0.1594,0,Risque Faible,Fidélisation Active : Programme fidélité / Ventes privées / Parrainage
7810,41,6.0,827.93,17.0,0.5,1093,0.2882,0,Risque Faible,Fidélisation Active : Programme fidélité / Ventes privées / Parrainage
7811,32,0.0,0.0,303.0,0.0,890,0.7209,1,Risque Élevé,Rétention Urgente : Appel VIP / Bon d'achat 20% / Enquête insatisfaction
7812,42,4.0,609.76,127.0,0.75,1164,0.437,0,Risque Moyen,Réactivation Ciblée : Emailing personnalisé / Remise panier moyen
7813,45,4.0,672.8,31.0,0.5,1250,0.4183,0,Risque Moyen,Réactivation Ciblée : Emailing personnalisé / Remise panier moyen
7814,45,4.0,266.09000000000003,60.0,0.5,883,0.3927,0,Risque Moyen,Réactivation Ciblée : Emailing personnalisé / Remise panier moyen
7815,36,0.0,0.0,303.0,0.0,1260,0.7236,1,Risque Élevé,Rétention Urgente : Appel VIP / Bon d'achat 20% / Enquête insatisfaction
7816,24,2.0,531.6,143.0,0.5,915,0.5873,1,Risque Moyen,Réactivation Ciblée : Emailing personnalisé / Remise panier moyen
7817,28,8.0,1489.71,12.0,0.375,337,0.207,0,Risque Faible,Fidélisation Active : Programme fidélité / Ventes privées / Parrainage
7818,42,7.0,1057.29,49.0,0.42857142857142855,857,0.2428,0,Risque Faible,Fidélisation Active : Programme fidélité / Ventes privées / Parrainage
7819,62,2.0,921.3799999999999,102.0,0.5,302,0.5345,1,Risque Moyen,Réactivation Ciblée : Emailing personnalisé / Remise panier moyen
7820,31,5.0,671.31,32.0,0.6,1237,0.3683,0,Risque Moyen,Réactivation Ciblée : Emailing personnalisé / Remise panier moyen
7821,40,0.0,0.0,303.0,0.0,618,0.7087,1,Risque Élevé,Rétention Urgente : Appel VIP / Bon d'achat 20% / Enquête insatisfaction
7822,29,8.0,1012.46,36.0,0.625,975,0.2028,0,Risque Faible,Fidélisation Active : Programme fidélité / Ventes privées / Parrainage
7823,24,2.0,309.73,36.0,1.0,1171,0.5691,1,Risque Moyen,Réactivation Ciblée : Emailing personnalisé / Remise panier moyen
7824,28,4.0,518.3199999999999,27.0,0.5,1149,0.4225,0,Risque Moyen,Réactivation Ciblée : Emailing personnalisé / Remise panier moyen
7825,18,2.0,268.7,215.0,0.5,501,0.5918,1,Risque Moyen,Réactivation Ciblée : Emailing personnalisé / Remise panier moyen
7826,50,0.0,0.0,303.0,0.0,1275,0.711,1,Risque Élevé,Rétention Urgente : Appel VIP / Bon d'achat 20% / Enquête insatisfaction
7827,18,3.0,114.86,38.0,0.6666666666666666,1216,0.4957,0,Risque Moyen,Réactivation Ciblée : Emailing personnalisé / Remise panier moyen
7828,32,8.0,1628.32,11.0,0.25,844,0.2171,0,Risque Faible,Fidélisation Active : Programme fidélité / Ventes privées / Parrainage
7829,22,2.0,423.23,120.0,0.0,650,0.5672,1,Risque Moyen,Réactivation Ciblée : Emailing personnalisé / Remise panier moyen
7830,25,0.0,0.0,303.0,0.0,602,0.7223,1,Risque Élevé,Rétention Urgente : Appel VIP / Bon d'achat 20% / Enquête insatisfaction
7831,50,5.0,919.8699999999999,62.0,0.6,551,0.3459,0,Risque Faible,Fidélisation Active : Programme fidélité / Ventes privées / Parrainage
7832,37,4.0,1065.5900000000001,184.0,0.75,1112,0.4742,0,Risque Moyen,Réactivation Ciblée : Emailing personnalisé / Remise panier moyen
7833,24,2.0,313.24,152.0,0.5,668,0.5781,1,Risque Moyen,Réactivation Ciblée : Emailing personnalisé / Remise panier moyen
7834,29,4.0,749.09,151.0,0.75,854,0.4572,0,Risque Moyen,Réactivation Ciblée : Emailing personnalisé / Remise panier moyen
7835,27,0.0,0.0,303.0,0.0,924,0.726,1,Risque Élevé,Rétention Urgente : Appel VIP / Bon d'achat 20% / Enquête insatisfaction
7836,35,3.0,468.53,52.0,0.6666666666666666,1198,0.4896,0,Risque Moyen,Réactivation Ciblée : Emailing personnalisé / Remise panier moyen
7837,37,0.0,0.0,303.0,0.0,1099,0.7199,1,Risque Élevé,Rétention Urgente : Appel VIP / Bon d'achat 20% / Enquête insatisfaction
7838,56,4.0,620.75,50.0,1.0,768,0.3999,0,Risque Moyen,Réactivation Ciblée : Emailing personnalisé / Remise panier moyen
7839,18,5.0,805.79,36.0,0.2,732,0.3713,0,Risque Moyen,Réactivation Ciblée : Emailing personnalisé / Remise panier moyen
7840,35,0.0,0.0,303.0,0.0,1302,0.7252,1,Risque Élevé,Rétention Urgente : Appel VIP / Bon d'achat 20% / Enquête insatisfaction
7841,32,11.0,1370.09,20.0,0.6363636363636364,594,0.1017,0,Risque Faible,Fidélisation Active : Programme fidélité / Ventes privées / Parrainage
7842,45,4.0,1086.2199999999998,47.0,0.5,1361,0.4405,0,Risque Moyen,Réactivation Ciblée : Emailing personnalisé / Remise panier moyen
7843,39,7.0,1215.33,14.0,0.2857142857142857,1234,0.2591,0,Risque Faible,Fidélisation Active : Programme fidélité / Ventes privées / Parrainage
7844,41,1.0,97.87,137.0,1.0,553,0.6172,1,Risque Moyen,Réactivation Ciblée : Emailing personnalisé / Remise panier moyen
7845,39,5.0,554.4300000000001,112.0,0.6,539,0.3484,0,Risque Faible,Fidélisation Active : Programme fidélité / Ventes privées / Parrainage
7846,25,4.0,568.21,78.0,0.0,1344,0.4328,0,Risque Moyen,Réactivation Ciblée : Emailing personnalisé / Remise panier moyen
7847,48,1.0,211.48,161.0,0.0,904,0.6114,1,Risque Moyen,Réactivation Ciblée : Emailing personnalisé / Remise panier moyen
7848,44,1.0,173.98,128.0,1.0,995,0.62,1,Risque Moyen,Réactivation Ciblée : Emailing personnalisé / Remise panier moyen
7849,45,2.0,431.92,52.0,1.0,1173,0.5493,1,Risque Moyen,Réactivation Ciblée : Emailing personnalisé / Remise panier moyen
7850,49,2.0,161.99,32.0,0.0,665,0.5088,1,Risque Moyen,Réactivation Ciblée : Emailing personnalisé / Remise panier moyen
7851,40,2.0,565.59,70.0,1.0,967,0.5633,1,Risque Moyen,Réactivation Ciblée : Emailing personnalisé / Remise panier moyen
7852,51,4.0,616.3199999999999,86.0,0.5,1247,0.4173,0,Risque Moyen,Réactivation Ciblée : Emailing personnalisé / Remise panier moyen
7853,39,4.0,788.02,50.0,0.75,597,0.4179,0,Risque Moyen,Réactivation Ciblée : Emailing personnalisé / Remise panier moyen
7854,33,0.0,0.0,303.0,0.0,810,0.7186,1,Risque Élevé,Rétention Urgente : Appel VIP / Bon d'achat 20% / Enquête insatisfaction
7855,35,1.0,46.4,50.0,0.0,415,0.5943,1,Risque Moyen,Réactivation Ciblée : Emailing personnalisé / Remise panier moyen
7856,35,7.0,1234.21,19.0,0.8571428571428571,461,0.2418,0,Risque Faible,Fidélisation Active : Programme fidélité / Ventes privées / Parrainage
7857,29,0.0,0.0,303.0,0.0,306,0.7134,1,Risque Élevé,Rétention Urgente : Appel VIP / Bon d'achat 20% / Enquête insatisfaction
7858,53,1.0,16.1,237.0,0.0,750,0.6195,1,Risque Moyen,Réactivation Ciblée : Emailing personnalisé / Remise panier moyen
7859,38,1.0,181.26,37.0,1.0,628,0.5997,1,Risque Moyen,Réactivation Ciblée : Emailing personnalisé / Remise panier moyen
7860,36,2.0,289.48,70.0,0.0,422,0.5376,1,Risque Moyen,Réactivation Ciblée : Emailing personnalisé / Remise panier moyen
7861,39,1.0,54.24,36.0,0.0,572,0.588,1,Risque Moyen,Réactivation Ciblée : Emailing personnalisé / Remise panier moyen
7862,68,4.0,966.88,3.0,0.5,1163,0.3913,0,Risque Moyen,Réactivation Ciblée : Emailing personnalisé / Remise panier moyen
7863,23,0.0,0.0,303.0,0.0,786,0.7272,1,Risque Élevé,Rétention Urgente : Appel VIP / Bon d'achat 20% / Enquête insatisfaction
7864,26,2.0,335.59000000000003,59.0,1.0,672,0.5575,1,Risque Moyen,Réactivation Ciblée : Emailing personnalisé / Remise panier moyen
7865,20,1.0,246.54,90.0,1.0,957,0.6378,1,Risque Moyen,Réactivation Ciblée : Emailing personnalisé / Remise panier moyen
7866,32,9.0,1269.83,77.0,0.4444444444444444,1161,0.1765,0,Risque Faible,Fidélisation Active : Programme fidélité / Ventes privées / Parrainage
7867,38,2.0,177.56,122.0,1.0,964,0.559,1,Risque Moyen,Réactivation Ciblée : Emailing personnalisé / Remise panier moyen
7868,30,2.0,129.49,80.0,0.0,981,0.5512,1,Risque Moyen,Réactivation Ciblée : Emailing personnalisé / Remise panier moyen
7869,29,0.0,0.0,303.0,0.0,502,0.7169,1,Risque Élevé,Rétention Urgente : Appel VIP / Bon d'achat 20% / Enquête insatisfaction
7870,37,3.0,469.84999999999997,4.0,0.0,1098,0.4649,0,Risque Moyen,Réactivation Ciblée : Emailing personnalisé / Remise panier moyen
7871,29,7.0,1484.53,30.0,0.42857142857142855,932,0.2828,0,Risque Faible,Fidélisation Active : Programme fidélité / Ventes privées / Parrainage
7872,38,3.0,228.40999999999997,130.0,0.3333333333333333,511,0.4799,0,Risque Moyen,Réactivation Ciblée : Emailing personnalisé / Remise panier moyen
7873,47,7.0,1689.73,19.0,0.7142857142857143,1024,0.2604,0,Risque Faible,Fidélisation Active : Programme fidélité / Ventes privées / Parrainage
7874,42,3.0,660.47,42.0,0.3333333333333333,1220,0.4818,0,Risque Moyen,Réactivation Ciblée : Emailing personnalisé / Remise panier moyen
7875,45,1.0,22.91,53.0,0.0,741,0.589,1,Risque Moyen,Réactivation Ciblée : Emailing personnalisé / Remise panier moyen
7876,47,1.0,226.3,217.0,1.0,1182,0.6402,1,Risque Moyen,Réactivation Ciblée : Emailing personnalisé / Remise panier moyen
7877,38,3.0,446.14,68.0,0.0,1349,0.4847,0,Risque Moyen,Réactivation Ciblée : Emailing personnalisé / Remise panier moyen
7878,33,2.0,125.28,64.0,0.5,996,0.5524,1,Risque Moyen,Réactivation Ciblée : Emailing personnalisé / Remise panier moyen
7879,27,0.0,0.0,303.0,0.0,390,0.7167,1,Risque Élevé,Rétention Urgente : Appel VIP / Bon d'achat 20% / Enquête insatisfaction
7880,31,3.0,796.74,49.0,0.6666666666666666,1302,0.5076,1,Risque Moyen,Réactivation Ciblée : Emailing personnalisé / Remise panier moyen
7881,29,2.0,213.1,179.0,0.5,283,0.5642,1,Risque Moyen,Réactivation Ciblée : Emailing personnalisé / Remise panier moyen
7882,43,9.0,1672.41,14.0,0.8888888888888888,583,0.1603,0,Risque Faible,Fidélisation Active : Programme fidélité / Ventes privées / Parrainage
7883,39,6.0,737.62,24.0,0.5,747,0.2822,0,Risque Faible,Fidélisation Active : Programme fidélité / Ventes privées / Parrainage
7884,43,3.0,517.38,46.0,0.6666666666666666,1284,0.4826,0,Risque Moyen,Réactivation Ciblée : Emailing personnalisé / Remise panier moyen
7885,22,5.0,665.71,3.0,0.4,1193,0.3626,0,Risque Moyen,Réactivation Ciblée : Emailing personnalisé / Remise panier moyen
7886,51,3.0,305.57,93.0,0.6666666666666666,1010,0.4696,0,Risque Moyen,Réactivation Ciblée : Emailing personnalisé / Remise panier moyen
7887,30,1.0,353.46,174.0,1.0,538,0.6347,1,Risque Moyen,Réactivation Ciblée : Emailing personnalisé / Remise panier moyen
7888,23,0.0,0.0,303.0,0.0,1078,0.7322,1,Risque Élevé,Rétention Urgente : Appel VIP / Bon d'achat 20% / Enquête insatisfaction
7889,30,2.0,445.52,22.0,1.0,1239,0.5612,1,Risque Moyen,Réactivation Ciblée : Emailing personnalisé / Remise panier moyen
7890,62,1.0,39.13,117.0,1.0,890,0.598,1,Risque Moyen,Réactivation Ciblée : Emailing personnalisé / Remise panier moyen
7891,31,1.0,52.56,3.0,0.0,721,0.5928,1,Risque Moyen,Réactivation Ciblée : Emailing personnalisé / Remise panier moyen
7892,31,11.0,2006.3899999999999,2.0,0.5454545454545454,837,0.1108,0,Risque Faible,Fidélisation Active : Programme fidélité / Ventes privées / Parrainage
7893,33,0.0,0.0,303.0,0.0,1105,0.7237,1,Risque Élevé,Rétention Urgente : Appel VIP / Bon d'achat 20% / Enquête insatisfaction
7894,33,10.0,1487.04,7.0,0.3,410,0.1267,0,Risque Faible,Fidélisation Active : Programme fidélité / Ventes privées / Parrainage
7895,26,4.0,724.8000000000001,48.0,0.75,866,0.4438,0,Risque Moyen,Réactivation Ciblée : Emailing personnalisé / Remise panier moyen
7896,37,1.0,61.5,76.0,0.0,460,0.5963,1,Risque Moyen,Réactivation Ciblée : Emailing personnalisé / Remise panier moyen
7897,47,6.0,744.3800000000001,77.0,0.5,894,0.2837,0,Risque Faible,Fidélisation Active : Programme fidélité / Ventes privées / Parrainage
7898,38,5.0,313.75,77.0,0.8,481,0.3331,0,Risque Faible,Fidélisation Active : Programme fidélité / Ventes privées / Parrainage
7899,23,4.0,804.0300000000001,128.0,0.75,1351,0.4736,0,Risque Moyen,Réactivation Ciblée : Emailing personnalisé / Remise panier moyen
7900,31,3.0,427.70000000000005,19.0,1.0,276,0.4718,0,Risque Moyen,Réactivation Ciblée : Emailing personnalisé / Remise panier moyen
7901,29,3.0,288.61,11.0,1.0,461,0.4679,0,Risque Moyen,Réactivation Ciblée : Emailing personnalisé / Remise panier moyen
7902,36,5.0,1176.16,10.0,0.4,1239,0.3725,0,Risque Moyen,Réactivation Ciblée : Emailing personnalisé / Remise panier moyen
7903,50,5.0,528.3,64.0,1.0,431,0.327,0,Risque Faible,Fidélisation Active : Programme fidélité / Ventes privées / Parrainage
7904,33,0.0,0.0,303.0,0.0,554,0.7141,1,Risque Élevé,Rétention Urgente : Appel VIP / Bon d'achat 20% / Enquête insatisfaction
7905,34,6.0,1381.6,3.0,0.6666666666666666,1354,0.3214,0,Risque Faible,Fidélisation Active : Programme fidélité / Ventes privées / Parrainage
7906,55,4.0,896.04,155.0,0.0,362,0.4175,0,Risque Moyen,Réactivation Ciblée : Emailing personnalisé / Remise panier moyen
7907,45,2.0,259.53999999999996,2.0,0.5,662,0.5185,1,Risque Moyen,Réactivation Ciblée : Emailing personnalisé / Remise panier moyen
7908,41,2.0,347.22,84.0,0.5,666,0.5427,1,Risque Moyen,Réactivation Ciblée : Emailing personnalisé / Remise panier moyen
7909,57,4.0,427.78999999999996,18.0,0.75,623,0.3739,0,Risque Moyen,Réactivation Ciblée : Emailing personnalisé / Remise panier moyen
7910,40,3.0,354.64,70.0,0.3333333333333333,937,0.473,0,Risque Moyen,Réactivation Ciblée : Emailing personnalisé / Remise panier moyen
7911,18,3.0,291.32000000000005,132.0,0.6666666666666666,279,0.5016,1,Risque Moyen,Réactivation Ciblée : Emailing personnalisé / Remise panier moyen
7912,44,3.0,297.75,21.0,0.6666666666666666,1333,0.4662,0,Risque Moyen,Réactivation Ciblée : Emailing personnalisé / Remise panier moyen
7913,18,0.0,0.0,303.0,0.0,622,0.7289,1,Risque Élevé,Rétention Urgente : Appel VIP / Bon d'achat 20% / Enquête insatisfaction
7914,40,2.0,257.75,156.0,1.0,1352,0.5781,1,Risque Moyen,Réactivation Ciblée : Emailing personnalisé / Remise panier moyen
7915,18,1.0,303.26,86.0,1.0,855,0.6363,1,Risque Moyen,Réactivation Ciblée : Emailing personnalisé / Remise panier moyen
7916,30,3.0,196.17,11.0,0.3333333333333333,1336,0.473,0,Risque Moyen,Réactivation Ciblée : Emailing personnalisé / Remise panier moyen
7917,31,0.0,0.0,303.0,0.0,1020,0.724,1,Risque Élevé,Rétention Urgente : Appel VIP / Bon d'achat 20% / Enquête insatisfaction
7918,27,1.0,117.48,172.0,1.0,861,0.6509,1,Risque Élevé,Rétention Urgente : Appel VIP / Bon d'achat 20% / Enquête insatisfaction
7919,31,2.0,814.71,46.0,0.0,723,0.5562,1,Risque Moyen,Réactivation Ciblée : Emailing personnalisé / Remise panier moyen
7920,46,7.0,1430.26,2.0,0.2857142857142857,430,0.237,0,Risque Faible,Fidélisation Active : Programme fidélité / Ventes privées / Parrainage
7921,27,2.0,428.91999999999996,82.0,0.5,513,0.5584,1,Risque Moyen,Réactivation Ciblée : Emailing personnalisé / Remise panier moyen
7922,41,2.0,356.48,156.0,0.5,852,0.5647,1,Risque Moyen,Réactivation Ciblée : Emailing personnalisé / Remise panier moyen
7923,24,9.0,1311.28,21.0,0.7777777777777778,571,0.1693,0,Risque Faible,Fidélisation Active : Programme fidélité / Ventes privées / Parrainage
7924,33,2.0,249.91000000000003,61.0,1.0,884,0.5531,1,Risque Moyen,Réactivation Ciblée : Emailing personnalisé / Remise panier moyen
7925,39,0.0,0.0,303.0,0.0,705,0.7112,1,Risque Élevé,Rétention Urgente : Appel VIP / Bon d'achat 20% / Enquête insatisfaction
7926,24,2.0,297.76,131.0,1.0,926,0.5821,1,Risque Moyen,Réactivation Ciblée : Emailing personnalisé / Remise panier moyen
7927,21,0.0,0.0,303.0,0.0,991,0.7325,1,Risque Élevé,Rétention Urgente : Appel VIP / Bon d'achat 20% / Enquête insatisfaction
7928,40,3.0,207.60000000000002,186.0,0.6666666666666666,355,0.4878,0,Risque Moyen,Réactivation Ciblée : Emailing personnalisé / Remise panier moyen
7929,47,0.0,0.0,303.0,0.0,406,0.6983,1,Risque Élevé,Rétention Urgente : Appel VIP / Bon d'achat 20% / Enquête insatisfaction
7930,34,2.0,866.1600000000001,3.0,0.5,796,0.5473,1,Risque Moyen,Réactivation Ciblée : Emailing personnalisé / Remise panier moyen
7931,30,0.0,0.0,303.0,0.0,1011,0.7248,1,Risque Élevé,Rétention Urgente : Appel VIP / Bon d'achat 20% / Enquête insatisfaction
7932,37,4.0,481.02000000000004,82.0,0.5,831,0.4186,0,Risque Moyen,Réactivation Ciblée : Emailing personnalisé / Remise panier moyen
7933,36,4.0,1145.0800000000002,126.0,0.5,748,0.4504,0,Risque Moyen,Réactivation Ciblée : Emailing personnalisé / Remise panier moyen
7934,38,0.0,0.0,303.0,0.0,563,0.7096,1,Risque Élevé,Rétention Urgente : Appel VIP / Bon d'achat 20% / Enquête insatisfaction
7935,18,3.0,969.45,148.0,0.6666666666666666,303,0.5279,1,Risque Moyen,Réactivation Ciblée : Emailing personnalisé / Remise panier moyen
7936,23,2.0,145.11,42.0,0.0,553,0.5398,1,Risque Moyen,Réactivation Ciblée : Emailing personnalisé / Remise panier moyen
7937,26,4.0,790.46,29.0,0.25,1356,0.4382,0,Risque Moyen,Réactivation Ciblée : Emailing personnalisé / Remise panier moyen
7938,37,5.0,1864.26,32.0,0.4,545,0.3931,0,Risque Moyen,Réactivation Ciblée : Emailing personnalisé / Remise panier moyen
7939,37,3.0,448.78999999999996,37.0,0.0,880,0.4669,0,Risque Moyen,Réactivation Ciblée : Emailing personnalisé / Remise panier moyen
7940,42,8.0,1953.44,1.0,0.5,282,0.2127,0,Risque Faible,Fidélisation Active : Programme fidélité / Ventes privées / Parrainage
7941,38,7.0,969.8299999999999,20.0,0.5714285714285714,814,0.2424,0,Risque Faible,Fidélisation Active : Programme fidélité / Ventes privées / Parrainage
7942,21,0.0,0.0,303.0,0.0,624,0.7262,1,Risque Élevé,Rétention Urgente : Appel VIP / Bon d'achat 20% / Enquête insatisfaction
7943,51,1.0,79.67999999999999,28.0,1.0,1294,0.603,1,Risque Moyen,Réactivation Ciblée : Emailing personnalisé / Remise panier moyen
7944,49,2.0,403.78,185.0,1.0,604,0.5591,1,Risque Moyen,Réactivation Ciblée : Emailing personnalisé / Remise panier moyen
7945,21,0.0,0.0,303.0,0.0,544,0.7249,1,Risque Élevé,Rétention Urgente : Appel VIP / Bon d'achat 20% / Enquête insatisfaction
7946,39,5.0,758.46,15.0,0.6,1162,0.3561,0,Risque Moyen,Réactivation Ciblée : Emailing personnalisé / Remise panier moyen
7947,28,5.0,1387.36,11.0,0.4,676,0.3775,0,Risque Moyen,Réactivation Ciblée : Emailing personnalisé / Remise panier moyen
7948,37,1.0,26.44,77.0,1.0,693,0.6127,1,Risque Moyen,Réactivation Ciblée : Emailing personnalisé / Remise panier moyen
7949,47,1.0,24.22,43.0,0.0,794,0.5857,1,Risque Moyen,Réactivation Ciblée : Emailing personnalisé / Remise panier moyen
7950,58,3.0,407.01,33.0,0.0,475,0.4326,0,Risque Moyen,Réactivation Ciblée : Emailing personnalisé / Remise panier moyen
7951,43,4.0,151.18999999999997,46.0,0.5,1244,0.3975,0,Risque Moyen,Réactivation Ciblée : Emailing personnalisé / Remise panier moyen
7952,38,1.0,69.43,249.0,1.0,1112,0.6547,1,Risque Élevé,Rétention Urgente : Appel VIP / Bon d'achat 20% / Enquête insatisfaction
7953,31,4.0,410.45,28.0,0.75,632,0.4098,0,Risque Moyen,Réactivation Ciblée : Emailing personnalisé / Remise panier moyen
7954,37,2.0,147.74,7.0,1.0,1081,0.5369,1,Risque Moyen,Réactivation Ciblée : Emailing personnalisé / Remise panier moyen
7955,50,6.0,542.5799999999999,118.0,0.5,731,0.2875,0,Risque Faible,Fidélisation Active : Programme fidélité / Ventes privées / Parrainage
7956,35,8.0,1393.48,23.0,0.375,602,0.1989,0,Risque Faible,Fidélisation Active : Programme fidélité / Ventes privées / Parrainage
7957,25,8.0,1174.28,16.0,0.375,857,0.204,0,Risque Faible,Fidélisation Active : Programme fidélité / Ventes privées / Parrainage
7958,18,4.0,591.6,11.0,0.0,796,0.428,0,Risque Moyen,Réactivation Ciblée : Emailing personnalisé / Remise panier moyen
7959,41,1.0,87.77,269.0,1.0,1001,0.6533,1,Risque Élevé,Rétention Urgente : Appel VIP / Bon d'achat 20% / Enquête insatisfaction
7960,38,1.0,519.25,98.0,1.0,1084,0.6254,1,Risque Moyen,Réactivation Ciblée : Emailing personnalisé / Remise panier moyen
7961,28,0.0,0.0,303.0,0.0,1306,0.7316,1,Risque Élevé,Rétention Urgente : Appel VIP / Bon d'achat 20% / Enquête insatisfaction
7962,46,0.0,0.0,303.0,0.0,723,0.7049,1,Risque Élevé,Rétention Urgente : Appel VIP / Bon d'achat 20% / Enquête insatisfaction
7963,30,4.0,491.98,46.0,0.25,618,0.4117,0,Risque Moyen,Réactivation Ciblée : Emailing personnalisé / Remise panier moyen
7964,34,3.0,389.77,1.0,0.6666666666666666,605,0.4666,0,Risque Moyen,Réactivation Ciblée : Emailing personnalisé / Remise panier moyen
7965,35,2.0,663.24,24.0,1.0,1008,0.5615,1,Risque Moyen,Réactivation Ciblée : Emailing personnalisé / Remise panier moyen
7966,31,2.0,306.44,74.0,0.0,998,0.5503,1,Risque Moyen,Réactivation Ciblée : Emailing personnalisé / Remise panier moyen
7967,38,7.0,939.48,32.0,0.42857142857142855,324,0.2268,0,Risque Faible,Fidélisation Active : Programme fidélité / Ventes privées / Parrainage
7968,48,5.0,1055.34,87.0,0.6,428,0.3593,0,Risque Moyen,Réactivation Ciblée : Emailing personnalisé / Remise panier moyen
7969,22,10.0,1711.7,58.0,0.5,428,0.1417,0,Risque Faible,Fidélisation Active : Programme fidélité / Ventes privées / Parrainage
7970,40,5.0,679.73,17.0,0.2,514,0.3302,0,Risque Faible,Fidélisation Active : Programme fidélité / Ventes privées / Parrainage
7971,37,6.0,1697.12,1.0,0.0,566,0.3116,0,Risque Faible,Fidélisation Active : Programme fidélité / Ventes privées / Parrainage
7972,37,5.0,1021.22,16.0,0.0,1323,0.3626,0,Risque Moyen,Réactivation Ciblée : Emailing personnalisé / Remise panier moyen
7973,45,2.0,151.18,87.0,1.0,1175,0.5497,1,Risque Moyen,Réactivation Ciblée : Emailing personnalisé / Remise panier moyen
7974,36,11.0,2560.2200000000003,15.0,0.5454545454545454,288,0.1196,0,Risque Faible,Fidélisation Active : Programme fidélité / Ventes privées / Parrainage
7975,40,1.0,132.0,202.0,0.0,1036,0.6362,1,Risque Moyen,Réactivation Ciblée : Emailing personnalisé / Remise panier moyen
7976,43,2.0,196.95,140.0,1.0,622,0.5505,1,Risque Moyen,Réactivation Ciblée : Emailing personnalisé / Remise panier moyen
7977,29,8.0,1126.1699999999998,8.0,0.875,503,0.2029,0,Risque Faible,Fidélisation Active : Programme fidélité / Ventes privées / Parrainage
7978,38,5.0,1576.22,1.0,0.6,329,0.3668,0,Risque Moyen,Réactivation Ciblée : Emailing personnalisé / Remise panier moyen
7979,32,4.0,331.2,104.0,0.0,724,0.4096,0,Risque Moyen,Réactivation Ciblée : Emailing personnalisé / Remise panier moyen
7980,34,3.0,264.98,67.0,0.6666666666666666,625,0.4758,0,Risque Moyen,Réactivation Ciblée : Emailing personnalisé / Remise panier moyen
7981,31,9.0,895.14,8.0,0.3333333333333333,1219,0.1491,0,Risque Faible,Fidélisation Active : Programme fidélité / Ventes privées / Parrainage
7982,40,4.0,326.06,120.0,0.5,363,0.4084,0,Risque Moyen,Réactivation Ciblée : Emailing personnalisé / Remise panier moyen
7983,36,2.0,208.82999999999998,218.0,0.5,567,0.5708,1,Risque Moyen,Réactivation Ciblée : Emailing personnalisé / Remise panier moyen
7984,39,3.0,369.6,17.0,0.3333333333333333,487,0.4554,0,Risque Moyen,Réactivation Ciblée : Emailing personnalisé / Remise panier moyen
7985,35,1.0,108.88,24.0,0.0,543,0.5884,1,Risque Moyen,Réactivation Ciblée : Emailing personnalisé / Remise panier moyen
7986,18,2.0,337.34,17.0,0.0,978,0.5546,1,Risque Moyen,Réactivation Ciblée : Emailing personnalisé / Remise panier moyen
7987,35,1.0,91.5,98.0,0.0,1088,0.6196,1,Risque Moyen,Réactivation Ciblée : Emailing personnalisé / Remise panier moyen
7988,36,6.0,748.39,28.0,1.0,830,0.2887,0,Risque Faible,Fidélisation Active : Programme fidélité / Ventes privées / Parrainage
7989,38,6.0,837.4,18.0,0.16666666666666666,1027,0.2889,0,Risque Faible,Fidélisation Active : Programme fidélité / Ventes privées / Parrainage
7990,28,3.0,458.48,94.0,0.3333333333333333,695,0.5005,1,Risque Moyen,Réactivation Ciblée : Emailing personnalisé / Remise panier moyen
7991,22,15.0,1930.66,7.0,0.6,350,0.0371,0,Risque Faible,Fidélisation Active : Programme fidélité / Ventes privées / Parrainage
7992,42,0.0,0.0,303.0,0.0,1276,0.7184,1,Risque Élevé,Rétention Urgente : Appel VIP / Bon d'achat 20% / Enquête insatisfaction
7993,32,1.0,48.61,1.0,1.0,349,0.5947,1,Risque Moyen,Réactivation Ciblée : Emailing personnalisé / Remise panier moyen
7994,37,4.0,1464.0,190.0,1.0,1254,0.4998,0,Risque Moyen,Réactivation Ciblée : Emailing personnalisé / Remise panier moyen
7995,32,4.0,682.38,73.0,1.0,1256,0.4416,0,Risque Moyen,Réactivation Ciblée : Emailing personnalisé / Remise panier moyen
7996,35,0.0,0.0,303.0,0.0,285,0.7075,1,Risque Élevé,Rétention Urgente : Appel VIP / Bon d'achat 20% / Enquête insatisfaction
7997,30,3.0,120.73,41.0,0.3333333333333333,1132,0.4773,0,Risque Moyen,Réactivation Ciblée : Emailing personnalisé / Remise panier moyen
7998,24,2.0,605.52,216.0,1.0,731,0.6059,1,Risque Moyen,Réactivation Ciblée : Emailing personnalisé / Remise panier moyen
7999,40,3.0,798.69,9.0,0.6666666666666666,300,0.4693,0,Risque Moyen,Réactivation Ciblée : Emailing personnalisé / Remise panier moyen
8000,28,1.0,292.38,88.0,1.0,645,0.6221,1,Risque Moyen,Réactivation Ciblée : Emailing personnalisé / Remise panier moyen
8001,37,1.0,225.75,23.0,1.0,870,0.6104,1,Risque Moyen,Réactivation Ciblée : Emailing personnalisé / Remise panier moyen
8002,40,2.0,89.28,31.0,0.5,920,0.5286,1,Risque Moyen,Réactivation Ciblée : Emailing personnalisé / Remise panier moyen
8003,29,1.0,145.28,257.0,0.0,1174,0.6573,1,Risque Élevé,Rétention Urgente : Appel VIP / Bon d'achat 20% / Enquête insatisfaction
8004,22,6.0,600.91,10.0,0.16666666666666666,794,0.2975,0,Risque Faible,Fidélisation Active : Programme fidélité / Ventes privées / Parrainage
8005,62,6.0,870.6600000000001,56.0,0.5,787,0.2772,0,Risque Faible,Fidélisation Active : Programme fidélité / Ventes privées / Parrainage
8006,29,1.0,67.25,85.0,1.0,1059,0.6298,1,Risque Moyen,Réactivation Ciblée : Emailing personnalisé / Remise panier moyen
8007,42,0.0,0.0,303.0,0.0,778,0.7097,1,Risque Élevé,Rétention Urgente : Appel VIP / Bon d'achat 20% / Enquête insatisfaction
8008,56,4.0,333.93,30.0,0.25,821,0.375,0,Risque Moyen,Réactivation Ciblée : Emailing personnalisé / Remise panier moyen
8009,44,6.0,763.15,36.0,0.8333333333333334,980,0.2861,0,Risque Faible,Fidélisation Active : Programme fidélité / Ventes privées / Parrainage
8010,32,0.0,0.0,303.0,0.0,569,0.7153,1,Risque Élevé,Rétention Urgente : Appel VIP / Bon d'achat 20% / Enquête insatisfaction
8011,34,5.0,633.24,3.0,0.6,708,0.3436,0,Risque Faible,Fidélisation Active : Programme fidélité / Ventes privées / Parrainage
8012,26,5.0,1200.72,1.0,0.2,584,0.3688,0,Risque Moyen,Réactivation Ciblée : Emailing personnalisé / Remise panier moyen
8013,45,15.0,2072.73,18.0,0.7333333333333333,835,0.0358,0,Risque Faible,Fidélisation Active : Programme fidélité / Ventes privées / Parrainage
8014,41,5.0,605.69,31.0,0.4,1072,0.3441,0,Risque Faible,Fidélisation Active : Programme fidélité / Ventes privées / Parrainage
8015,29,2.0,452.45,150.0,0.0,542,0.5727,1,Risque Moyen,Réactivation Ciblée : Emailing personnalisé / Remise panier moyen
8016,24,5.0,913.3199999999999,72.0,0.4,642,0.3806,0,Risque Moyen,Réactivation Ciblée : Emailing personnalisé / Remise panier moyen
8017,20,1.0,21.38,248.0,0.0,1038,0.6618,1,Risque Élevé,Rétention Urgente : Appel VIP / Bon d'achat 20% / Enquête insatisfaction
8018,46,5.0,603.83,20.0,0.8,735,0.3383,0,Risque Faible,Fidélisation Active : Programme fidélité / Ventes privées / Parrainage
8019,36,9.0,1572.83,7.0,0.6666666666666666,514,0.1604,0,Risque Faible,Fidélisation Active : Programme fidélité / Ventes privées / Parrainage
8020,37,1.0,41.4,23.0,1.0,290,0.5928,1,Risque Moyen,Réactivation Ciblée : Emailing personnalisé / Remise panier moyen
8021,26,6.0,861.68,16.0,0.8333333333333334,597,0.2993,0,Risque Faible,Fidélisation Active : Programme fidélité / Ventes privées / Parrainage
8022,19,1.0,125.0,170.0,0.0,494,0.635,1,Risque Moyen,Réactivation Ciblée : Emailing personnalisé / Remise panier moyen
8023,46,5.0,1489.3999999999999,6.0,0.6,627,0.3662,0,Risque Moyen,Réactivation Ciblée : Emailing personnalisé / Remise panier moyen
8024,35,2.0,170.89,186.0,0.5,731,0.5656,1,Risque Moyen,Réactivation Ciblée : Emailing personnalisé / Remise panier moyen
8025,45,1.0,139.64,66.0,1.0,927,0.6071,1,Risque Moyen,Réactivation Ciblée : Emailing personnalisé / Remise panier moyen
8026,31,0.0,0.0,303.0,0.0,476,0.7146,1,Risque Élevé,Rétention Urgente : Appel VIP / Bon d'achat 20% / Enquête insatisfaction
8027,32,1.0,112.4,246.0,1.0,1223,0.6676,1,Risque Élevé,Rétention Urgente : Appel VIP / Bon d'achat 20% / Enquête insatisfaction
8028,43,1.0,71.48,272.0,1.0,978,0.6516,1,Risque Élevé,Rétention Urgente : Appel VIP / Bon d'achat 20% / Enquête insatisfaction
8029,43,4.0,356.13,107.0,0.5,996,0.4165,0,Risque Moyen,Réactivation Ciblée : Emailing personnalisé / Remise panier moyen
8030,44,5.0,605.63,36.0,0.8,300,0.3275,0,Risque Faible,Fidélisation Active : Programme fidélité / Ventes privées / Parrainage
8031,32,0.0,0.0,303.0,0.0,1107,0.7246,1,Risque Élevé,Rétention Urgente : Appel VIP / Bon d'achat 20% / Enquête insatisfaction
8032,42,3.0,569.15,7.0,1.0,438,0.4709,0,Risque Moyen,Réactivation Ciblée : Emailing personnalisé / Remise panier moyen
8033,47,4.0,806.5500000000001,77.0,0.75,623,0.414,0,Risque Moyen,Réactivation Ciblée : Emailing personnalisé / Remise panier moyen
8034,34,0.0,0.0,303.0,0.0,804,0.7175,1,Risque Élevé,Rétention Urgente : Appel VIP / Bon d'achat 20% / Enquête insatisfaction
8035,29,3.0,225.15,107.0,0.6666666666666666,853,0.494,0,Risque Moyen,Réactivation Ciblée : Emailing personnalisé / Remise panier moyen
8036,50,3.0,587.64,46.0,0.6666666666666666,684,0.4639,0,Risque Moyen,Réactivation Ciblée : Emailing personnalisé / Remise panier moyen
8037,28,0.0,0.0,303.0,0.0,883,0.7244,1,Risque Élevé,Rétention Urgente : Appel VIP / Bon d'achat 20% / Enquête insatisfaction
8038,42,6.0,1155.27,9.0,0.5,535,0.2958,0,Risque Faible,Fidélisation Active : Programme fidélité / Ventes privées / Parrainage
8039,34,9.0,1214.99,18.0,0.5555555555555556,903,0.1617,0,Risque Faible,Fidélisation Active : Programme fidélité / Ventes privées / Parrainage
8040,18,0.0,0.0,303.0,0.0,903,0.7337,1,Risque Élevé,Rétention Urgente : Appel VIP / Bon d'achat 20% / Enquête insatisfaction
8041,47,5.0,535.14,71.0,0.4,1347,0.3508,0,Risque Moyen,Réactivation Ciblée : Emailing personnalisé / Remise panier moyen
8042,18,6.0,496.01,32.0,0.5,973,0.3065,0,Risque Faible,Fidélisation Active : Programme fidélité / Ventes privées / Parrainage
8043,18,3.0,809.55,77.0,0.3333333333333333,1224,0.5299,1,Risque Moyen,Réactivation Ciblée : Emailing personnalisé / Remise panier moyen
8044,41,1.0,188.4,139.0,1.0,949,0.6264,1,Risque Moyen,Réactivation Ciblée : Emailing personnalisé / Remise panier moyen
8045,41,3.0,111.06,123.0,0.6666666666666666,1064,0.4808,0,Risque Moyen,Réactivation Ciblée : Emailing personnalisé / Remise panier moyen
8046,28,2.0,986.9300000000001,74.0,0.5,368,0.5669,1,Risque Moyen,Réactivation Ciblée : Emailing personnalisé / Remise panier moyen
8047,37,4.0,259.36,38.0,0.25,1325,0.4008,0,Risque Moyen,Réactivation Ciblée : Emailing personnalisé / Remise panier moyen
8048,18,0.0,0.0,303.0,0.0,1262,0.7397,1,Risque Élevé,Rétention Urgente : Appel VIP / Bon d'achat 20% / Enquête insatisfaction
8049,43,1.0,288.68,247.0,1.0,1219,0.6504,1,Risque Élevé,Rétention Urgente : Appel VIP / Bon d'achat 20% / Enquête insatisfaction
8050,38,2.0,462.84,68.0,1.0,1259,0.5609,1,Risque Moyen,Réactivation Ciblée : Emailing personnalisé / Remise panier moyen
8051,34,1.0,85.66,114.0,1.0,327,0.6154,1,Risque Moyen,Réactivation Ciblée : Emailing personnalisé / Remise panier moyen
8052,35,0.0,0.0,303.0,0.0,619,0.7134,1,Risque Élevé,Rétention Urgente : Appel VIP / Bon d'achat 20% / Enquête insatisfaction
8053,40,3.0,141.99,22.0,1.0,1130,0.4658,0,Risque Moyen,Réactivation Ciblée : Emailing personnalisé / Remise panier moyen
8054,35,2.0,96.45,174.0,0.5,645,0.5598,1,Risque Moyen,Réactivation Ciblée : Emailing personnalisé / Remise panier moyen
8055,18,8.0,1411.13,24.0,1.0,626,0.2217,0,Risque Faible,Fidélisation Active : Programme fidélité / Ventes privées / Parrainage
8056,59,7.0,624.87,31.0,0.5714285714285714,1041,0.2115,0,Risque Faible,Fidélisation Active : Programme fidélité / Ventes privées / Parrainage
8057,48,6.0,1183.3,63.0,0.5,507,0.2987,0,Risque Faible,Fidélisation Active : Programme fidélité / Ventes privées / Parrainage
8058,21,1.0,17.36,12.0,0.0,908,0.6099,1,Risque Moyen,Réactivation Ciblée : Emailing personnalisé / Remise panier moyen
8059,31,3.0,446.3,42.0,0.6666666666666666,625,0.4811,0,Risque Moyen,Réactivation Ciblée : Emailing personnalisé / Remise panier moyen
8060,32,0.0,0.0,303.0,0.0,1006,0.7229,1,Risque Élevé,Rétention Urgente : Appel VIP / Bon d'achat 20% / Enquête insatisfaction
8061,47,5.0,485.12,23.0,0.8,471,0.3231,0,Risque Faible,Fidélisation Active : Programme fidélité / Ventes privées / Parrainage
8062,18,11.0,1331.14,16.0,0.5454545454545454,926,0.1041,0,Risque Faible,Fidélisation Active : Programme fidélité / Ventes privées / Parrainage
8063,30,4.0,563.94,13.0,0.25,483,0.4063,0,Risque Moyen,Réactivation Ciblée : Emailing personnalisé / Remise panier moyen
8064,18,5.0,1094.8899999999999,18.0,0.6,385,0.3712,0,Risque Moyen,Réactivation Ciblée : Emailing personnalisé / Remise panier moyen
8065,32,1.0,179.55,72.0,0.0,1108,0.6125,1,Risque Moyen,Réactivation Ciblée : Emailing personnalisé / Remise panier moyen
8066,30,7.0,1017.36,94.0,0.7142857142857143,1089,0.269,0,Risque Faible,Fidélisation Active : Programme fidélité / Ventes privées / Parrainage
8067,36,4.0,627.29,74.0,0.5,443,0.4148,0,Risque Moyen,Réactivation Ciblée : Emailing personnalisé / Remise panier moyen
8068,28,5.0,772.23,9.0,0.2,423,0.35,0,Risque Faible,Fidélisation Active : Programme fidélité / Ventes privées / Parrainage
8069,27,1.0,610.16,92.0,0.0,1217,0.6245,1,Risque Moyen,Réactivation Ciblée : Emailing personnalisé / Remise panier moyen
8070,42,5.0,618.52,47.0,0.6,575,0.3392,0,Risque Faible,Fidélisation Active : Programme fidélité / Ventes privées / Parrainage
8071,40,0.0,0.0,303.0,0.0,333,0.7036,1,Risque Élevé,Rétention Urgente : Appel VIP / Bon d'achat 20% / Enquête insatisfaction
8072,41,2.0,217.28,19.0,0.5,1355,0.5386,1,Risque Moyen,Réactivation Ciblée : Emailing personnalisé / Remise panier moyen
8073,33,2.0,172.39999999999998,183.0,0.0,418,0.5592,1,Risque Moyen,Réactivation Ciblée : Emailing personnalisé / Remise panier moyen
8074,29,11.0,1650.66,8.0,0.6363636363636364,502,0.1036,0,Risque Faible,Fidélisation Active : Programme fidélité / Ventes privées / Parrainage
8075,34,1.0,60.74,62.0,0.0,924,0.6061,1,Risque Moyen,Réactivation Ciblée : Emailing personnalisé / Remise panier moyen
8076,41,1.0,45.24,18.0,0.0,570,0.5862,1,Risque Moyen,Réactivation Ciblée : Emailing personnalisé / Remise panier moyen
8077,18,3.0,226.89,64.0,0.6666666666666666,637,0.4902,0,Risque Moyen,Réactivation Ciblée : Emailing personnalisé / Remise panier moyen
8078,39,4.0,1008.0500000000001,68.0,0.5,1131,0.4399,0,Risque Moyen,Réactivation Ciblée : Emailing personnalisé / Remise panier moyen
8079,38,0.0,0.0,303.0,0.0,830,0.7143,1,Risque Élevé,Rétention Urgente : Appel VIP / Bon d'achat 20% / Enquête insatisfaction
8080,36,6.0,1778.64,10.0,0.5,600,0.3323,0,Risque Faible,Fidélisation Active : Programme fidélité / Ventes privées / Parrainage
8081,33,2.0,142.47,9.0,0.5,560,0.5249,1,Risque Moyen,Réactivation Ciblée : Emailing personnalisé / Remise panier moyen
8082,18,12.0,1332.6599999999999,5.0,0.6666666666666666,607,0.08,0,Risque Faible,Fidélisation Active : Programme fidélité / Ventes privées / Parrainage
8083,30,2.0,82.61,59.0,1.0,1295,0.5638,1,Risque Moyen,Réactivation Ciblée : Emailing personnalisé / Remise panier moyen
8084,55,4.0,784.7,124.0,0.5,1073,0.4253,0,Risque Moyen,Réactivation Ciblée : Emailing personnalisé / Remise panier moyen
8085,35,5.0,1306.28,133.0,0.8,1355,0.411,0,Risque Moyen,Réactivation Ciblée : Emailing personnalisé / Remise panier moyen
8086,32,1.0,172.78,26.0,1.0,757,0.6087,1,Risque Moyen,Réactivation Ciblée : Emailing personnalisé / Remise panier moyen
8087,35,0.0,0.0,303.0,0.0,974,0.7196,1,Risque Élevé,Rétention Urgente : Appel VIP / Bon d'achat 20% / Enquête insatisfaction
8088,39,7.0,1556.35,90.0,0.8571428571428571,1178,0.2829,0,Risque Faible,Fidélisation Active : Programme fidélité / Ventes privées / Parrainage
8089,42,5.0,403.12,74.0,0.2,552,0.3269,0,Risque Faible,Fidélisation Active : Programme fidélité / Ventes privées / Parrainage
8090,32,2.0,257.0,4.0,1.0,1263,0.5499,1,Risque Moyen,Réactivation Ciblée : Emailing personnalisé / Remise panier moyen
8091,40,6.0,790.11,49.0,0.3333333333333333,1362,0.3023,0,Risque Faible,Fidélisation Active : Programme fidélité / Ventes privées / Parrainage
8092,53,0.0,0.0,303.0,0.0,604,0.6961,1,Risque Élevé,Rétention Urgente : Appel VIP / Bon d'achat 20% / Enquête insatisfaction
8093,46,3.0,819.56,90.0,0.3333333333333333,717,0.484,0,Risque Moyen,Réactivation Ciblée : Emailing personnalisé / Remise panier moyen
8094,61,0.0,0.0,303.0,0.0,884,0.6936,1,Risque Élevé,Rétention Urgente : Appel VIP / Bon d'achat 20% / Enquête insatisfaction
8095,28,0.0,0.0,303.0,0.0,437,0.7166,1,Risque Élevé,Rétention Urgente : Appel VIP / Bon d'achat 20% / Enquête insatisfaction
8096,53,1.0,41.49,94.0,1.0,863,0.6023,1,Risque Moyen,Réactivation Ciblée : Emailing personnalisé / Remise panier moyen
8097,26,1.0,39.36,70.0,0.0,850,0.6152,1,Risque Moyen,Réactivation Ciblée : Emailing personnalisé / Remise panier moyen
8098,39,2.0,264.8,9.0,0.5,567,0.5227,1,Risque Moyen,Réactivation Ciblée : Emailing personnalisé / Remise panier moyen
8099,43,4.0,303.64,45.0,0.75,920,0.3985,0,Risque Moyen,Réactivation Ciblée : Emailing personnalisé / Remise panier moyen
8100,29,0.0,0.0,303.0,0.0,1084,0.7269,1,Risque Élevé,Rétention Urgente : Appel VIP / Bon d'achat 20% / Enquête insatisfaction
8101,36,0.0,0.0,303.0,0.0,1295,0.7242,1,Risque Élevé,Rétention Urgente : Appel VIP / Bon d'achat 20% / Enquête insatisfaction
8102,45,3.0,443.64,91.0,0.0,1324,0.4921,0,Risque Moyen,Réactivation Ciblée : Emailing personnalisé / Remise panier moyen
8103,27,8.0,1471.8899999999999,7.0,0.625,624,0.2082,0,Risque Faible,Fidélisation Active : Programme fidélité / Ventes privées / Parrainage
8104,53,6.0,1476.21,137.0,0.6666666666666666,693,0.3384,0,Risque Faible,Fidélisation Active : Programme fidélité / Ventes privées / Parrainage
8105,20,0.0,0.0,303.0,0.0,794,0.73,1,Risque Élevé,Rétention Urgente : Appel VIP / Bon d'achat 20% / Enquête insatisfaction
8106,56,2.0,210.07999999999998,197.0,1.0,1276,0.5668,1,Risque Moyen,Réactivation Ciblée : Emailing personnalisé / Remise panier moyen
8107,46,1.0,229.3,194.0,0.0,1047,0.6231,1,Risque Moyen,Réactivation Ciblée : Emailing personnalisé / Remise panier moyen
8108,34,5.0,847.7,2.0,0.6,903,0.3547,0,Risque Moyen,Réactivation Ciblée : Emailing personnalisé / Remise panier moyen
8109,31,7.0,1590.66,12.0,0.2857142857142857,765,0.2686,0,Risque Faible,Fidélisation Active : Programme fidélité / Ventes privées / Parrainage
8110,29,8.0,1555.8,12.0,0.625,484,0.2136,0,Risque Faible,Fidélisation Active : Programme fidélité / Ventes privées / Parrainage
8111,34,3.0,398.3,44.0,0.3333333333333333,362,0.463,0,Risque Moyen,Réactivation Ciblée : Emailing personnalisé / Remise panier moyen
8112,34,7.0,1610.45,33.0,0.8571428571428571,815,0.2695,0,Risque Faible,Fidélisation Active : Programme fidélité / Ventes privées / Parrainage
8113,49,2.0,298.6,8.0,0.5,616,0.5171,1,Risque Moyen,Réactivation Ciblée : Emailing personnalisé / Remise panier moyen
8114,57,10.0,1747.8,10.0,0.7,1042,0.1292,0,Risque Faible,Fidélisation Active : Programme fidélité / Ventes privées / Parrainage
8115,37,2.0,89.33,30.0,1.0,641,0.5315,1,Risque Moyen,Réactivation Ciblée : Emailing personnalisé / Remise panier moyen
8116,26,3.0,625.29,196.0,0.3333333333333333,778,0.5278,1,Risque Moyen,Réactivation Ciblée : Emailing personnalisé / Remise panier moyen
8117,29,1.0,285.12,98.0,0.0,518,0.6118,1,Risque Moyen,Réactivation Ciblée : Emailing personnalisé / Remise panier moyen
8118,33,5.0,499.64,128.0,0.2,929,0.3574,0,Risque Moyen,Réactivation Ciblée : Emailing personnalisé / Remise panier moyen
8119,24,1.0,130.76,88.0,1.0,655,0.6287,1,Risque Moyen,Réactivation Ciblée : Emailing personnalisé / Remise panier moyen
8120,22,2.0,343.52000000000004,112.0,0.0,937,0.5701,1,Risque Moyen,Réactivation Ciblée : Emailing personnalisé / Remise panier moyen
8121,58,3.0,304.5,7.0,0.3333333333333333,421,0.4287,0,Risque Moyen,Réactivation Ciblée : Emailing personnalisé / Remise panier moyen
8122,38,4.0,494.17,22.0,0.75,1041,0.4101,0,Risque Moyen,Réactivation Ciblée : Emailing personnalisé / Remise panier moyen
8123,26,9.0,2299.0,1.0,0.5555555555555556,508,0.1915,0,Risque Faible,Fidélisation Active : Programme fidélité / Ventes privées / Parrainage
8124,44,3.0,386.95,65.0,0.6666666666666666,1140,0.4808,0,Risque Moyen,Réactivation Ciblée : Emailing personnalisé / Remise panier moyen
8125,22,0.0,0.0,303.0,0.0,625,0.7254,1,Risque Élevé,Rétention Urgente : Appel VIP / Bon d'achat 20% / Enquête insatisfaction
8126,23,1.0,76.09,256.0,1.0,367,0.6569,1,Risque Élevé,Rétention Urgente : Appel VIP / Bon d'achat 20% / Enquête insatisfaction
8127,26,1.0,144.84,214.0,1.0,558,0.6502,1,Risque Élevé,Rétention Urgente : Appel VIP / Bon d'achat 20% / Enquête insatisfaction
8128,53,3.0,592.55,116.0,0.6666666666666666,1195,0.4913,0,Risque Moyen,Réactivation Ciblée : Emailing personnalisé / Remise panier moyen
8129,32,4.0,303.9,97.0,0.5,856,0.4155,0,Risque Moyen,Réactivation Ciblée : Emailing personnalisé / Remise panier moyen
8130,18,3.0,427.53,23.0,0.6666666666666666,1240,0.5108,1,Risque Moyen,Réactivation Ciblée : Emailing personnalisé / Remise panier moyen
8131,48,6.0,1414.6299999999999,22.0,0.3333333333333333,995,0.3063,0,Risque Faible,Fidélisation Active : Programme fidélité / Ventes privées / Parrainage
8132,32,1.0,142.0,258.0,1.0,1133,0.6679,1,Risque Élevé,Rétention Urgente : Appel VIP / Bon d'achat 20% / Enquête insatisfaction
8133,18,0.0,0.0,303.0,0.0,627,0.729,1,Risque Élevé,Rétention Urgente : Appel VIP / Bon d'achat 20% / Enquête insatisfaction
8134,32,6.0,862.3299999999999,146.0,0.5,1179,0.3276,0,Risque Faible,Fidélisation Active : Programme fidélité / Ventes privées / Parrainage
8135,41,3.0,1159.68,99.0,0.6666666666666666,1201,0.5203,1,Risque Moyen,Réactivation Ciblée : Emailing personnalisé / Remise panier moyen
8136,39,4.0,626.29,108.0,0.25,1078,0.4272,0,Risque Moyen,Réactivation Ciblée : Emailing personnalisé / Remise panier moyen
8137,55,11.0,1717.96,50.0,0.6363636363636364,1230,0.1015,0,Risque Faible,Fidélisation Active : Programme fidélité / Ventes privées / Parrainage
8138,26,4.0,584.49,32.0,0.75,801,0.4214,0,Risque Moyen,Réactivation Ciblée : Emailing personnalisé / Remise panier moyen
8139,36,9.0,1285.33,5.0,0.5555555555555556,294,0.1525,0,Risque Faible,Fidélisation Active : Programme fidélité / Ventes privées / Parrainage
8140,27,0.0,0.0,303.0,0.0,378,0.7165,1,Risque Élevé,Rétention Urgente : Appel VIP / Bon d'achat 20% / Enquête insatisfaction
8141,18,2.0,352.43,146.0,0.0,1071,0.5827,1,Risque Moyen,Réactivation Ciblée : Emailing personnalisé / Remise panier moyen
8142,45,3.0,296.81,98.0,0.6666666666666666,1113,0.4794,0,Risque Moyen,Réactivation Ciblée : Emailing personnalisé / Remise panier moyen
8143,40,2.0,384.54,37.0,0.5,1060,0.5448,1,Risque Moyen,Réactivation Ciblée : Emailing personnalisé / Remise panier moyen
8144,38,2.0,314.02,16.0,0.0,1278,0.5379,1,Risque Moyen,Réactivation Ciblée : Emailing personnalisé / Remise panier moyen
8145,40,12.0,1857.0700000000002,17.0,0.5,1220,0.0821,0,Risque Faible,Fidélisation Active : Programme fidélité / Ventes privées / Parrainage
8146,27,3.0,490.94,63.0,0.6666666666666666,315,0.4828,0,Risque Moyen,Réactivation Ciblée : Emailing personnalisé / Remise panier moyen
8147,24,5.0,1101.21,104.0,0.6,907,0.3957,0,Risque Moyen,Réactivation Ciblée : Emailing personnalisé / Remise panier moyen
8148,35,9.0,1232.1799999999998,4.0,0.5555555555555556,734,0.1602,0,Risque Faible,Fidélisation Active : Programme fidélité / Ventes privées / Parrainage
8149,48,6.0,919.5400000000001,8.0,0.6666666666666666,732,0.2819,0,Risque Faible,Fidélisation Active : Programme fidélité / Ventes privées / Parrainage
8150,53,1.0,159.9,217.0,1.0,723,0.6236,1,Risque Moyen,Réactivation Ciblée : Emailing personnalisé / Remise panier moyen
8151,44,1.0,419.36,12.0,1.0,851,0.5954,1,Risque Moyen,Réactivation Ciblée : Emailing personnalisé / Remise panier moyen
8152,35,0.0,0.0,303.0,0.0,1179,0.7231,1,Risque Élevé,Rétention Urgente : Appel VIP / Bon d'achat 20% / Enquête insatisfaction
8153,38,5.0,494.43,55.0,0.2,1290,0.3464,0,Risque Faible,Fidélisation Active : Programme fidélité / Ventes privées / Parrainage
8154,35,10.0,1269.32,44.0,0.4,553,0.1203,0,Risque Faible,Fidélisation Active : Programme fidélité / Ventes privées / Parrainage
8155,24,2.0,451.87,30.0,1.0,1297,0.5773,1,Risque Moyen,Réactivation Ciblée : Emailing personnalisé / Remise panier moyen
8156,35,0.0,0.0,303.0,0.0,1326,0.7256,1,Risque Élevé,Rétention Urgente : Appel VIP / Bon d'achat 20% / Enquête insatisfaction
8157,20,3.0,386.89,123.0,0.3333333333333333,566,0.5003,1,Risque Moyen,Réactivation Ciblée : Emailing personnalisé / Remise panier moyen
8158,34,0.0,0.0,303.0,0.0,1012,0.7211,1,Risque Élevé,Rétention Urgente : Appel VIP / Bon d'achat 20% / Enquête insatisfaction
8159,53,1.0,76.64,128.0,0.0,1361,0.6083,1,Risque Moyen,Réactivation Ciblée : Emailing personnalisé / Remise panier moyen
8160,44,2.0,333.28000000000003,34.0,0.5,932,0.5317,1,Risque Moyen,Réactivation Ciblée : Emailing personnalisé / Remise panier moyen
8161,25,3.0,473.61,69.0,0.6666666666666666,1289,0.5047,1,Risque Moyen,Réactivation Ciblée : Emailing personnalisé / Remise panier moyen
8162,34,2.0,99.1,143.0,0.5,680,0.555,1,Risque Moyen,Réactivation Ciblée : Emailing personnalisé / Remise panier moyen
8163,26,10.0,1785.8200000000002,10.0,0.6,793,0.1414,0,Risque Faible,Fidélisation Active : Programme fidélité / Ventes privées / Parrainage
8164,34,4.0,724.97,80.0,0.75,469,0.425,0,Risque Moyen,Réactivation Ciblée : Emailing personnalisé / Remise panier moyen
8165,46,2.0,325.36,108.0,0.5,1081,0.5487,1,Risque Moyen,Réactivation Ciblée : Emailing personnalisé / Remise panier moyen
8166,42,3.0,156.29,3.0,0.6666666666666666,406,0.4427,0,Risque Moyen,Réactivation Ciblée : Emailing personnalisé / Remise panier moyen
8167,62,2.0,37.02,100.0,1.0,649,0.5179,1,Risque Moyen,Réactivation Ciblée : Emailing personnalisé / Remise panier moyen
8168,48,4.0,376.44,146.0,0.5,413,0.4079,0,Risque Moyen,Réactivation Ciblée : Emailing personnalisé / Remise panier moyen
8169,37,0.0,0.0,303.0,0.0,1143,0.7207,1,Risque Élevé,Rétention Urgente : Appel VIP / Bon d'achat 20% / Enquête insatisfaction
8170,42,1.0,319.48,29.0,1.0,1091,0.6034,1,Risque Moyen,Réactivation Ciblée : Emailing personnalisé / Remise panier moyen
8171,33,0.0,0.0,303.0,0.0,474,0.7127,1,Risque Élevé,Rétention Urgente : Appel VIP / Bon d'achat 20% / Enquête insatisfaction
8172,23,2.0,193.68,58.0,1.0,577,0.556,1,Risque Moyen,Réactivation Ciblée : Emailing personnalisé / Remise panier moyen
8173,49,7.0,1179.14,13.0,0.7142857142857143,342,0.2279,0,Risque Faible,Fidélisation Active : Programme fidélité / Ventes privées / Parrainage
8174,46,5.0,463.03999999999996,71.0,0.4,824,0.3315,0,Risque Faible,Fidélisation Active : Programme fidélité / Ventes privées / Parrainage
8175,32,1.0,260.48,247.0,0.0,891,0.6452,1,Risque Moyen,Réactivation Ciblée : Emailing personnalisé / Remise panier moyen
8176,38,0.0,0.0,303.0,0.0,315,0.7052,1,Risque Élevé,Rétention Urgente : Appel VIP / Bon d'achat 20% / Enquête insatisfaction
8177,49,2.0,62.25,168.0,0.0,950,0.543,1,Risque Moyen,Réactivation Ciblée : Emailing personnalisé / Remise panier moyen
8178,44,1.0,211.8,251.0,1.0,317,0.6393,1,Risque Moyen,Réactivation Ciblée : Emailing personnalisé / Remise panier moyen
8179,19,0.0,0.0,303.0,0.0,760,0.7304,1,Risque Élevé,Rétention Urgente : Appel VIP / Bon d'achat 20% / Enquête insatisfaction
8180,38,4.0,496.12,32.0,0.75,1282,0.4174,0,Risque Moyen,Réactivation Ciblée : Emailing personnalisé / Remise panier moyen
8181,33,4.0,366.82,31.0,0.5,319,0.3893,0,Risque Moyen,Réactivation Ciblée : Emailing personnalisé / Remise panier moyen
8182,47,1.0,117.4,144.0,0.0,1249,0.6152,1,Risque Moyen,Réactivation Ciblée : Emailing personnalisé / Remise panier moyen
8183,46,0.0,0.0,303.0,0.0,656,0.7037,1,Risque Élevé,Rétention Urgente : Appel VIP / Bon d'achat 20% / Enquête insatisfaction
8184,50,2.0,438.02,34.0,0.5,977,0.5299,1,Risque Moyen,Réactivation Ciblée : Emailing personnalisé / Remise panier moyen
8185,23,2.0,409.26,27.0,1.0,1016,0.5626,1,Risque Moyen,Réactivation Ciblée : Emailing personnalisé / Remise panier moyen
8186,26,1.0,87.74,254.0,1.0,1354,0.6723,1,Risque Élevé,Rétention Urgente : Appel VIP / Bon d'achat 20% / Enquête insatisfaction
8187,47,0.0,0.0,303.0,0.0,1064,0.7101,1,Risque Élevé,Rétention Urgente : Appel VIP / Bon d'achat 20% / Enquête insatisfaction
8188,28,3.0,266.3,53.0,1.0,746,0.4881,0,Risque Moyen,Réactivation Ciblée : Emailing personnalisé / Remise panier moyen
8189,18,0.0,0.0,303.0,0.0,849,0.7328,1,Risque Élevé,Rétention Urgente : Appel VIP / Bon d'achat 20% / Enquête insatisfaction
8190,41,5.0,260.24,42.0,0.2,516,0.3162,0,Risque Faible,Fidélisation Active : Programme fidélité / Ventes privées / Parrainage
8191,29,8.0,1832.24,31.0,0.375,729,0.2279,0,Risque Faible,Fidélisation Active : Programme fidélité / Ventes privées / Parrainage
8192,55,4.0,614.8799999999999,99.0,0.5,982,0.4081,0,Risque Moyen,Réactivation Ciblée : Emailing personnalisé / Remise panier moyen
8193,38,4.0,356.2,54.0,0.5,464,0.3914,0,Risque Moyen,Réactivation Ciblée : Emailing personnalisé / Remise panier moyen
8194,37,0.0,0.0,303.0,0.0,1355,0.7243,1,Risque Élevé,Rétention Urgente : Appel VIP / Bon d'achat 20% / Enquête insatisfaction
8195,31,2.0,464.01,44.0,1.0,1278,0.5639,1,Risque Moyen,Réactivation Ciblée : Emailing personnalisé / Remise panier moyen
8196,52,2.0,296.09999999999997,70.0,1.0,1365,0.5491,1,Risque Moyen,Réactivation Ciblée : Emailing personnalisé / Remise panier moyen
8197,39,3.0,470.33,150.0,0.3333333333333333,347,0.489,0,Risque Moyen,Réactivation Ciblée : Emailing personnalisé / Remise panier moyen
8198,31,1.0,55.68,153.0,1.0,573,0.6321,1,Risque Moyen,Réactivation Ciblée : Emailing personnalisé / Remise panier moyen
8199,26,10.0,1400.84,32.0,0.5,1153,0.1385,0,Risque Faible,Fidélisation Active : Programme fidélité / Ventes privées / Parrainage
8200,34,2.0,283.84000000000003,72.0,0.5,665,0.5425,1,Risque Moyen,Réactivation Ciblée : Emailing personnalisé / Remise panier moyen
8201,24,2.0,184.84,79.0,0.5,638,0.5529,1,Risque Moyen,Réactivation Ciblée : Emailing personnalisé / Remise panier moyen
8202,46,2.0,517.5,19.0,0.5,1352,0.5428,1,Risque Moyen,Réactivation Ciblée : Emailing personnalisé / Remise panier moyen
8203,18,2.0,201.08999999999997,249.0,0.0,874,0.5959,1,Risque Moyen,Réactivation Ciblée : Emailing personnalisé / Remise panier moyen
8204,33,6.0,672.83,84.0,1.0,925,0.3046,0,Risque Faible,Fidélisation Active : Programme fidélité / Ventes privées / Parrainage
8205,42,7.0,835.52,15.0,0.5714285714285714,590,0.2231,0,Risque Faible,Fidélisation Active : Programme fidélité / Ventes privées / Parrainage
8206,39,2.0,477.01000000000005,32.0,1.0,1203,0.5531,1,Risque Moyen,Réactivation Ciblée : Emailing personnalisé / Remise panier moyen
8207,27,0.0,0.0,303.0,0.0,1012,0.7275,1,Risque Élevé,Rétention Urgente : Appel VIP / Bon d'achat 20% / Enquête insatisfaction
8208,42,1.0,46.44,91.0,1.0,1135,0.621,1,Risque Moyen,Réactivation Ciblée : Emailing personnalisé / Remise panier moyen
8209,25,2.0,390.16999999999996,201.0,0.5,1194,0.5998,1,Risque Moyen,Réactivation Ciblée : Emailing personnalisé / Remise panier moyen
8210,35,1.0,112.9,216.0,0.0,672,0.6314,1,Risque Moyen,Réactivation Ciblée : Emailing personnalisé / Remise panier moyen
8211,42,7.0,1605.3600000000001,22.0,0.42857142857142855,1131,0.2668,0,Risque Faible,Fidélisation Active : Programme fidélité / Ventes privées / Parrainage
8212,40,2.0,574.44,85.0,1.0,381,0.55,1,Risque Moyen,Réactivation Ciblée : Emailing personnalisé / Remise panier moyen
8213,28,12.0,1775.8000000000002,30.0,0.5,355,0.0809,0,Risque Faible,Fidélisation Active : Programme fidélité / Ventes privées / Parrainage
8214,48,3.0,414.61,34.0,0.6666666666666666,457,0.4578,0,Risque Moyen,Réactivation Ciblée : Emailing personnalisé / Remise panier moyen
8215,36,2.0,351.2,14.0,0.5,739,0.5325,1,Risque Moyen,Réactivation Ciblée : Emailing personnalisé / Remise panier moyen
8216,43,2.0,93.80000000000001,98.0,0.5,781,0.5371,1,Risque Moyen,Réactivation Ciblée : Emailing personnalisé / Remise panier moyen
8217,52,3.0,595.32,15.0,0.6666666666666666,575,0.4548,0,Risque Moyen,Réactivation Ciblée : Emailing personnalisé / Remise panier moyen
8218,47,3.0,237.45,12.0,0.6666666666666666,449,0.4423,0,Risque Moyen,Réactivation Ciblée : Emailing personnalisé / Remise panier moyen
8219,47,8.0,2182.58,20.0,0.625,962,0.2251,0,Risque Faible,Fidélisation Active : Programme fidélité / Ventes privées / Parrainage
8220,37,4.0,539.08,24.0,0.25,1192,0.417,0,Risque Moyen,Réactivation Ciblée : Emailing personnalisé / Remise panier moyen
8221,44,5.0,665.9399999999999,86.0,0.6,1250,0.3598,0,Risque Moyen,Réactivation Ciblée : Emailing personnalisé / Remise panier moyen
8222,37,5.0,641.9,15.0,0.6,755,0.3441,0,Risque Faible,Fidélisation Active : Programme fidélité / Ventes privées / Parrainage
8223,22,6.0,841.98,10.0,0.5,1004,0.3074,0,Risque Faible,Fidélisation Active : Programme fidélité / Ventes privées / Parrainage
8224,38,1.0,352.34,99.0,1.0,883,0.6177,1,Risque Moyen,Réactivation Ciblée : Emailing personnalisé / Remise panier moyen
8225,38,2.0,246.95,224.0,1.0,1047,0.5904,1,Risque Moyen,Réactivation Ciblée : Emailing personnalisé / Remise panier moyen
8226,41,3.0,150.09,41.0,0.3333333333333333,1230,0.4657,0,Risque Moyen,Réactivation Ciblée : Emailing personnalisé / Remise panier moyen
8227,34,2.0,389.64000000000004,78.0,1.0,1036,0.5657,1,Risque Moyen,Réactivation Ciblée : Emailing personnalisé / Remise panier moyen
8228,27,3.0,455.90999999999997,36.0,0.6666666666666666,1145,0.4915,0,Risque Moyen,Réactivation Ciblée : Emailing personnalisé / Remise panier moyen
8229,42,0.0,0.0,303.0,0.0,797,0.71,1,Risque Élevé,Rétention Urgente : Appel VIP / Bon d'achat 20% / Enquête insatisfaction
8230,21,2.0,352.02,32.0,0.5,593,0.5502,1,Risque Moyen,Réactivation Ciblée : Emailing personnalisé / Remise panier moyen
8231,51,3.0,572.97,24.0,0.3333333333333333,402,0.4477,0,Risque Moyen,Réactivation Ciblée : Emailing personnalisé / Remise panier moyen
8232,32,6.0,1041.16,29.0,0.5,776,0.3022,0,Risque Faible,Fidélisation Active : Programme fidélité / Ventes privées / Parrainage
8233,38,1.0,271.26,126.0,1.0,560,0.6179,1,Risque Moyen,Réactivation Ciblée : Emailing personnalisé / Remise panier moyen
8234,41,4.0,346.84999999999997,32.0,0.0,382,0.3761,0,Risque Moyen,Réactivation Ciblée : Emailing personnalisé / Remise panier moyen
8235,41,3.0,413.58000000000004,23.0,0.0,345,0.4469,0,Risque Moyen,Réactivation Ciblée : Emailing personnalisé / Remise panier moyen
8236,20,5.0,531.88,22.0,1.0,508,0.3566,0,Risque Moyen,Réactivation Ciblée : Emailing personnalisé / Remise panier moyen
8237,44,3.0,459.0,75.0,0.3333333333333333,1182,0.4801,0,Risque Moyen,Réactivation Ciblée : Emailing personnalisé / Remise panier moyen
8238,38,7.0,917.41,81.0,1.0,1120,0.2513,0,Risque Faible,Fidélisation Active : Programme fidélité / Ventes privées / Parrainage
8239,28,2.0,148.45,164.0,0.5,300,0.5633,1,Risque Moyen,Réactivation Ciblée : Emailing personnalisé / Remise panier moyen
8240,27,11.0,1746.62,18.0,0.7272727272727273,345,0.1119,0,Risque Faible,Fidélisation Active : Programme fidélité / Ventes privées / Parrainage
8241,31,1.0,164.85,179.0,0.0,1123,0.6363,1,Risque Moyen,Réactivation Ciblée : Emailing personnalisé / Remise panier moyen
8242,21,2.0,465.9,148.0,0.5,442,0.5827,1,Risque Moyen,Réactivation Ciblée : Emailing personnalisé / Remise panier moyen
8243,54,5.0,910.41,12.0,0.2,1354,0.341,0,Risque Faible,Fidélisation Active : Programme fidélité / Ventes privées / Parrainage
8244,51,2.0,300.22,184.0,1.0,543,0.5514,1,Risque Moyen,Réactivation Ciblée : Emailing personnalisé / Remise panier moyen
8245,40,6.0,947.23,32.0,0.6666666666666666,680,0.2937,0,Risque Faible,Fidélisation Active : Programme fidélité / Ventes privées / Parrainage
8246,33,2.0,162.72,126.0,0.0,642,0.5471,1,Risque Moyen,Réactivation Ciblée : Emailing personnalisé / Remise panier moyen
8247,33,2.0,153.36,123.0,0.0,832,0.5545,1,Risque Moyen,Réactivation Ciblée : Emailing personnalisé / Remise panier moyen
8248,43,3.0,333.73999999999995,63.0,0.3333333333333333,877,0.4705,0,Risque Moyen,Réactivation Ciblée : Emailing personnalisé / Remise panier moyen
8249,54,3.0,314.40999999999997,18.0,1.0,1077,0.4552,0,Risque Moyen,Réactivation Ciblée : Emailing personnalisé / Remise panier moyen
8250,29,2.0,263.43,157.0,0.0,1252,0.5773,1,Risque Moyen,Réactivation Ciblée : Emailing personnalisé / Remise panier moyen
8251,23,8.0,1019.12,65.0,0.75,777,0.2141,0,Risque Faible,Fidélisation Active : Programme fidélité / Ventes privées / Parrainage
8252,52,6.0,1162.28,28.0,0.8333333333333334,682,0.2905,0,Risque Faible,Fidélisation Active : Programme fidélité / Ventes privées / Parrainage
8253,18,2.0,398.48,83.0,0.5,625,0.5662,1,Risque Moyen,Réactivation Ciblée : Emailing personnalisé / Remise panier moyen
8254,24,4.0,431.64,98.0,0.5,421,0.4219,0,Risque Moyen,Réactivation Ciblée : Emailing personnalisé / Remise panier moyen
8255,32,3.0,301.3,18.0,0.6666666666666666,686,0.4674,0,Risque Moyen,Réactivation Ciblée : Emailing personnalisé / Remise panier moyen
8256,18,0.0,0.0,303.0,0.0,740,0.7309,1,Risque Élevé,Rétention Urgente : Appel VIP / Bon d'achat 20% / Enquête insatisfaction
8257,47,12.0,2468.0,7.0,0.75,776,0.0933,0,Risque Faible,Fidélisation Active : Programme fidélité / Ventes privées / Parrainage
8258,44,4.0,645.76,96.0,0.75,982,0.4297,0,Risque Moyen,Réactivation Ciblée : Emailing personnalisé / Remise panier moyen
8259,29,3.0,533.81,2.0,0.6666666666666666,717,0.477,0,Risque Moyen,Réactivation Ciblée : Emailing personnalisé / Remise panier moyen
8260,49,0.0,0.0,303.0,0.0,1176,0.7102,1,Risque Élevé,Rétention Urgente : Appel VIP / Bon d'achat 20% / Enquête insatisfaction
8261,51,1.0,154.24,79.0,0.0,1268,0.5971,1,Risque Moyen,Réactivation Ciblée : Emailing personnalisé / Remise panier moyen
8262,34,0.0,0.0,303.0,0.0,275,0.7082,1,Risque Élevé,Rétention Urgente : Appel VIP / Bon d'achat 20% / Enquête insatisfaction
8263,30,6.0,642.3199999999999,16.0,0.8333333333333334,925,0.2887,0,Risque Faible,Fidélisation Active : Programme fidélité / Ventes privées / Parrainage
8264,60,1.0,214.9,175.0,1.0,936,0.613,1,Risque Moyen,Réactivation Ciblée : Emailing personnalisé / Remise panier moyen
8265,43,5.0,520.13,29.0,0.6,832,0.3304,0,Risque Faible,Fidélisation Active : Programme fidélité / Ventes privées / Parrainage
8266,38,6.0,938.78,18.0,0.8333333333333334,768,0.2923,0,Risque Faible,Fidélisation Active : Programme fidélité / Ventes privées / Parrainage
8267,50,4.0,601.11,54.0,0.75,661,0.3996,0,Risque Moyen,Réactivation Ciblée : Emailing personnalisé / Remise panier moyen
8268,38,12.0,1430.6499999999999,6.0,0.5,1050,0.0771,0,Risque Faible,Fidélisation Active : Programme fidélité / Ventes privées / Parrainage
8269,29,3.0,945.89,122.0,0.6666666666666666,1144,0.5335,1,Risque Moyen,Réactivation Ciblée : Emailing personnalisé / Remise panier moyen
8270,36,4.0,888.01,6.0,0.75,981,0.4253,0,Risque Moyen,Réactivation Ciblée : Emailing personnalisé / Remise panier moyen
8271,46,1.0,44.32,169.0,1.0,523,0.6186,1,Risque Moyen,Réactivation Ciblée : Emailing personnalisé / Remise panier moyen
8272,18,1.0,96.69,244.0,0.0,1298,0.667,1,Risque Élevé,Rétention Urgente : Appel VIP / Bon d'achat 20% / Enquête insatisfaction
8273,32,2.0,708.38,51.0,0.5,925,0.5663,1,Risque Moyen,Réactivation Ciblée : Emailing personnalisé / Remise panier moyen
8274,50,3.0,699.97,78.0,0.0,770,0.4706,0,Risque Moyen,Réactivation Ciblée : Emailing personnalisé / Remise panier moyen
8275,29,3.0,446.98,8.0,0.6666666666666666,982,0.4793,0,Risque Moyen,Réactivation Ciblée : Emailing personnalisé / Remise panier moyen
8276,52,3.0,360.6,89.0,0.6666666666666666,1351,0.4873,0,Risque Moyen,Réactivation Ciblée : Emailing personnalisé / Remise panier moyen
8277,51,1.0,25.25,93.0,0.0,816,0.5925,1,Risque Moyen,Réactivation Ciblée : Emailing personnalisé / Remise panier moyen
8278,34,6.0,597.81,10.0,0.6666666666666666,495,0.2734,0,Risque Faible,Fidélisation Active : Programme fidélité / Ventes privées / Parrainage
8279,29,6.0,1223.8899999999999,1.0,0.8333333333333334,1089,0.3133,0,Risque Faible,Fidélisation Active : Programme fidélité / Ventes privées / Parrainage
8280,32,1.0,82.07,122.0,1.0,598,0.6248,1,Risque Moyen,Réactivation Ciblée : Emailing personnalisé / Remise panier moyen
8281,64,1.0,95.45,214.0,1.0,415,0.6058,1,Risque Moyen,Réactivation Ciblée : Emailing personnalisé / Remise panier moyen
8282,56,3.0,416.32,40.0,0.3333333333333333,1040,0.4546,0,Risque Moyen,Réactivation Ciblée : Emailing personnalisé / Remise panier moyen
8283,36,2.0,578.0699999999999,19.0,0.5,861,0.5468,1,Risque Moyen,Réactivation Ciblée : Emailing personnalisé / Remise panier moyen
8284,28,1.0,179.44,91.0,1.0,919,0.6297,1,Risque Moyen,Réactivation Ciblée : Emailing personnalisé / Remise panier moyen
8285,36,0.0,0.0,303.0,0.0,530,0.7109,1,Risque Élevé,Rétention Urgente : Appel VIP / Bon d'achat 20% / Enquête insatisfaction
8286,38,11.0,2462.42,5.0,0.5454545454545454,976,0.1221,0,Risque Faible,Fidélisation Active : Programme fidélité / Ventes privées / Parrainage
8287,21,7.0,936.13,140.0,0.5714285714285714,1260,0.2737,0,Risque Faible,Fidélisation Active : Programme fidélité / Ventes privées / Parrainage
8288,36,2.0,41.84,122.0,0.0,1010,0.5484,1,Risque Moyen,Réactivation Ciblée : Emailing personnalisé / Remise panier moyen
8289,50,4.0,1227.24,77.0,0.5,413,0.4284,0,Risque Moyen,Réactivation Ciblée : Emailing personnalisé / Remise panier moyen
8290,18,1.0,68.08,71.0,0.0,434,0.6172,1,Risque Moyen,Réactivation Ciblée : Emailing personnalisé / Remise panier moyen
8291,44,0.0,0.0,303.0,0.0,1051,0.7126,1,Risque Élevé,Rétention Urgente : Appel VIP / Bon d'achat 20% / Enquête insatisfaction
8292,50,1.0,442.68,23.0,1.0,1028,0.5945,1,Risque Moyen,Réactivation Ciblée : Emailing personnalisé / Remise panier moyen
8293,29,5.0,1380.89,101.0,0.6,1020,0.4085,0,Risque Moyen,Réactivation Ciblée : Emailing personnalisé / Remise panier moyen
8294,54,1.0,325.25,20.0,0.0,1342,0.5887,1,Risque Moyen,Réactivation Ciblée : Emailing personnalisé / Remise panier moyen
8295,27,0.0,0.0,303.0,0.0,731,0.7227,1,Risque Élevé,Rétention Urgente : Appel VIP / Bon d'achat 20% / Enquête insatisfaction
8296,40,1.0,93.46,200.0,0.0,968,0.629,1,Risque Moyen,Réactivation Ciblée : Emailing personnalisé / Remise panier moyen
8297,32,5.0,1124.51,139.0,1.0,1053,0.411,0,Risque Moyen,Réactivation Ciblée : Emailing personnalisé / Remise panier moyen
8298,32,5.0,613.71,44.0,0.4,1001,0.351,0,Risque Moyen,Réactivation Ciblée : Emailing personnalisé / Remise panier moyen
8299,28,2.0,293.75,59.0,1.0,1026,0.562,1,Risque Moyen,Réactivation Ciblée : Emailing personnalisé / Remise panier moyen
8300,43,3.0,462.1,108.0,0.3333333333333333,676,0.482,0,Risque Moyen,Réactivation Ciblée : Emailing personnalisé / Remise panier moyen
8301,44,4.0,521.05,88.0,0.75,465,0.4087,0,Risque Moyen,Réactivation Ciblée : Emailing personnalisé / Remise panier moyen
8302,34,6.0,689.9,9.0,0.6666666666666666,1183,0.29,0,Risque Faible,Fidélisation Active : Programme fidélité / Ventes privées / Parrainage
8303,20,2.0,151.84,102.0,1.0,533,0.5652,1,Risque Moyen,Réactivation Ciblée : Emailing personnalisé / Remise panier moyen
8304,39,0.0,0.0,303.0,0.0,1050,0.7172,1,Risque Élevé,Rétention Urgente : Appel VIP / Bon d'achat 20% / Enquête insatisfaction
8305,40,1.0,46.0,88.0,0.0,414,0.5948,1,Risque Moyen,Réactivation Ciblée : Emailing personnalisé / Remise panier moyen
8306,33,1.0,380.6,204.0,1.0,775,0.648,1,Risque Moyen,Réactivation Ciblée : Emailing personnalisé / Remise panier moyen
8307,56,5.0,1213.25,24.0,1.0,377,0.3529,0,Risque Moyen,Réactivation Ciblée : Emailing personnalisé / Remise panier moyen
8308,18,2.0,410.14,3.0,1.0,576,0.5536,1,Risque Moyen,Réactivation Ciblée : Emailing personnalisé / Remise panier moyen
8309,18,3.0,570.3299999999999,184.0,0.6666666666666666,1016,0.535,1,Risque Moyen,Réactivation Ciblée : Emailing personnalisé / Remise panier moyen
8310,27,3.0,994.5400000000001,39.0,0.6666666666666666,1014,0.5118,1,Risque Moyen,Réactivation Ciblée : Emailing personnalisé / Remise panier moyen
8311,43,3.0,781.1600000000001,86.0,0.6666666666666666,1263,0.5031,1,Risque Moyen,Réactivation Ciblée : Emailing personnalisé / Remise panier moyen
8312,23,0.0,0.0,303.0,0.0,951,0.73,1,Risque Élevé,Rétention Urgente : Appel VIP / Bon d'achat 20% / Enquête insatisfaction
8313,24,2.0,76.41,16.0,1.0,727,0.5446,1,Risque Moyen,Réactivation Ciblée : Emailing personnalisé / Remise panier moyen
8314,45,2.0,385.62,152.0,1.0,1164,0.5722,1,Risque Moyen,Réactivation Ciblée : Emailing personnalisé / Remise panier moyen
8315,40,4.0,771.77,61.0,1.0,804,0.4236,0,Risque Moyen,Réactivation Ciblée : Emailing personnalisé / Remise panier moyen
8316,39,5.0,426.92999999999995,109.0,0.4,1180,0.3578,0,Risque Moyen,Réactivation Ciblée : Emailing personnalisé / Remise panier moyen
8317,44,1.0,602.25,86.0,0.0,826,0.5949,1,Risque Moyen,Réactivation Ciblée : Emailing personnalisé / Remise panier moyen
8318,30,1.0,176.72,132.0,0.0,1111,0.6333,1,Risque Moyen,Réactivation Ciblée : Emailing personnalisé / Remise panier moyen
8319,31,4.0,544.48,53.0,0.0,916,0.4152,0,Risque Moyen,Réactivation Ciblée : Emailing personnalisé / Remise panier moyen
8320,44,7.0,1034.63,46.0,0.5714285714285714,1291,0.2464,0,Risque Faible,Fidélisation Active : Programme fidélité / Ventes privées / Parrainage
8321,20,5.0,1059.21,15.0,0.4,322,0.3759,0,Risque Moyen,Réactivation Ciblée : Emailing personnalisé / Remise panier moyen
8322,18,0.0,0.0,303.0,0.0,866,0.733,1,Risque Élevé,Rétention Urgente : Appel VIP / Bon d'achat 20% / Enquête insatisfaction
8323,30,6.0,663.8,109.0,0.6666666666666666,1184,0.3228,0,Risque Faible,Fidélisation Active : Programme fidélité / Ventes privées / Parrainage
8324,45,1.0,74.26,264.0,0.0,822,0.6342,1,Risque Moyen,Réactivation Ciblée : Emailing personnalisé / Remise panier moyen
8325,38,6.0,739.72,91.0,0.6666666666666666,1320,0.3055,0,Risque Faible,Fidélisation Active : Programme fidélité / Ventes privées / Parrainage
8326,44,3.0,457.79,210.0,1.0,1201,0.5201,1,Risque Moyen,Réactivation Ciblée : Emailing personnalisé / Remise panier moyen
8327,18,2.0,165.13,47.0,1.0,1348,0.5729,1,Risque Moyen,Réactivation Ciblée : Emailing personnalisé / Remise panier moyen
8328,38,2.0,640.4,54.0,1.0,977,0.5594,1,Risque Moyen,Réactivation Ciblée : Emailing personnalisé / Remise panier moyen
8329,42,1.0,54.2,118.0,1.0,466,0.613,1,Risque Moyen,Réactivation Ciblée : Emailing personnalisé / Remise panier moyen
8330,20,12.0,2111.68,16.0,0.5833333333333334,1140,0.0987,0,Risque Faible,Fidélisation Active : Programme fidélité / Ventes privées / Parrainage
8331,44,1.0,260.82,37.0,1.0,1017,0.6022,1,Risque Moyen,Réactivation Ciblée : Emailing personnalisé / Remise panier moyen
8332,34,1.0,308.18,223.0,0.0,1144,0.6426,1,Risque Moyen,Réactivation Ciblée : Emailing personnalisé / Remise panier moyen
8333,69,2.0,534.77,121.0,1.0,1135,0.545,1,Risque Moyen,Réactivation Ciblée : Emailing personnalisé / Remise panier moyen
8334,18,4.0,727.82,13.0,0.5,1103,0.4389,0,Risque Moyen,Réactivation Ciblée : Emailing personnalisé / Remise panier moyen
8335,50,0.0,0.0,303.0,0.0,511,0.6973,1,Risque Élevé,Rétention Urgente : Appel VIP / Bon d'achat 20% / Enquête insatisfaction
8336,31,7.0,1120.82,24.0,0.5714285714285714,1055,0.2593,0,Risque Faible,Fidélisation Active : Programme fidélité / Ventes privées / Parrainage
8337,18,2.0,173.8,57.0,1.0,870,0.5651,1,Risque Moyen,Réactivation Ciblée : Emailing personnalisé / Remise panier moyen
8338,29,8.0,1466.42,82.0,0.875,492,0.2177,0,Risque Faible,Fidélisation Active : Programme fidélité / Ventes privées / Parrainage
8339,38,2.0,345.96000000000004,120.0,0.0,1158,0.5588,1,Risque Moyen,Réactivation Ciblée : Emailing personnalisé / Remise panier moyen
8340,46,1.0,82.96,8.0,0.0,1270,0.5905,1,Risque Moyen,Réactivation Ciblée : Emailing personnalisé / Remise panier moyen
8341,54,0.0,0.0,303.0,0.0,1024,0.7028,1,Risque Élevé,Rétention Urgente : Appel VIP / Bon d'achat 20% / Enquête insatisfaction
8342,51,4.0,412.13,9.0,0.5,465,0.372,0,Risque Moyen,Réactivation Ciblée : Emailing personnalisé / Remise panier moyen
8343,24,2.0,292.93,66.0,0.0,845,0.555,1,Risque Moyen,Réactivation Ciblée : Emailing personnalisé / Remise panier moyen
8344,47,2.0,381.28,241.0,0.5,1251,0.5874,1,Risque Moyen,Réactivation Ciblée : Emailing personnalisé / Remise panier moyen
8345,39,0.0,0.0,303.0,0.0,769,0.7123,1,Risque Élevé,Rétention Urgente : Appel VIP / Bon d'achat 20% / Enquête insatisfaction
8346,28,8.0,2492.5299999999997,2.0,0.5,513,0.2424,0,Risque Faible,Fidélisation Active : Programme fidélité / Ventes privées / Parrainage
8347,33,4.0,183.05,127.0,0.25,1160,0.4203,0,Risque Moyen,Réactivation Ciblée : Emailing personnalisé / Remise panier moyen
8348,27,1.0,126.95,198.0,1.0,888,0.6507,1,Risque Élevé,Rétention Urgente : Appel VIP / Bon d'achat 20% / Enquête insatisfaction
8349,35,2.0,152.43,131.0,0.5,446,0.5472,1,Risque Moyen,Réactivation Ciblée : Emailing personnalisé / Remise panier moyen
8350,27,2.0,295.32,53.0,0.5,1040,0.5586,1,Risque Moyen,Réactivation Ciblée : Emailing personnalisé / Remise panier moyen
8351,24,3.0,475.53999999999996,8.0,0.3333333333333333,952,0.4835,0,Risque Moyen,Réactivation Ciblée : Emailing personnalisé / Remise panier moyen
8352,40,2.0,408.23,119.0,1.0,1115,0.5721,1,Risque Moyen,Réactivation Ciblée : Emailing personnalisé / Remise panier moyen
8353,42,1.0,433.20000000000005,152.0,1.0,424,0.6161,1,Risque Moyen,Réactivation Ciblée : Emailing personnalisé / Remise panier moyen
8354,33,3.0,497.24,38.0,0.3333333333333333,1364,0.4873,0,Risque Moyen,Réactivation Ciblée : Emailing personnalisé / Remise panier moyen
8355,50,5.0,663.6700000000001,1.0,0.2,1066,0.327,0,Risque Faible,Fidélisation Active : Programme fidélité / Ventes privées / Parrainage
8356,32,7.0,760.22,111.0,0.7142857142857143,389,0.2486,0,Risque Faible,Fidélisation Active : Programme fidélité / Ventes privées / Parrainage
8357,32,3.0,272.54999999999995,89.0,0.3333333333333333,762,0.4844,0,Risque Moyen,Réactivation Ciblée : Emailing personnalisé / Remise panier moyen
8358,42,2.0,230.61,145.0,0.0,405,0.5437,1,Risque Moyen,Réactivation Ciblée : Emailing personnalisé / Remise panier moyen
8359,34,7.0,751.06,46.0,0.5714285714285714,633,0.234,0,Risque Faible,Fidélisation Active : Programme fidélité / Ventes privées / Parrainage
8360,36,3.0,307.43,53.0,0.0,979,0.4695,0,Risque Moyen,Réactivation Ciblée : Emailing personnalisé / Remise panier moyen
8361,18,3.0,317.02,64.0,0.3333333333333333,519,0.4908,0,Risque Moyen,Réactivation Ciblée : Emailing personnalisé / Remise panier moyen
8362,35,1.0,41.6,84.0,1.0,550,0.6153,1,Risque Moyen,Réactivation Ciblée : Emailing personnalisé / Remise panier moyen
8363,18,2.0,1110.0,180.0,0.5,1357,0.6231,1,Risque Moyen,Réactivation Ciblée : Emailing personnalisé / Remise panier moyen
8364,22,2.0,242.32999999999998,177.0,0.5,1032,0.5857,1,Risque Moyen,Réactivation Ciblée : Emailing personnalisé / Remise panier moyen
8365,20,2.0,181.65,61.0,1.0,762,0.5616,1,Risque Moyen,Réactivation Ciblée : Emailing personnalisé / Remise panier moyen
8366,24,1.0,78.71,230.0,0.0,1240,0.6573,1,Risque Élevé,Rétention Urgente : Appel VIP / Bon d'achat 20% / Enquête insatisfaction
8367,29,1.0,77.13,141.0,1.0,1358,0.6509,1,Risque Élevé,Rétention Urgente : Appel VIP / Bon d'achat 20% / Enquête insatisfaction
8368,30,2.0,312.44,164.0,0.5,879,0.5763,1,Risque Moyen,Réactivation Ciblée : Emailing personnalisé / Remise panier moyen
8369,42,2.0,821.7,152.0,0.5,1097,0.5785,1,Risque Moyen,Réactivation Ciblée : Emailing personnalisé / Remise panier moyen
8370,37,6.0,615.97,55.0,0.6666666666666666,488,0.2826,0,Risque Faible,Fidélisation Active : Programme fidélité / Ventes privées / Parrainage
8371,18,1.0,81.3,214.0,1.0,1360,0.6727,1,Risque Élevé,Rétention Urgente : Appel VIP / Bon d'achat 20% / Enquête insatisfaction
8372,36,4.0,521.71,23.0,0.5,482,0.4012,0,Risque Moyen,Réactivation Ciblée : Emailing personnalisé / Remise panier moyen
8373,39,7.0,1379.03,20.0,1.0,593,0.2578,0,Risque Faible,Fidélisation Active : Programme fidélité / Ventes privées / Parrainage
8374,31,1.0,16.7,38.0,0.0,1088,0.6083,1,Risque Moyen,Réactivation Ciblée : Emailing personnalisé / Remise panier moyen
8375,34,3.0,661.76,10.0,0.6666666666666666,911,0.4832,0,Risque Moyen,Réactivation Ciblée : Emailing personnalisé / Remise panier moyen
8376,37,4.0,556.9000000000001,13.0,0.25,433,0.3975,0,Risque Moyen,Réactivation Ciblée : Emailing personnalisé / Remise panier moyen
8377,43,3.0,424.9,172.0,0.6666666666666666,918,0.5106,1,Risque Moyen,Réactivation Ciblée : Emailing personnalisé / Remise panier moyen
8378,18,5.0,658.1999999999999,4.0,0.4,578,0.3526,0,Risque Moyen,Réactivation Ciblée : Emailing personnalisé / Remise panier moyen
8379,32,3.0,294.59000000000003,72.0,0.3333333333333333,557,0.4704,0,Risque Moyen,Réactivation Ciblée : Emailing personnalisé / Remise panier moyen
8380,52,1.0,228.27,122.0,0.0,1313,0.6091,1,Risque Moyen,Réactivation Ciblée : Emailing personnalisé / Remise panier moyen
8381,51,7.0,1331.45,4.0,0.5714285714285714,661,0.2393,0,Risque Faible,Fidélisation Active : Programme fidélité / Ventes privées / Parrainage
8382,44,4.0,768.1299999999999,58.0,0.25,990,0.4203,0,Risque Moyen,Réactivation Ciblée : Emailing personnalisé / Remise panier moyen
8383,41,2.0,620.9,82.0,0.0,359,0.5351,1,Risque Moyen,Réactivation Ciblée : Emailing personnalisé / Remise panier moyen
8384,53,2.0,364.02,84.0,0.5,1346,0.5419,1,Risque Moyen,Réactivation Ciblée : Emailing personnalisé / Remise panier moyen
8385,56,0.0,0.0,303.0,0.0,597,0.6931,1,Risque Élevé,Rétention Urgente : Appel VIP / Bon d'achat 20% / Enquête insatisfaction
8386,34,1.0,129.82,263.0,1.0,1138,0.6613,1,Risque Élevé,Rétention Urgente : Appel VIP / Bon d'achat 20% / Enquête insatisfaction
8387,24,2.0,476.82000000000005,11.0,0.0,1159,0.5509,1,Risque Moyen,Réactivation Ciblée : Emailing personnalisé / Remise panier moyen
8388,32,0.0,0.0,303.0,0.0,503,0.7141,1,Risque Élevé,Rétention Urgente : Appel VIP / Bon d'achat 20% / Enquête insatisfaction
8389,69,5.0,334.53999999999996,104.0,0.4,470,0.308,0,Risque Faible,Fidélisation Active : Programme fidélité / Ventes privées / Parrainage
8390,18,2.0,375.63,46.0,0.5,496,0.5614,1,Risque Moyen,Réactivation Ciblée : Emailing personnalisé / Remise panier moyen
8391,30,5.0,450.09000000000003,41.0,0.4,1006,0.3487,0,Risque Faible,Fidélisation Active : Programme fidélité / Ventes privées / Parrainage
8392,19,7.0,642.8000000000001,33.0,0.7142857142857143,894,0.2479,0,Risque Faible,Fidélisation Active : Programme fidélité / Ventes privées / Parrainage
8393,36,0.0,0.0,303.0,0.0,1174,0.7221,1,Risque Élevé,Rétention Urgente : Appel VIP / Bon d'achat 20% / Enquête insatisfaction
8394,22,2.0,613.9100000000001,189.0,0.0,436,0.5832,1,Risque Moyen,Réactivation Ciblée : Emailing personnalisé / Remise panier moyen
8395,34,2.0,169.62,141.0,0.0,333,0.5428,1,Risque Moyen,Réactivation Ciblée : Emailing personnalisé / Remise panier moyen
8396,18,1.0,149.64000000000001,59.0,1.0,585,0.6294,1,Risque Moyen,Réactivation Ciblée : Emailing personnalisé / Remise panier moyen
8397,42,7.0,788.38,2.0,0.42857142857142855,283,0.2171,0,Risque Faible,Fidélisation Active : Programme fidélité / Ventes privées / Parrainage
8398,48,1.0,22.53,68.0,0.0,840,0.591,1,Risque Moyen,Réactivation Ciblée : Emailing personnalisé / Remise panier moyen
8399,31,2.0,270.04,102.0,0.0,1098,0.5579,1,Risque Moyen,Réactivation Ciblée : Emailing personnalisé / Remise panier moyen
8400,34,0.0,0.0,303.0,0.0,831,0.718,1,Risque Élevé,Rétention Urgente : Appel VIP / Bon d'achat 20% / Enquête insatisfaction
8401,33,2.0,258.38,88.0,0.5,712,0.5477,1,Risque Moyen,Réactivation Ciblée : Emailing personnalisé / Remise panier moyen
8402,37,1.0,541.0,22.0,0.0,1304,0.6038,1,Risque Moyen,Réactivation Ciblée : Emailing personnalisé / Remise panier moyen
8403,35,1.0,203.56,136.0,0.0,507,0.6122,1,Risque Moyen,Réactivation Ciblée : Emailing personnalisé / Remise panier moyen
8404,43,6.0,559.41,49.0,0.3333333333333333,879,0.2745,0,Risque Faible,Fidélisation Active : Programme fidélité / Ventes privées / Parrainage
8405,49,1.0,114.69,26.0,0.0,277,0.5677,1,Risque Moyen,Réactivation Ciblée : Emailing personnalisé / Remise panier moyen
8406,26,7.0,1476.36,6.0,0.7142857142857143,1007,0.2694,0,Risque Faible,Fidélisation Active : Programme fidélité / Ventes privées / Parrainage
8407,32,5.0,503.47999999999996,5.0,1.0,797,0.3435,0,Risque Faible,Fidélisation Active : Programme fidélité / Ventes privées / Parrainage
8408,45,1.0,50.37,246.0,0.0,374,0.6218,1,Risque Moyen,Réactivation Ciblée : Emailing personnalisé / Remise panier moyen
8409,19,2.0,98.22999999999999,114.0,0.0,600,0.558,1,Risque Moyen,Réactivation Ciblée : Emailing personnalisé / Remise panier moyen
8410,18,2.0,135.8,156.0,0.5,326,0.5688,1,Risque Moyen,Réactivation Ciblée : Emailing personnalisé / Remise panier moyen
8411,37,12.0,1777.95,13.0,0.5,824,0.0798,0,Risque Faible,Fidélisation Active : Programme fidélité / Ventes privées / Parrainage
8412,40,2.0,138.32,116.0,0.5,390,0.5368,1,Risque Moyen,Réactivation Ciblée : Emailing personnalisé / Remise panier moyen
8413,27,2.0,395.85,51.0,1.0,437,0.5508,1,Risque Moyen,Réactivation Ciblée : Emailing personnalisé / Remise panier moyen
8414,29,3.0,409.87,121.0,0.6666666666666666,1278,0.5095,1,Risque Moyen,Réactivation Ciblée : Emailing personnalisé / Remise panier moyen
8415,27,7.0,1310.43,73.0,0.5714285714285714,396,0.2664,0,Risque Faible,Fidélisation Active : Programme fidélité / Ventes privées / Parrainage
8416,25,2.0,169.88,42.0,0.0,1131,0.5482,1,Risque Moyen,Réactivation Ciblée : Emailing personnalisé / Remise panier moyen
8417,43,6.0,610.6400000000001,12.0,0.6666666666666666,907,0.2783,0,Risque Faible,Fidélisation Active : Programme fidélité / Ventes privées / Parrainage
8418,22,1.0,117.69,119.0,1.0,321,0.6287,1,Risque Moyen,Réactivation Ciblée : Emailing personnalisé / Remise panier moyen
8419,32,3.0,581.72,86.0,0.6666666666666666,518,0.4936,0,Risque Moyen,Réactivation Ciblée : Emailing personnalisé / Remise panier moyen
8420,25,3.0,186.54999999999998,50.0,0.3333333333333333,448,0.4701,0,Risque Moyen,Réactivation Ciblée : Emailing personnalisé / Remise panier moyen
8421,19,1.0,67.11,89.0,1.0,462,0.6332,1,Risque Moyen,Réactivation Ciblée : Emailing personnalisé / Remise panier moyen
8422,45,11.0,1491.69,12.0,0.6363636363636364,592,0.0963,0,Risque Faible,Fidélisation Active : Programme fidélité / Ventes privées / Parrainage
8423,29,8.0,1234.78,42.0,0.5,339,0.2072,0,Risque Faible,Fidélisation Active : Programme fidélité / Ventes privées / Parrainage
8424,37,1.0,32.94,194.0,1.0,799,0.641,1,Risque Moyen,Réactivation Ciblée : Emailing personnalisé / Remise panier moyen
8425,18,6.0,1140.76,41.0,0.3333333333333333,757,0.3252,0,Risque Faible,Fidélisation Active : Programme fidélité / Ventes privées / Parrainage
8426,27,1.0,98.92,244.0,0.0,735,0.6488,1,Risque Moyen,Réactivation Ciblée : Emailing personnalisé / Remise panier moyen
8427,43,3.0,267.69000000000005,117.0,0.3333333333333333,386,0.4678,0,Risque Moyen,Réactivation Ciblée : Emailing personnalisé / Remise panier moyen
8428,63,0.0,0.0,303.0,0.0,906,0.692,1,Risque Élevé,Rétention Urgente : Appel VIP / Bon d'achat 20% / Enquête insatisfaction
8429,18,1.0,140.5,272.0,1.0,706,0.6708,1,Risque Élevé,Rétention Urgente : Appel VIP / Bon d'achat 20% / Enquête insatisfaction
8430,33,2.0,585.27,18.0,1.0,379,0.5433,1,Risque Moyen,Réactivation Ciblée : Emailing personnalisé / Remise panier moyen
8431,40,4.0,1085.24,5.0,0.5,938,0.4237,0,Risque Moyen,Réactivation Ciblée : Emailing personnalisé / Remise panier moyen
8432,28,6.0,837.62,93.0,0.5,491,0.3058,0,Risque Faible,Fidélisation Active : Programme fidélité / Ventes privées / Parrainage
8433,44,2.0,145.93,82.0,0.5,944,0.539,1,Risque Moyen,Réactivation Ciblée : Emailing personnalisé / Remise panier moyen
8434,25,1.0,176.93,160.0,0.0,1264,0.6413,1,Risque Moyen,Réactivation Ciblée : Emailing personnalisé / Remise panier moyen
8435,37,8.0,2340.42,29.0,0.625,1117,0.2483,0,Risque Faible,Fidélisation Active : Programme fidélité / Ventes privées / Parrainage
8436,29,5.0,525.98,22.0,0.6,724,0.3452,0,Risque Faible,Fidélisation Active : Programme fidélité / Ventes privées / Parrainage
8437,48,0.0,0.0,303.0,0.0,1191,0.7114,1,Risque Élevé,Rétention Urgente : Appel VIP / Bon d'achat 20% / Enquête insatisfaction
8438,28,3.0,1173.76,23.0,0.6666666666666666,649,0.5046,1,Risque Moyen,Réactivation Ciblée : Emailing personnalisé / Remise panier moyen
8439,31,6.0,496.53,19.0,0.16666666666666666,288,0.2698,0,Risque Faible,Fidélisation Active : Programme fidélité / Ventes privées / Parrainage
8440,45,10.0,2509.66,17.0,0.6,477,0.1497,0,Risque Faible,Fidélisation Active : Programme fidélité / Ventes privées / Parrainage
8441,24,2.0,423.70000000000005,141.0,0.5,960,0.5817,1,Risque Moyen,Réactivation Ciblée : Emailing personnalisé / Remise panier moyen
8442,36,3.0,816.14,113.0,0.3333333333333333,415,0.496,0,Risque Moyen,Réactivation Ciblée : Emailing personnalisé / Remise panier moyen
8443,18,3.0,393.06,1.0,0.3333333333333333,1107,0.4918,0,Risque Moyen,Réactivation Ciblée : Emailing personnalisé / Remise panier moyen
8444,23,2.0,1050.38,196.0,1.0,627,0.6126,1,Risque Moyen,Réactivation Ciblée : Emailing personnalisé / Remise panier moyen
8445,39,0.0,0.0,303.0,0.0,715,0.7114,1,Risque Élevé,Rétention Urgente : Appel VIP / Bon d'achat 20% / Enquête insatisfaction
8446,24,5.0,566.3,125.0,0.2,794,0.3679,0,Risque Moyen,Réactivation Ciblée : Emailing personnalisé / Remise panier moyen
8447,29,1.0,171.21,69.0,0.0,1251,0.6222,1,Risque Moyen,Réactivation Ciblée : Emailing personnalisé / Remise panier moyen
8448,40,8.0,1649.9299999999998,6.0,0.5,398,0.1967,0,Risque Faible,Fidélisation Active : Programme fidélité / Ventes privées / Parrainage
8449,29,3.0,651.3100000000001,87.0,0.6666666666666666,1061,0.511,1,Risque Moyen,Réactivation Ciblée : Emailing personnalisé / Remise panier moyen
8450,44,5.0,650.01,11.0,0.2,879,0.331,0,Risque Faible,Fidélisation Active : Programme fidélité / Ventes privées / Parrainage
8451,37,0.0,0.0,303.0,0.0,612,0.7114,1,Risque Élevé,Rétention Urgente : Appel VIP / Bon d'achat 20% / Enquête insatisfaction
8452,40,5.0,842.3,12.0,0.6,721,0.3507,0,Risque Moyen,Réactivation Ciblée : Emailing personnalisé / Remise panier moyen
8453,49,3.0,398.56,34.0,1.0,761,0.4601,0,Risque Moyen,Réactivation Ciblée : Emailing personnalisé / Remise panier moyen
8454,39,1.0,50.16,79.0,1.0,632,0.6094,1,Risque Moyen,Réactivation Ciblée : Emailing personnalisé / Remise panier moyen
8455,52,4.0,600.9300000000001,31.0,0.25,1345,0.4032,0,Risque Moyen,Réactivation Ciblée : Emailing personnalisé / Remise panier moyen
8456,45,6.0,1161.65,33.0,0.3333333333333333,616,0.2903,0,Risque Faible,Fidélisation Active : Programme fidélité / Ventes privées / Parrainage
8457,29,2.0,249.76,16.0,0.0,368,0.5231,1,Risque Moyen,Réactivation Ciblée : Emailing personnalisé / Remise panier moyen
8458,49,1.0,160.34,234.0,0.0,1020,0.6286,1,Risque Moyen,Réactivation Ciblée : Emailing personnalisé / Remise panier moyen
8459,38,0.0,0.0,303.0,0.0,1344,0.7232,1,Risque Élevé,Rétention Urgente : Appel VIP / Bon d'achat 20% / Enquête insatisfaction
8460,31,4.0,673.06,30.0,0.25,354,0.4078,0,Risque Moyen,Réactivation Ciblée : Emailing personnalisé / Remise panier moyen
8461,38,0.0,0.0,303.0,0.0,770,0.7133,1,Risque Élevé,Rétention Urgente : Appel VIP / Bon d'achat 20% / Enquête insatisfaction
8462,47,1.0,29.68,147.0,1.0,568,0.6141,1,Risque Moyen,Réactivation Ciblée : Emailing personnalisé / Remise panier moyen
8463,40,1.0,132.08,5.0,0.0,459,0.5788,1,Risque Moyen,Réactivation Ciblée : Emailing personnalisé / Remise panier moyen
8464,55,0.0,0.0,303.0,0.0,410,0.6907,1,Risque Élevé,Rétention Urgente : Appel VIP / Bon d'achat 20% / Enquête insatisfaction
8465,47,1.0,54.56,72.0,0.0,317,0.5816,1,Risque Moyen,Réactivation Ciblée : Emailing personnalisé / Remise panier moyen
8466,41,5.0,748.29,55.0,0.6,828,0.3493,0,Risque Faible,Fidélisation Active : Programme fidélité / Ventes privées / Parrainage
8467,24,3.0,393.71000000000004,40.0,0.6666666666666666,878,0.4925,0,Risque Moyen,Réactivation Ciblée : Emailing personnalisé / Remise panier moyen
8468,33,2.0,241.63,24.0,0.0,881,0.5355,1,Risque Moyen,Réactivation Ciblée : Emailing personnalisé / Remise panier moyen
8469,36,5.0,769.06,37.0,0.2,578,0.3484,0,Risque Faible,Fidélisation Active : Programme fidélité / Ventes privées / Parrainage
8470,43,11.0,1262.1999999999998,11.0,0.5454545454545454,1197,0.0938,0,Risque Faible,Fidélisation Active : Programme fidélité / Ventes privées / Parrainage
8471,42,6.0,1337.34,36.0,0.8333333333333334,1331,0.329,0,Risque Faible,Fidélisation Active : Programme fidélité / Ventes privées / Parrainage
8472,37,2.0,174.57999999999998,53.0,1.0,1070,0.5473,1,Risque Moyen,Réactivation Ciblée : Emailing personnalisé / Remise panier moyen
8473,36,0.0,0.0,303.0,0.0,318,0.7071,1,Risque Élevé,Rétention Urgente : Appel VIP / Bon d'achat 20% / Enquête insatisfaction
8474,43,6.0,1106.2,22.0,0.3333333333333333,721,0.2884,0,Risque Faible,Fidélisation Active : Programme fidélité / Ventes privées / Parrainage
8475,26,7.0,1640.3200000000002,19.0,0.5714285714285714,621,0.2727,0,Risque Faible,Fidélisation Active : Programme fidélité / Ventes privées / Parrainage
8476,54,5.0,969.12,5.0,0.0,443,0.3241,0,Risque Faible,Fidélisation Active : Programme fidélité / Ventes privées / Parrainage
8477,18,3.0,888.17,97.0,0.3333333333333333,1356,0.5394,1,Risque Moyen,Réactivation Ciblée : Emailing personnalisé / Remise panier moyen
8478,51,0.0,0.0,303.0,0.0,1110,0.7072,1,Risque Élevé,Rétention Urgente : Appel VIP / Bon d'achat 20% / Enquête insatisfaction
8479,35,14.0,1784.91,68.0,0.42857142857142855,389,0.0458,0,Risque Faible,Fidélisation Active : Programme fidélité / Ventes privées / Parrainage
8480,46,1.0,295.98,114.0,1.0,753,0.6104,1,Risque Moyen,Réactivation Ciblée : Emailing personnalisé / Remise panier moyen
8481,39,5.0,1186.74,1.0,0.4,1091,0.3689,0,Risque Moyen,Réactivation Ciblée : Emailing personnalisé / Remise panier moyen
8482,39,4.0,157.79,33.0,0.5,415,0.3803,0,Risque Moyen,Réactivation Ciblée : Emailing personnalisé / Remise panier moyen
8483,41,3.0,466.21999999999997,45.0,0.3333333333333333,279,0.4556,0,Risque Moyen,Réactivation Ciblée : Emailing personnalisé / Remise panier moyen
8484,44,2.0,188.13,33.0,0.5,561,0.5186,1,Risque Moyen,Réactivation Ciblée : Emailing personnalisé / Remise panier moyen
8485,31,3.0,317.16,7.0,1.0,713,0.4731,0,Risque Moyen,Réactivation Ciblée : Emailing personnalisé / Remise panier moyen
8486,46,1.0,279.36,153.0,0.0,586,0.6045,1,Risque Moyen,Réactivation Ciblée : Emailing personnalisé / Remise panier moyen
8487,23,1.0,69.77,17.0,0.0,870,0.6073,1,Risque Moyen,Réactivation Ciblée : Emailing personnalisé / Remise panier moyen
8488,35,10.0,1691.92,16.0,0.4,1164,0.1441,0,Risque Faible,Fidélisation Active : Programme fidélité / Ventes privées / Parrainage
8489,44,0.0,0.0,303.0,0.0,782,0.7079,1,Risque Élevé,Rétention Urgente : Appel VIP / Bon d'achat 20% / Enquête insatisfaction
8490,46,3.0,346.78,141.0,0.3333333333333333,327,0.4707,0,Risque Moyen,Réactivation Ciblée : Emailing personnalisé / Remise panier moyen
8491,40,4.0,513.19,84.0,0.5,755,0.4089,0,Risque Moyen,Réactivation Ciblée : Emailing personnalisé / Remise panier moyen
8492,31,9.0,1780.13,11.0,0.8888888888888888,369,0.1761,0,Risque Faible,Fidélisation Active : Programme fidélité / Ventes privées / Parrainage
8493,45,4.0,632.47,56.0,0.5,725,0.4093,0,Risque Moyen,Réactivation Ciblée : Emailing personnalisé / Remise panier moyen
8494,28,3.0,323.14,51.0,1.0,548,0.485,0,Risque Moyen,Réactivation Ciblée : Emailing personnalisé / Remise panier moyen
8495,54,3.0,522.89,20.0,0.6666666666666666,1311,0.4694,0,Risque Moyen,Réactivation Ciblée : Emailing personnalisé / Remise panier moyen
8496,34,3.0,173.92000000000002,166.0,0.3333333333333333,772,0.49,0,Risque Moyen,Réactivation Ciblée : Emailing personnalisé / Remise panier moyen
8497,18,1.0,59.1,136.0,1.0,1054,0.6516,1,Risque Élevé,Rétention Urgente : Appel VIP / Bon d'achat 20% / Enquête insatisfaction
8498,22,8.0,1649.95,43.0,0.75,1207,0.2403,0,Risque Faible,Fidélisation Active : Programme fidélité / Ventes privées / Parrainage
8499,35,3.0,229.4,48.0,0.3333333333333333,1045,0.4703,0,Risque Moyen,Réactivation Ciblée : Emailing personnalisé / Remise panier moyen
8500,37,8.0,1299.22,35.0,0.75,651,0.1999,0,Risque Faible,Fidélisation Active : Programme fidélité / Ventes privées / Parrainage
8501,57,2.0,204.73,15.0,0.5,789,0.5051,1,Risque Moyen,Réactivation Ciblée : Emailing personnalisé / Remise panier moyen
8502,24,1.0,36.74,207.0,0.0,470,0.6381,1,Risque Moyen,Réactivation Ciblée : Emailing personnalisé / Remise panier moyen
8503,35,4.0,967.0,106.0,0.5,609,0.4402,0,Risque Moyen,Réactivation Ciblée : Emailing personnalisé / Remise panier moyen
8504,23,1.0,160.62,116.0,1.0,867,0.6393,1,Risque Moyen,Réactivation Ciblée : Emailing personnalisé / Remise panier moyen
8505,30,0.0,0.0,303.0,0.0,1312,0.7299,1,Risque Élevé,Rétention Urgente : Appel VIP / Bon d'achat 20% / Enquête insatisfaction
8506,54,5.0,618.73,40.0,0.2,1072,0.335,0,Risque Faible,Fidélisation Active : Programme fidélité / Ventes privées / Parrainage
8507,23,3.0,236.27,27.0,0.6666666666666666,341,0.4681,0,Risque Moyen,Réactivation Ciblée : Emailing personnalisé / Remise panier moyen
8508,41,1.0,90.02,207.0,0.0,959,0.6312,1,Risque Moyen,Réactivation Ciblée : Emailing personnalisé / Remise panier moyen
8509,39,5.0,383.21,40.0,0.8,562,0.3326,0,Risque Faible,Fidélisation Active : Programme fidélité / Ventes privées / Parrainage
8510,35,1.0,185.59,263.0,0.0,749,0.6415,1,Risque Moyen,Réactivation Ciblée : Emailing personnalisé / Remise panier moyen
8511,41,3.0,584.8299999999999,44.0,0.6666666666666666,590,0.4779,0,Risque Moyen,Réactivation Ciblée : Emailing personnalisé / Remise panier moyen
8512,22,3.0,785.42,41.0,1.0,590,0.5128,1,Risque Moyen,Réactivation Ciblée : Emailing personnalisé / Remise panier moyen
8513,53,4.0,464.18,32.0,0.25,803,0.3805,0,Risque Moyen,Réactivation Ciblée : Emailing personnalisé / Remise panier moyen
8514,56,2.0,366.90999999999997,27.0,0.5,371,0.5073,1,Risque Moyen,Réactivation Ciblée : Emailing personnalisé / Remise panier moyen
8515,36,1.0,102.64,3.0,1.0,1203,0.6076,1,Risque Moyen,Réactivation Ciblée : Emailing personnalisé / Remise panier moyen
8516,62,2.0,120.64,83.0,0.5,581,0.5106,1,Risque Moyen,Réactivation Ciblée : Emailing personnalisé / Remise panier moyen
8517,31,3.0,324.62,76.0,0.0,703,0.4748,0,Risque Moyen,Réactivation Ciblée : Emailing personnalisé / Remise panier moyen
8518,39,3.0,563.22,40.0,0.6666666666666666,1241,0.4862,0,Risque Moyen,Réactivation Ciblée : Emailing personnalisé / Remise panier moyen
8519,51,3.0,406.28999999999996,6.0,0.6666666666666666,1293,0.4638,0,Risque Moyen,Réactivation Ciblée : Emailing personnalisé / Remise panier moyen
8520,30,3.0,1178.56,62.0,0.3333333333333333,482,0.5058,1,Risque Moyen,Réactivation Ciblée : Emailing personnalisé / Remise panier moyen
8521,20,6.0,730.79,2.0,0.6666666666666666,587,0.2944,0,Risque Faible,Fidélisation Active : Programme fidélité / Ventes privées / Parrainage
8522,18,9.0,1503.6399999999999,23.0,0.4444444444444444,935,0.1757,0,Risque Faible,Fidélisation Active : Programme fidélité / Ventes privées / Parrainage
8523,58,5.0,778.3199999999999,7.0,0.6,734,0.3275,0,Risque Faible,Fidélisation Active : Programme fidélité / Ventes privées / Parrainage
8524,29,1.0,120.3,99.0,0.0,754,0.6231,1,Risque Moyen,Réactivation Ciblée : Emailing personnalisé / Remise panier moyen
8525,33,2.0,415.38,41.0,0.5,383,0.5375,1,Risque Moyen,Réactivation Ciblée : Emailing personnalisé / Remise panier moyen
8526,23,3.0,504.40000000000003,93.0,0.6666666666666666,843,0.5036,1,Risque Moyen,Réactivation Ciblée : Emailing personnalisé / Remise panier moyen
8527,45,2.0,255.39999999999998,195.0,1.0,928,0.572,1,Risque Moyen,Réactivation Ciblée : Emailing personnalisé / Remise panier moyen
8528,26,2.0,145.73000000000002,5.0,0.0,782,0.5332,1,Risque Moyen,Réactivation Ciblée : Emailing personnalisé / Remise panier moyen
8529,30,1.0,80.91,38.0,1.0,978,0.6212,1,Risque Moyen,Réactivation Ciblée : Emailing personnalisé / Remise panier moyen
8530,38,0.0,0.0,303.0,0.0,1125,0.7195,1,Risque Élevé,Rétention Urgente : Appel VIP / Bon d'achat 20% / Enquête insatisfaction
8531,23,7.0,1061.16,5.0,0.7142857142857143,601,0.2452,0,Risque Faible,Fidélisation Active : Programme fidélité / Ventes privées / Parrainage
8532,33,4.0,513.91,117.0,0.5,954,0.4343,0,Risque Moyen,Réactivation Ciblée : Emailing personnalisé / Remise panier moyen
8533,50,2.0,378.14,177.0,0.0,942,0.5538,1,Risque Moyen,Réactivation Ciblée : Emailing personnalisé / Remise panier moyen
8534,40,6.0,508.47,7.0,0.3333333333333333,1120,0.2706,0,Risque Faible,Fidélisation Active : Programme fidélité / Ventes privées / Parrainage
8535,36,0.0,0.0,303.0,0.0,310,0.707,1,Risque Élevé,Rétention Urgente : Appel VIP / Bon d'achat 20% / Enquête insatisfaction
8536,37,4.0,742.88,25.0,0.75,530,0.4202,0,Risque Moyen,Réactivation Ciblée : Emailing personnalisé / Remise panier moyen
8537,31,5.0,837.48,7.0,0.8,1116,0.3608,0,Risque Moyen,Réactivation Ciblée : Emailing personnalisé / Remise panier moyen
8538,57,5.0,1324.48,8.0,0.6,507,0.3451,0,Risque Faible,Fidélisation Active : Programme fidélité / Ventes privées / Parrainage
8539,26,3.0,399.75,176.0,0.3333333333333333,550,0.5096,1,Risque Moyen,Réactivation Ciblée : Emailing personnalisé / Remise panier moyen
8540,37,6.0,801.56,36.0,0.6666666666666666,507,0.2839,0,Risque Faible,Fidélisation Active : Programme fidélité / Ventes privées / Parrainage
8541,36,1.0,206.86,192.0,1.0,1159,0.6464,1,Risque Moyen,Réactivation Ciblée : Emailing personnalisé / Remise panier moyen
8542,46,3.0,502.03000000000003,107.0,0.3333333333333333,1259,0.49,0,Risque Moyen,Réactivation Ciblée : Emailing personnalisé / Remise panier moyen
8543,47,2.0,198.15,62.0,0.0,1039,0.5264,1,Risque Moyen,Réactivation Ciblée : Emailing personnalisé / Remise panier moyen
8544,35,4.0,1134.2,29.0,0.75,1227,0.4558,0,Risque Moyen,Réactivation Ciblée : Emailing personnalisé / Remise panier moyen
8545,38,0.0,0.0,303.0,0.0,693,0.7119,1,Risque Élevé,Rétention Urgente : Appel VIP / Bon d'achat 20% / Enquête insatisfaction
8546,39,1.0,92.9,236.0,0.0,1282,0.6456,1,Risque Moyen,Réactivation Ciblée : Emailing personnalisé / Remise panier moyen
8547,18,1.0,872.25,261.0,0.0,1229,0.6667,1,Risque Élevé,Rétention Urgente : Appel VIP / Bon d'achat 20% / Enquête insatisfaction
8548,18,3.0,326.03,30.0,0.0,695,0.4857,0,Risque Moyen,Réactivation Ciblée : Emailing personnalisé / Remise panier moyen
8549,28,3.0,244.66000000000003,23.0,0.3333333333333333,1343,0.4881,0,Risque Moyen,Réactivation Ciblée : Emailing personnalisé / Remise panier moyen
8550,29,2.0,92.80000000000001,9.0,0.0,723,0.5306,1,Risque Moyen,Réactivation Ciblée : Emailing personnalisé / Remise panier moyen
8551,22,1.0,25.23,198.0,1.0,458,0.6488,1,Risque Moyen,Réactivation Ciblée : Emailing personnalisé / Remise panier moyen
8552,43,1.0,103.98,164.0,1.0,1007,0.6297,1,Risque Moyen,Réactivation Ciblée : Emailing personnalisé / Remise panier moyen
8553,35,0.0,0.0,303.0,0.0,1009,0.7202,1,Risque Élevé,Rétention Urgente : Appel VIP / Bon d'achat 20% / Enquête insatisfaction
8554,33,3.0,216.17000000000002,69.0,0.6666666666666666,373,0.4705,0,Risque Moyen,Réactivation Ciblée : Emailing personnalisé / Remise panier moyen
8555,21,0.0,0.0,303.0,0.0,1292,0.7375,1,Risque Élevé,Rétention Urgente : Appel VIP / Bon d'achat 20% / Enquête insatisfaction
8556,35,3.0,495.31,112.0,0.3333333333333333,1274,0.4994,0,Risque Moyen,Réactivation Ciblée : Emailing personnalisé / Remise panier moyen
8557,18,5.0,838.0699999999999,17.0,0.6,412,0.3584,0,Risque Moyen,Réactivation Ciblée : Emailing personnalisé / Remise panier moyen
8558,33,2.0,359.7,140.0,0.0,372,0.5501,1,Risque Moyen,Réactivation Ciblée : Emailing personnalisé / Remise panier moyen
8559,36,6.0,561.4,11.0,0.3333333333333333,1151,0.2788,0,Risque Faible,Fidélisation Active : Programme fidélité / Ventes privées / Parrainage
8560,38,4.0,999.74,44.0,0.5,1001,0.4328,0,Risque Moyen,Réactivation Ciblée : Emailing personnalisé / Remise panier moyen
8561,18,7.0,964.81,11.0,0.42857142857142855,1317,0.2598,0,Risque Faible,Fidélisation Active : Programme fidélité / Ventes privées / Parrainage
8562,37,0.0,0.0,303.0,0.0,682,0.7126,1,Risque Élevé,Rétention Urgente : Appel VIP / Bon d'achat 20% / Enquête insatisfaction
8563,24,1.0,244.72,66.0,1.0,544,0.6204,1,Risque Moyen,Réactivation Ciblée : Emailing personnalisé / Remise panier moyen
8564,26,5.0,360.55,51.0,0.8,1336,0.3605,0,Risque Moyen,Réactivation Ciblée : Emailing personnalisé / Remise panier moyen
8565,43,1.0,116.37,170.0,1.0,497,0.6246,1,Risque Moyen,Réactivation Ciblée : Emailing personnalisé / Remise panier moyen
8566,57,6.0,843.4100000000001,29.0,0.3333333333333333,725,0.2718,0,Risque Faible,Fidélisation Active : Programme fidélité / Ventes privées / Parrainage
8567,36,5.0,491.7,29.0,0.2,944,0.3403,0,Risque Faible,Fidélisation Active : Programme fidélité / Ventes privées / Parrainage
8568,26,5.0,471.56,31.0,0.6,582,0.3415,0,Risque Faible,Fidélisation Active : Programme fidélité / Ventes privées / Parrainage
8569,37,6.0,1193.59,38.0,0.5,338,0.3,0,Risque Faible,Fidélisation Active : Programme fidélité / Ventes privées / Parrainage
8570,45,5.0,647.95,47.0,0.4,874,0.3351,0,Risque Faible,Fidélisation Active : Programme fidélité / Ventes privées / Parrainage
8571,42,2.0,606.02,10.0,0.5,630,0.5315,1,Risque Moyen,Réactivation Ciblée : Emailing personnalisé / Remise panier moyen
8572,65,4.0,764.94,35.0,0.25,602,0.3742,0,Risque Moyen,Réactivation Ciblée : Emailing personnalisé / Remise panier moyen
8573,27,3.0,341.58000000000004,29.0,0.0,673,0.4666,0,Risque Moyen,Réactivation Ciblée : Emailing personnalisé / Remise panier moyen
8574,38,6.0,1127.6,84.0,0.16666666666666666,1170,0.3119,0,Risque Faible,Fidélisation Active : Programme fidélité / Ventes privées / Parrainage
8575,52,1.0,53.24,210.0,0.0,654,0.6145,1,Risque Moyen,Réactivation Ciblée : Emailing personnalisé / Remise panier moyen
8576,51,1.0,108.05,177.0,1.0,934,0.6224,1,Risque Moyen,Réactivation Ciblée : Emailing personnalisé / Remise panier moyen
8577,18,7.0,2053.69,22.0,0.2857142857142857,1081,0.2985,0,Risque Faible,Fidélisation Active : Programme fidélité / Ventes privées / Parrainage
8578,35,8.0,793.99,59.0,0.5,650,0.1852,0,Risque Faible,Fidélisation Active : Programme fidélité / Ventes privées / Parrainage
8579,51,3.0,303.86,37.0,0.6666666666666666,802,0.4592,0,Risque Moyen,Réactivation Ciblée : Emailing personnalisé / Remise panier moyen
8580,67,1.0,72.36,158.0,1.0,558,0.596,1,Risque Moyen,Réactivation Ciblée : Emailing personnalisé / Remise panier moyen
8581,43,3.0,852.36,75.0,0.3333333333333333,961,0.4946,0,Risque Moyen,Réactivation Ciblée : Emailing personnalisé / Remise panier moyen
8582,31,0.0,0.0,303.0,0.0,452,0.7141,1,Risque Élevé,Rétention Urgente : Appel VIP / Bon d'achat 20% / Enquête insatisfaction
8583,24,2.0,284.61,223.0,1.0,459,0.5898,1,Risque Moyen,Réactivation Ciblée : Emailing personnalisé / Remise panier moyen
8584,59,1.0,60.269999999999996,165.0,0.0,652,0.5994,1,Risque Moyen,Réactivation Ciblée : Emailing personnalisé / Remise panier moyen
8585,43,2.0,126.50999999999999,90.0,0.5,544,0.5308,1,Risque Moyen,Réactivation Ciblée : Emailing personnalisé / Remise panier moyen
8586,26,1.0,92.2,13.0,1.0,343,0.6051,1,Risque Moyen,Réactivation Ciblée : Emailing personnalisé / Remise panier moyen
8587,33,3.0,468.61,25.0,1.0,1184,0.4938,0,Risque Moyen,Réactivation Ciblée : Emailing personnalisé / Remise panier moyen
8588,38,1.0,234.32,265.0,1.0,695,0.6535,1,Risque Élevé,Rétention Urgente : Appel VIP / Bon d'achat 20% / Enquête insatisfaction
8589,41,0.0,0.0,303.0,0.0,767,0.7104,1,Risque Élevé,Rétention Urgente : Appel VIP / Bon d'achat 20% / Enquête insatisfaction
8590,25,1.0,160.66,240.0,1.0,606,0.6572,1,Risque Élevé,Rétention Urgente : Appel VIP / Bon d'achat 20% / Enquête insatisfaction
8591,28,7.0,708.45,69.0,0.2857142857142857,1347,0.2487,0,Risque Faible,Fidélisation Active : Programme fidélité / Ventes privées / Parrainage
8592,18,0.0,0.0,303.0,0.0,1157,0.7379,1,Risque Élevé,Rétention Urgente : Appel VIP / Bon d'achat 20% / Enquête insatisfaction
8593,46,2.0,686.24,61.0,0.5,892,0.5517,1,Risque Moyen,Réactivation Ciblée : Emailing personnalisé / Remise panier moyen
8594,31,0.0,0.0,303.0,0.0,903,0.722,1,Risque Élevé,Rétention Urgente : Appel VIP / Bon d'achat 20% / Enquête insatisfaction
8595,40,0.0,0.0,303.0,0.0,380,0.7045,1,Risque Élevé,Rétention Urgente : Appel VIP / Bon d'achat 20% / Enquête insatisfaction
8596,51,1.0,263.96,120.0,0.0,1197,0.6048,1,Risque Moyen,Réactivation Ciblée : Emailing personnalisé / Remise panier moyen
8597,37,5.0,406.92,24.0,0.6,694,0.3424,0,Risque Faible,Fidélisation Active : Programme fidélité / Ventes privées / Parrainage
8598,34,6.0,1355.8,42.0,0.16666666666666666,572,0.3084,0,Risque Faible,Fidélisation Active : Programme fidélité / Ventes privées / Parrainage
8599,37,9.0,1376.48,34.0,0.6666666666666666,1125,0.1666,0,Risque Faible,Fidélisation Active : Programme fidélité / Ventes privées / Parrainage
8600,36,2.0,289.21000000000004,135.0,0.5,948,0.5623,1,Risque Moyen,Réactivation Ciblée : Emailing personnalisé / Remise panier moyen
8601,49,2.0,199.56,98.0,0.5,990,0.541,1,Risque Moyen,Réactivation Ciblée : Emailing personnalisé / Remise panier moyen
8602,38,3.0,635.2,153.0,0.6666666666666666,1028,0.5142,1,Risque Moyen,Réactivation Ciblée : Emailing personnalisé / Remise panier moyen
8603,29,0.0,0.0,303.0,0.0,415,0.7153,1,Risque Élevé,Rétention Urgente : Appel VIP / Bon d'achat 20% / Enquête insatisfaction
8604,47,4.0,433.15,139.0,0.25,698,0.4147,0,Risque Moyen,Réactivation Ciblée : Emailing personnalisé / Remise panier moyen
8605,49,0.0,0.0,303.0,0.0,1246,0.7114,1,Risque Élevé,Rétention Urgente : Appel VIP / Bon d'achat 20% / Enquête insatisfaction
8606,20,2.0,304.6,71.0,0.5,497,0.5569,1,Risque Moyen,Réactivation Ciblée : Emailing personnalisé / Remise panier moyen
8607,52,2.0,168.57,208.0,0.5,935,0.5557,1,Risque Moyen,Réactivation Ciblée : Emailing personnalisé / Remise panier moyen
8608,39,2.0,84.68,27.0,0.5,1181,0.5343,1,Risque Moyen,Réactivation Ciblée : Emailing personnalisé / Remise panier moyen
8609,38,3.0,265.75,95.0,0.6666666666666666,331,0.469,0,Risque Moyen,Réactivation Ciblée : Emailing personnalisé / Remise panier moyen
8610,46,9.0,1915.51,22.0,0.5555555555555556,1299,0.178,0,Risque Faible,Fidélisation Active : Programme fidélité / Ventes privées / Parrainage
8611,29,5.0,399.12,90.0,0.8,718,0.3525,0,Risque Moyen,Réactivation Ciblée : Emailing personnalisé / Remise panier moyen
8612,45,3.0,250.59,103.0,0.6666666666666666,532,0.4667,0,Risque Moyen,Réactivation Ciblée : Emailing personnalisé / Remise panier moyen
8613,31,3.0,280.08,17.0,0.3333333333333333,778,0.4637,0,Risque Moyen,Réactivation Ciblée : Emailing personnalisé / Remise panier moyen
8614,19,5.0,704.54,27.0,0.6,1051,0.3754,0,Risque Moyen,Réactivation Ciblée : Emailing personnalisé / Remise panier moyen
8615,24,1.0,164.04,119.0,0.0,932,0.6295,1,Risque Moyen,Réactivation Ciblée : Emailing personnalisé / Remise panier moyen
8616,41,1.0,91.04,70.0,0.0,1142,0.6064,1,Risque Moyen,Réactivation Ciblée : Emailing personnalisé / Remise panier moyen
8617,25,0.0,0.0,303.0,0.0,1189,0.7323,1,Risque Élevé,Rétention Urgente : Appel VIP / Bon d'achat 20% / Enquête insatisfaction
8618,53,3.0,479.37,60.0,0.6666666666666666,833,0.4679,0,Risque Moyen,Réactivation Ciblée : Emailing personnalisé / Remise panier moyen
8619,48,0.0,0.0,303.0,0.0,1099,0.7098,1,Risque Élevé,Rétention Urgente : Appel VIP / Bon d'achat 20% / Enquête insatisfaction
8620,50,2.0,69.9,181.0,0.5,423,0.5393,1,Risque Moyen,Réactivation Ciblée : Emailing personnalisé / Remise panier moyen
8621,36,1.0,87.01,111.0,0.0,710,0.6095,1,Risque Moyen,Réactivation Ciblée : Emailing personnalisé / Remise panier moyen
8622,38,0.0,0.0,303.0,0.0,1084,0.7187,1,Risque Élevé,Rétention Urgente : Appel VIP / Bon d'achat 20% / Enquête insatisfaction
8623,22,6.0,1033.62,8.0,0.8333333333333334,323,0.3026,0,Risque Faible,Fidélisation Active : Programme fidélité / Ventes privées / Parrainage
8624,46,3.0,348.48,68.0,0.6666666666666666,1367,0.4808,0,Risque Moyen,Réactivation Ciblée : Emailing personnalisé / Remise panier moyen
8625,39,2.0,242.92999999999998,1.0,0.5,1266,0.5462,1,Risque Moyen,Réactivation Ciblée : Emailing personnalisé / Remise panier moyen
8626,41,2.0,322.58000000000004,125.0,0.0,309,0.5337,1,Risque Moyen,Réactivation Ciblée : Emailing personnalisé / Remise panier moyen
8627,54,6.0,583.88,99.0,0.5,1095,0.2794,0,Risque Faible,Fidélisation Active : Programme fidélité / Ventes privées / Parrainage
8628,28,1.0,147.36,140.0,1.0,294,0.6277,1,Risque Moyen,Réactivation Ciblée : Emailing personnalisé / Remise panier moyen
8629,34,2.0,696.73,108.0,1.0,473,0.5723,1,Risque Moyen,Réactivation Ciblée : Emailing personnalisé / Remise panier moyen
8630,39,0.0,0.0,303.0,0.0,1352,0.7225,1,Risque Élevé,Rétention Urgente : Appel VIP / Bon d'achat 20% / Enquête insatisfaction
8631,25,4.0,865.6399999999999,4.0,0.75,933,0.4374,0,Risque Moyen,Réactivation Ciblée : Emailing personnalisé / Remise panier moyen
8632,33,5.0,1616.56,9.0,0.6,511,0.3829,0,Risque Moyen,Réactivation Ciblée : Emailing personnalisé / Remise panier moyen
8633,40,2.0,286.63000000000005,218.0,0.5,683,0.5766,1,Risque Moyen,Réactivation Ciblée : Emailing personnalisé / Remise panier moyen
8634,31,1.0,77.56,21.0,0.0,1106,0.6063,1,Risque Moyen,Réactivation Ciblée : Emailing personnalisé / Remise panier moyen
8635,49,1.0,612.76,153.0,1.0,975,0.6196,1,Risque Moyen,Réactivation Ciblée : Emailing personnalisé / Remise panier moyen
8636,18,0.0,0.0,303.0,0.0,1161,0.738,1,Risque Élevé,Rétention Urgente : Appel VIP / Bon d'achat 20% / Enquête insatisfaction
8637,47,1.0,57.4,182.0,0.0,561,0.61,1,Risque Moyen,Réactivation Ciblée : Emailing personnalisé / Remise panier moyen
8638,42,3.0,421.51,10.0,0.6666666666666666,904,0.4626,0,Risque Moyen,Réactivation Ciblée : Emailing personnalisé / Remise panier moyen
8639,29,6.0,953.31,121.0,0.5,1011,0.3239,0,Risque Faible,Fidélisation Active : Programme fidélité / Ventes privées / Parrainage
8640,25,10.0,1532.38,5.0,0.6,1015,0.1434,0,Risque Faible,Fidélisation Active : Programme fidélité / Ventes privées / Parrainage
8641,18,4.0,659.18,22.0,0.75,993,0.4369,0,Risque Moyen,Réactivation Ciblée : Emailing personnalisé / Remise panier moyen
8642,26,10.0,1981.07,6.0,0.8,380,0.1431,0,Risque Faible,Fidélisation Active : Programme fidélité / Ventes privées / Parrainage
8643,47,2.0,705.41,127.0,1.0,1351,0.5743,1,Risque Moyen,Réactivation Ciblée : Emailing personnalisé / Remise panier moyen
8644,34,3.0,962.4,31.0,0.6666666666666666,653,0.4955,0,Risque Moyen,Réactivation Ciblée : Emailing personnalisé / Remise panier moyen
8645,48,2.0,979.4100000000001,135.0,0.5,884,0.5666,1,Risque Moyen,Réactivation Ciblée : Emailing personnalisé / Remise panier moyen
8646,28,5.0,490.35,77.0,0.6,343,0.3466,0,Risque Faible,Fidélisation Active : Programme fidélité / Ventes privées / Parrainage
8647,43,3.0,274.74,227.0,0.0,419,0.487,0,Risque Moyen,Réactivation Ciblée : Emailing personnalisé / Remise panier moyen
8648,27,2.0,94.46000000000001,43.0,0.5,993,0.5475,1,Risque Moyen,Réactivation Ciblée : Emailing personnalisé / Remise panier moyen
8649,24,4.0,477.93,62.0,0.5,455,0.4185,0,Risque Moyen,Réactivation Ciblée : Emailing personnalisé / Remise panier moyen
8650,34,4.0,450.14,31.0,0.75,803,0.41,0,Risque Moyen,Réactivation Ciblée : Emailing personnalisé / Remise panier moyen
8651,28,4.0,459.15999999999997,65.0,0.75,504,0.4137,0,Risque Moyen,Réactivation Ciblée : Emailing personnalisé / Remise panier moyen
8652,18,6.0,1030.44,89.0,0.6666666666666666,757,0.3264,0,Risque Faible,Fidélisation Active : Programme fidélité / Ventes privées / Parrainage
8653,33,1.0,35.46,13.0,1.0,306,0.5954,1,Risque Moyen,Réactivation Ciblée : Emailing personnalisé / Remise panier moyen
8654,36,5.0,411.28999999999996,119.0,0.6,933,0.3517,0,Risque Moyen,Réactivation Ciblée : Emailing personnalisé / Remise panier moyen
8655,49,3.0,686.48,8.0,0.6666666666666666,721,0.4668,0,Risque Moyen,Réactivation Ciblée : Emailing personnalisé / Remise panier moyen
8656,45,2.0,700.2900000000001,44.0,0.5,1007,0.5497,1,Risque Moyen,Réactivation Ciblée : Emailing personnalisé / Remise panier moyen
8657,48,3.0,362.78000000000003,29.0,0.3333333333333333,807,0.4567,0,Risque Moyen,Réactivation Ciblée : Emailing personnalisé / Remise panier moyen
8658,43,5.0,613.83,79.0,0.4,1286,0.3523,0,Risque Moyen,Réactivation Ciblée : Emailing personnalisé / Remise panier moyen
8659,39,1.0,266.1,72.0,1.0,318,0.6005,1,Risque Moyen,Réactivation Ciblée : Emailing personnalisé / Remise panier moyen
8660,21,3.0,531.29,105.0,0.6666666666666666,1348,0.5287,1,Risque Moyen,Réactivation Ciblée : Emailing personnalisé / Remise panier moyen
8661,37,1.0,188.04,80.0,1.0,300,0.6051,1,Risque Moyen,Réactivation Ciblée : Emailing personnalisé / Remise panier moyen
8662,42,2.0,418.54,13.0,0.5,415,0.5198,1,Risque Moyen,Réactivation Ciblée : Emailing personnalisé / Remise panier moyen
8663,51,3.0,464.2,31.0,0.6666666666666666,675,0.4578,0,Risque Moyen,Réactivation Ciblée : Emailing personnalisé / Remise panier moyen
8664,43,1.0,319.96,217.0,0.0,571,0.6203,1,Risque Moyen,Réactivation Ciblée : Emailing personnalisé / Remise panier moyen
8665,49,2.0,184.52,60.0,1.0,890,0.5359,1,Risque Moyen,Réactivation Ciblée : Emailing personnalisé / Remise panier moyen
8666,24,0.0,0.0,303.0,0.0,506,0.7215,1,Risque Élevé,Rétention Urgente : Appel VIP / Bon d'achat 20% / Enquête insatisfaction
8667,31,2.0,801.0999999999999,14.0,0.5,713,0.5523,1,Risque Moyen,Réactivation Ciblée : Emailing personnalisé / Remise panier moyen
8668,40,2.0,162.01,31.0,0.5,606,0.5232,1,Risque Moyen,Réactivation Ciblée : Emailing personnalisé / Remise panier moyen
8669,48,3.0,403.44,5.0,0.3333333333333333,751,0.4557,0,Risque Moyen,Réactivation Ciblée : Emailing personnalisé / Remise panier moyen
8670,33,1.0,127.78,181.0,1.0,658,0.6384,1,Risque Moyen,Réactivation Ciblée : Emailing personnalisé / Remise panier moyen
8671,34,3.0,1192.04,5.0,0.3333333333333333,1032,0.5074,1,Risque Moyen,Réactivation Ciblée : Emailing personnalisé / Remise panier moyen
8672,43,1.0,63.63,195.0,0.0,601,0.6177,1,Risque Moyen,Réactivation Ciblée : Emailing personnalisé / Remise panier moyen
8673,23,1.0,50.76,169.0,1.0,550,0.6453,1,Risque Moyen,Réactivation Ciblée : Emailing personnalisé / Remise panier moyen
8674,53,7.0,1385.22,22.0,0.7142857142857143,984,0.2535,0,Risque Faible,Fidélisation Active : Programme fidélité / Ventes privées / Parrainage
8675,25,3.0,269.0,34.0,0.6666666666666666,348,0.4728,0,Risque Moyen,Réactivation Ciblée : Emailing personnalisé / Remise panier moyen
8676,18,6.0,1245.2,9.0,0.5,291,0.3157,0,Risque Faible,Fidélisation Active : Programme fidélité / Ventes privées / Parrainage
8677,35,7.0,1868.3,16.0,0.2857142857142857,777,0.2804,0,Risque Faible,Fidélisation Active : Programme fidélité / Ventes privées / Parrainage
8678,54,1.0,122.38,45.0,1.0,538,0.585,1,Risque Moyen,Réactivation Ciblée : Emailing personnalisé / Remise panier moyen
8679,41,2.0,301.88,202.0,0.0,287,0.5519,1,Risque Moyen,Réactivation Ciblée : Emailing personnalisé / Remise panier moyen
8680,43,6.0,472.93,15.0,0.5,866,0.2773,0,Risque Faible,Fidélisation Active : Programme fidélité / Ventes privées / Parrainage
8681,35,3.0,339.33,13.0,0.3333333333333333,1180,0.4709,0,Risque Moyen,Réactivation Ciblée : Emailing personnalisé / Remise panier moyen
8682,33,0.0,0.0,303.0,0.0,499,0.7131,1,Risque Élevé,Rétention Urgente : Appel VIP / Bon d'achat 20% / Enquête insatisfaction
8683,18,1.0,85.11,210.0,1.0,790,0.6609,1,Risque Élevé,Rétention Urgente : Appel VIP / Bon d'achat 20% / Enquête insatisfaction
8684,18,11.0,1613.13,3.0,0.6363636363636364,570,0.1078,0,Risque Faible,Fidélisation Active : Programme fidélité / Ventes privées / Parrainage
8685,37,6.0,929.31,12.0,0.16666666666666666,1238,0.3029,0,Risque Faible,Fidélisation Active : Programme fidélité / Ventes privées / Parrainage
8686,49,3.0,481.78,53.0,0.0,691,0.456,0,Risque Moyen,Réactivation Ciblée : Emailing personnalisé / Remise panier moyen
8687,39,4.0,1504.13,1.0,0.5,420,0.4317,0,Risque Moyen,Réactivation Ciblée : Emailing personnalisé / Remise panier moyen
8688,42,1.0,132.44,97.0,1.0,1217,0.6228,1,Risque Moyen,Réactivation Ciblée : Emailing personnalisé / Remise panier moyen
8689,52,4.0,310.27,91.0,0.5,447,0.3843,0,Risque Moyen,Réactivation Ciblée : Emailing personnalisé / Remise panier moyen
8690,39,10.0,1757.68,23.0,0.6,656,0.1308,0,Risque Faible,Fidélisation Active : Programme fidélité / Ventes privées / Parrainage
8691,34,4.0,396.76,130.0,0.5,564,0.4174,0,Risque Moyen,Réactivation Ciblée : Emailing personnalisé / Remise panier moyen
8692,26,3.0,833.1000000000001,33.0,0.6666666666666666,937,0.5138,1,Risque Moyen,Réactivation Ciblée : Emailing personnalisé / Remise panier moyen
8693,57,10.0,1860.55,35.0,0.7,1341,0.1381,0,Risque Faible,Fidélisation Active : Programme fidélité / Ventes privées / Parrainage
8694,41,8.0,1120.62,32.0,0.625,1014,0.1999,0,Risque Faible,Fidélisation Active : Programme fidélité / Ventes privées / Parrainage
8695,25,1.0,74.42,140.0,0.0,691,0.6271,1,Risque Moyen,Réactivation Ciblée : Emailing personnalisé / Remise panier moyen
8696,22,2.0,348.85,159.0,0.5,1233,0.5921,1,Risque Moyen,Réactivation Ciblée : Emailing personnalisé / Remise panier moyen
8697,49,2.0,202.07999999999998,142.0,1.0,277,0.5369,1,Risque Moyen,Réactivation Ciblée : Emailing personnalisé / Remise panier moyen
8698,24,1.0,177.25,259.0,0.0,1215,0.6613,1,Risque Élevé,Rétention Urgente : Appel VIP / Bon d'achat 20% / Enquête insatisfaction
8699,55,4.0,1092.6,43.0,0.25,1043,0.4213,0,Risque Moyen,Réactivation Ciblée : Emailing personnalisé / Remise panier moyen
8700,18,1.0,99.84,35.0,0.0,553,0.6096,1,Risque Moyen,Réactivation Ciblée : Emailing personnalisé / Remise panier moyen
8701,51,0.0,0.0,303.0,0.0,1261,0.7098,1,Risque Élevé,Rétention Urgente : Appel VIP / Bon d'achat 20% / Enquête insatisfaction
8702,40,1.0,165.66,63.0,1.0,299,0.5965,1,Risque Moyen,Réactivation Ciblée : Emailing personnalisé / Remise panier moyen
8703,36,0.0,0.0,303.0,0.0,915,0.7176,1,Risque Élevé,Rétention Urgente : Appel VIP / Bon d'achat 20% / Enquête insatisfaction
8704,33,3.0,1092.8600000000001,181.0,0.6666666666666666,1046,0.5463,1,Risque Moyen,Réactivation Ciblée : Emailing personnalisé / Remise panier moyen
8705,56,3.0,170.52,63.0,0.6666666666666666,1084,0.4571,0,Risque Moyen,Réactivation Ciblée : Emailing personnalisé / Remise panier moyen
8706,43,0.0,0.0,303.0,0.0,719,0.7077,1,Risque Élevé,Rétention Urgente : Appel VIP / Bon d'achat 20% / Enquête insatisfaction
8707,25,0.0,0.0,303.0,0.0,620,0.7226,1,Risque Élevé,Rétention Urgente : Appel VIP / Bon d'achat 20% / Enquête insatisfaction
8708,18,4.0,573.39,17.0,0.5,920,0.4243,0,Risque Moyen,Réactivation Ciblée : Emailing personnalisé / Remise panier moyen
8709,37,3.0,217.1,9.0,0.6666666666666666,1048,0.4629,0,Risque Moyen,Réactivation Ciblée : Emailing personnalisé / Remise panier moyen
8710,35,1.0,77.6,170.0,0.0,1091,0.6308,1,Risque Moyen,Réactivation Ciblée : Emailing personnalisé / Remise panier moyen
8711,18,2.0,71.79,57.0,1.0,757,0.5609,1,Risque Moyen,Réactivation Ciblée : Emailing personnalisé / Remise panier moyen
8712,34,5.0,448.43,52.0,0.6,331,0.3397,0,Risque Faible,Fidélisation Active : Programme fidélité / Ventes privées / Parrainage
8713,29,10.0,1485.26,21.0,0.8,955,0.1312,0,Risque Faible,Fidélisation Active : Programme fidélité / Ventes privées / Parrainage
8714,35,5.0,1263.9,28.0,0.8,875,0.3774,0,Risque Moyen,Réactivation Ciblée : Emailing personnalisé / Remise panier moyen
8715,43,1.0,36.23,125.0,0.0,1322,0.6181,1,Risque Moyen,Réactivation Ciblée : Emailing personnalisé / Remise panier moyen
8716,51,4.0,908.85,20.0,0.75,713,0.4048,0,Risque Moyen,Réactivation Ciblée : Emailing personnalisé / Remise panier moyen
8717,45,1.0,84.63,153.0,0.0,600,0.6065,1,Risque Moyen,Réactivation Ciblée : Emailing personnalisé / Remise panier moyen
8718,27,0.0,0.0,303.0,0.0,937,0.7262,1,Risque Élevé,Rétention Urgente : Appel VIP / Bon d'achat 20% / Enquête insatisfaction
8719,39,9.0,1362.93,38.0,0.3333333333333333,413,0.1541,0,Risque Faible,Fidélisation Active : Programme fidélité / Ventes privées / Parrainage
8720,36,0.0,0.0,303.0,0.0,992,0.719,1,Risque Élevé,Rétention Urgente : Appel VIP / Bon d'achat 20% / Enquête insatisfaction
8721,20,2.0,524.8100000000001,87.0,0.0,321,0.5593,1,Risque Moyen,Réactivation Ciblée : Emailing personnalisé / Remise panier moyen
8722,39,1.0,234.06,205.0,0.0,460,0.6209,1,Risque Moyen,Réactivation Ciblée : Emailing personnalisé / Remise panier moyen
8723,55,7.0,1181.91,9.0,0.42857142857142855,1044,0.2355,0,Risque Faible,Fidélisation Active : Programme fidélité / Ventes privées / Parrainage
8724,35,2.0,499.14,13.0,0.5,1053,0.5492,1,Risque Moyen,Réactivation Ciblée : Emailing personnalisé / Remise panier moyen
8725,18,5.0,1231.58,22.0,0.8,1148,0.4009,0,Risque Moyen,Réactivation Ciblée : Emailing personnalisé / Remise panier moyen
8726,35,3.0,427.93,50.0,0.3333333333333333,1155,0.4833,0,Risque Moyen,Réactivation Ciblée : Emailing personnalisé / Remise panier moyen
8727,22,2.0,267.68,92.0,1.0,524,0.5627,1,Risque Moyen,Réactivation Ciblée : Emailing personnalisé / Remise panier moyen
8728,44,4.0,730.89,51.0,0.25,984,0.4173,0,Risque Moyen,Réactivation Ciblée : Emailing personnalisé / Remise panier moyen
8729,41,3.0,379.61,71.0,0.3333333333333333,341,0.4644,0,Risque Moyen,Réactivation Ciblée : Emailing personnalisé / Remise panier moyen
8730,33,0.0,0.0,303.0,0.0,492,0.713,1,Risque Élevé,Rétention Urgente : Appel VIP / Bon d'achat 20% / Enquête insatisfaction
8731,31,2.0,730.37,15.0,0.0,716,0.5413,1,Risque Moyen,Réactivation Ciblée : Emailing personnalisé / Remise panier moyen
8732,33,1.0,359.16,186.0,1.0,1082,0.6448,1,Risque Moyen,Réactivation Ciblée : Emailing personnalisé / Remise panier moyen
8733,35,5.0,817.79,40.0,0.4,985,0.3539,0,Risque Moyen,Réactivation Ciblée : Emailing personnalisé / Remise panier moyen
8734,27,4.0,955.91,12.0,0.5,351,0.4228,0,Risque Moyen,Réactivation Ciblée : Emailing personnalisé / Remise panier moyen
8735,20,4.0,569.92,79.0,0.75,522,0.4298,0,Risque Moyen,Réactivation Ciblée : Emailing personnalisé / Remise panier moyen
8736,48,3.0,303.76,48.0,1.0,852,0.4699,0,Risque Moyen,Réactivation Ciblée : Emailing personnalisé / Remise panier moyen
8737,31,3.0,157.98,201.0,1.0,1242,0.5184,1,Risque Moyen,Réactivation Ciblée : Emailing personnalisé / Remise panier moyen
8738,37,0.0,0.0,303.0,0.0,300,0.7059,1,Risque Élevé,Rétention Urgente : Appel VIP / Bon d'achat 20% / Enquête insatisfaction
8739,38,0.0,0.0,303.0,0.0,746,0.7128,1,Risque Élevé,Rétention Urgente : Appel VIP / Bon d'achat 20% / Enquête insatisfaction
8740,39,0.0,0.0,303.0,0.0,1079,0.7177,1,Risque Élevé,Rétention Urgente : Appel VIP / Bon d'achat 20% / Enquête insatisfaction
8741,22,6.0,1137.6699999999998,120.0,0.5,672,0.3328,0,Risque Faible,Fidélisation Active : Programme fidélité / Ventes privées / Parrainage
8742,18,2.0,120.93,248.0,0.5,1212,0.6088,1,Risque Moyen,Réactivation Ciblée : Emailing personnalisé / Remise panier moyen
8743,29,4.0,545.9399999999999,62.0,0.5,963,0.4302,0,Risque Moyen,Réactivation Ciblée : Emailing personnalisé / Remise panier moyen
8744,39,1.0,534.5,88.0,0.0,492,0.599,1,Risque Moyen,Réactivation Ciblée : Emailing personnalisé / Remise panier moyen
8745,27,4.0,611.7800000000001,1.0,0.25,322,0.4116,0,Risque Moyen,Réactivation Ciblée : Emailing personnalisé / Remise panier moyen
8746,31,3.0,443.36,77.0,0.6666666666666666,1172,0.5006,1,Risque Moyen,Réactivation Ciblée : Emailing personnalisé / Remise panier moyen
8747,58,2.0,236.44,46.0,0.5,890,0.5136,1,Risque Moyen,Réactivation Ciblée : Emailing personnalisé / Remise panier moyen
8748,18,1.0,103.56,67.0,1.0,1084,0.6416,1,Risque Moyen,Réactivation Ciblée : Emailing personnalisé / Remise panier moyen
8749,27,0.0,0.0,303.0,0.0,1061,0.7283,1,Risque Élevé,Rétention Urgente : Appel VIP / Bon d'achat 20% / Enquête insatisfaction
8750,56,4.0,726.64,20.0,0.25,1024,0.3921,0,Risque Moyen,Réactivation Ciblée : Emailing personnalisé / Remise panier moyen
8751,35,2.0,173.3,47.0,0.5,348,0.527,1,Risque Moyen,Réactivation Ciblée : Emailing personnalisé / Remise panier moyen
8752,27,5.0,1352.1299999999999,32.0,0.6,378,0.3818,0,Risque Moyen,Réactivation Ciblée : Emailing personnalisé / Remise panier moyen
8753,48,0.0,0.0,303.0,0.0,971,0.7075,1,Risque Élevé,Rétention Urgente : Appel VIP / Bon d'achat 20% / Enquête insatisfaction
8754,36,1.0,154.88,71.0,1.0,584,0.6085,1,Risque Moyen,Réactivation Ciblée : Emailing personnalisé / Remise panier moyen
8755,31,4.0,377.1,41.0,0.75,573,0.4144,0,Risque Moyen,Réactivation Ciblée : Emailing personnalisé / Remise panier moyen
8756,37,3.0,207.14,17.0,0.3333333333333333,733,0.4624,0,Risque Moyen,Réactivation Ciblée : Emailing personnalisé / Remise panier moyen
8757,28,2.0,273.23,121.0,0.5,919,0.5694,1,Risque Moyen,Réactivation Ciblée : Emailing personnalisé / Remise panier moyen
8758,24,4.0,753.37,92.0,0.5,597,0.4354,0,Risque Moyen,Réactivation Ciblée : Emailing personnalisé / Remise panier moyen
8759,34,4.0,651.0600000000001,51.0,0.5,688,0.4138,0,Risque Moyen,Réactivation Ciblée : Emailing personnalisé / Remise panier moyen
8760,24,12.0,1959.1699999999998,16.0,0.25,821,0.0855,0,Risque Faible,Fidélisation Active : Programme fidélité / Ventes privées / Parrainage
8761,35,1.0,129.79,52.0,1.0,1140,0.6173,1,Risque Moyen,Réactivation Ciblée : Emailing personnalisé / Remise panier moyen
8762,39,0.0,0.0,303.0,0.0,1125,0.7185,1,Risque Élevé,Rétention Urgente : Appel VIP / Bon d'achat 20% / Enquête insatisfaction
8763,44,0.0,0.0,303.0,0.0,1304,0.7171,1,Risque Élevé,Rétention Urgente : Appel VIP / Bon d'achat 20% / Enquête insatisfaction
8764,47,2.0,90.19,51.0,1.0,423,0.5202,1,Risque Moyen,Réactivation Ciblée : Emailing personnalisé / Remise panier moyen
8765,31,1.0,67.82,141.0,1.0,342,0.6248,1,Risque Moyen,Réactivation Ciblée : Emailing personnalisé / Remise panier moyen
8766,40,5.0,1191.71,1.0,0.4,308,0.3525,0,Risque Moyen,Réactivation Ciblée : Emailing personnalisé / Remise panier moyen
8767,40,4.0,249.47000000000003,58.0,0.75,367,0.3954,0,Risque Moyen,Réactivation Ciblée : Emailing personnalisé / Remise panier moyen
8768,39,1.0,278.25,109.0,1.0,1366,0.6315,1,Risque Moyen,Réactivation Ciblée : Emailing personnalisé / Remise panier moyen
8769,30,5.0,862.88,4.0,0.8,414,0.3464,0,Risque Faible,Fidélisation Active : Programme fidélité / Ventes privées / Parrainage
8770,24,3.0,642.05,103.0,1.0,1226,0.5294,1,Risque Moyen,Réactivation Ciblée : Emailing personnalisé / Remise panier moyen
8771,41,6.0,1425.17,50.0,0.3333333333333333,289,0.3057,0,Risque Faible,Fidélisation Active : Programme fidélité / Ventes privées / Parrainage
8772,18,2.0,365.60999999999996,72.0,0.0,1308,0.572,1,Risque Moyen,Réactivation Ciblée : Emailing personnalisé / Remise panier moyen
8773,32,2.0,114.07000000000001,146.0,0.5,1301,0.5713,1,Risque Moyen,Réactivation Ciblée : Emailing personnalisé / Remise panier moyen
8774,18,9.0,1657.67,22.0,0.5555555555555556,1290,0.1968,0,Risque Faible,Fidélisation Active : Programme fidélité / Ventes privées / Parrainage
8775,20,2.0,251.8,14.0,1.0,1002,0.5599,1,Risque Moyen,Réactivation Ciblée : Emailing personnalisé / Remise panier moyen
8776,25,5.0,662.23,64.0,0.8,411,0.3585,0,Risque Moyen,Réactivation Ciblée : Emailing personnalisé / Remise panier moyen
8777,47,3.0,382.64,85.0,0.3333333333333333,843,0.4694,0,Risque Moyen,Réactivation Ciblée : Emailing personnalisé / Remise panier moyen
8778,43,0.0,0.0,303.0,0.0,979,0.7123,1,Risque Élevé,Rétention Urgente : Appel VIP / Bon d'achat 20% / Enquête insatisfaction
8779,29,5.0,696.15,28.0,0.8,848,0.3549,0,Risque Moyen,Réactivation Ciblée : Emailing personnalisé / Remise panier moyen
8780,43,2.0,371.39,117.0,0.5,1116,0.5599,1,Risque Moyen,Réactivation Ciblée : Emailing personnalisé / Remise panier moyen
8781,45,5.0,514.55,169.0,0.6,1366,0.3707,0,Risque Moyen,Réactivation Ciblée : Emailing personnalisé / Remise panier moyen
8782,33,4.0,346.07,33.0,0.25,673,0.3997,0,Risque Moyen,Réactivation Ciblée : Emailing personnalisé / Remise panier moyen
8783,20,3.0,224.52,76.0,0.6666666666666666,1323,0.5052,1,Risque Moyen,Réactivation Ciblée : Emailing personnalisé / Remise panier moyen
8784,33,1.0,96.85000000000001,79.0,0.0,716,0.6142,1,Risque Moyen,Réactivation Ciblée : Emailing personnalisé / Remise panier moyen
8785,34,0.0,0.0,303.0,0.0,844,0.7182,1,Risque Élevé,Rétention Urgente : Appel VIP / Bon d'achat 20% / Enquête insatisfaction
8786,21,2.0,193.05,75.0,0.5,951,0.5664,1,Risque Moyen,Réactivation Ciblée : Emailing personnalisé / Remise panier moyen
8787,39,2.0,156.89,159.0,0.5,367,0.5473,1,Risque Moyen,Réactivation Ciblée : Emailing personnalisé / Remise panier moyen
8788,38,0.0,0.0,303.0,0.0,302,0.7049,1,Risque Élevé,Rétention Urgente : Appel VIP / Bon d'achat 20% / Enquête insatisfaction
8789,40,1.0,65.22,49.0,1.0,473,0.6006,1,Risque Moyen,Réactivation Ciblée : Emailing personnalisé / Remise panier moyen
8790,38,5.0,448.55,1.0,0.6,673,0.3264,0,Risque Faible,Fidélisation Active : Programme fidélité / Ventes privées / Parrainage
8791,43,1.0,106.51,97.0,0.0,810,0.6008,1,Risque Moyen,Réactivation Ciblée : Emailing personnalisé / Remise panier moyen
8792,33,0.0,0.0,303.0,0.0,438,0.712,1,Risque Élevé,Rétention Urgente : Appel VIP / Bon d'achat 20% / Enquête insatisfaction
8793,37,6.0,655.53,40.0,0.6666666666666666,774,0.2827,0,Risque Faible,Fidélisation Active : Programme fidélité / Ventes privées / Parrainage
8794,31,8.0,1369.46,21.0,0.25,502,0.2041,0,Risque Faible,Fidélisation Active : Programme fidélité / Ventes privées / Parrainage
8795,29,3.0,699.4200000000001,9.0,0.6666666666666666,985,0.4935,0,Risque Moyen,Réactivation Ciblée : Emailing personnalisé / Remise panier moyen
8796,50,8.0,1522.08,5.0,0.625,1152,0.2068,0,Risque Faible,Fidélisation Active : Programme fidélité / Ventes privées / Parrainage
8797,18,0.0,0.0,303.0,0.0,536,0.7274,1,Risque Élevé,Rétention Urgente : Appel VIP / Bon d'achat 20% / Enquête insatisfaction
8798,45,5.0,830.77,84.0,0.6,563,0.3526,0,Risque Moyen,Réactivation Ciblée : Emailing personnalisé / Remise panier moyen
8799,28,6.0,1083.51,40.0,0.5,312,0.3029,0,Risque Faible,Fidélisation Active : Programme fidélité / Ventes privées / Parrainage
8800,27,0.0,0.0,303.0,0.0,588,0.7202,1,Risque Élevé,Rétention Urgente : Appel VIP / Bon d'achat 20% / Enquête insatisfaction
8801,38,3.0,345.71,54.0,0.6666666666666666,1153,0.4799,0,Risque Moyen,Réactivation Ciblée : Emailing personnalisé / Remise panier moyen
8802,19,2.0,328.0,176.0,0.5,1268,0.5952,1,Risque Moyen,Réactivation Ciblée : Emailing personnalisé / Remise panier moyen
8803,26,1.0,252.69,194.0,1.0,899,0.6534,1,Risque Élevé,Rétention Urgente : Appel VIP / Bon d'achat 20% / Enquête insatisfaction
8804,26,4.0,416.67,105.0,0.75,1189,0.4418,0,Risque Moyen,Réactivation Ciblée : Emailing personnalisé / Remise panier moyen
8805,33,3.0,338.32,46.0,0.0,730,0.469,0,Risque Moyen,Réactivation Ciblée : Emailing personnalisé / Remise panier moyen
8806,26,6.0,697.48,2.0,0.6666666666666666,992,0.2931,0,Risque Faible,Fidélisation Active : Programme fidélité / Ventes privées / Parrainage
8807,53,1.0,270.4,59.0,0.0,688,0.5853,1,Risque Moyen,Réactivation Ciblée : Emailing personnalisé / Remise panier moyen
8808,55,4.0,329.73,79.0,0.5,552,0.3813,0,Risque Moyen,Réactivation Ciblée : Emailing personnalisé / Remise panier moyen
8809,18,3.0,248.01999999999998,74.0,0.3333333333333333,1089,0.4989,0,Risque Moyen,Réactivation Ciblée : Emailing personnalisé / Remise panier moyen
8810,41,0.0,0.0,303.0,0.0,520,0.706,1,Risque Élevé,Rétention Urgente : Appel VIP / Bon d'achat 20% / Enquête insatisfaction
8811,44,4.0,569.89,74.0,0.75,616,0.4126,0,Risque Moyen,Réactivation Ciblée : Emailing personnalisé / Remise panier moyen
8812,41,1.0,166.16,125.0,1.0,1119,0.6272,1,Risque Moyen,Réactivation Ciblée : Emailing personnalisé / Remise panier moyen
8813,28,3.0,322.9,95.0,1.0,455,0.4928,0,Risque Moyen,Réactivation Ciblée : Emailing personnalisé / Remise panier moyen
8814,32,6.0,575.6899999999999,53.0,0.8333333333333334,596,0.2872,0,Risque Faible,Fidélisation Active : Programme fidélité / Ventes privées / Parrainage
8815,27,4.0,1100.8400000000001,11.0,0.5,728,0.4356,0,Risque Moyen,Réactivation Ciblée : Emailing personnalisé / Remise panier moyen
8816,30,0.0,0.0,303.0,0.0,1042,0.7253,1,Risque Élevé,Rétention Urgente : Appel VIP / Bon d'achat 20% / Enquête insatisfaction
8817,22,0.0,0.0,303.0,0.0,479,0.7229,1,Risque Élevé,Rétention Urgente : Appel VIP / Bon d'achat 20% / Enquête insatisfaction
8818,34,2.0,126.46,34.0,1.0,598,0.5355,1,Risque Moyen,Réactivation Ciblée : Emailing personnalisé / Remise panier moyen
8819,18,11.0,2238.2799999999997,27.0,0.45454545454545453,992,0.1236,0,Risque Faible,Fidélisation Active : Programme fidélité / Ventes privées / Parrainage
8820,33,6.0,503.29,31.0,0.6666666666666666,330,0.2722,0,Risque Faible,Fidélisation Active : Programme fidélité / Ventes privées / Parrainage
8821,21,6.0,770.88,97.0,0.5,673,0.3181,0,Risque Faible,Fidélisation Active : Programme fidélité / Ventes privées / Parrainage
8822,37,2.0,370.58,50.0,0.5,888,0.5492,1,Risque Moyen,Réactivation Ciblée : Emailing personnalisé / Remise panier moyen
8823,28,4.0,401.15999999999997,46.0,0.25,329,0.4069,0,Risque Moyen,Réactivation Ciblée : Emailing personnalisé / Remise panier moyen
8824,38,3.0,215.05999999999997,79.0,1.0,794,0.4755,0,Risque Moyen,Réactivation Ciblée : Emailing personnalisé / Remise panier moyen
8825,47,6.0,1519.05,39.0,0.6666666666666666,884,0.3153,0,Risque Faible,Fidélisation Active : Programme fidélité / Ventes privées / Parrainage
8826,52,6.0,765.86,53.0,0.3333333333333333,429,0.2661,0,Risque Faible,Fidélisation Active : Programme fidélité / Ventes privées / Parrainage
8827,18,0.0,0.0,303.0,0.0,1112,0.7372,1,Risque Élevé,Rétention Urgente : Appel VIP / Bon d'achat 20% / Enquête insatisfaction
8828,26,3.0,281.77,9.0,1.0,1342,0.4917,0,Risque Moyen,Réactivation Ciblée : Emailing personnalisé / Remise panier moyen
8829,32,2.0,505.02,176.0,0.0,320,0.5649,1,Risque Moyen,Réactivation Ciblée : Emailing personnalisé / Remise panier moyen
8830,40,0.0,0.0,303.0,0.0,283,0.7027,1,Risque Élevé,Rétention Urgente : Appel VIP / Bon d'achat 20% / Enquête insatisfaction
8831,18,1.0,21.35,66.0,1.0,1136,0.6396,1,Risque Moyen,Réactivation Ciblée : Emailing personnalisé / Remise panier moyen
8832,24,1.0,102.15,101.0,0.0,1020,0.6264,1,Risque Moyen,Réactivation Ciblée : Emailing personnalisé / Remise panier moyen
8833,36,8.0,868.48,17.0,0.625,955,0.1883,0,Risque Faible,Fidélisation Active : Programme fidélité / Ventes privées / Parrainage
8834,36,1.0,109.14,200.0,0.0,963,0.6329,1,Risque Moyen,Réactivation Ciblée : Emailing personnalisé / Remise panier moyen
8835,39,3.0,179.9,146.0,0.6666666666666666,410,0.4783,0,Risque Moyen,Réactivation Ciblée : Emailing personnalisé / Remise panier moyen
8836,40,1.0,41.82,9.0,1.0,853,0.5982,1,Risque Moyen,Réactivation Ciblée : Emailing personnalisé / Remise panier moyen
8837,39,3.0,414.08,61.0,0.3333333333333333,359,0.4594,0,Risque Moyen,Réactivation Ciblée : Emailing personnalisé / Remise panier moyen
8838,37,4.0,389.19,3.0,1.0,1082,0.4051,0,Risque Moyen,Réactivation Ciblée : Emailing personnalisé / Remise panier moyen
8839,36,1.0,72.74,9.0,1.0,1062,0.6084,1,Risque Moyen,Réactivation Ciblée : Emailing personnalisé / Remise panier moyen
8840,42,2.0,390.93,41.0,0.0,807,0.5303,1,Risque Moyen,Réactivation Ciblée : Emailing personnalisé / Remise panier moyen
8841,18,1.0,36.52,190.0,0.0,587,0.6432,1,Risque Moyen,Réactivation Ciblée : Emailing personnalisé / Remise panier moyen
8842,52,2.0,364.52,32.0,0.5,337,0.51,1,Risque Moyen,Réactivation Ciblée : Emailing personnalisé / Remise panier moyen
8843,18,2.0,408.23,152.0,0.5,1012,0.5894,1,Risque Moyen,Réactivation Ciblée : Emailing personnalisé / Remise panier moyen
8844,23,0.0,0.0,303.0,0.0,788,0.7273,1,Risque Élevé,Rétention Urgente : Appel VIP / Bon d'achat 20% / Enquête insatisfaction
8845,33,7.0,786.8299999999999,7.0,0.5714285714285714,1230,0.2374,0,Risque Faible,Fidélisation Active : Programme fidélité / Ventes privées / Parrainage
8846,42,1.0,171.81,250.0,0.0,946,0.6357,1,Risque Moyen,Réactivation Ciblée : Emailing personnalisé / Remise panier moyen
8847,18,2.0,76.83,144.0,0.0,972,0.5752,1,Risque Moyen,Réactivation Ciblée : Emailing personnalisé / Remise panier moyen
8848,35,1.0,177.26,65.0,1.0,537,0.6071,1,Risque Moyen,Réactivation Ciblée : Emailing personnalisé / Remise panier moyen
8849,44,5.0,1096.69,43.0,0.6,1064,0.3666,0,Risque Moyen,Réactivation Ciblée : Emailing personnalisé / Remise panier moyen
8850,46,2.0,370.81,76.0,0.5,326,0.5264,1,Risque Moyen,Réactivation Ciblée : Emailing personnalisé / Remise panier moyen
8851,27,2.0,106.81,130.0,0.0,1143,0.5664,1,Risque Moyen,Réactivation Ciblée : Emailing personnalisé / Remise panier moyen
8852,32,3.0,737.76,111.0,0.3333333333333333,518,0.4999,0,Risque Moyen,Réactivation Ciblée : Emailing personnalisé / Remise panier moyen
8853,28,1.0,166.44,84.0,1.0,874,0.6316,1,Risque Moyen,Réactivation Ciblée : Emailing personnalisé / Remise panier moyen
8854,31,4.0,293.21,40.0,0.75,742,0.4065,0,Risque Moyen,Réactivation Ciblée : Emailing personnalisé / Remise panier moyen
8855,24,4.0,310.57,8.0,0.75,1042,0.4121,0,Risque Moyen,Réactivation Ciblée : Emailing personnalisé / Remise panier moyen
8856,25,4.0,188.55,38.0,0.75,864,0.4095,0,Risque Moyen,Réactivation Ciblée : Emailing personnalisé / Remise panier moyen
8857,40,1.0,87.43,263.0,1.0,762,0.6484,1,Risque Moyen,Réactivation Ciblée : Emailing personnalisé / Remise panier moyen
8858,36,6.0,835.03,30.0,0.16666666666666666,762,0.2812,0,Risque Faible,Fidélisation Active : Programme fidélité / Ventes privées / Parrainage
8859,40,3.0,642.27,122.0,0.3333333333333333,365,0.485,0,Risque Moyen,Réactivation Ciblée : Emailing personnalisé / Remise panier moyen
8860,37,0.0,0.0,303.0,0.0,860,0.7158,1,Risque Élevé,Rétention Urgente : Appel VIP / Bon d'achat 20% / Enquête insatisfaction
8861,43,6.0,1032.49,73.0,0.5,712,0.3003,0,Risque Faible,Fidélisation Active : Programme fidélité / Ventes privées / Parrainage
8862,45,2.0,372.12,73.0,1.0,838,0.5457,1,Risque Moyen,Réactivation Ciblée : Emailing personnalisé / Remise panier moyen
8863,18,7.0,1305.6,39.0,1.0,1332,0.301,0,Risque Faible,Fidélisation Active : Programme fidélité / Ventes privées / Parrainage
8864,26,2.0,143.14,59.0,0.5,1055,0.5543,1,Risque Moyen,Réactivation Ciblée : Emailing personnalisé / Remise panier moyen
8865,32,0.0,0.0,303.0,0.0,1149,0.7253,1,Risque Élevé,Rétention Urgente : Appel VIP / Bon d'achat 20% / Enquête insatisfaction
8866,35,6.0,771.44,70.0,0.5,729,0.2915,0,Risque Faible,Fidélisation Active : Programme fidélité / Ventes privées / Parrainage
8867,28,2.0,203.35,46.0,1.0,965,0.5584,1,Risque Moyen,Réactivation Ciblée : Emailing personnalisé / Remise panier moyen
8868,45,8.0,1810.53,17.0,0.25,890,0.2126,0,Risque Faible,Fidélisation Active : Programme fidélité / Ventes privées / Parrainage
8869,57,0.0,0.0,303.0,0.0,647,0.6931,1,Risque Élevé,Rétention Urgente : Appel VIP / Bon d'achat 20% / Enquête insatisfaction
8870,37,1.0,43.3,91.0,0.0,432,0.5991,1,Risque Moyen,Réactivation Ciblée : Emailing personnalisé / Remise panier moyen
8871,36,1.0,163.73,270.0,1.0,545,0.6487,1,Risque Moyen,Réactivation Ciblée : Emailing personnalisé / Remise panier moyen
8872,44,1.0,136.23,51.0,0.0,1149,0.6007,1,Risque Moyen,Réactivation Ciblée : Emailing personnalisé / Remise panier moyen
8873,18,0.0,0.0,303.0,0.0,1002,0.7353,1,Risque Élevé,Rétention Urgente : Appel VIP / Bon d'achat 20% / Enquête insatisfaction
8874,35,1.0,505.5,49.0,0.0,385,0.5932,1,Risque Moyen,Réactivation Ciblée : Emailing personnalisé / Remise panier moyen
8875,46,10.0,1894.44,9.0,0.3,685,0.1322,0,Risque Faible,Fidélisation Active : Programme fidélité / Ventes privées / Parrainage
8876,28,6.0,1006.34,6.0,0.0,400,0.2908,0,Risque Faible,Fidélisation Active : Programme fidélité / Ventes privées / Parrainage
8877,22,5.0,608.76,8.0,0.6,313,0.3406,0,Risque Faible,Fidélisation Active : Programme fidélité / Ventes privées / Parrainage
8878,33,4.0,1087.51,49.0,0.75,350,0.4336,0,Risque Moyen,Réactivation Ciblée : Emailing personnalisé / Remise panier moyen
8879,34,1.0,169.96,214.0,1.0,291,0.6343,1,Risque Moyen,Réactivation Ciblée : Emailing personnalisé / Remise panier moyen
8880,25,2.0,106.38,12.0,0.5,946,0.5422,1,Risque Moyen,Réactivation Ciblée : Emailing personnalisé / Remise panier moyen
8881,58,4.0,685.44,96.0,1.0,365,0.4034,0,Risque Moyen,Réactivation Ciblée : Emailing personnalisé / Remise panier moyen
8882,30,2.0,447.26,9.0,0.5,1135,0.5505,1,Risque Moyen,Réactivation Ciblée : Emailing personnalisé / Remise panier moyen
8883,22,4.0,424.48,93.0,0.5,540,0.4253,0,Risque Moyen,Réactivation Ciblée : Emailing personnalisé / Remise panier moyen
8884,34,2.0,273.56,230.0,1.0,626,0.592,1,Risque Moyen,Réactivation Ciblée : Emailing personnalisé / Remise panier moyen
8885,45,6.0,581.33,4.0,0.6666666666666666,382,0.2636,0,Risque Faible,Fidélisation Active : Programme fidélité / Ventes privées / Parrainage
8886,35,0.0,0.0,303.0,0.0,490,0.7111,1,Risque Élevé,Rétention Urgente : Appel VIP / Bon d'achat 20% / Enquête insatisfaction
8887,40,4.0,540.85,16.0,0.5,636,0.395,0,Risque Moyen,Réactivation Ciblée : Emailing personnalisé / Remise panier moyen
8888,25,2.0,581.99,24.0,0.0,694,0.5489,1,Risque Moyen,Réactivation Ciblée : Emailing personnalisé / Remise panier moyen
8889,51,3.0,378.23,16.0,1.0,714,0.4566,0,Risque Moyen,Réactivation Ciblée : Emailing personnalisé / Remise panier moyen
8890,41,3.0,569.01,44.0,0.3333333333333333,1111,0.4784,0,Risque Moyen,Réactivation Ciblée : Emailing personnalisé / Remise panier moyen
8891,47,1.0,117.85,253.0,1.0,367,0.6308,1,Risque Moyen,Réactivation Ciblée : Emailing personnalisé / Remise panier moyen
8892,39,6.0,715.8,14.0,0.8333333333333334,745,0.2758,0,Risque Faible,Fidélisation Active : Programme fidélité / Ventes privées / Parrainage
8893,44,4.0,1793.9500000000003,24.0,0.25,1270,0.4607,0,Risque Moyen,Réactivation Ciblée : Emailing personnalisé / Remise panier moyen
8894,25,3.0,475.14,60.0,0.3333333333333333,1357,0.5025,1,Risque Moyen,Réactivation Ciblée : Emailing personnalisé / Remise panier moyen
8895,30,2.0,178.12,168.0,0.5,556,0.5637,1,Risque Moyen,Réactivation Ciblée : Emailing personnalisé / Remise panier moyen
8896,50,7.0,1035.8400000000001,85.0,0.42857142857142855,1190,0.2482,0,Risque Faible,Fidélisation Active : Programme fidélité / Ventes privées / Parrainage
8897,52,3.0,338.96999999999997,12.0,0.6666666666666666,338,0.4438,0,Risque Moyen,Réactivation Ciblée : Emailing personnalisé / Remise panier moyen
8898,22,3.0,710.22,45.0,0.6666666666666666,1217,0.519,1,Risque Moyen,Réactivation Ciblée : Emailing personnalisé / Remise panier moyen
8899,38,2.0,309.28,7.0,1.0,534,0.5314,1,Risque Moyen,Réactivation Ciblée : Emailing personnalisé / Remise panier moyen
8900,30,6.0,653.85,30.0,0.16666666666666666,787,0.2829,0,Risque Faible,Fidélisation Active : Programme fidélité / Ventes privées / Parrainage
8901,27,8.0,959.75,24.0,0.625,804,0.196,0,Risque Faible,Fidélisation Active : Programme fidélité / Ventes privées / Parrainage
8902,38,3.0,371.56,31.0,0.3333333333333333,1173,0.4701,0,Risque Moyen,Réactivation Ciblée : Emailing personnalisé / Remise panier moyen
8903,48,5.0,1190.35,27.0,0.4,1044,0.362,0,Risque Moyen,Réactivation Ciblée : Emailing personnalisé / Remise panier moyen
8904,40,1.0,287.38,234.0,1.0,887,0.6443,1,Risque Moyen,Réactivation Ciblée : Emailing personnalisé / Remise panier moyen
8905,31,10.0,1228.99,15.0,0.4,1161,0.1291,0,Risque Faible,Fidélisation Active : Programme fidélité / Ventes privées / Parrainage
8906,41,9.0,1026.01,4.0,0.7777777777777778,433,0.1443,0,Risque Faible,Fidélisation Active : Programme fidélité / Ventes privées / Parrainage
8907,31,5.0,701.53,31.0,0.8,412,0.351,0,Risque Moyen,Réactivation Ciblée : Emailing personnalisé / Remise panier moyen
8908,40,2.0,154.45,113.0,0.5,943,0.5526,1,Risque Moyen,Réactivation Ciblée : Emailing personnalisé / Remise panier moyen
8909,50,3.0,943.1999999999999,32.0,0.0,283,0.4572,0,Risque Moyen,Réactivation Ciblée : Emailing personnalisé / Remise panier moyen
8910,18,6.0,1687.51,36.0,0.5,802,0.3505,0,Risque Moyen,Réactivation Ciblée : Emailing personnalisé / Remise panier moyen
8911,44,4.0,813.53,23.0,0.25,751,0.4031,0,Risque Moyen,Réactivation Ciblée : Emailing personnalisé / Remise panier moyen
8912,18,4.0,531.28,22.0,0.5,424,0.424,0,Risque Moyen,Réactivation Ciblée : Emailing personnalisé / Remise panier moyen
8913,49,3.0,553.61,22.0,0.3333333333333333,482,0.4506,0,Risque Moyen,Réactivation Ciblée : Emailing personnalisé / Remise panier moyen
8914,28,0.0,0.0,303.0,0.0,440,0.7167,1,Risque Élevé,Rétention Urgente : Appel VIP / Bon d'achat 20% / Enquête insatisfaction
8915,22,4.0,406.53,87.0,0.75,1085,0.4355,0,Risque Moyen,Réactivation Ciblée : Emailing personnalisé / Remise panier moyen
8916,43,0.0,0.0,303.0,0.0,288,0.7,1,Risque Élevé,Rétention Urgente : Appel VIP / Bon d'achat 20% / Enquête insatisfaction
8917,39,2.0,133.25,21.0,0.5,688,0.5233,1,Risque Moyen,Réactivation Ciblée : Emailing personnalisé / Remise panier moyen
8918,24,0.0,0.0,303.0,0.0,993,0.7298,1,Risque Élevé,Rétention Urgente : Appel VIP / Bon d'achat 20% / Enquête insatisfaction
8919,21,1.0,41.6,137.0,1.0,993,0.6497,1,Risque Moyen,Réactivation Ciblée : Emailing personnalisé / Remise panier moyen
8920,33,0.0,0.0,303.0,0.0,597,0.7148,1,Risque Élevé,Rétention Urgente : Appel VIP / Bon d'achat 20% / Enquête insatisfaction
8921,22,3.0,1247.3700000000001,93.0,0.3333333333333333,581,0.5366,1,Risque Moyen,Réactivation Ciblée : Emailing personnalisé / Remise panier moyen
8922,23,2.0,180.04000000000002,120.0,0.5,996,0.5746,1,Risque Moyen,Réactivation Ciblée : Emailing personnalisé / Remise panier moyen
8923,36,10.0,1371.17,26.0,0.4,512,0.1216,0,Risque Faible,Fidélisation Active : Programme fidélité / Ventes privées / Parrainage
8924,24,7.0,538.16,57.0,0.7142857142857143,1125,0.2464,0,Risque Faible,Fidélisation Active : Programme fidélité / Ventes privées / Parrainage
8925,40,7.0,331.12,20.0,0.8571428571428571,607,0.2105,0,Risque Faible,Fidélisation Active : Programme fidélité / Ventes privées / Parrainage
8926,51,5.0,398.03999999999996,38.0,0.2,306,0.3082,0,Risque Faible,Fidélisation Active : Programme fidélité / Ventes privées / Parrainage
8927,33,1.0,393.52,144.0,1.0,736,0.6328,1,Risque Moyen,Réactivation Ciblée : Emailing personnalisé / Remise panier moyen
8928,36,0.0,0.0,303.0,0.0,1283,0.724,1,Risque Élevé,Rétention Urgente : Appel VIP / Bon d'achat 20% / Enquête insatisfaction
8929,57,2.0,272.68,88.0,1.0,1270,0.5428,1,Risque Moyen,Réactivation Ciblée : Emailing personnalisé / Remise panier moyen
8930,22,1.0,38.03,88.0,0.0,995,0.6262,1,Risque Moyen,Réactivation Ciblée : Emailing personnalisé / Remise panier moyen
8931,48,1.0,39.5,185.0,0.0,611,0.6108,1,Risque Moyen,Réactivation Ciblée : Emailing personnalisé / Remise panier moyen
8932,47,2.0,161.78,142.0,0.5,744,0.547,1,Risque Moyen,Réactivation Ciblée : Emailing personnalisé / Remise panier moyen
8933,44,1.0,510.64,252.0,1.0,386,0.6349,1,Risque Moyen,Réactivation Ciblée : Emailing personnalisé / Remise panier moyen
8934,49,3.0,926.49,14.0,0.3333333333333333,1286,0.4857,0,Risque Moyen,Réactivation Ciblée : Emailing personnalisé / Remise panier moyen
8935,38,4.0,625.41,15.0,0.25,1368,0.4123,0,Risque Moyen,Réactivation Ciblée : Emailing personnalisé / Remise panier moyen
8936,29,2.0,484.9200000000001,147.0,1.0,932,0.5899,1,Risque Moyen,Réactivation Ciblée : Emailing personnalisé / Remise panier moyen
8937,47,8.0,1377.8899999999999,1.0,0.5,683,0.197,0,Risque Faible,Fidélisation Active : Programme fidélité / Ventes privées / Parrainage
8938,47,0.0,0.0,303.0,0.0,1119,0.7111,1,Risque Élevé,Rétention Urgente : Appel VIP / Bon d'achat 20% / Enquête insatisfaction
8939,47,2.0,188.12,195.0,0.5,959,0.5593,1,Risque Moyen,Réactivation Ciblée : Emailing personnalisé / Remise panier moyen
8940,35,1.0,41.84,264.0,0.0,631,0.6433,1,Risque Moyen,Réactivation Ciblée : Emailing personnalisé / Remise panier moyen
8941,27,9.0,1793.45,14.0,0.2222222222222222,879,0.1739,0,Risque Faible,Fidélisation Active : Programme fidélité / Ventes privées / Parrainage
8942,37,2.0,417.56,28.0,0.5,1130,0.5504,1,Risque Moyen,Réactivation Ciblée : Emailing personnalisé / Remise panier moyen
8943,45,2.0,546.51,107.0,0.0,446,0.5366,1,Risque Moyen,Réactivation Ciblée : Emailing personnalisé / Remise panier moyen
8944,46,4.0,517.06,154.0,0.5,829,0.4233,0,Risque Moyen,Réactivation Ciblée : Emailing personnalisé / Remise panier moyen
8945,30,7.0,1461.76,38.0,0.7142857142857143,989,0.2775,0,Risque Faible,Fidélisation Active : Programme fidélité / Ventes privées / Parrainage
8946,38,1.0,143.13,270.0,1.0,570,0.6513,1,Risque Élevé,Rétention Urgente : Appel VIP / Bon d'achat 20% / Enquête insatisfaction
8947,21,4.0,347.73,58.0,0.25,426,0.4089,0,Risque Moyen,Réactivation Ciblée : Emailing personnalisé / Remise panier moyen
8948,46,8.0,1902.01,12.0,0.5,674,0.214,0,Risque Faible,Fidélisation Active : Programme fidélité / Ventes privées / Parrainage
8949,26,7.0,1001.7,40.0,0.5714285714285714,1234,0.2539,0,Risque Faible,Fidélisation Active : Programme fidélité / Ventes privées / Parrainage
8950,44,5.0,553.22,4.0,0.6,1008,0.3367,0,Risque Faible,Fidélisation Active : Programme fidélité / Ventes privées / Parrainage
8951,22,6.0,417.69,36.0,0.6666666666666666,800,0.2884,0,Risque Faible,Fidélisation Active : Programme fidélité / Ventes privées / Parrainage
8952,46,4.0,709.8399999999999,2.0,1.0,1183,0.4185,0,Risque Moyen,Réactivation Ciblée : Emailing personnalisé / Remise panier moyen
8953,39,8.0,2028.46,50.0,0.375,891,0.2344,0,Risque Faible,Fidélisation Active : Programme fidélité / Ventes privées / Parrainage
8954,26,2.0,676.8399999999999,120.0,0.5,481,0.5737,1,Risque Moyen,Réactivation Ciblée : Emailing personnalisé / Remise panier moyen
8955,43,5.0,552.72,28.0,0.6,1368,0.3475,0,Risque Faible,Fidélisation Active : Programme fidélité / Ventes privées / Parrainage
8956,29,1.0,169.46,96.0,1.0,519,0.6198,1,Risque Moyen,Réactivation Ciblée : Emailing personnalisé / Remise panier moyen
8957,43,0.0,0.0,303.0,0.0,401,0.702,1,Risque Élevé,Rétention Urgente : Appel VIP / Bon d'achat 20% / Enquête insatisfaction
8958,32,0.0,0.0,303.0,0.0,828,0.7198,1,Risque Élevé,Rétention Urgente : Appel VIP / Bon d'achat 20% / Enquête insatisfaction
8959,18,4.0,1012.4999999999999,40.0,0.25,377,0.4365,0,Risque Moyen,Réactivation Ciblée : Emailing personnalisé / Remise panier moyen
8960,24,8.0,1314.06,22.0,0.625,667,0.2102,0,Risque Faible,Fidélisation Active : Programme fidélité / Ventes privées / Parrainage
8961,30,3.0,806.66,50.0,0.3333333333333333,1099,0.5054,1,Risque Moyen,Réactivation Ciblée : Emailing personnalisé / Remise panier moyen
8962,50,6.0,940.5300000000001,53.0,0.6666666666666666,471,0.2843,0,Risque Faible,Fidélisation Active : Programme fidélité / Ventes privées / Parrainage
8963,45,2.0,477.65999999999997,68.0,1.0,950,0.5489,1,Risque Moyen,Réactivation Ciblée : Emailing personnalisé / Remise panier moyen
8964,53,2.0,401.2,84.0,0.5,1174,0.5411,1,Risque Moyen,Réactivation Ciblée : Emailing personnalisé / Remise panier moyen
8965,53,4.0,1008.29,81.0,0.75,1114,0.4317,0,Risque Moyen,Réactivation Ciblée : Emailing personnalisé / Remise panier moyen
8966,29,1.0,241.70999999999998,195.0,0.0,1290,0.6479,1,Risque Moyen,Réactivation Ciblée : Emailing personnalisé / Remise panier moyen
8967,33,0.0,0.0,303.0,0.0,583,0.7146,1,Risque Élevé,Rétention Urgente : Appel VIP / Bon d'achat 20% / Enquête insatisfaction
8968,30,0.0,0.0,303.0,0.0,555,0.7169,1,Risque Élevé,Rétention Urgente : Appel VIP / Bon d'achat 20% / Enquête insatisfaction
8969,28,5.0,935.73,66.0,0.4,922,0.3775,0,Risque Moyen,Réactivation Ciblée : Emailing personnalisé / Remise panier moyen
8970,18,5.0,673.4200000000001,27.0,0.4,1246,0.3711,0,Risque Moyen,Réactivation Ciblée : Emailing personnalisé / Remise panier moyen
8971,35,2.0,392.73,145.0,0.5,693,0.5684,1,Risque Moyen,Réactivation Ciblée : Emailing personnalisé / Remise panier moyen
8972,21,2.0,311.72,4.0,1.0,1010,0.56,1,Risque Moyen,Réactivation Ciblée : Emailing personnalisé / Remise panier moyen
8973,35,6.0,484.56000000000006,35.0,0.5,1130,0.2862,0,Risque Faible,Fidélisation Active : Programme fidélité / Ventes privées / Parrainage
8974,58,4.0,770.96,11.0,0.25,564,0.3863,0,Risque Moyen,Réactivation Ciblée : Emailing personnalisé / Remise panier moyen
8975,29,3.0,881.0,174.0,0.3333333333333333,686,0.5294,1,Risque Moyen,Réactivation Ciblée : Emailing personnalisé / Remise panier moyen
8976,37,2.0,289.72,42.0,0.5,700,0.5377,1,Risque Moyen,Réactivation Ciblée : Emailing personnalisé / Remise panier moyen
8977,45,1.0,34.22,260.0,1.0,1165,0.6532,1,Risque Élevé,Rétention Urgente : Appel VIP / Bon d'achat 20% / Enquête insatisfaction
8978,38,7.0,957.6,34.0,0.42857142857142855,1226,0.2401,0,Risque Faible,Fidélisation Active : Programme fidélité / Ventes privées / Parrainage
8979,38,3.0,754.13,7.0,0.6666666666666666,1182,0.4909,0,Risque Moyen,Réactivation Ciblée : Emailing personnalisé / Remise panier moyen
8980,31,6.0,1067.1100000000001,15.0,1.0,1247,0.3206,0,Risque Faible,Fidélisation Active : Programme fidélité / Ventes privées / Parrainage
8981,32,1.0,178.44,128.0,1.0,1085,0.6365,1,Risque Moyen,Réactivation Ciblée : Emailing personnalisé / Remise panier moyen
8982,24,8.0,1962.77,94.0,0.5,420,0.2361,0,Risque Faible,Fidélisation Active : Programme fidélité / Ventes privées / Parrainage
8983,44,4.0,811.32,22.0,0.75,842,0.4123,0,Risque Moyen,Réactivation Ciblée : Emailing personnalisé / Remise panier moyen
8984,18,4.0,890.5600000000001,8.0,0.75,985,0.4417,0,Risque Moyen,Réactivation Ciblée : Emailing personnalisé / Remise panier moyen
8985,46,5.0,1340.66,2.0,1.0,471,0.3593,0,Risque Moyen,Réactivation Ciblée : Emailing personnalisé / Remise panier moyen
8986,20,1.0,92.82,75.0,1.0,1182,0.6393,1,Risque Moyen,Réactivation Ciblée : Emailing personnalisé / Remise panier moyen
8987,46,2.0,276.48,188.0,0.5,337,0.5495,1,Risque Moyen,Réactivation Ciblée : Emailing personnalisé / Remise panier moyen
8988,31,1.0,110.16,65.0,1.0,745,0.6206,1,Risque Moyen,Réactivation Ciblée : Emailing personnalisé / Remise panier moyen
8989,21,1.0,24.38,242.0,0.0,824,0.6554,1,Risque Élevé,Rétention Urgente : Appel VIP / Bon d'achat 20% / Enquête insatisfaction
8990,41,9.0,1621.3600000000001,39.0,0.4444444444444444,455,0.1614,0,Risque Faible,Fidélisation Active : Programme fidélité / Ventes privées / Parrainage
8991,45,4.0,630.86,2.0,0.5,1279,0.4133,0,Risque Moyen,Réactivation Ciblée : Emailing personnalisé / Remise panier moyen
8992,30,5.0,590.96,25.0,0.8,873,0.3501,0,Risque Moyen,Réactivation Ciblée : Emailing personnalisé / Remise panier moyen
8993,43,3.0,670.13,126.0,0.6666666666666666,409,0.486,0,Risque Moyen,Réactivation Ciblée : Emailing personnalisé / Remise panier moyen
8994,18,7.0,905.7099999999999,21.0,0.7142857142857143,1253,0.261,0,Risque Faible,Fidélisation Active : Programme fidélité / Ventes privées / Parrainage
8995,20,6.0,398.93,35.0,0.3333333333333333,684,0.2878,0,Risque Faible,Fidélisation Active : Programme fidélité / Ventes privées / Parrainage
8996,49,2.0,492.34000000000003,146.0,0.5,325,0.5406,1,Risque Moyen,Réactivation Ciblée : Emailing personnalisé / Remise panier moyen
8997,33,2.0,190.81,11.0,0.0,1237,0.5393,1,Risque Moyen,Réactivation Ciblée : Emailing personnalisé / Remise panier moyen
8998,18,4.0,291.97,138.0,0.25,1146,0.4428,0,Risque Moyen,Réactivation Ciblée : Emailing personnalisé / Remise panier moyen
8999,27,1.0,57.07,228.0,0.0,933,0.6481,1,Risque Moyen,Réactivation Ciblée : Emailing personnalisé / Remise panier moyen
9000,25,5.0,949.93,115.0,1.0,306,0.3834,0,Risque Moyen,Réactivation Ciblée : Emailing personnalisé / Remise panier moyen
