Customer_ID,Name,Age,Gender,Location,Join_Date,Total_Spent
2001,Customer_2001,33,Female,New York,13 12 2021,0.0
2002,Customer_2002,59,Male,New York,08 03 2023,1103.79
2003,Customer_2003,51,Male,Houston,29 04 2021,1172.71
2004,Customer_2004,18,Male,Houston,04 06 2022,43.91
2005,Customer_2005,39,Female,Los Angeles,03 01 2023,1264.34
2006,Customer_2006,35,Female,Los Angeles,21 03 2021,391.55
2007,Customer_2007,44,Female,Chicago,23 02 2022,153.82
2008,Customer_2008,27,Male,New York,07 08 2022,762.23
2009,Customer_2009,26,Male,New York,13 12 2022,2013.75
2010,Customer_2010,28,Male,New York,22 08 2021,1359.28
2011,Customer_2011,29,Female,Los Angeles,18 09 2021,665.1
2012,Customer_2012,44,Male,Houston,22 07 2023,954.09
2013,Customer_2013,22,Male,Los Angeles,19 10 2022,706.03
2014,Customer_2014,28,Female,New York,12 11 2023,873.74
2015,Customer_2015,18,Female,Chicago,19 03 2021,673.02
2016,Customer_2016,46,Female,Phoenix,12 01 2023,1737.66
2017,Customer_2017,49,Female,New York,03 11 2022,497.58
2018,Customer_2018,31,Male,New York,04 11 2023,2035.22
2019,Customer_2019,32,Female,Los Angeles,30 01 2021,722.65
2020,Customer_2020,40,Female,Houston,14 03 2022,311.0
2021,Customer_2021,51,Male,Chicago,04 03 2021,217.6
2022,Customer_2022,39,Female,Houston,06 06 2021,1374.13
2023,Customer_2023,27,Female,Phoenix,23 07 2022,665.33
2024,Customer_2024,18,Female,Houston,01 08 2023,1041.65
2025,Customer_2025,23,Female,Chicago,16 02 2023,283.33
2026,Customer_2026,36,Male,Chicago,11 09 2021,1684.68
2027,Customer_2027,28,Female,New York,04 10 2023,692.89
2028,Customer_2028,37,Female,Phoenix,23 05 2023,1337.96
2029,Customer_2029,29,Male,Los Angeles,18 07 2021,77.1
2030,Customer_2030,23,Female,New York,31 05 2023,1533.73
2031,Customer_2031,22,Male,Chicago,06 01 2021,22.06
2032,Customer_2032,52,Female,Los Angeles,01 04 2023,396.52
2033,Customer_2033,45,Female,Chicago,05 09 2021,0.0
2034,Customer_2034,54,Male,Chicago,04 01 2021,1609.51
2035,Customer_2035,41,Male,Los Angeles,28 05 2022,426.18
2036,Customer_2036,30,Male,Houston,18 04 2023,1115.36
2037,Customer_2037,50,Female,Los Angeles,21 05 2022,770.04
2038,Customer_2038,35,Female,Los Angeles,31 01 2021,63.59
2039,Customer_2039,37,Male,Chicago,10 12 2022,587.92
2040,Customer_2040,35,Female,Chicago,05 06 2023,148.14
2041,Customer_2041,18,Female,Houston,18 01 2023,1015.26
2042,Customer_2042,53,Female,Los Angeles,20 03 2021,314.05
2043,Customer_2043,40,Female,Chicago,31 08 2021,148.92
2044,Customer_2044,39,Male,New York,16 05 2022,1182.77
2045,Customer_2045,34,Female,Phoenix,24 07 2021,256.19
2046,Customer_2046,37,Male,Los Angeles,24 12 2022,137.92
2047,Customer_2047,28,Female,Houston,29 11 2021,1982.44
2048,Customer_2048,42,Male,New York,26 08 2022,20.37
2049,Customer_2049,21,Male,New York,15 06 2021,919.34
2050,Customer_2050,37,Female,Chicago,10 06 2021,0.0
2051,Customer_2051,41,Male,Phoenix,06 01 2021,195.41
2052,Customer_2052,33,Male,Chicago,24 07 2021,534.77
2053,Customer_2053,39,Male,Phoenix,16 06 2022,1735.26
2054,Customer_2054,24,Male,Chicago,14 02 2021,0.0
2055,Customer_2055,24,Male,Chicago,02 04 2022,0.0
2056,Customer_2056,38,Male,New York,15 08 2021,90.4
2057,Customer_2057,42,Female,Houston,21 02 2021,269.22
2058,Customer_2058,18,Female,New York,16 04 2022,816.55
2059,Customer_2059,41,Female,Phoenix,16 06 2023,470.36
2060,Customer_2060,29,Female,Phoenix,06 09 2022,1060.69
2061,Customer_2061,33,Female,Phoenix,27 05 2022,0.0
2062,Customer_2062,20,Female,Chicago,25 02 2023,381.12
2063,Customer_2063,26,Male,Houston,19 02 2022,167.43
2064,Customer_2064,46,Female,Houston,06 09 2022,2735.83
2065,Customer_2065,35,Female,New York,04 06 2022,798.26
2066,Customer_2066,31,Male,Chicago,05 11 2022,56.99
2067,Customer_2067,34,Female,New York,11 12 2021,305.54
2068,Customer_2068,40,Male,Chicago,17 11 2023,85.23
2069,Customer_2069,40,Female,New York,14 02 2023,812.89
2070,Customer_2070,34,Male,New York,08 08 2022,128.34
2071,Customer_2071,47,Male,Los Angeles,30 05 2023,761.19
2072,Customer_2072,46,Female,Los Angeles,17 06 2023,222.42
2073,Customer_2073,40,Female,Chicago,28 04 2023,166.18
2074,Customer_2074,36,Male,New York,26 12 2022,431.55
2075,Customer_2075,42,Male,Chicago,19 10 2022,403.96
2076,Customer_2076,38,Male,New York,03 09 2022,938.71
2077,Customer_2077,47,Male,Chicago,21 10 2023,1668.71
2078,Customer_2078,45,Female,Chicago,05 08 2023,1308.7
2079,Customer_2079,24,Female,Chicago,29 06 2021,526.6
2080,Customer_2080,23,Female,Houston,09 10 2022,316.71
2081,Customer_2081,27,Male,Los Angeles,14 03 2022,1009.8
2082,Customer_2082,46,Male,Houston,30 01 2022,532.58
2083,Customer_2083,18,Female,Los Angeles,17 08 2022,60.66
2084,Customer_2084,39,Female,Chicago,26 02 2021,815.44
2085,Customer_2085,39,Female,Chicago,22 11 2021,1029.97
2086,Customer_2086,48,Female,New York,18 11 2021,352.04
2087,Customer_2087,37,Male,Chicago,02 07 2021,1230.24
2088,Customer_2088,20,Male,Chicago,23 08 2021,1752.26
2089,Customer_2089,24,Male,Los Angeles,11 09 2022,595.64
2090,Customer_2090,22,Female,New York,23 09 2021,0.0
2091,Customer_2091,29,Female,New York,06 10 2023,50.16
2092,Customer_2092,33,Male,Phoenix,22 04 2023,72.28
2093,Customer_2093,22,Male,Houston,25 11 2021,2372.51
2094,Customer_2094,51,Male,New York,14 11 2022,986.69
2095,Customer_2095,20,Male,Los Angeles,24 01 2021,45.63
2096,Customer_2096,50,Female,Chicago,15 07 2021,952.85
2097,Customer_2097,48,Male,Houston,03 09 2022,2954.02
2098,Customer_2098,45,Female,New York,05 09 2022,983.56
2099,Customer_2099,27,Female,New York,24 09 2022,1430.42
2100,Customer_2100,39,Female,Phoenix,17 11 2021,0.0
2101,Customer_2101,21,Female,New York,22 07 2021,119.94
2102,Customer_2102,45,Male,New York,26 06 2021,251.83
2103,Customer_2103,34,Female,Phoenix,19 09 2022,126.5
2104,Customer_2104,30,Female,Chicago,01 02 2021,2504.65
2105,Customer_2105,22,Male,Los Angeles,04 08 2023,885.04
2106,Customer_2106,18,Female,New York,28 12 2022,819.25
2107,Customer_2107,24,Female,New York,12 08 2023,439.86
2108,Customer_2108,47,Male,New York,31 03 2023,522.09
2109,Customer_2109,31,Female,Phoenix,02 03 2023,226.41
2110,Customer_2110,33,Female,Los Angeles,31 08 2021,0.0
2111,Customer_2111,42,Female,Houston,11 03 2021,103.44
2112,Customer_2112,55,Female,Phoenix,12 10 2023,705.38
2113,Customer_2113,50,Male,Los Angeles,31 12 2023,1054.68
2114,Customer_2114,24,Male,New York,07 06 2021,1256.78
2115,Customer_2115,18,Male,Chicago,03 07 2022,1138.34
2116,Customer_2116,61,Male,Phoenix,22 11 2021,94.49
2117,Customer_2117,60,Male,Houston,25 11 2023,2163.2
2118,Customer_2118,37,Female,New York,05 04 2022,1333.33
2119,Customer_2119,21,Male,Houston,20 02 2022,850.37
2120,Customer_2120,46,Male,Chicago,25 07 2022,842.29
2121,Customer_2121,34,Male,Phoenix,05 06 2023,601.28
2122,Customer_2122,34,Male,New York,26 05 2022,1025.73
2123,Customer_2123,45,Female,Chicago,03 01 2022,342.16
2124,Customer_2124,39,Female,Phoenix,01 07 2023,902.87
2125,Customer_2125,22,Female,Los Angeles,02 06 2023,0.0
2126,Customer_2126,31,Female,Chicago,26 07 2021,38.46
2127,Customer_2127,42,Male,New York,01 08 2022,7.72
2128,Customer_2128,41,Male,Los Angeles,31 10 2022,152.9
2129,Customer_2129,38,Female,Los Angeles,16 04 2021,791.71
2130,Customer_2130,45,Female,Phoenix,28 10 2022,192.92
2131,Customer_2131,31,Female,Los Angeles,08 11 2023,0.0
2132,Customer_2132,37,Female,Los Angeles,17 09 2021,1251.33
2133,Customer_2133,18,Female,Houston,09 11 2021,3350.32
2134,Customer_2134,30,Female,New York,23 09 2022,688.61
2135,Customer_2135,43,Male,Chicago,21 06 2022,234.55
2136,Customer_2136,31,Female,Houston,05 11 2022,223.05
2137,Customer_2137,30,Female,Phoenix,16 12 2021,421.92
2138,Customer_2138,24,Male,Chicago,03 08 2021,597.98
2139,Customer_2139,46,Female,Chicago,24 11 2021,590.55
2140,Customer_2140,41,Male,New York,27 04 2023,824.77
2141,Customer_2141,44,Male,Phoenix,08 04 2021,395.04
2142,Customer_2142,18,Female,New York,21 10 2022,257.21
2143,Customer_2143,33,Female,Houston,27 10 2021,1056.87
2144,Customer_2144,32,Female,Los Angeles,30 01 2021,0.0
2145,Customer_2145,32,Female,Phoenix,21 06 2021,504.22
2146,Customer_2146,28,Female,Houston,15 10 2023,37.08
2147,Customer_2147,31,Male,Houston,12 07 2023,430.98
2148,Customer_2148,44,Female,New York,25 03 2021,451.79
2149,Customer_2149,18,Female,Los Angeles,12 09 2023,434.25
2150,Customer_2150,55,Female,Chicago,01 10 2022,605.6
2151,Customer_2151,40,Male,Houston,26 03 2021,82.26
2152,Customer_2152,35,Female,New York,26 10 2022,0.0
2153,Customer_2153,45,Female,Phoenix,03 06 2022,180.24
2154,Customer_2154,19,Female,Phoenix,03 07 2021,1375.97
2155,Customer_2155,28,Male,Los Angeles,31 08 2023,120.2
2156,Customer_2156,34,Female,Houston,07 12 2021,768.58
2157,Customer_2157,50,Male,Chicago,15 08 2021,298.01
2158,Customer_2158,34,Male,Los Angeles,17 04 2023,152.22
2159,Customer_2159,40,Female,Los Angeles,21 09 2021,687.08
2160,Customer_2160,29,Male,Chicago,26 03 2022,342.95
2161,Customer_2161,40,Female,Houston,19 06 2021,818.33
2162,Customer_2162,53,Male,Los Angeles,20 07 2022,1612.34
2163,Customer_2163,46,Male,Chicago,12 05 2021,1133.54
2164,Customer_2164,34,Male,Houston,07 04 2023,1273.97
2165,Customer_2165,42,Female,Houston,29 08 2022,252.18
2166,Customer_2166,41,Male,New York,06 12 2023,1499.44
2167,Customer_2167,41,Female,Phoenix,16 12 2021,213.01
2168,Customer_2168,47,Female,Los Angeles,09 04 2021,858.91
2169,Customer_2169,47,Female,Los Angeles,27 11 2023,480.06
2170,Customer_2170,34,Male,New York,06 10 2023,1069.72
2171,Customer_2171,42,Male,Chicago,16 03 2021,0.0
2172,Customer_2172,31,Female,Phoenix,27 02 2021,0.0
2173,Customer_2173,25,Female,Los Angeles,09 11 2023,1613.0
2174,Customer_2174,32,Female,Houston,06 02 2022,390.66
2175,Customer_2175,34,Male,New York,07 07 2021,79.23
2176,Customer_2176,18,Female,Chicago,19 05 2021,0.0
2177,Customer_2177,44,Male,Phoenix,23 05 2021,157.86
2178,Customer_2178,18,Female,Houston,18 04 2021,2331.14
2179,Customer_2179,65,Male,New York,09 08 2021,280.15
2180,Customer_2180,52,Female,Chicago,25 05 2021,516.96
2181,Customer_2181,32,Female,New York,08 05 2023,1222.79
2182,Customer_2182,35,Female,Los Angeles,25 05 2022,1468.39
2183,Customer_2183,38,Male,Houston,11 01 2022,409.04
2184,Customer_2184,29,Male,Houston,05 01 2021,1859.14
2185,Customer_2185,37,Female,New York,23 01 2022,421.94
2186,Customer_2186,33,Male,Phoenix,22 07 2022,1764.31
2187,Customer_2187,34,Male,Chicago,11 09 2023,254.19
2188,Customer_2188,37,Male,Los Angeles,14 07 2022,345.45
2189,Customer_2189,21,Male,Chicago,31 12 2021,209.43
2190,Customer_2190,35,Female,Chicago,21 02 2022,333.96
2191,Customer_2191,37,Female,Chicago,21 01 2021,378.82
2192,Customer_2192,36,Male,Chicago,06 09 2022,254.18
2193,Customer_2193,33,Male,Chicago,01 06 2022,1695.03
2194,Customer_2194,48,Male,New York,23 10 2022,314.33
2195,Customer_2195,31,Female,Houston,26 11 2021,23.83
2196,Customer_2196,38,Female,Chicago,13 01 2022,410.0
2197,Customer_2197,49,Male,New York,09 06 2021,1128.07
2198,Customer_2198,34,Male,Houston,20 10 2022,0.0
2199,Customer_2199,37,Male,Phoenix,20 12 2021,1463.94
2200,Customer_2200,34,Male,Phoenix,20 03 2021,319.38
2201,Customer_2201,49,Male,Los Angeles,01 06 2021,309.51
2202,Customer_2202,32,Female,New York,01 06 2022,377.92
2203,Customer_2203,49,Female,Chicago,18 01 2022,136.33
2204,Customer_2204,34,Male,New York,24 11 2022,336.69
2205,Customer_2205,26,Male,Phoenix,18 12 2021,0.0
2206,Customer_2206,42,Female,New York,09 08 2023,264.64
2207,Customer_2207,32,Female,Los Angeles,13 05 2021,482.83
2208,Customer_2208,42,Male,Los Angeles,26 09 2022,433.26
2209,Customer_2209,18,Female,Los Angeles,18 06 2021,1108.83
2210,Customer_2210,35,Female,Houston,16 05 2023,0.0
2211,Customer_2211,30,Male,Los Angeles,26 01 2022,123.13
2212,Customer_2212,23,Male,New York,31 03 2023,584.18
2213,Customer_2213,29,Male,Los Angeles,08 04 2021,1957.26
2214,Customer_2214,29,Female,Chicago,19 09 2023,980.15
2215,Customer_2215,34,Male,New York,19 02 2023,404.16
2216,Customer_2216,20,Female,Chicago,06 12 2021,765.86
2217,Customer_2217,38,Female,Chicago,12 05 2021,784.75
2218,Customer_2218,50,Male,Houston,29 07 2021,153.29
2219,Customer_2219,38,Male,Phoenix,26 10 2023,1967.97
2220,Customer_2220,44,Male,Phoenix,12 01 2022,0.0
2221,Customer_2221,47,Male,Phoenix,02 10 2022,552.02
2222,Customer_2222,49,Male,New York,14 12 2023,280.54
2223,Customer_2223,56,Female,New York,17 03 2022,318.47
2224,Customer_2224,30,Female,Los Angeles,29 08 2021,189.6
2225,Customer_2225,27,Female,Phoenix,16 05 2022,3972.34
2226,Customer_2226,44,Female,Phoenix,23 01 2021,1991.19
2227,Customer_2227,43,Male,Phoenix,24 09 2022,334.56
2228,Customer_2228,44,Female,New York,14 10 2023,243.47
2229,Customer_2229,56,Male,Phoenix,24 06 2021,585.41
2230,Customer_2230,35,Male,Los Angeles,17 07 2021,289.55
2231,Customer_2231,40,Male,New York,09 04 2021,1204.99
2232,Customer_2232,24,Female,Los Angeles,15 01 2023,1428.34
2233,Customer_2233,58,Male,New York,29 03 2022,0.0
2234,Customer_2234,31,Female,Chicago,01 09 2023,0.0
2235,Customer_2235,32,Female,Los Angeles,14 05 2022,410.73
2236,Customer_2236,31,Male,Chicago,21 05 2021,0.0
2237,Customer_2237,28,Female,Chicago,12 02 2023,0.0
2238,Customer_2238,27,Female,Phoenix,24 06 2021,1155.0
2239,Customer_2239,29,Male,Chicago,24 02 2022,528.44
2240,Customer_2240,20,Female,Los Angeles,07 11 2022,773.48
2241,Customer_2241,26,Male,Houston,16 06 2022,1141.78
2242,Customer_2242,56,Male,Phoenix,07 07 2023,1453.75
2243,Customer_2243,43,Male,New York,27 12 2021,2088.35
2244,Customer_2244,45,Female,Chicago,22 03 2022,333.23
2245,Customer_2245,48,Female,Los Angeles,10 07 2022,0.0
2246,Customer_2246,55,Male,New York,09 12 2022,1653.48
2247,Customer_2247,18,Female,Chicago,15 07 2022,550.48
2248,Customer_2248,21,Male,Phoenix,24 09 2023,0.0
2249,Customer_2249,26,Male,New York,28 02 2021,1225.29
2250,Customer_2250,30,Male,Houston,04 06 2023,660.68
2251,Customer_2251,32,Female,Phoenix,25 08 2023,691.13
2252,Customer_2252,30,Female,Phoenix,03 08 2023,0.0
2253,Customer_2253,37,Male,Los Angeles,20 09 2021,90.39
2254,Customer_2254,35,Female,Phoenix,15 07 2021,870.02
2255,Customer_2255,27,Female,Los Angeles,20 12 2021,254.82
2256,Customer_2256,18,Male,Chicago,05 06 2023,952.15
2257,Customer_2257,24,Male,New York,30 07 2023,287.76
2258,Customer_2258,29,Male,New York,04 07 2023,867.78
2259,Customer_2259,32,Male,Houston,16 02 2021,139.36
2260,Customer_2260,23,Female,Los Angeles,23 01 2023,342.52
2261,Customer_2261,30,Male,Los Angeles,18 08 2021,1911.03
2262,Customer_2262,23,Male,New York,27 01 2023,769.27
2263,Customer_2263,34,Female,Chicago,12 11 2021,585.04
2264,Customer_2264,23,Female,New York,01 02 2023,2087.98
2265,Customer_2265,26,Male,Houston,03 03 2021,0.0
2266,Customer_2266,21,Male,New York,26 08 2021,0.0
2267,Customer_2267,33,Male,New York,19 03 2021,0.0
2268,Customer_2268,25,Male,Los Angeles,04 01 2023,0.0
2269,Customer_2269,45,Female,Chicago,13 07 2022,409.86
2270,Customer_2270,39,Female,Los Angeles,02 08 2023,820.79
2271,Customer_2271,34,Male,Los Angeles,12 10 2022,0.0
2272,Customer_2272,26,Male,Phoenix,14 11 2023,3077.33
2273,Customer_2273,39,Male,Chicago,19 11 2023,381.93
2274,Customer_2274,43,Male,New York,17 12 2021,51.5
2275,Customer_2275,37,Female,Los Angeles,02 07 2023,61.53
2276,Customer_2276,53,Female,Phoenix,16 12 2021,792.85
2277,Customer_2277,40,Male,Los Angeles,21 04 2022,1311.27
2278,Customer_2278,45,Male,New York,19 10 2021,1447.86
2279,Customer_2279,36,Male,Houston,07 06 2023,33.74
2280,Customer_2280,42,Male,Chicago,13 04 2022,1032.79
2281,Customer_2281,26,Male,Chicago,02 11 2021,724.36
2282,Customer_2282,30,Female,New York,23 04 2022,1374.96
2283,Customer_2283,39,Female,New York,25 03 2022,0.0
2284,Customer_2284,39,Female,Chicago,18 08 2021,0.0
2285,Customer_2285,41,Male,New York,01 12 2023,1081.65
2286,Customer_2286,47,Female,Chicago,04 03 2023,429.01
2287,Customer_2287,19,Female,Chicago,05 11 2022,550.84
2288,Customer_2288,24,Male,Los Angeles,04 04 2023,1094.19
2289,Customer_2289,38,Female,Phoenix,16 04 2023,164.47
2290,Customer_2290,27,Male,Houston,11 11 2023,0.0
2291,Customer_2291,70,Female,Houston,13 12 2021,370.49
2292,Customer_2292,41,Female,New York,10 01 2021,380.56
2293,Customer_2293,34,Male,New York,28 03 2021,360.72
2294,Customer_2294,29,Female,Chicago,29 06 2022,1929.18
2295,Customer_2295,30,Female,New York,23 05 2023,149.86
2296,Customer_2296,35,Male,Phoenix,16 12 2022,980.48
2297,Customer_2297,36,Male,New York,04 01 2021,682.08
2298,Customer_2298,30,Female,Chicago,13 11 2023,731.6
2299,Customer_2299,32,Male,Los Angeles,20 06 2023,688.25
2300,Customer_2300,50,Female,Chicago,30 09 2021,933.12
2301,Customer_2301,50,Female,New York,31 05 2023,905.61
2302,Customer_2302,38,Male,Los Angeles,25 07 2023,745.98
2303,Customer_2303,20,Male,Los Angeles,02 01 2021,887.26
2304,Customer_2304,41,Male,Phoenix,29 05 2021,137.84
2305,Customer_2305,52,Male,New York,06 08 2023,107.74
2306,Customer_2306,50,Male,Phoenix,01 06 2021,0.0
2307,Customer_2307,43,Female,Houston,02 11 2021,62.8
2308,Customer_2308,51,Female,Los Angeles,01 06 2023,135.06
2309,Customer_2309,36,Male,Houston,20 04 2022,0.0
2310,Customer_2310,42,Female,New York,18 03 2023,82.08
2311,Customer_2311,28,Female,Phoenix,31 12 2023,1587.11
2312,Customer_2312,38,Female,Chicago,02 02 2021,0.0
2313,Customer_2313,50,Female,Los Angeles,17 02 2023,2861.23
2314,Customer_2314,29,Male,Los Angeles,06 03 2023,513.29
2315,Customer_2315,26,Male,New York,02 01 2022,56.2
2316,Customer_2316,36,Male,Phoenix,19 09 2021,608.19
2317,Customer_2317,33,Female,New York,08 10 2022,0.0
2318,Customer_2318,42,Female,Chicago,22 06 2022,592.77
2319,Customer_2319,30,Female,Los Angeles,03 12 2023,583.15
2320,Customer_2320,54,Female,Phoenix,16 01 2021,1735.57
2321,Customer_2321,21,Male,New York,15 04 2021,847.56
2322,Customer_2322,49,Male,Chicago,02 03 2023,913.14
2323,Customer_2323,27,Male,Chicago,21 12 2022,22.4
2324,Customer_2324,18,Female,Houston,19 12 2023,405.69
2325,Customer_2325,38,Male,New York,06 10 2023,673.14
2326,Customer_2326,32,Male,New York,17 02 2021,109.19
2327,Customer_2327,23,Male,New York,22 10 2022,1449.33
2328,Customer_2328,18,Male,Houston,12 03 2023,1919.83
2329,Customer_2329,35,Female,New York,24 04 2021,576.32
2330,Customer_2330,46,Female,Chicago,23 10 2021,2835.02
2331,Customer_2331,41,Female,New York,14 03 2022,879.03
2332,Customer_2332,36,Male,Phoenix,23 09 2021,0.0
2333,Customer_2333,40,Female,Phoenix,11 06 2021,230.02
2334,Customer_2334,35,Female,Chicago,19 05 2022,0.0
2335,Customer_2335,19,Female,Los Angeles,26 11 2023,1214.38
2336,Customer_2336,19,Female,New York,10 08 2022,139.24
2337,Customer_2337,33,Male,New York,03 04 2022,53.04
2338,Customer_2338,33,Male,Los Angeles,03 10 2023,3294.88
2339,Customer_2339,44,Female,Chicago,29 09 2021,356.8
2340,Customer_2340,43,Female,Chicago,25 04 2022,777.21
2341,Customer_2341,42,Female,Phoenix,15 08 2023,261.43
2342,Customer_2342,32,Female,Los Angeles,08 06 2021,2609.18
2343,Customer_2343,20,Female,Houston,25 01 2023,1670.2
2344,Customer_2344,40,Female,Chicago,23 07 2021,1840.93
2345,Customer_2345,41,Female,Chicago,06 03 2023,831.26
2346,Customer_2346,18,Male,Los Angeles,27 05 2022,168.66
2347,Customer_2347,26,Male,Los Angeles,26 04 2021,2131.92
2348,Customer_2348,27,Female,Chicago,27 01 2022,100.95
2349,Customer_2349,36,Female,Houston,19 11 2022,294.12
2350,Customer_2350,26,Male,Phoenix,19 07 2023,234.64
2351,Customer_2351,35,Female,Los Angeles,27 12 2022,465.92
2352,Customer_2352,33,Male,New York,04 01 2022,494.41
2353,Customer_2353,33,Male,Chicago,23 07 2022,1502.17
2354,Customer_2354,27,Female,Chicago,20 06 2023,353.22
2355,Customer_2355,28,Female,New York,11 01 2023,732.89
2356,Customer_2356,23,Male,Houston,23 11 2021,411.43
2357,Customer_2357,39,Female,Phoenix,06 02 2021,1346.59
2358,Customer_2358,41,Male,Phoenix,13 09 2023,306.59
2359,Customer_2359,27,Male,New York,15 01 2022,2584.22
2360,Customer_2360,52,Male,Phoenix,07 03 2023,500.07
2361,Customer_2361,32,Female,Houston,04 01 2022,98.82
2362,Customer_2362,52,Male,Los Angeles,12 08 2021,381.25
2363,Customer_2363,28,Female,Chicago,25 03 2023,562.08
2364,Customer_2364,18,Male,Houston,25 12 2022,1089.44
2365,Customer_2365,39,Male,Chicago,04 12 2022,2315.32
2366,Customer_2366,38,Female,Los Angeles,04 03 2021,180.32
2367,Customer_2367,35,Male,Chicago,09 04 2021,1601.69
2368,Customer_2368,28,Male,Chicago,16 02 2023,187.31
2369,Customer_2369,35,Female,New York,16 03 2021,2426.54
2370,Customer_2370,29,Female,Phoenix,03 07 2021,485.76
2371,Customer_2371,32,Female,Houston,17 12 2023,1456.2
2372,Customer_2372,44,Female,Chicago,14 04 2022,55.05
2373,Customer_2373,37,Female,New York,20 05 2021,2118.78
2374,Customer_2374,42,Male,Chicago,25 12 2021,86.23
2375,Customer_2375,32,Female,New York,07 09 2023,483.25
2376,Customer_2376,31,Female,New York,27 10 2021,208.12
2377,Customer_2377,22,Male,Chicago,02 03 2022,426.43
2378,Customer_2378,31,Female,Los Angeles,22 09 2023,321.57
2379,Customer_2379,18,Male,Chicago,10 06 2021,2860.06
2380,Customer_2380,29,Female,New York,05 02 2022,221.17
2381,Customer_2381,34,Female,Los Angeles,11 01 2023,1015.31
2382,Customer_2382,41,Male,New York,12 05 2023,0.0
2383,Customer_2383,32,Male,Phoenix,09 05 2022,1691.24
2384,Customer_2384,39,Male,Chicago,04 05 2022,134.18
2385,Customer_2385,18,Male,Houston,10 06 2022,0.0
2386,Customer_2386,34,Male,Los Angeles,07 01 2023,910.84
2387,Customer_2387,18,Female,New York,24 12 2021,260.68
2388,Customer_2388,22,Female,Phoenix,19 07 2022,0.0
2389,Customer_2389,33,Male,Los Angeles,27 10 2023,0.0
2390,Customer_2390,49,Male,Los Angeles,31 03 2021,0.0
2391,Customer_2391,39,Male,Chicago,05 03 2021,1048.03
2392,Customer_2392,35,Female,New York,23 11 2023,3078.14
2393,Customer_2393,35,Female,Houston,10 09 2021,0.0
2394,Customer_2394,27,Male,Chicago,17 04 2021,1163.14
2395,Customer_2395,29,Female,Los Angeles,19 07 2023,1147.24
2396,Customer_2396,40,Male,New York,29 05 2022,310.51
2397,Customer_2397,20,Male,New York,16 05 2021,234.84
2398,Customer_2398,42,Female,Phoenix,21 09 2022,0.0
2399,Customer_2399,31,Male,Houston,13 02 2022,120.33
2400,Customer_2400,44,Male,New York,01 05 2021,1066.27
2401,Customer_2401,46,Female,New York,11 03 2023,653.55
2402,Customer_2402,18,Male,Houston,04 04 2023,35.15
2403,Customer_2403,29,Female,Chicago,20 05 2022,257.26
2404,Customer_2404,26,Male,Los Angeles,07 01 2021,262.62
2405,Customer_2405,18,Female,Los Angeles,02 08 2023,845.42
2406,Customer_2406,24,Male,New York,10 07 2021,750.69
2407,Customer_2407,62,Female,Chicago,02 04 2022,463.59
2408,Customer_2408,42,Female,Phoenix,21 01 2022,316.57
2409,Customer_2409,56,Male,New York,14 03 2023,699.79
2410,Customer_2410,44,Female,Chicago,16 05 2023,0.0
2411,Customer_2411,27,Female,Los Angeles,20 10 2023,0.0
2412,Customer_2412,31,Male,Los Angeles,05 10 2021,494.75
2413,Customer_2413,41,Male,Los Angeles,07 04 2023,2233.34
2414,Customer_2414,40,Male,Houston,03 08 2023,84.73
2415,Customer_2415,29,Male,Chicago,21 02 2021,202.05
2416,Customer_2416,18,Female,Chicago,31 01 2022,362.34
2417,Customer_2417,70,Female,Los Angeles,18 02 2023,297.37
2418,Customer_2418,33,Female,New York,25 11 2022,561.2
2419,Customer_2419,31,Male,New York,30 07 2021,1236.96
2420,Customer_2420,36,Male,Houston,09 06 2023,247.02
2421,Customer_2421,32,Male,New York,27 09 2021,1513.41
2422,Customer_2422,36,Male,Houston,29 06 2022,194.38
2423,Customer_2423,49,Female,Los Angeles,04 10 2023,0.0
2424,Customer_2424,34,Female,Los Angeles,25 04 2023,1911.0
2425,Customer_2425,22,Female,Los Angeles,13 10 2023,327.28
2426,Customer_2426,33,Male,Los Angeles,02 02 2022,392.24
2427,Customer_2427,30,Female,New York,25 03 2023,2504.95
2428,Customer_2428,51,Male,Los Angeles,01 10 2022,1269.51
2429,Customer_2429,48,Female,Chicago,08 05 2022,654.68
2430,Customer_2430,36,Female,Chicago,09 08 2023,940.76
2431,Customer_2431,21,Female,Los Angeles,08 05 2021,285.84
2432,Customer_2432,22,Male,Los Angeles,15 03 2021,99.46
2433,Customer_2433,35,Male,New York,28 03 2022,975.97
2434,Customer_2434,39,Female,New York,14 03 2022,264.97
2435,Customer_2435,31,Female,New York,24 03 2022,417.68
2436,Customer_2436,30,Male,Phoenix,13 07 2022,904.21
2437,Customer_2437,28,Female,New York,28 08 2023,370.08
2438,Customer_2438,35,Male,New York,26 07 2023,522.39
2439,Customer_2439,18,Male,Los Angeles,10 10 2021,320.85
2440,Customer_2440,23,Female,New York,30 01 2023,1216.66
2441,Customer_2441,28,Female,Chicago,27 03 2021,123.13
2442,Customer_2442,48,Male,New York,13 06 2021,959.73
2443,Customer_2443,26,Female,New York,27 05 2023,144.13
2444,Customer_2444,37,Female,Chicago,17 12 2023,61.64
2445,Customer_2445,37,Male,Los Angeles,25 07 2021,1157.97
2446,Customer_2446,49,Male,Houston,28 05 2021,1450.23
2447,Customer_2447,49,Male,Chicago,02 03 2023,597.04
2448,Customer_2448,34,Male,Los Angeles,11 11 2023,456.04
2449,Customer_2449,30,Female,Chicago,05 08 2023,43.42
2450,Customer_2450,28,Female,New York,11 07 2022,0.0
2451,Customer_2451,32,Male,Chicago,31 01 2023,458.54
2452,Customer_2452,30,Male,Los Angeles,30 01 2021,357.44
2453,Customer_2453,41,Female,Los Angeles,13 08 2021,191.13
2454,Customer_2454,40,Male,Chicago,05 03 2022,0.0
2455,Customer_2455,42,Female,Phoenix,13 06 2022,327.49
2456,Customer_2456,49,Female,Phoenix,18 11 2023,1267.38
2457,Customer_2457,55,Female,Chicago,06 05 2021,0.0
2458,Customer_2458,36,Female,Los Angeles,24 03 2023,1289.92
2459,Customer_2459,47,Female,New York,14 05 2022,201.96
2460,Customer_2460,31,Female,Los Angeles,16 10 2022,800.66
2461,Customer_2461,48,Female,Chicago,18 05 2021,35.74
2462,Customer_2462,47,Male,Los Angeles,21 09 2023,1400.32
2463,Customer_2463,46,Male,Phoenix,11 01 2023,813.62
2464,Customer_2464,36,Male,Los Angeles,02 08 2021,968.76
2465,Customer_2465,28,Male,Los Angeles,18 10 2021,1187.77
2466,Customer_2466,20,Female,Los Angeles,02 08 2023,736.32
2467,Customer_2467,35,Female,Houston,06 01 2022,316.58
2468,Customer_2468,52,Male,Chicago,14 06 2022,24.02
2469,Customer_2469,32,Female,Chicago,23 11 2022,1615.85
2470,Customer_2470,44,Male,Los Angeles,03 07 2022,215.37
2471,Customer_2471,44,Female,Houston,13 02 2023,186.01
2472,Customer_2472,32,Male,New York,14 10 2023,193.21
2473,Customer_2473,49,Female,Phoenix,23 02 2022,1365.54
2474,Customer_2474,18,Male,Chicago,27 12 2021,101.23
2475,Customer_2475,22,Male,Los Angeles,09 07 2023,2125.8
2476,Customer_2476,25,Male,Chicago,21 07 2022,0.0
2477,Customer_2477,26,Female,Chicago,19 12 2022,901.91
2478,Customer_2478,39,Male,New York,28 12 2022,1233.63
2479,Customer_2479,38,Male,Phoenix,02 01 2022,317.7
2480,Customer_2480,39,Male,Los Angeles,06 02 2022,512.8
2481,Customer_2481,42,Male,Los Angeles,13 04 2021,54.08
2482,Customer_2482,25,Male,New York,26 02 2023,1172.97
2483,Customer_2483,22,Female,Los Angeles,21 11 2021,1303.16
2484,Customer_2484,39,Male,Chicago,08 01 2022,688.65
2485,Customer_2485,28,Male,Los Angeles,04 12 2021,0.0
2486,Customer_2486,18,Male,Houston,10 06 2023,1268.96
2487,Customer_2487,46,Female,Los Angeles,23 11 2023,322.19
2488,Customer_2488,50,Female,Phoenix,28 12 2023,714.9
2489,Customer_2489,52,Male,Chicago,24 09 2023,187.0
2490,Customer_2490,37,Male,Houston,01 02 2021,39.34
2491,Customer_2491,42,Female,New York,16 07 2023,651.97
2492,Customer_2492,50,Male,Los Angeles,12 09 2022,848.73
2493,Customer_2493,28,Female,Los Angeles,28 05 2023,901.1
2494,Customer_2494,47,Female,Chicago,24 06 2021,973.35
2495,Customer_2495,38,Female,Phoenix,15 01 2021,1424.69
2496,Customer_2496,45,Female,New York,11 12 2023,2440.01
2497,Customer_2497,37,Male,New York,17 04 2021,2134.96
2498,Customer_2498,49,Female,Phoenix,14 04 2022,446.75
2499,Customer_2499,37,Male,New York,21 07 2021,0.0
2500,Customer_2500,19,Male,Chicago,01 12 2023,0.0
2501,Customer_2501,51,Male,Chicago,06 07 2023,310.1
2502,Customer_2502,25,Male,Houston,02 12 2021,551.85
2503,Customer_2503,49,Female,New York,15 04 2021,355.23
2504,Customer_2504,34,Male,New York,22 07 2021,544.06
2505,Customer_2505,48,Male,Chicago,06 03 2021,735.68
2506,Customer_2506,47,Female,Phoenix,07 07 2022,67.74
2507,Customer_2507,40,Male,Los Angeles,12 08 2021,38.33
2508,Customer_2508,41,Male,Los Angeles,15 01 2022,332.27
2509,Customer_2509,40,Male,Chicago,12 09 2021,357.46
2510,Customer_2510,18,Male,Phoenix,20 06 2021,719.18
2511,Customer_2511,36,Male,Houston,05 09 2022,551.98
2512,Customer_2512,23,Female,Phoenix,14 10 2022,783.68
2513,Customer_2513,37,Male,New York,19 12 2022,1766.09
2514,Customer_2514,22,Male,New York,12 04 2023,711.84
2515,Customer_2515,22,Female,Chicago,30 03 2023,2212.93
2516,Customer_2516,53,Female,Houston,14 03 2021,602.01
2517,Customer_2517,47,Female,Los Angeles,20 12 2023,697.86
2518,Customer_2518,35,Male,New York,31 03 2022,263.41
2519,Customer_2519,37,Male,Houston,02 12 2021,69.6
2520,Customer_2520,32,Female,New York,30 10 2022,220.43
2521,Customer_2521,41,Male,Los Angeles,14 01 2021,1050.18
2522,Customer_2522,28,Female,Chicago,27 01 2021,157.82
2523,Customer_2523,46,Male,Chicago,10 12 2023,1457.03
2524,Customer_2524,32,Male,Houston,06 07 2021,1358.66
2525,Customer_2525,30,Male,Los Angeles,17 12 2023,373.51
2526,Customer_2526,35,Female,Chicago,10 02 2023,621.38
2527,Customer_2527,28,Female,Chicago,29 10 2022,1216.97
2528,Customer_2528,39,Female,Chicago,17 09 2023,802.88
2529,Customer_2529,29,Female,Chicago,24 11 2023,689.8
2530,Customer_2530,40,Male,Los Angeles,22 06 2022,426.35
2531,Customer_2531,48,Male,New York,25 07 2023,825.09
2532,Customer_2532,27,Male,New York,06 01 2022,492.33
2533,Customer_2533,34,Male,New York,27 03 2021,1426.2
2534,Customer_2534,40,Male,Chicago,09 06 2021,1096.6
2535,Customer_2535,30,Male,Houston,01 03 2022,154.33
2536,Customer_2536,40,Male,Houston,02 10 2021,1529.9
2537,Customer_2537,41,Male,Houston,15 09 2021,878.5
2538,Customer_2538,47,Female,Los Angeles,21 08 2023,663.96
2539,Customer_2539,28,Female,Los Angeles,01 09 2023,163.78
2540,Customer_2540,25,Female,Los Angeles,11 06 2022,1239.97
2541,Customer_2541,32,Male,New York,17 06 2022,694.09
2542,Customer_2542,24,Male,New York,19 12 2023,1501.3
2543,Customer_2543,41,Female,Chicago,23 04 2021,590.91
2544,Customer_2544,22,Male,Phoenix,14 09 2021,0.0
2545,Customer_2545,61,Male,New York,25 11 2021,0.0
2546,Customer_2546,49,Female,New York,16 02 2023,3594.45
2547,Customer_2547,35,Female,Houston,20 02 2021,854.71
2548,Customer_2548,45,Male,Los Angeles,09 08 2021,489.39
2549,Customer_2549,18,Male,Houston,22 02 2023,638.12
2550,Customer_2550,63,Male,Houston,19 08 2022,824.36
2551,Customer_2551,29,Male,Phoenix,10 08 2021,439.95
2552,Customer_2552,34,Male,Los Angeles,01 08 2023,248.37
2553,Customer_2553,18,Male,Chicago,14 12 2023,566.95
2554,Customer_2554,40,Male,Los Angeles,17 07 2021,1130.95
2555,Customer_2555,23,Male,Chicago,08 05 2021,810.3
2556,Customer_2556,36,Female,Los Angeles,30 10 2023,278.67
2557,Customer_2557,29,Female,New York,14 09 2023,0.0
2558,Customer_2558,23,Female,Chicago,15 08 2021,1001.57
2559,Customer_2559,26,Male,Chicago,12 07 2022,1116.08
2560,Customer_2560,37,Male,Houston,06 11 2023,72.33
2561,Customer_2561,21,Male,Houston,03 08 2021,1644.07
2562,Customer_2562,27,Female,Chicago,05 05 2023,779.86
2563,Customer_2563,42,Female,New York,01 03 2022,362.73
2564,Customer_2564,64,Female,Houston,14 11 2021,445.21
2565,Customer_2565,40,Female,Chicago,26 12 2021,2172.7
2566,Customer_2566,25,Male,Phoenix,25 07 2023,250.67
2567,Customer_2567,31,Female,Phoenix,16 08 2023,120.06
2568,Customer_2568,35,Female,New York,09 07 2023,203.4
2569,Customer_2569,31,Male,Houston,21 06 2023,932.49
2570,Customer_2570,45,Female,New York,17 07 2021,72.13
2571,Customer_2571,37,Female,Los Angeles,02 02 2022,539.28
2572,Customer_2572,45,Male,Chicago,13 08 2022,636.39
2573,Customer_2573,32,Female,New York,30 08 2021,0.0
2574,Customer_2574,50,Male,Houston,05 03 2022,925.76
2575,Customer_2575,33,Male,New York,03 09 2022,822.59
2576,Customer_2576,24,Male,New York,06 01 2021,518.55
2577,Customer_2577,59,Female,Chicago,11 12 2022,312.23
2578,Customer_2578,18,Male,Houston,26 12 2021,672.56
2579,Customer_2579,27,Female,Phoenix,10 11 2023,451.71
2580,Customer_2580,28,Female,Houston,18 05 2022,2075.71
2581,Customer_2581,63,Female,Houston,15 08 2021,2383.63
2582,Customer_2582,55,Male,Los Angeles,19 04 2021,748.22
2583,Customer_2583,51,Female,New York,13 01 2023,620.77
2584,Customer_2584,31,Female,New York,22 03 2023,2094.86
2585,Customer_2585,62,Male,Chicago,25 02 2023,0.0
2586,Customer_2586,39,Female,Houston,16 08 2021,199.07
2587,Customer_2587,46,Female,Los Angeles,02 05 2023,469.13
2588,Customer_2588,37,Female,Houston,08 04 2023,936.2
2589,Customer_2589,34,Female,Chicago,14 01 2022,361.6
2590,Customer_2590,32,Female,New York,20 01 2022,796.65
2591,Customer_2591,33,Female,New York,23 04 2021,437.79
2592,Customer_2592,42,Male,Houston,18 10 2021,1084.14
2593,Customer_2593,39,Female,Houston,18 10 2021,959.1
2594,Customer_2594,35,Female,Phoenix,08 11 2022,1377.13
2595,Customer_2595,52,Male,New York,01 03 2021,1108.31
2596,Customer_2596,18,Female,Phoenix,16 04 2021,3053.02
2597,Customer_2597,41,Male,New York,15 09 2022,177.81
2598,Customer_2598,43,Female,New York,30 03 2021,110.62
2599,Customer_2599,48,Female,Phoenix,12 01 2023,297.64
2600,Customer_2600,34,Female,Los Angeles,19 06 2023,596.79
2601,Customer_2601,37,Female,Chicago,21 03 2022,1162.03
2602,Customer_2602,46,Female,New York,04 10 2023,2253.16
2603,Customer_2603,51,Female,Chicago,02 11 2021,296.58
2604,Customer_2604,32,Female,Phoenix,07 09 2022,217.29
2605,Customer_2605,38,Female,Los Angeles,21 07 2021,1424.78
2606,Customer_2606,53,Female,Houston,02 08 2023,757.17
2607,Customer_2607,18,Female,New York,13 11 2023,0.0
2608,Customer_2608,27,Female,Chicago,16 04 2022,357.76
2609,Customer_2609,51,Female,Los Angeles,06 09 2023,2739.52
2610,Customer_2610,47,Male,New York,05 11 2021,0.0
2611,Customer_2611,41,Female,Los Angeles,03 01 2023,1767.21
2612,Customer_2612,30,Male,New York,20 06 2022,408.28
2613,Customer_2613,25,Male,Phoenix,11 01 2022,1203.39
2614,Customer_2614,28,Female,Los Angeles,14 05 2022,503.43
2615,Customer_2615,52,Male,New York,28 09 2022,1055.17
2616,Customer_2616,28,Male,Los Angeles,22 05 2021,470.88
2617,Customer_2617,36,Female,Los Angeles,12 12 2023,134.7
2618,Customer_2618,27,Female,Houston,30 12 2023,189.44
2619,Customer_2619,44,Male,Phoenix,17 09 2021,1551.83
2620,Customer_2620,29,Male,Los Angeles,13 01 2022,0.0
2621,Customer_2621,34,Female,Phoenix,29 11 2023,921.64
2622,Customer_2622,18,Female,Chicago,14 12 2021,633.72
2623,Customer_2623,18,Female,New York,08 04 2023,745.64
2624,Customer_2624,35,Female,Houston,21 05 2022,1535.7
2625,Customer_2625,20,Male,Chicago,17 01 2022,1359.56
2626,Customer_2626,58,Female,Chicago,01 03 2022,1173.86
2627,Customer_2627,18,Female,Phoenix,18 11 2021,863.79
2628,Customer_2628,26,Male,Los Angeles,07 09 2021,589.07
2629,Customer_2629,35,Female,Phoenix,29 06 2021,1440.22
2630,Customer_2630,31,Female,Houston,01 10 2023,1073.52
2631,Customer_2631,23,Male,Chicago,29 01 2021,2184.58
2632,Customer_2632,24,Male,Chicago,08 01 2023,669.19
2633,Customer_2633,24,Female,Los Angeles,06 07 2021,400.41
2634,Customer_2634,32,Male,Phoenix,24 02 2021,1779.36
2635,Customer_2635,56,Female,Chicago,28 05 2023,23.5
2636,Customer_2636,36,Female,New York,29 05 2022,1120.01
2637,Customer_2637,48,Male,Los Angeles,17 01 2021,1054.61
2638,Customer_2638,41,Female,Chicago,29 03 2021,304.99
2639,Customer_2639,47,Female,New York,18 12 2023,1551.48
2640,Customer_2640,18,Female,New York,05 12 2022,210.75
2641,Customer_2641,32,Female,Los Angeles,26 12 2022,51.11
2642,Customer_2642,49,Female,Los Angeles,06 12 2023,1563.75
2643,Customer_2643,29,Female,Los Angeles,14 06 2023,749.05
2644,Customer_2644,54,Female,Los Angeles,28 03 2022,1552.01
2645,Customer_2645,51,Female,New York,03 03 2022,974.64
2646,Customer_2646,30,Male,Houston,28 04 2021,539.89
2647,Customer_2647,29,Male,Chicago,19 11 2022,113.1
2648,Customer_2648,24,Male,New York,19 10 2023,0.0
2649,Customer_2649,28,Male,Los Angeles,03 08 2022,189.94
2650,Customer_2650,21,Female,Chicago,08 09 2021,748.01
2651,Customer_2651,40,Female,New York,07 02 2022,956.98
2652,Customer_2652,19,Male,New York,10 07 2023,0.0
2653,Customer_2653,42,Male,New York,19 07 2021,528.43
2654,Customer_2654,42,Male,Houston,11 12 2023,0.0
2655,Customer_2655,18,Female,Houston,03 07 2023,811.77
2656,Customer_2656,52,Female,Houston,16 11 2021,1022.04
2657,Customer_2657,41,Female,Houston,18 07 2021,2851.04
2658,Customer_2658,43,Female,Chicago,25 05 2021,1642.18
2659,Customer_2659,27,Male,Chicago,19 12 2023,0.0
2660,Customer_2660,42,Male,Chicago,23 05 2021,354.12
2661,Customer_2661,47,Female,New York,16 11 2023,744.35
2662,Customer_2662,34,Male,Chicago,10 06 2022,81.14
2663,Customer_2663,57,Male,Houston,02 05 2021,93.92
2664,Customer_2664,35,Female,Chicago,22 09 2021,670.78
2665,Customer_2665,48,Female,Los Angeles,28 10 2023,57.17
2666,Customer_2666,38,Female,Los Angeles,01 01 2023,691.84
2667,Customer_2667,41,Female,Chicago,31 01 2022,67.58
2668,Customer_2668,18,Female,Houston,02 07 2023,207.65
2669,Customer_2669,39,Female,Phoenix,18 04 2021,339.67
2670,Customer_2670,27,Female,Los Angeles,09 05 2023,344.03
2671,Customer_2671,26,Female,Houston,28 09 2022,310.86
2672,Customer_2672,54,Male,Chicago,22 07 2023,276.15
2673,Customer_2673,33,Female,Phoenix,08 02 2023,527.91
2674,Customer_2674,24,Male,Chicago,30 10 2023,731.6
2675,Customer_2675,31,Female,Chicago,05 02 2021,2200.9
2676,Customer_2676,21,Male,Chicago,25 10 2023,1383.76
2677,Customer_2677,51,Female,Houston,17 02 2022,1524.95
2678,Customer_2678,27,Female,Phoenix,28 04 2022,72.14
2679,Customer_2679,41,Male,New York,01 07 2023,732.21
2680,Customer_2680,50,Male,New York,26 08 2022,275.78
2681,Customer_2681,29,Male,Phoenix,18 12 2023,217.49
2682,Customer_2682,41,Female,Chicago,21 06 2021,3665.35
2683,Customer_2683,24,Female,Chicago,17 09 2021,1035.57
2684,Customer_2684,62,Male,Chicago,25 01 2021,1891.74
2685,Customer_2685,45,Male,New York,17 07 2021,743.63
2686,Customer_2686,33,Male,Houston,02 08 2022,91.05
2687,Customer_2687,26,Male,Houston,27 02 2022,359.23
2688,Customer_2688,34,Female,Los Angeles,03 03 2023,800.76
2689,Customer_2689,31,Male,Los Angeles,06 01 2021,88.08
2690,Customer_2690,56,Female,Houston,13 03 2021,1022.44
2691,Customer_2691,22,Female,New York,18 07 2023,180.91
2692,Customer_2692,36,Female,Phoenix,08 03 2022,886.63
2693,Customer_2693,35,Female,Los Angeles,21 08 2023,1773.59
2694,Customer_2694,34,Female,Chicago,15 01 2022,580.07
2695,Customer_2695,34,Female,Phoenix,04 07 2022,954.17
2696,Customer_2696,34,Male,Houston,19 03 2023,448.45
2697,Customer_2697,45,Female,Los Angeles,25 02 2021,374.85
2698,Customer_2698,42,Male,Houston,07 09 2022,1080.74
2699,Customer_2699,40,Female,Los Angeles,04 08 2021,791.35
2700,Customer_2700,18,Female,Los Angeles,21 01 2021,1135.16
2701,Customer_2701,38,Male,Phoenix,29 07 2021,132.86
2702,Customer_2702,18,Female,Houston,18 10 2021,346.2
2703,Customer_2703,42,Female,Chicago,16 12 2022,411.72
2704,Customer_2704,51,Female,Los Angeles,15 04 2023,232.0
2705,Customer_2705,25,Female,New York,07 07 2021,2264.66
2706,Customer_2706,32,Male,New York,10 07 2021,2988.3
2707,Customer_2707,28,Female,Chicago,11 02 2022,1129.05
2708,Customer_2708,49,Male,Houston,02 08 2021,1833.02
2709,Customer_2709,36,Female,Chicago,08 07 2022,1039.59
2710,Customer_2710,54,Male,Houston,18 08 2023,1509.33
2711,Customer_2711,40,Male,New York,16 08 2022,0.0
2712,Customer_2712,38,Male,Los Angeles,10 02 2021,1896.34
2713,Customer_2713,36,Female,New York,05 01 2022,0.0
2714,Customer_2714,44,Female,Los Angeles,20 01 2021,1557.45
2715,Customer_2715,18,Female,New York,30 10 2023,0.0
2716,Customer_2716,36,Male,Phoenix,05 04 2023,465.93
2717,Customer_2717,34,Male,New York,18 01 2021,2103.11
2718,Customer_2718,43,Male,Phoenix,18 01 2023,210.46
2719,Customer_2719,33,Female,Los Angeles,15 11 2021,637.75
2720,Customer_2720,24,Male,Phoenix,11 05 2023,1068.48
2721,Customer_2721,35,Male,Chicago,26 08 2023,1050.99
2722,Customer_2722,23,Female,Phoenix,09 09 2021,391.23
2723,Customer_2723,18,Female,New York,06 12 2021,264.15
2724,Customer_2724,43,Male,Houston,21 01 2023,653.76
2725,Customer_2725,41,Male,Phoenix,26 08 2023,878.64
2726,Customer_2726,40,Male,New York,07 04 2022,261.64
2727,Customer_2727,49,Female,New York,23 09 2022,0.0
2728,Customer_2728,28,Male,Los Angeles,05 02 2022,1529.52
2729,Customer_2729,19,Female,Phoenix,06 01 2022,2063.36
2730,Customer_2730,34,Female,Chicago,09 10 2021,463.08
2731,Customer_2731,31,Female,Chicago,25 01 2022,99.16
2732,Customer_2732,26,Male,New York,03 12 2021,0.0
2733,Customer_2733,34,Male,New York,30 09 2021,274.5
2734,Customer_2734,28,Male,Houston,17 10 2023,792.42
2735,Customer_2735,18,Female,New York,02 10 2022,2291.66
2736,Customer_2736,30,Male,Chicago,29 03 2023,817.46
2737,Customer_2737,22,Female,Phoenix,06 01 2021,61.3
2738,Customer_2738,38,Male,New York,09 08 2022,636.84
2739,Customer_2739,28,Female,Chicago,16 12 2023,0.0
2740,Customer_2740,47,Female,New York,02 04 2023,832.22
2741,Customer_2741,53,Female,Chicago,26 08 2021,2399.34
2742,Customer_2742,42,Female,New York,05 05 2022,695.69
2743,Customer_2743,18,Male,Houston,12 11 2023,368.17
2744,Customer_2744,52,Female,Los Angeles,17 03 2022,153.21
2745,Customer_2745,52,Female,Los Angeles,01 12 2023,325.02
2746,Customer_2746,35,Male,Chicago,08 05 2023,179.56
2747,Customer_2747,50,Female,New York,15 09 2021,355.44
2748,Customer_2748,29,Male,Houston,17 02 2021,1354.29
2749,Customer_2749,18,Male,Los Angeles,18 05 2022,854.33
2750,Customer_2750,27,Male,Chicago,19 05 2021,592.69
2751,Customer_2751,54,Female,New York,24 05 2022,318.23
2752,Customer_2752,19,Male,Houston,16 10 2022,1007.73
2753,Customer_2753,35,Male,New York,06 04 2022,442.36
2754,Customer_2754,35,Female,Los Angeles,01 11 2022,398.58
2755,Customer_2755,29,Female,New York,29 11 2023,680.8
2756,Customer_2756,30,Male,Houston,09 03 2022,0.0
2757,Customer_2757,36,Male,Los Angeles,30 04 2022,1141.07
2758,Customer_2758,29,Male,Phoenix,18 12 2023,233.18
2759,Customer_2759,19,Male,Phoenix,11 05 2022,1151.98
2760,Customer_2760,37,Male,New York,25 05 2023,425.88
2761,Customer_2761,47,Female,Chicago,24 08 2022,412.79
2762,Customer_2762,45,Female,New York,17 10 2022,266.34
2763,Customer_2763,26,Female,Los Angeles,30 08 2022,334.1
2764,Customer_2764,21,Male,Houston,05 06 2021,805.09
2765,Customer_2765,32,Female,Chicago,20 07 2021,0.0
2766,Customer_2766,52,Male,Chicago,19 10 2023,388.77
2767,Customer_2767,42,Male,Los Angeles,14 05 2022,644.61
2768,Customer_2768,43,Male,Los Angeles,03 05 2022,602.87
2769,Customer_2769,45,Female,New York,09 06 2021,394.67
2770,Customer_2770,40,Male,Houston,30 12 2023,376.25
2771,Customer_2771,36,Female,Chicago,11 04 2023,705.25
2772,Customer_2772,42,Male,Houston,30 08 2023,1853.93
2773,Customer_2773,29,Female,New York,07 03 2022,2184.7
2774,Customer_2774,19,Female,Los Angeles,27 04 2021,328.61
2775,Customer_2775,43,Male,Los Angeles,28 11 2022,968.07
2776,Customer_2776,49,Female,New York,22 07 2021,522.6
2777,Customer_2777,23,Female,Los Angeles,20 08 2023,277.25
2778,Customer_2778,44,Male,Houston,07 04 2022,838.49
2779,Customer_2779,53,Male,Phoenix,02 08 2023,69.2
2780,Customer_2780,35,Male,Chicago,01 12 2022,328.9
2781,Customer_2781,26,Male,Los Angeles,20 07 2021,1194.31
2782,Customer_2782,36,Male,New York,31 05 2022,443.74
2783,Customer_2783,29,Female,Phoenix,29 08 2022,1709.48
2784,Customer_2784,28,Female,New York,14 01 2023,0.0
2785,Customer_2785,40,Female,Phoenix,25 05 2023,1495.46
2786,Customer_2786,18,Male,Chicago,13 12 2021,574.88
2787,Customer_2787,19,Male,Los Angeles,15 12 2021,570.14
2788,Customer_2788,35,Female,Phoenix,08 05 2023,0.0
2789,Customer_2789,35,Female,New York,29 01 2022,0.0
2790,Customer_2790,39,Male,Chicago,21 09 2023,40.75
2791,Customer_2791,56,Female,Chicago,05 09 2023,804.04
2792,Customer_2792,36,Male,New York,16 06 2021,1512.69
2793,Customer_2793,42,Female,Los Angeles,03 09 2023,2532.41
2794,Customer_2794,24,Male,Chicago,28 03 2022,467.12
2795,Customer_2795,43,Female,Houston,10 05 2023,70.85
2796,Customer_2796,29,Male,New York,29 07 2021,1139.27
2797,Customer_2797,36,Male,Phoenix,07 02 2023,297.51
2798,Customer_2798,34,Male,New York,02 08 2021,0.0
2799,Customer_2799,46,Male,New York,31 08 2023,549.72
2800,Customer_2800,21,Male,Los Angeles,31 10 2021,736.15
2801,Customer_2801,18,Male,New York,07 05 2023,850.69
2802,Customer_2802,33,Female,New York,11 05 2023,1550.48
2803,Customer_2803,40,Male,Phoenix,19 03 2023,650.01
2804,Customer_2804,37,Male,Los Angeles,30 04 2021,533.85
2805,Customer_2805,49,Female,New York,03 03 2022,97.2
2806,Customer_2806,40,Male,New York,03 08 2023,2494.76
2807,Customer_2807,29,Male,Houston,26 11 2021,403.22
2808,Customer_2808,18,Male,Phoenix,27 09 2022,877.55
2809,Customer_2809,32,Female,Los Angeles,18 07 2022,346.72
2810,Customer_2810,46,Female,New York,29 06 2021,999.11
2811,Customer_2811,31,Male,New York,17 10 2021,555.79
2812,Customer_2812,35,Male,New York,06 07 2021,376.26
2813,Customer_2813,40,Female,New York,01 05 2022,0.0
2814,Customer_2814,24,Male,Los Angeles,12 02 2023,341.93
2815,Customer_2815,42,Male,New York,24 11 2023,1949.48
2816,Customer_2816,53,Female,Chicago,01 07 2021,112.0
2817,Customer_2817,33,Male,Los Angeles,26 05 2021,360.61
2818,Customer_2818,23,Female,Phoenix,04 12 2023,834.91
2819,Customer_2819,34,Female,Phoenix,14 05 2022,165.62
2820,Customer_2820,18,Female,Chicago,14 03 2023,354.44
2821,Customer_2821,39,Male,Los Angeles,15 06 2022,329.9
2822,Customer_2822,40,Female,Los Angeles,30 07 2021,1381.96
2823,Customer_2823,53,Female,Los Angeles,12 06 2023,634.81
2824,Customer_2824,33,Female,Houston,05 01 2021,972.45
2825,Customer_2825,39,Male,Los Angeles,07 11 2021,1096.49
2826,Customer_2826,26,Male,Phoenix,11 06 2021,1065.73
2827,Customer_2827,31,Female,Phoenix,04 08 2021,185.92
2828,Customer_2828,18,Female,Los Angeles,25 02 2023,1607.76
2829,Customer_2829,33,Male,Chicago,16 04 2023,266.21
2830,Customer_2830,32,Female,New York,09 09 2021,123.42
2831,Customer_2831,38,Female,New York,28 11 2023,1120.59
2832,Customer_2832,28,Female,Los Angeles,16 08 2021,140.2
2833,Customer_2833,36,Female,New York,28 06 2023,896.06
2834,Customer_2834,31,Female,Phoenix,12 10 2021,601.8
2835,Customer_2835,31,Female,New York,11 10 2022,1588.25
2836,Customer_2836,36,Female,Los Angeles,01 01 2022,617.97
2837,Customer_2837,35,Male,Chicago,28 12 2023,667.35
2838,Customer_2838,43,Female,Houston,11 07 2021,433.4
2839,Customer_2839,34,Male,Los Angeles,06 10 2022,0.0
2840,Customer_2840,31,Male,Phoenix,26 06 2023,1188.76
2841,Customer_2841,33,Female,Chicago,01 01 2023,0.0
2842,Customer_2842,27,Male,Los Angeles,26 01 2021,3039.42
2843,Customer_2843,31,Female,New York,13 12 2022,389.67
2844,Customer_2844,57,Male,Los Angeles,07 09 2022,534.0
2845,Customer_2845,25,Female,Houston,12 07 2021,552.27
2846,Customer_2846,32,Female,Chicago,16 01 2022,279.49
2847,Customer_2847,31,Female,Houston,23 10 2023,604.59
2848,Customer_2848,32,Male,Chicago,05 12 2023,322.99
2849,Customer_2849,31,Female,New York,28 07 2023,852.29
2850,Customer_2850,38,Male,New York,03 01 2021,909.55
2851,Customer_2851,18,Female,Los Angeles,19 07 2023,493.54
2852,Customer_2852,46,Male,Houston,05 10 2021,0.0
2853,Customer_2853,42,Female,Houston,25 06 2021,1011.54
2854,Customer_2854,21,Male,Los Angeles,09 10 2021,1155.71
2855,Customer_2855,18,Female,Chicago,04 04 2022,155.68
2856,Customer_2856,24,Female,Los Angeles,09 08 2023,587.37
2857,Customer_2857,32,Female,Los Angeles,07 12 2021,276.19
2858,Customer_2858,63,Female,New York,28 11 2022,651.35
2859,Customer_2859,41,Male,New York,27 12 2022,479.19
2860,Customer_2860,18,Female,New York,01 05 2021,649.56
2861,Customer_2861,27,Male,New York,29 07 2022,65.24
2862,Customer_2862,34,Female,New York,03 10 2021,448.66
2863,Customer_2863,38,Male,New York,27 08 2023,3006.36
2864,Customer_2864,21,Female,Chicago,14 09 2023,271.81
2865,Customer_2865,34,Female,Los Angeles,29 01 2021,0.0
2866,Customer_2866,27,Male,Phoenix,16 11 2022,1349.56
2867,Customer_2867,23,Female,New York,17 11 2021,598.42
2868,Customer_2868,38,Female,Los Angeles,05 10 2022,57.6
2869,Customer_2869,44,Male,Los Angeles,18 12 2021,537.22
2870,Customer_2870,44,Male,New York,16 06 2022,1152.61
2871,Customer_2871,41,Female,Houston,21 10 2021,1841.22
2872,Customer_2872,30,Female,New York,03 04 2022,180.06
2873,Customer_2873,43,Male,Phoenix,17 01 2023,545.16
2874,Customer_2874,38,Female,Phoenix,03 01 2023,259.22
2875,Customer_2875,36,Female,Chicago,20 12 2023,1313.28
2876,Customer_2876,28,Female,Chicago,27 06 2022,369.54
2877,Customer_2877,30,Male,Chicago,15 01 2022,383.17
2878,Customer_2878,36,Male,Los Angeles,20 11 2021,84.12
2879,Customer_2879,62,Female,Chicago,22 12 2023,1013.5
2880,Customer_2880,38,Female,New York,03 08 2023,671.89
2881,Customer_2881,28,Female,New York,23 04 2023,187.88
2882,Customer_2882,26,Male,Los Angeles,28 12 2021,1218.67
2883,Customer_2883,30,Female,Chicago,22 02 2021,339.26
2884,Customer_2884,59,Female,Phoenix,06 02 2022,1041.38
2885,Customer_2885,31,Male,New York,12 11 2022,697.27
2886,Customer_2886,45,Female,Houston,20 09 2023,306.76
2887,Customer_2887,31,Male,New York,19 05 2023,529.85
2888,Customer_2888,38,Female,Los Angeles,08 12 2022,773.9
2889,Customer_2889,44,Female,Los Angeles,14 01 2022,231.2
2890,Customer_2890,29,Female,Los Angeles,08 10 2022,550.78
2891,Customer_2891,28,Male,New York,22 07 2023,232.68
2892,Customer_2892,53,Male,Chicago,22 03 2021,22.37
2893,Customer_2893,46,Male,Houston,01 01 2023,1741.5
2894,Customer_2894,44,Female,Los Angeles,29 05 2022,1172.42
2895,Customer_2895,44,Male,Chicago,10 07 2023,185.19
2896,Customer_2896,40,Female,Houston,02 02 2023,446.83
2897,Customer_2897,57,Female,Houston,09 05 2022,590.18
2898,Customer_2898,35,Male,Chicago,30 07 2023,739.58
2899,Customer_2899,41,Female,Los Angeles,27 11 2023,263.26
2900,Customer_2900,19,Female,Phoenix,11 01 2023,753.97
2901,Customer_2901,26,Female,Chicago,21 11 2021,114.44
2902,Customer_2902,22,Female,New York,16 12 2023,950.08
2903,Customer_2903,49,Female,Los Angeles,10 11 2021,642.08
2904,Customer_2904,18,Male,Houston,13 04 2021,765.55
2905,Customer_2905,31,Female,New York,15 03 2022,343.69
2906,Customer_2906,18,Male,Phoenix,28 03 2023,280.72
2907,Customer_2907,26,Male,New York,17 01 2023,380.67
2908,Customer_2908,30,Female,Houston,07 02 2021,1127.71
2909,Customer_2909,50,Female,Los Angeles,24 03 2023,1134.42
2910,Customer_2910,39,Female,Chicago,14 10 2023,0.0
2911,Customer_2911,26,Male,Phoenix,04 06 2021,78.51
2912,Customer_2912,47,Female,Los Angeles,22 11 2023,1979.98
2913,Customer_2913,35,Male,Chicago,04 05 2022,137.27
2914,Customer_2914,35,Female,New York,07 11 2023,563.12
2915,Customer_2915,22,Male,New York,28 08 2021,331.71
2916,Customer_2916,24,Female,New York,12 12 2021,845.95
2917,Customer_2917,26,Female,Houston,16 01 2021,344.4
2918,Customer_2918,36,Male,New York,10 08 2022,0.0
2919,Customer_2919,36,Male,New York,08 08 2023,366.31
2920,Customer_2920,52,Female,Los Angeles,17 09 2021,2607.93
2921,Customer_2921,39,Male,Chicago,27 12 2021,310.38
2922,Customer_2922,18,Female,Houston,05 04 2022,2720.9
2923,Customer_2923,38,Male,New York,20 07 2023,219.68
2924,Customer_2924,19,Male,New York,23 12 2023,886.24
2925,Customer_2925,24,Female,Phoenix,10 04 2021,248.83
2926,Customer_2926,26,Female,Los Angeles,25 01 2023,661.46
2927,Customer_2927,28,Female,Phoenix,22 10 2021,1296.63
2928,Customer_2928,20,Male,Phoenix,18 07 2023,971.38
2929,Customer_2929,37,Male,Houston,24 11 2021,1534.61
2930,Customer_2930,19,Female,New York,03 02 2023,0.0
2931,Customer_2931,39,Female,Houston,02 12 2023,540.95
2932,Customer_2932,60,Male,Houston,30 08 2021,213.39
2933,Customer_2933,20,Male,Chicago,18 11 2023,443.67
2934,Customer_2934,32,Male,Los Angeles,04 04 2022,882.6
2935,Customer_2935,18,Female,Los Angeles,29 10 2022,0.0
2936,Customer_2936,32,Female,New York,08 08 2021,0.0
2937,Customer_2937,42,Female,Chicago,09 05 2023,0.0
2938,Customer_2938,43,Male,Chicago,21 09 2021,1067.8
2939,Customer_2939,36,Female,Los Angeles,01 05 2021,26.66
2940,Customer_2940,45,Male,Chicago,06 12 2023,542.46
2941,Customer_2941,63,Female,Los Angeles,11 03 2022,353.26
2942,Customer_2942,54,Male,Chicago,29 04 2022,1042.84
2943,Customer_2943,29,Male,Phoenix,07 10 2021,1076.4
2944,Customer_2944,19,Male,New York,12 11 2023,123.39
2945,Customer_2945,31,Female,Los Angeles,15 12 2022,40.34
2946,Customer_2946,25,Female,New York,09 03 2021,0.0
2947,Customer_2947,40,Female,Chicago,13 01 2023,1383.05
2948,Customer_2948,22,Male,Houston,18 12 2023,455.16
2949,Customer_2949,34,Male,Phoenix,19 10 2023,458.34
2950,Customer_2950,44,Male,Los Angeles,18 10 2021,627.27
2951,Customer_2951,34,Male,Phoenix,18 06 2021,314.85
2952,Customer_2952,25,Male,New York,10 07 2022,2442.67
2953,Customer_2953,48,Female,Chicago,19 12 2021,1489.13
2954,Customer_2954,18,Male,New York,10 10 2021,687.72
2955,Customer_2955,31,Female,Phoenix,26 12 2023,605.94
2956,Customer_2956,35,Female,Chicago,01 04 2022,369.03
2957,Customer_2957,35,Female,Chicago,17 08 2023,1328.98
2958,Customer_2958,37,Female,Houston,02 10 2023,721.66
2959,Customer_2959,42,Female,New York,22 04 2022,0.0
2960,Customer_2960,35,Male,New York,12 10 2021,897.6
2961,Customer_2961,31,Female,Phoenix,31 01 2021,549.69
2962,Customer_2962,31,Male,Los Angeles,24 03 2022,451.92
2963,Customer_2963,28,Female,New York,02 08 2021,331.32
2964,Customer_2964,44,Female,Los Angeles,15 11 2023,1151.84
2965,Customer_2965,28,Female,Chicago,01 02 2022,1071.45
2966,Customer_2966,44,Female,New York,03 12 2021,319.71
2967,Customer_2967,35,Male,Los Angeles,25 07 2023,74.08
2968,Customer_2968,29,Female,New York,26 08 2023,85.95
2969,Customer_2969,42,Male,Los Angeles,05 05 2023,587.85
2970,Customer_2970,27,Female,Phoenix,22 06 2023,106.31
2971,Customer_2971,42,Male,Phoenix,03 11 2022,1470.89
2972,Customer_2972,37,Male,Chicago,08 02 2023,104.04
2973,Customer_2973,28,Male,New York,15 09 2022,568.23
2974,Customer_2974,41,Female,Phoenix,13 07 2022,312.76
2975,Customer_2975,41,Female,Chicago,02 07 2022,89.37
2976,Customer_2976,48,Female,New York,12 07 2023,969.89
2977,Customer_2977,46,Male,Phoenix,08 07 2022,66.82
2978,Customer_2978,40,Female,Houston,24 04 2022,338.76
2979,Customer_2979,23,Female,Houston,24 04 2023,1076.2
2980,Customer_2980,62,Male,Houston,11 03 2021,901.88
2981,Customer_2981,20,Female,New York,20 05 2022,42.77
2982,Customer_2982,45,Male,New York,20 04 2021,455.9
2983,Customer_2983,40,Female,Houston,01 02 2022,4484.28
2984,Customer_2984,22,Female,New York,17 12 2021,353.96
2985,Customer_2985,34,Male,Los Angeles,22 09 2023,1841.81
2986,Customer_2986,34,Female,Houston,28 02 2023,1386.86
2987,Customer_2987,49,Male,Houston,25 02 2022,1185.75
2988,Customer_2988,27,Female,Los Angeles,11 07 2023,244.78
2989,Customer_2989,32,Female,Houston,21 04 2021,868.34
2990,Customer_2990,18,Male,Houston,28 07 2021,2023.78
2991,Customer_2991,54,Male,Chicago,20 07 2023,99.56
2992,Customer_2992,23,Male,New York,01 03 2022,973.77
2993,Customer_2993,39,Female,Los Angeles,24 11 2021,795.38
2994,Customer_2994,34,Male,Los Angeles,11 01 2021,673.47
2995,Customer_2995,34,Female,New York,06 05 2023,33.67
2996,Customer_2996,44,Female,Los Angeles,11 09 2021,0.0
2997,Customer_2997,53,Male,New York,09 05 2021,614.68
2998,Customer_2998,38,Female,Los Angeles,10 04 2021,237.19
2999,Customer_2999,42,Male,Phoenix,17 10 2021,971.9
3000,Customer_3000,39,Female,New York,08 10 2022,1594.08
3001,Customer_3001,46,Female,Houston,27 10 2022,489.68
3002,Customer_3002,30,Male,Houston,29 11 2022,263.13
3003,Customer_3003,47,Male,New York,02 07 2021,2007.86
3004,Customer_3004,47,Male,Phoenix,17 12 2021,501.44
3005,Customer_3005,47,Male,Chicago,09 12 2022,174.8
3006,Customer_3006,28,Male,Los Angeles,09 11 2022,576.83
3007,Customer_3007,33,Male,Houston,13 03 2023,805.78
3008,Customer_3008,38,Male,Los Angeles,06 12 2021,430.69
3009,Customer_3009,20,Female,Houston,21 04 2021,989.78
3010,Customer_3010,53,Female,New York,18 09 2021,178.03
3011,Customer_3011,35,Female,Houston,06 01 2022,1163.69
3012,Customer_3012,38,Male,Los Angeles,27 08 2022,511.3
3013,Customer_3013,29,Male,Chicago,25 03 2022,875.72
3014,Customer_3014,20,Female,New York,11 05 2023,326.26
3015,Customer_3015,28,Male,Houston,07 12 2023,90.44
3016,Customer_3016,37,Male,Houston,18 10 2022,1380.65
3017,Customer_3017,42,Female,Chicago,29 05 2021,1396.71
3018,Customer_3018,37,Male,Chicago,16 12 2021,62.4
3019,Customer_3019,39,Male,Los Angeles,19 11 2021,1770.66
3020,Customer_3020,31,Female,Phoenix,15 05 2023,1460.93
3021,Customer_3021,40,Male,Chicago,02 10 2023,911.42
3022,Customer_3022,51,Female,Houston,02 02 2022,955.26
3023,Customer_3023,43,Male,Houston,08 10 2022,376.48
3024,Customer_3024,44,Male,Los Angeles,17 02 2022,844.69
3025,Customer_3025,38,Male,New York,06 02 2021,470.13
3026,Customer_3026,18,Female,Los Angeles,06 07 2021,366.35
3027,Customer_3027,24,Male,Houston,24 02 2022,181.12
3028,Customer_3028,40,Male,New York,26 12 2022,166.03
3029,Customer_3029,35,Female,Chicago,06 07 2021,1053.86
3030,Customer_3030,40,Male,Houston,16 04 2022,976.67
3031,Customer_3031,53,Female,Los Angeles,21 03 2023,1537.53
3032,Customer_3032,43,Male,Chicago,26 11 2021,2247.12
3033,Customer_3033,49,Female,New York,16 08 2023,635.62
3034,Customer_3034,36,Female,New York,16 11 2021,0.0
3035,Customer_3035,26,Female,Houston,20 04 2022,1673.49
3036,Customer_3036,34,Male,New York,06 04 2023,365.69
3037,Customer_3037,26,Female,Los Angeles,29 05 2022,996.46
3038,Customer_3038,52,Male,Phoenix,30 11 2021,97.94
3039,Customer_3039,44,Female,Los Angeles,31 12 2023,338.49
3040,Customer_3040,41,Female,Phoenix,10 04 2022,104.73
3041,Customer_3041,49,Male,Phoenix,25 12 2022,305.69
3042,Customer_3042,18,Male,Los Angeles,08 01 2021,1042.77
3043,Customer_3043,41,Female,New York,13 06 2021,822.46
3044,Customer_3044,21,Male,Houston,20 02 2023,234.32
3045,Customer_3045,35,Male,Los Angeles,24 12 2021,299.27
3046,Customer_3046,32,Male,New York,22 03 2021,132.44
3047,Customer_3047,42,Female,Houston,13 02 2023,2222.45
3048,Customer_3048,38,Female,New York,10 07 2023,978.27
3049,Customer_3049,50,Male,Phoenix,18 06 2023,1685.76
3050,Customer_3050,28,Female,New York,11 07 2023,1884.57
3051,Customer_3051,43,Male,New York,07 12 2023,189.34
3052,Customer_3052,37,Male,New York,05 04 2023,88.33
3053,Customer_3053,18,Male,Phoenix,15 10 2023,404.25
3054,Customer_3054,25,Male,Houston,11 11 2022,204.81
3055,Customer_3055,33,Male,Houston,13 11 2023,932.88
3056,Customer_3056,47,Female,Los Angeles,14 03 2022,561.13
3057,Customer_3057,40,Male,Los Angeles,04 08 2023,122.66
3058,Customer_3058,22,Female,New York,15 02 2023,2875.83
3059,Customer_3059,33,Female,Chicago,07 11 2022,296.37
3060,Customer_3060,57,Male,Chicago,10 01 2021,505.5
3061,Customer_3061,36,Male,Chicago,07 06 2021,2896.0
3062,Customer_3062,31,Male,Los Angeles,18 05 2023,759.65
3063,Customer_3063,40,Male,Phoenix,23 02 2023,647.8
3064,Customer_3064,43,Female,New York,16 11 2021,576.48
3065,Customer_3065,30,Female,Phoenix,01 05 2021,1553.86
3066,Customer_3066,41,Male,New York,19 05 2021,0.0
3067,Customer_3067,31,Female,Chicago,05 11 2022,202.14
3068,Customer_3068,43,Female,Los Angeles,13 02 2021,699.79
3069,Customer_3069,37,Female,Los Angeles,27 03 2023,1772.05
3070,Customer_3070,40,Female,Chicago,08 04 2021,186.95
3071,Customer_3071,27,Female,Los Angeles,27 08 2021,657.1
3072,Customer_3072,26,Female,Los Angeles,20 04 2022,968.74
3073,Customer_3073,45,Female,Houston,08 06 2022,53.82
3074,Customer_3074,34,Female,Houston,11 07 2022,982.55
3075,Customer_3075,38,Male,Houston,09 01 2021,2054.21
3076,Customer_3076,32,Female,New York,14 12 2023,330.62
3077,Customer_3077,45,Female,Chicago,08 09 2022,95.87
3078,Customer_3078,28,Male,Chicago,01 06 2021,366.12
3079,Customer_3079,34,Female,Los Angeles,14 02 2022,517.64
3080,Customer_3080,44,Male,Chicago,10 01 2021,862.71
3081,Customer_3081,48,Male,Los Angeles,15 08 2023,824.97
3082,Customer_3082,29,Female,New York,06 07 2022,2368.35
3083,Customer_3083,57,Female,New York,10 07 2022,139.72
3084,Customer_3084,38,Male,New York,30 05 2023,374.37
3085,Customer_3085,24,Male,Houston,25 09 2021,154.74
3086,Customer_3086,39,Female,Chicago,11 10 2023,154.56
3087,Customer_3087,31,Male,Phoenix,29 10 2022,409.06
3088,Customer_3088,40,Female,Houston,27 03 2022,496.53
3089,Customer_3089,35,Male,New York,17 08 2022,243.29
3090,Customer_3090,36,Female,Phoenix,02 02 2022,38.37
3091,Customer_3091,25,Male,Phoenix,10 07 2023,438.79
3092,Customer_3092,46,Male,Los Angeles,12 12 2023,441.75
3093,Customer_3093,22,Male,Chicago,19 12 2023,395.9
3094,Customer_3094,23,Female,Phoenix,21 10 2021,142.86
3095,Customer_3095,39,Female,Chicago,27 02 2023,430.08
3096,Customer_3096,53,Female,Phoenix,10 08 2023,212.97
3097,Customer_3097,31,Female,New York,19 05 2023,496.91
3098,Customer_3098,43,Female,New York,20 04 2021,0.0
3099,Customer_3099,47,Male,Los Angeles,17 04 2021,127.33
3100,Customer_3100,44,Female,Chicago,10 10 2023,921.88
3101,Customer_3101,32,Female,Houston,24 10 2021,310.68
3102,Customer_3102,23,Male,Phoenix,19 04 2023,158.86
3103,Customer_3103,18,Male,Los Angeles,12 09 2023,266.62
3104,Customer_3104,32,Male,New York,25 04 2023,93.31
3105,Customer_3105,48,Male,Houston,20 03 2021,684.46
3106,Customer_3106,23,Female,Chicago,31 12 2022,1116.01
3107,Customer_3107,43,Female,New York,05 12 2021,461.08
3108,Customer_3108,25,Male,Chicago,26 02 2021,94.6
3109,Customer_3109,36,Male,Houston,09 07 2023,0.0
3110,Customer_3110,43,Female,Houston,27 05 2021,362.06
3111,Customer_3111,28,Male,Chicago,16 01 2023,581.1
3112,Customer_3112,37,Female,Los Angeles,07 11 2023,72.71
3113,Customer_3113,30,Female,Phoenix,03 01 2022,163.42
3114,Customer_3114,43,Male,Chicago,10 12 2022,1139.38
3115,Customer_3115,38,Male,Los Angeles,05 09 2021,1545.73
3116,Customer_3116,36,Male,Los Angeles,30 05 2021,1286.06
3117,Customer_3117,52,Female,Houston,15 12 2022,871.82
3118,Customer_3118,42,Male,New York,05 08 2021,687.62
3119,Customer_3119,27,Female,New York,27 10 2023,375.84
3120,Customer_3120,34,Female,Chicago,01 11 2022,134.45
3121,Customer_3121,34,Male,Los Angeles,11 05 2023,877.85
3122,Customer_3122,36,Male,Chicago,31 10 2021,0.0
3123,Customer_3123,63,Male,New York,07 02 2022,227.83
3124,Customer_3124,39,Male,Chicago,10 05 2023,112.22
3125,Customer_3125,18,Male,Los Angeles,15 01 2022,398.28
3126,Customer_3126,29,Male,New York,28 03 2022,346.05
3127,Customer_3127,18,Female,New York,25 11 2022,455.9
3128,Customer_3128,31,Female,Phoenix,25 05 2021,611.91
3129,Customer_3129,18,Female,Phoenix,19 02 2021,1131.79
3130,Customer_3130,25,Female,New York,09 12 2021,52.27
3131,Customer_3131,18,Male,Houston,01 06 2023,535.75
3132,Customer_3132,39,Female,Chicago,09 06 2023,317.02
3133,Customer_3133,35,Female,Phoenix,03 11 2023,1090.55
3134,Customer_3134,38,Female,Los Angeles,01 02 2023,1210.52
3135,Customer_3135,34,Male,Houston,28 04 2023,1749.49
3136,Customer_3136,20,Female,New York,13 07 2023,541.37
3137,Customer_3137,41,Male,Los Angeles,08 07 2021,211.1
3138,Customer_3138,56,Female,Phoenix,10 12 2023,229.21
3139,Customer_3139,40,Female,Chicago,14 02 2022,449.57
3140,Customer_3140,30,Male,Los Angeles,15 08 2021,876.89
3141,Customer_3141,19,Male,New York,01 08 2021,687.84
3142,Customer_3142,25,Female,Houston,02 10 2023,630.13
3143,Customer_3143,40,Male,Chicago,23 02 2022,0.0
3144,Customer_3144,47,Male,Los Angeles,08 07 2023,825.97
3145,Customer_3145,38,Female,Phoenix,16 02 2023,235.05
3146,Customer_3146,44,Male,New York,09 08 2021,535.63
3147,Customer_3147,43,Male,Los Angeles,25 06 2021,621.78
3148,Customer_3148,41,Male,Phoenix,07 08 2022,0.0
3149,Customer_3149,28,Male,Los Angeles,19 06 2022,601.08
3150,Customer_3150,37,Male,Los Angeles,26 12 2022,259.11
3151,Customer_3151,26,Male,Chicago,20 11 2021,777.22
3152,Customer_3152,35,Male,Houston,26 03 2021,2684.8
3153,Customer_3153,39,Male,New York,17 10 2023,2477.54
3154,Customer_3154,53,Male,Phoenix,06 06 2023,353.34
3155,Customer_3155,21,Male,Houston,22 04 2021,334.88
3156,Customer_3156,40,Male,New York,20 09 2022,1319.48
3157,Customer_3157,51,Female,Houston,07 08 2023,100.39
3158,Customer_3158,43,Male,Los Angeles,20 01 2023,270.99
3159,Customer_3159,44,Male,Los Angeles,21 02 2021,723.6
3160,Customer_3160,41,Female,Houston,25 03 2021,546.74
3161,Customer_3161,49,Male,Phoenix,13 12 2022,257.71
3162,Customer_3162,23,Female,New York,01 01 2023,1380.37
3163,Customer_3163,20,Female,Los Angeles,11 01 2023,796.65
3164,Customer_3164,35,Male,Chicago,09 04 2023,198.0
3165,Customer_3165,18,Female,Los Angeles,01 03 2022,1288.53
3166,Customer_3166,49,Male,Los Angeles,11 11 2023,1205.86
3167,Customer_3167,48,Male,New York,25 02 2021,168.04
3168,Customer_3168,30,Female,Houston,23 03 2023,0.0
3169,Customer_3169,31,Female,Los Angeles,18 03 2023,572.92
3170,Customer_3170,34,Female,New York,06 10 2023,396.26
3171,Customer_3171,36,Male,Houston,17 10 2022,228.36
3172,Customer_3172,36,Male,Houston,04 10 2023,1056.23
3173,Customer_3173,41,Male,Chicago,27 06 2023,265.72
3174,Customer_3174,33,Female,Los Angeles,08 01 2021,712.52
3175,Customer_3175,45,Male,Chicago,04 05 2021,436.96
3176,Customer_3176,40,Male,Los Angeles,17 09 2023,42.67
3177,Customer_3177,28,Male,New York,15 04 2023,0.0
3178,Customer_3178,50,Female,Houston,05 02 2023,668.36
3179,Customer_3179,20,Male,New York,31 01 2021,702.58
3180,Customer_3180,34,Male,New York,13 01 2022,255.64
3181,Customer_3181,46,Male,New York,26 11 2021,271.63
3182,Customer_3182,27,Female,New York,09 10 2021,184.64
3183,Customer_3183,38,Male,New York,02 11 2023,801.04
3184,Customer_3184,41,Male,Phoenix,01 10 2022,1670.21
3185,Customer_3185,26,Female,Los Angeles,22 05 2023,17.56
3186,Customer_3186,34,Male,New York,30 11 2022,737.39
3187,Customer_3187,33,Male,New York,10 03 2021,1582.01
3188,Customer_3188,29,Female,Phoenix,21 04 2023,427.69
3189,Customer_3189,60,Female,Chicago,23 01 2021,198.48
3190,Customer_3190,27,Male,Los Angeles,03 12 2021,172.45
3191,Customer_3191,46,Female,Phoenix,03 03 2022,485.99
3192,Customer_3192,31,Male,Los Angeles,25 04 2023,108.16
3193,Customer_3193,23,Female,Los Angeles,28 07 2021,385.8
3194,Customer_3194,36,Male,New York,03 08 2021,380.29
3195,Customer_3195,42,Female,Los Angeles,27 09 2022,401.01
3196,Customer_3196,45,Male,Los Angeles,27 02 2022,201.29
3197,Customer_3197,52,Male,Houston,14 03 2021,1217.32
3198,Customer_3198,67,Male,Los Angeles,03 04 2023,67.14
3199,Customer_3199,38,Male,Chicago,25 02 2023,748.12
3200,Customer_3200,28,Female,New York,27 07 2023,396.15
3201,Customer_3201,40,Male,New York,01 12 2023,147.47
3202,Customer_3202,32,Female,Los Angeles,16 10 2021,1084.43
3203,Customer_3203,45,Female,Phoenix,09 07 2022,513.93
3204,Customer_3204,21,Female,Los Angeles,15 03 2022,741.66
3205,Customer_3205,61,Female,Chicago,28 01 2021,60.7
3206,Customer_3206,44,Male,Los Angeles,27 09 2021,434.16
3207,Customer_3207,18,Male,New York,15 03 2021,625.82
3208,Customer_3208,27,Female,New York,05 11 2022,349.12
3209,Customer_3209,44,Female,Los Angeles,03 09 2021,808.81
3210,Customer_3210,48,Male,New York,14 02 2022,1831.24
3211,Customer_3211,21,Female,New York,13 05 2022,243.98
3212,Customer_3212,43,Female,Houston,09 10 2023,0.0
3213,Customer_3213,18,Female,New York,30 07 2021,353.77
3214,Customer_3214,34,Male,Chicago,03 03 2023,0.0
3215,Customer_3215,47,Male,Los Angeles,26 12 2021,212.85
3216,Customer_3216,29,Female,Chicago,05 08 2022,57.92
3217,Customer_3217,18,Female,Chicago,10 11 2023,0.0
3218,Customer_3218,37,Male,Los Angeles,27 02 2022,509.59
3219,Customer_3219,28,Male,Los Angeles,01 05 2021,214.95
3220,Customer_3220,42,Female,Houston,22 06 2021,191.89
3221,Customer_3221,25,Male,Phoenix,03 02 2021,701.23
3222,Customer_3222,27,Female,New York,07 07 2023,476.26
3223,Customer_3223,18,Female,New York,12 03 2021,449.26
3224,Customer_3224,37,Male,Phoenix,29 06 2022,0.0
3225,Customer_3225,33,Female,Los Angeles,13 02 2023,191.35
3226,Customer_3226,22,Male,Chicago,23 02 2023,883.58
3227,Customer_3227,37,Female,Los Angeles,26 08 2023,657.49
3228,Customer_3228,46,Female,New York,19 06 2022,908.01
3229,Customer_3229,33,Male,Chicago,14 01 2021,723.33
3230,Customer_3230,38,Female,Chicago,28 09 2021,122.8
3231,Customer_3231,38,Male,New York,13 12 2023,336.64
3232,Customer_3232,22,Female,Los Angeles,08 04 2022,474.42
3233,Customer_3233,58,Female,Houston,07 06 2022,2441.57
3234,Customer_3234,30,Female,Chicago,09 02 2023,62.12
3235,Customer_3235,42,Male,New York,05 05 2023,856.9
3236,Customer_3236,43,Female,Chicago,03 03 2023,0.0
3237,Customer_3237,33,Male,Houston,19 03 2022,129.91
3238,Customer_3238,42,Female,Houston,08 09 2021,409.05
3239,Customer_3239,38,Male,Chicago,09 06 2021,586.53
3240,Customer_3240,19,Female,New York,05 02 2021,929.21
3241,Customer_3241,31,Male,Houston,30 05 2023,963.36
3242,Customer_3242,28,Male,Houston,28 01 2022,1749.28
3243,Customer_3243,30,Male,New York,13 02 2021,373.45
3244,Customer_3244,21,Male,Los Angeles,11 11 2021,969.75
3245,Customer_3245,47,Male,Los Angeles,12 02 2022,1292.88
3246,Customer_3246,53,Male,Chicago,14 06 2023,1405.69
3247,Customer_3247,46,Female,New York,25 07 2021,1743.32
3248,Customer_3248,49,Female,Chicago,10 02 2021,1600.02
3249,Customer_3249,31,Male,Phoenix,11 08 2022,420.92
3250,Customer_3250,28,Male,Houston,15 12 2022,151.86
3251,Customer_3251,26,Male,Phoenix,17 06 2023,169.94
3252,Customer_3252,42,Female,Phoenix,05 04 2021,2228.19
3253,Customer_3253,37,Female,New York,24 06 2022,147.78
3254,Customer_3254,34,Female,Chicago,28 02 2021,361.04
3255,Customer_3255,49,Male,Los Angeles,04 05 2023,342.77
3256,Customer_3256,39,Female,Phoenix,24 05 2022,1374.91
3257,Customer_3257,26,Female,Los Angeles,28 05 2022,87.51
3258,Customer_3258,28,Female,Phoenix,10 03 2023,0.0
3259,Customer_3259,43,Female,Chicago,12 11 2023,277.15
3260,Customer_3260,46,Male,Houston,08 01 2023,412.79
3261,Customer_3261,41,Female,New York,30 11 2022,1033.96
3262,Customer_3262,56,Male,New York,06 06 2023,0.0
3263,Customer_3263,53,Female,Houston,16 04 2022,1471.81
3264,Customer_3264,40,Female,New York,11 10 2021,826.58
3265,Customer_3265,26,Female,Houston,07 01 2022,45.3
3266,Customer_3266,21,Female,New York,17 11 2023,0.0
3267,Customer_3267,31,Female,Chicago,05 05 2023,104.68
3268,Customer_3268,43,Female,Los Angeles,09 05 2021,42.44
3269,Customer_3269,55,Male,Chicago,22 05 2022,1209.54
3270,Customer_3270,40,Female,Houston,01 08 2022,0.0
3271,Customer_3271,48,Male,Los Angeles,18 04 2022,134.72
3272,Customer_3272,32,Male,New York,05 10 2023,323.31
3273,Customer_3273,42,Male,New York,30 10 2022,516.98
3274,Customer_3274,44,Female,Chicago,16 11 2021,1588.5
3275,Customer_3275,18,Female,Chicago,27 02 2021,373.98
3276,Customer_3276,30,Female,Houston,30 09 2021,619.91
3277,Customer_3277,45,Female,Chicago,09 09 2023,361.38
3278,Customer_3278,38,Male,Los Angeles,10 02 2021,202.38
3279,Customer_3279,22,Female,Los Angeles,08 01 2023,1290.65
3280,Customer_3280,18,Female,New York,13 11 2023,650.73
3281,Customer_3281,31,Male,Los Angeles,10 12 2022,76.69
3282,Customer_3282,34,Male,Phoenix,24 08 2021,2941.34
3283,Customer_3283,25,Male,Phoenix,06 05 2021,859.28
3284,Customer_3284,37,Female,Los Angeles,17 02 2023,21.73
3285,Customer_3285,41,Female,Chicago,16 04 2023,0.0
3286,Customer_3286,42,Female,Houston,20 05 2021,363.51
3287,Customer_3287,18,Female,Los Angeles,29 05 2023,2293.07
3288,Customer_3288,21,Female,New York,29 01 2022,243.36
3289,Customer_3289,32,Female,New York,08 04 2023,737.21
3290,Customer_3290,41,Female,Chicago,07 05 2021,380.82
3291,Customer_3291,40,Female,Phoenix,17 04 2023,0.0
3292,Customer_3292,40,Female,Houston,09 06 2022,294.02
3293,Customer_3293,31,Male,New York,26 05 2021,62.42
3294,Customer_3294,31,Male,New York,05 01 2023,26.09
3295,Customer_3295,27,Male,Houston,29 12 2022,1010.58
3296,Customer_3296,43,Female,Houston,18 06 2021,2267.02
3297,Customer_3297,25,Female,Chicago,27 10 2021,0.0
3298,Customer_3298,44,Female,Chicago,27 07 2023,0.0
3299,Customer_3299,37,Male,New York,06 06 2022,304.36
3300,Customer_3300,35,Male,Houston,15 04 2021,1079.89
3301,Customer_3301,28,Female,Houston,10 09 2022,1682.68
3302,Customer_3302,20,Male,Los Angeles,27 08 2023,506.01
3303,Customer_3303,28,Female,Houston,21 05 2022,715.35
3304,Customer_3304,31,Male,New York,29 10 2021,232.42
3305,Customer_3305,18,Male,New York,15 10 2022,0.0
3306,Customer_3306,33,Male,New York,05 03 2021,1866.84
3307,Customer_3307,45,Male,New York,13 08 2022,358.2
3308,Customer_3308,41,Male,Los Angeles,20 08 2021,732.91
3309,Customer_3309,30,Female,Los Angeles,15 11 2021,0.0
3310,Customer_3310,36,Male,Chicago,09 04 2023,2460.7
3311,Customer_3311,29,Female,Chicago,02 04 2021,723.67
3312,Customer_3312,37,Male,Los Angeles,19 08 2023,23.98
3313,Customer_3313,52,Male,New York,05 03 2021,345.31
3314,Customer_3314,46,Male,Chicago,24 04 2023,0.0
3315,Customer_3315,41,Female,Los Angeles,07 08 2021,129.62
3316,Customer_3316,30,Male,Los Angeles,05 12 2022,0.0
3317,Customer_3317,43,Male,Phoenix,11 09 2022,1582.58
3318,Customer_3318,18,Male,Houston,04 09 2021,1764.35
3319,Customer_3319,32,Female,Phoenix,22 08 2023,1464.42
3320,Customer_3320,41,Female,Chicago,11 10 2023,924.36
3321,Customer_3321,43,Female,New York,26 02 2021,133.83
3322,Customer_3322,42,Female,Houston,05 12 2023,894.3
3323,Customer_3323,38,Male,New York,28 11 2023,104.18
3324,Customer_3324,33,Female,Los Angeles,01 07 2021,1567.13
3325,Customer_3325,41,Male,New York,13 06 2021,647.38
3326,Customer_3326,25,Female,Houston,27 01 2023,676.85
3327,Customer_3327,26,Female,New York,06 05 2021,404.72
3328,Customer_3328,36,Male,Phoenix,24 09 2021,2099.81
3329,Customer_3329,37,Male,Phoenix,20 12 2021,587.28
3330,Customer_3330,18,Female,Los Angeles,02 09 2022,1257.79
3331,Customer_3331,40,Male,Houston,14 04 2022,1709.5
3332,Customer_3332,44,Male,Chicago,12 03 2023,39.28
3333,Customer_3333,34,Female,Houston,13 05 2021,670.51
3334,Customer_3334,61,Male,Los Angeles,09 10 2023,167.65
3335,Customer_3335,27,Male,Houston,29 04 2023,0.0
3336,Customer_3336,31,Male,Los Angeles,17 10 2023,818.21
3337,Customer_3337,31,Female,Phoenix,14 11 2021,467.68
3338,Customer_3338,34,Male,Chicago,12 12 2022,127.04
3339,Customer_3339,31,Female,Los Angeles,27 03 2022,1677.62
3340,Customer_3340,20,Female,Houston,25 09 2022,372.84
3341,Customer_3341,29,Female,Houston,22 05 2021,605.65
3342,Customer_3342,34,Female,Chicago,01 10 2023,582.84
3343,Customer_3343,49,Male,New York,09 05 2023,817.11
3344,Customer_3344,59,Male,Los Angeles,23 07 2022,1383.78
3345,Customer_3345,50,Male,Phoenix,31 10 2021,172.92
3346,Customer_3346,26,Female,Houston,19 10 2022,1254.93
3347,Customer_3347,27,Female,Houston,06 10 2022,815.62
3348,Customer_3348,33,Female,New York,16 08 2022,397.68
3349,Customer_3349,55,Male,Los Angeles,30 01 2021,742.09
3350,Customer_3350,33,Female,Chicago,26 11 2022,95.12
3351,Customer_3351,20,Male,Houston,07 06 2021,1579.87
3352,Customer_3352,29,Male,New York,26 05 2021,1689.17
3353,Customer_3353,43,Female,Phoenix,06 12 2021,1400.86
3354,Customer_3354,43,Male,Chicago,16 05 2023,180.78
3355,Customer_3355,33,Female,New York,02 04 2021,863.05
3356,Customer_3356,43,Male,Los Angeles,25 11 2021,334.85
3357,Customer_3357,18,Male,Los Angeles,21 06 2021,590.63
3358,Customer_3358,36,Female,Chicago,03 12 2022,222.6
3359,Customer_3359,44,Female,New York,21 11 2023,317.15
3360,Customer_3360,26,Male,New York,13 09 2022,1157.47
3361,Customer_3361,26,Male,Houston,29 09 2021,536.12
3362,Customer_3362,18,Female,New York,16 09 2023,557.72
3363,Customer_3363,52,Male,New York,18 03 2021,217.75
3364,Customer_3364,27,Male,Los Angeles,31 05 2021,329.95
3365,Customer_3365,38,Male,Chicago,22 05 2021,0.0
3366,Customer_3366,42,Female,Houston,19 08 2021,690.04
3367,Customer_3367,52,Male,Los Angeles,12 08 2023,340.52
3368,Customer_3368,33,Male,Houston,08 05 2021,778.6
3369,Customer_3369,29,Female,Chicago,10 05 2023,2861.72
3370,Customer_3370,37,Female,New York,27 11 2022,1361.92
3371,Customer_3371,49,Male,New York,12 05 2022,1233.21
3372,Customer_3372,33,Female,Los Angeles,21 03 2023,990.31
3373,Customer_3373,24,Male,Los Angeles,11 05 2021,1852.01
3374,Customer_3374,18,Female,Houston,26 09 2021,486.43
3375,Customer_3375,22,Female,Chicago,10 09 2022,878.17
3376,Customer_3376,45,Male,Los Angeles,20 08 2023,2057.9
3377,Customer_3377,31,Female,New York,11 12 2023,489.35
3378,Customer_3378,28,Female,New York,20 03 2023,348.83
3379,Customer_3379,27,Female,Chicago,26 10 2023,69.41
3380,Customer_3380,36,Male,Los Angeles,10 10 2022,443.72
3381,Customer_3381,32,Female,Chicago,08 01 2023,405.54
3382,Customer_3382,32,Female,New York,17 05 2022,706.11
3383,Customer_3383,50,Male,Chicago,13 02 2022,3928.49
3384,Customer_3384,52,Female,Phoenix,31 03 2023,40.65
3385,Customer_3385,18,Male,Los Angeles,22 06 2023,527.94
3386,Customer_3386,39,Female,Chicago,08 07 2021,0.0
3387,Customer_3387,26,Male,Phoenix,08 09 2023,894.71
3388,Customer_3388,32,Female,Los Angeles,26 03 2023,59.38
3389,Customer_3389,38,Male,Chicago,18 01 2022,243.47
3390,Customer_3390,33,Female,New York,30 04 2023,590.92
3391,Customer_3391,38,Female,Chicago,05 05 2022,1208.56
3392,Customer_3392,42,Female,New York,02 03 2022,603.21
3393,Customer_3393,38,Female,Phoenix,07 09 2021,44.94
3394,Customer_3394,28,Female,Houston,21 12 2023,414.5
3395,Customer_3395,28,Female,Houston,17 10 2023,478.01
3396,Customer_3396,19,Male,Houston,15 11 2022,166.74
3397,Customer_3397,26,Female,Chicago,15 11 2021,938.16
3398,Customer_3398,57,Female,Los Angeles,17 10 2023,623.69
3399,Customer_3399,26,Male,Phoenix,13 08 2021,1733.21
3400,Customer_3400,22,Male,Phoenix,27 02 2022,135.72
3401,Customer_3401,39,Female,Chicago,27 06 2023,703.04
3402,Customer_3402,34,Female,Phoenix,20 03 2021,0.0
3403,Customer_3403,33,Female,Chicago,05 05 2023,389.82
3404,Customer_3404,50,Male,Chicago,01 10 2023,2827.15
3405,Customer_3405,41,Male,Los Angeles,31 12 2021,114.84
3406,Customer_3406,29,Female,New York,22 01 2021,1022.05
3407,Customer_3407,30,Male,New York,02 07 2022,194.71
3408,Customer_3408,29,Male,New York,26 11 2021,1108.22
3409,Customer_3409,45,Male,Chicago,25 02 2021,533.28
3410,Customer_3410,32,Male,Los Angeles,14 07 2023,285.42
3411,Customer_3411,18,Female,Los Angeles,18 09 2021,2849.51
3412,Customer_3412,34,Female,Phoenix,11 03 2022,195.5
3413,Customer_3413,18,Female,Los Angeles,22 06 2022,1578.83
3414,Customer_3414,59,Female,Los Angeles,19 06 2022,805.75
3415,Customer_3415,24,Male,New York,16 01 2022,485.93
3416,Customer_3416,33,Male,New York,13 04 2021,805.99
3417,Customer_3417,38,Female,Houston,29 01 2021,393.96
3418,Customer_3418,32,Female,Chicago,17 12 2023,82.53
3419,Customer_3419,32,Female,Houston,22 12 2023,0.0
3420,Customer_3420,40,Male,New York,13 08 2023,221.76
3421,Customer_3421,52,Female,Chicago,08 12 2023,162.15
3422,Customer_3422,43,Female,Los Angeles,01 07 2022,46.8
3423,Customer_3423,51,Female,New York,23 11 2021,412.87
3424,Customer_3424,23,Female,New York,23 09 2021,1885.49
3425,Customer_3425,38,Male,New York,30 12 2022,778.4
3426,Customer_3426,37,Male,Los Angeles,04 12 2023,1224.1
3427,Customer_3427,39,Female,New York,07 08 2021,380.62
3428,Customer_3428,50,Male,Phoenix,06 05 2021,0.0
3429,Customer_3429,33,Male,Los Angeles,01 06 2023,86.22
3430,Customer_3430,31,Male,New York,15 11 2021,0.0
3431,Customer_3431,41,Female,New York,26 03 2021,1095.1
3432,Customer_3432,18,Female,Chicago,01 12 2023,0.0
3433,Customer_3433,32,Female,New York,24 12 2022,302.94
3434,Customer_3434,34,Male,Phoenix,28 12 2021,496.58
3435,Customer_3435,25,Female,Phoenix,02 01 2022,0.0
3436,Customer_3436,47,Female,New York,15 09 2023,964.11
3437,Customer_3437,23,Female,Los Angeles,30 12 2023,866.42
3438,Customer_3438,34,Male,New York,11 08 2022,896.37
3439,Customer_3439,38,Female,Chicago,21 08 2023,1046.61
3440,Customer_3440,50,Male,Los Angeles,04 05 2022,2023.32
3441,Customer_3441,35,Male,Los Angeles,11 04 2023,622.96
3442,Customer_3442,45,Female,New York,28 10 2022,0.0
3443,Customer_3443,43,Male,Chicago,26 05 2023,613.81
3444,Customer_3444,36,Female,Los Angeles,27 12 2021,1081.95
3445,Customer_3445,23,Male,New York,24 12 2021,225.12
3446,Customer_3446,19,Female,Houston,06 01 2023,1689.39
3447,Customer_3447,36,Male,Chicago,05 03 2021,1021.34
3448,Customer_3448,29,Male,Phoenix,30 06 2021,1380.87
3449,Customer_3449,45,Male,New York,10 08 2022,641.43
3450,Customer_3450,43,Male,Houston,08 07 2021,579.98
3451,Customer_3451,33,Female,Houston,03 08 2022,333.32
3452,Customer_3452,22,Male,New York,19 06 2021,90.16
3453,Customer_3453,41,Male,Houston,18 11 2021,214.77
3454,Customer_3454,24,Male,Los Angeles,11 10 2021,208.8
3455,Customer_3455,27,Female,Phoenix,01 01 2022,2643.98
3456,Customer_3456,24,Male,New York,21 04 2021,993.97
3457,Customer_3457,33,Male,Chicago,19 03 2021,1413.41
3458,Customer_3458,48,Male,Los Angeles,10 09 2021,410.05
3459,Customer_3459,35,Female,Phoenix,24 08 2021,575.49
3460,Customer_3460,30,Male,Los Angeles,03 04 2021,1086.7
3461,Customer_3461,18,Female,Phoenix,24 11 2023,294.04
3462,Customer_3462,41,Male,Phoenix,10 08 2021,76.4
3463,Customer_3463,26,Female,Los Angeles,15 06 2023,365.52
3464,Customer_3464,36,Male,Houston,19 08 2023,457.21
3465,Customer_3465,31,Male,Phoenix,12 09 2023,0.0
3466,Customer_3466,44,Female,Los Angeles,23 04 2023,1859.56
3467,Customer_3467,33,Male,Los Angeles,09 09 2021,1115.14
3468,Customer_3468,34,Female,Chicago,22 05 2021,1250.31
3469,Customer_3469,40,Male,Los Angeles,07 11 2021,29.16
3470,Customer_3470,58,Male,New York,05 08 2022,341.47
3471,Customer_3471,45,Male,New York,12 12 2021,862.4
3472,Customer_3472,34,Male,Los Angeles,29 10 2021,536.62
3473,Customer_3473,35,Male,Los Angeles,22 05 2022,2359.12
3474,Customer_3474,29,Female,New York,04 09 2021,1141.76
3475,Customer_3475,25,Female,Phoenix,03 05 2022,128.79
3476,Customer_3476,29,Male,Houston,17 07 2023,146.24
3477,Customer_3477,27,Male,New York,02 03 2023,129.64
3478,Customer_3478,42,Male,Chicago,01 07 2023,760.78
3479,Customer_3479,23,Male,Chicago,03 06 2021,318.31
3480,Customer_3480,50,Female,Phoenix,02 08 2023,100.29
3481,Customer_3481,43,Male,New York,18 08 2022,1019.91
3482,Customer_3482,35,Female,New York,03 03 2021,654.07
3483,Customer_3483,35,Male,Phoenix,20 05 2023,137.72
3484,Customer_3484,29,Female,Phoenix,19 12 2023,486.47
3485,Customer_3485,38,Female,Houston,11 04 2022,405.42
3486,Customer_3486,47,Female,Houston,07 11 2021,739.47
3487,Customer_3487,27,Female,New York,22 12 2023,838.15
3488,Customer_3488,18,Male,Chicago,27 03 2023,0.0
3489,Customer_3489,43,Female,New York,13 04 2021,438.32
3490,Customer_3490,39,Female,New York,28 01 2021,0.0
3491,Customer_3491,23,Female,Houston,23 05 2022,3737.67
3492,Customer_3492,27,Female,New York,14 05 2021,206.82
3493,Customer_3493,26,Female,Los Angeles,28 02 2021,600.99
3494,Customer_3494,27,Female,Phoenix,11 03 2021,317.02
3495,Customer_3495,31,Male,New York,04 07 2021,422.45
3496,Customer_3496,32,Male,Phoenix,26 07 2022,2127.08
3497,Customer_3497,28,Male,Phoenix,17 06 2021,1653.55
3498,Customer_3498,27,Female,Chicago,01 08 2022,610.06
3499,Customer_3499,32,Female,New York,01 07 2021,152.24
3500,Customer_3500,37,Male,Los Angeles,12 03 2021,0.0
3501,Customer_3501,32,Female,Los Angeles,10 07 2022,1034.95
3502,Customer_3502,48,Female,Los Angeles,02 05 2023,1439.25
3503,Customer_3503,41,Female,Los Angeles,17 12 2023,743.17
3504,Customer_3504,18,Female,Phoenix,14 11 2022,1533.64
3505,Customer_3505,41,Female,New York,14 11 2021,1364.9
3506,Customer_3506,42,Female,Houston,09 04 2023,568.34
3507,Customer_3507,30,Male,New York,04 04 2021,1238.88
3508,Customer_3508,19,Male,Chicago,24 09 2021,307.78
3509,Customer_3509,35,Male,Phoenix,06 09 2022,2113.59
3510,Customer_3510,35,Male,Los Angeles,17 05 2022,284.74
3511,Customer_3511,23,Male,New York,01 08 2022,584.79
3512,Customer_3512,19,Male,Chicago,24 09 2022,40.12
3513,Customer_3513,34,Male,Houston,06 10 2021,1095.98
3514,Customer_3514,32,Female,Houston,24 01 2023,1210.08
3515,Customer_3515,30,Female,Los Angeles,30 08 2021,364.54
3516,Customer_3516,34,Female,Los Angeles,22 02 2023,785.81
3517,Customer_3517,23,Male,Phoenix,20 08 2023,864.03
3518,Customer_3518,30,Male,Phoenix,12 09 2023,255.69
3519,Customer_3519,41,Female,Los Angeles,04 01 2021,140.88
3520,Customer_3520,31,Male,Houston,16 11 2021,252.39
3521,Customer_3521,18,Female,Los Angeles,29 10 2023,756.13
3522,Customer_3522,30,Male,Los Angeles,12 12 2023,306.8
3523,Customer_3523,23,Female,New York,21 10 2023,219.32
3524,Customer_3524,38,Female,Los Angeles,18 02 2023,485.3
3525,Customer_3525,39,Female,Chicago,07 04 2023,1798.47
3526,Customer_3526,18,Female,New York,07 10 2021,0.0
3527,Customer_3527,43,Female,Los Angeles,12 09 2023,186.06
3528,Customer_3528,23,Female,Houston,28 01 2021,344.36
3529,Customer_3529,52,Male,Houston,21 03 2023,1207.23
3530,Customer_3530,34,Male,Chicago,29 09 2021,279.59
3531,Customer_3531,21,Female,Phoenix,09 07 2021,203.83
3532,Customer_3532,22,Male,New York,30 06 2022,2799.37
3533,Customer_3533,39,Male,Chicago,21 10 2021,432.66
3534,Customer_3534,31,Female,Houston,28 04 2023,248.92
3535,Customer_3535,34,Female,Chicago,10 02 2023,740.15
3536,Customer_3536,53,Female,Los Angeles,08 02 2023,899.35
3537,Customer_3537,27,Female,New York,22 02 2021,616.66
3538,Customer_3538,36,Male,Phoenix,15 11 2022,450.44
3539,Customer_3539,51,Female,Chicago,07 12 2023,1207.02
3540,Customer_3540,38,Male,Phoenix,08 10 2023,904.33
3541,Customer_3541,18,Male,Chicago,04 12 2022,235.67
3542,Customer_3542,41,Female,Houston,02 06 2023,150.66
3543,Customer_3543,22,Male,Houston,10 04 2022,0.0
3544,Customer_3544,50,Female,Chicago,07 07 2022,209.65
3545,Customer_3545,26,Male,Los Angeles,06 07 2023,913.3
3546,Customer_3546,68,Female,Chicago,05 10 2023,438.53
3547,Customer_3547,51,Male,Houston,13 07 2021,0.0
3548,Customer_3548,26,Male,Los Angeles,07 03 2021,98.46
3549,Customer_3549,35,Female,Los Angeles,09 07 2022,492.54
3550,Customer_3550,43,Male,New York,24 08 2022,428.82
3551,Customer_3551,44,Male,Phoenix,16 11 2023,3881.3
3552,Customer_3552,40,Male,New York,21 04 2022,1202.89
3553,Customer_3553,49,Male,Chicago,27 07 2022,3949.16
3554,Customer_3554,34,Male,Los Angeles,01 02 2023,501.22
3555,Customer_3555,31,Female,Los Angeles,06 06 2023,1022.67
3556,Customer_3556,31,Female,Houston,10 04 2023,74.81
3557,Customer_3557,44,Male,New York,23 03 2021,399.28
3558,Customer_3558,39,Female,Chicago,01 12 2022,0.0
3559,Customer_3559,38,Male,Houston,13 02 2021,754.93
3560,Customer_3560,44,Male,Houston,04 04 2023,411.72
3561,Customer_3561,18,Female,New York,02 09 2022,974.43
3562,Customer_3562,38,Female,Phoenix,21 12 2022,2788.43
3563,Customer_3563,37,Male,Chicago,22 11 2022,183.16
3564,Customer_3564,53,Female,Phoenix,30 11 2022,287.68
3565,Customer_3565,18,Male,Chicago,17 04 2023,42.78
3566,Customer_3566,52,Female,Chicago,20 04 2021,115.78
3567,Customer_3567,36,Male,Phoenix,07 08 2021,2134.44
3568,Customer_3568,40,Female,Phoenix,08 04 2022,496.84
3569,Customer_3569,53,Male,Los Angeles,10 05 2023,321.33
3570,Customer_3570,41,Female,Los Angeles,30 05 2022,897.88
3571,Customer_3571,39,Male,Los Angeles,29 09 2022,900.43
3572,Customer_3572,38,Female,Los Angeles,19 09 2022,562.79
3573,Customer_3573,30,Male,Los Angeles,11 03 2021,355.0
3574,Customer_3574,35,Male,Los Angeles,04 04 2022,0.0
3575,Customer_3575,27,Female,Phoenix,07 04 2021,1710.87
3576,Customer_3576,35,Female,New York,12 08 2021,771.28
3577,Customer_3577,18,Female,Houston,11 04 2023,811.05
3578,Customer_3578,40,Male,New York,03 10 2022,637.16
3579,Customer_3579,34,Male,Los Angeles,11 05 2022,1005.58
3580,Customer_3580,31,Male,New York,28 11 2023,0.0
3581,Customer_3581,37,Female,Los Angeles,08 02 2023,439.82
3582,Customer_3582,19,Female,Houston,30 01 2023,591.16
3583,Customer_3583,56,Male,Phoenix,03 05 2022,138.12
3584,Customer_3584,34,Female,New York,10 07 2022,861.74
3585,Customer_3585,33,Male,Los Angeles,19 09 2023,519.94
3586,Customer_3586,24,Female,Chicago,04 05 2022,178.82
3587,Customer_3587,35,Male,Phoenix,26 02 2021,0.0
3588,Customer_3588,50,Female,Houston,27 05 2022,297.77
3589,Customer_3589,46,Female,Chicago,14 04 2021,315.51
3590,Customer_3590,44,Male,Houston,11 07 2022,1192.85
3591,Customer_3591,41,Male,Houston,01 03 2021,1543.46
3592,Customer_3592,31,Male,New York,05 01 2023,1258.31
3593,Customer_3593,19,Female,Los Angeles,06 01 2022,1773.49
3594,Customer_3594,33,Female,Phoenix,26 01 2021,0.0
3595,Customer_3595,32,Male,Houston,28 01 2022,253.69
3596,Customer_3596,47,Male,Chicago,29 08 2022,484.32
3597,Customer_3597,38,Female,Chicago,20 04 2021,27.58
3598,Customer_3598,53,Female,Los Angeles,12 02 2023,190.75
3599,Customer_3599,48,Female,Chicago,11 09 2021,129.86
3600,Customer_3600,30,Male,Chicago,06 07 2023,50.88
3601,Customer_3601,18,Female,Los Angeles,05 02 2023,121.58
3602,Customer_3602,50,Female,Houston,22 06 2022,525.36
3603,Customer_3603,50,Female,Phoenix,07 09 2022,143.68
3604,Customer_3604,20,Female,New York,10 08 2022,0.0
3605,Customer_3605,52,Female,Los Angeles,20 08 2022,1670.19
3606,Customer_3606,39,Female,Los Angeles,23 04 2021,1183.31
3607,Customer_3607,37,Female,Houston,23 07 2022,598.4
3608,Customer_3608,53,Male,New York,13 08 2023,519.41
3609,Customer_3609,50,Female,Chicago,15 06 2023,1706.26
3610,Customer_3610,42,Male,Phoenix,01 02 2023,329.48
3611,Customer_3611,40,Male,Los Angeles,27 07 2023,611.63
3612,Customer_3612,42,Male,Phoenix,15 10 2022,333.8
3613,Customer_3613,31,Male,Phoenix,25 03 2021,818.36
3614,Customer_3614,34,Female,New York,20 12 2022,910.58
3615,Customer_3615,25,Female,New York,18 05 2023,1131.99
3616,Customer_3616,31,Male,Phoenix,07 08 2023,968.92
3617,Customer_3617,31,Male,Phoenix,29 10 2021,885.46
3618,Customer_3618,28,Male,New York,22 07 2022,803.22
3619,Customer_3619,37,Male,New York,25 06 2022,621.97
3620,Customer_3620,31,Male,New York,02 04 2021,0.0
3621,Customer_3621,41,Female,Phoenix,16 10 2022,1126.64
3622,Customer_3622,18,Female,New York,06 09 2022,1062.66
3623,Customer_3623,34,Male,Chicago,12 03 2021,1183.21
3624,Customer_3624,36,Male,Houston,31 10 2022,894.61
3625,Customer_3625,32,Female,New York,22 03 2021,1089.93
3626,Customer_3626,33,Male,Chicago,18 08 2022,329.76
3627,Customer_3627,18,Female,Los Angeles,06 08 2021,28.64
3628,Customer_3628,39,Male,Phoenix,03 06 2023,569.92
3629,Customer_3629,42,Female,Los Angeles,19 01 2023,385.86
3630,Customer_3630,40,Female,Houston,05 05 2021,328.76
3631,Customer_3631,46,Male,Houston,20 07 2021,2203.67
3632,Customer_3632,37,Female,New York,23 10 2023,364.1
3633,Customer_3633,40,Male,New York,28 07 2022,50.52
3634,Customer_3634,37,Male,Los Angeles,10 11 2023,153.44
3635,Customer_3635,43,Male,Los Angeles,10 09 2023,769.97
3636,Customer_3636,18,Female,Houston,23 12 2022,661.55
3637,Customer_3637,25,Female,Houston,10 08 2023,809.96
3638,Customer_3638,52,Female,Los Angeles,29 06 2021,1176.65
3639,Customer_3639,18,Male,Chicago,22 12 2023,1832.34
3640,Customer_3640,33,Male,Chicago,30 09 2021,567.23
3641,Customer_3641,48,Male,Houston,18 03 2023,317.0
3642,Customer_3642,34,Male,Los Angeles,02 02 2023,0.0
3643,Customer_3643,31,Male,Los Angeles,31 10 2023,308.27
3644,Customer_3644,36,Male,Los Angeles,30 11 2022,37.33
3645,Customer_3645,31,Female,Chicago,10 07 2023,418.04
3646,Customer_3646,35,Male,Los Angeles,14 09 2022,893.93
3647,Customer_3647,27,Female,Los Angeles,24 06 2022,779.81
3648,Customer_3648,47,Male,New York,13 09 2023,646.08
3649,Customer_3649,51,Male,Houston,05 04 2022,1143.96
3650,Customer_3650,34,Male,New York,21 12 2023,976.06
3651,Customer_3651,20,Female,New York,18 12 2023,287.56
3652,Customer_3652,29,Female,Los Angeles,27 10 2021,16.68
3653,Customer_3653,33,Female,New York,12 05 2022,1145.65
3654,Customer_3654,41,Female,Chicago,14 08 2022,268.39
3655,Customer_3655,24,Female,Los Angeles,07 12 2021,632.76
3656,Customer_3656,27,Male,Los Angeles,07 02 2022,0.0
3657,Customer_3657,41,Male,Chicago,15 10 2021,735.3
3658,Customer_3658,45,Female,New York,16 09 2023,792.43
3659,Customer_3659,28,Female,New York,02 08 2021,714.2
3660,Customer_3660,20,Female,Phoenix,16 06 2022,1552.32
3661,Customer_3661,70,Male,Los Angeles,20 05 2023,8.71
3662,Customer_3662,44,Female,Los Angeles,12 01 2023,961.61
3663,Customer_3663,32,Male,New York,30 07 2021,897.44
3664,Customer_3664,45,Female,Chicago,20 06 2021,181.64
3665,Customer_3665,34,Male,Chicago,22 06 2022,810.52
3666,Customer_3666,45,Male,Chicago,13 03 2023,0.0
3667,Customer_3667,37,Female,Houston,07 11 2022,445.74
3668,Customer_3668,36,Male,New York,25 01 2022,0.0
3669,Customer_3669,34,Female,Los Angeles,25 02 2022,155.87
3670,Customer_3670,19,Male,Houston,03 03 2021,647.18
3671,Customer_3671,56,Female,Phoenix,27 03 2021,1107.47
3672,Customer_3672,25,Male,New York,10 10 2023,1412.73
3673,Customer_3673,20,Male,Chicago,06 05 2022,940.6
3674,Customer_3674,33,Male,New York,15 06 2023,0.0
3675,Customer_3675,24,Male,New York,01 03 2021,1824.47
3676,Customer_3676,34,Female,Los Angeles,22 04 2022,262.99
3677,Customer_3677,43,Female,New York,16 11 2021,1163.01
3678,Customer_3678,46,Female,Houston,21 11 2022,110.43
3679,Customer_3679,44,Female,Chicago,21 02 2021,1207.73
3680,Customer_3680,32,Male,New York,19 10 2022,766.11
3681,Customer_3681,36,Female,New York,08 04 2023,1222.95
3682,Customer_3682,39,Male,Houston,29 04 2021,319.74
3683,Customer_3683,18,Male,New York,22 12 2022,1076.75
3684,Customer_3684,41,Male,Chicago,21 05 2022,348.25
3685,Customer_3685,19,Female,Los Angeles,29 09 2022,0.0
3686,Customer_3686,57,Male,Chicago,02 06 2021,1301.44
3687,Customer_3687,31,Male,Los Angeles,08 11 2023,222.19
3688,Customer_3688,33,Female,New York,24 12 2023,90.15
3689,Customer_3689,27,Male,New York,12 05 2022,791.09
3690,Customer_3690,28,Male,New York,20 03 2021,180.44
3691,Customer_3691,60,Female,Los Angeles,28 02 2021,708.35
3692,Customer_3692,45,Female,Chicago,02 02 2023,1047.61
3693,Customer_3693,18,Female,Los Angeles,06 04 2023,42.54
3694,Customer_3694,52,Female,New York,21 12 2023,596.92
3695,Customer_3695,48,Female,Chicago,01 09 2021,719.45
3696,Customer_3696,32,Female,Chicago,27 07 2021,777.94
3697,Customer_3697,38,Female,Phoenix,06 05 2023,427.81
3698,Customer_3698,35,Female,Chicago,23 08 2022,26.28
3699,Customer_3699,57,Male,Chicago,07 10 2022,175.41
3700,Customer_3700,26,Male,Chicago,08 02 2021,235.12
3701,Customer_3701,37,Male,Phoenix,23 04 2022,313.54
3702,Customer_3702,30,Female,Houston,20 01 2021,139.18
3703,Customer_3703,19,Female,Los Angeles,09 08 2021,1536.76
3704,Customer_3704,59,Female,New York,02 10 2021,1065.93
3705,Customer_3705,22,Female,Los Angeles,08 04 2022,2532.36
3706,Customer_3706,37,Female,Chicago,08 09 2021,107.88
3707,Customer_3707,18,Male,Houston,31 07 2021,72.57
3708,Customer_3708,31,Female,Chicago,18 11 2022,191.44
3709,Customer_3709,40,Male,New York,23 02 2022,1057.96
3710,Customer_3710,26,Male,Houston,22 05 2022,0.0
3711,Customer_3711,41,Female,Houston,08 10 2022,424.79
3712,Customer_3712,32,Female,Los Angeles,19 05 2023,350.85
3713,Customer_3713,48,Male,Chicago,07 05 2022,460.49
3714,Customer_3714,50,Female,Los Angeles,22 10 2021,1616.73
3715,Customer_3715,29,Female,Phoenix,02 04 2022,1275.92
3716,Customer_3716,36,Male,Houston,10 01 2023,1033.97
3717,Customer_3717,37,Female,Chicago,28 02 2022,2137.43
3718,Customer_3718,42,Male,Houston,05 10 2023,0.0
3719,Customer_3719,35,Male,Phoenix,19 10 2021,0.0
3720,Customer_3720,37,Female,Chicago,05 06 2021,191.04
3721,Customer_3721,32,Female,Los Angeles,16 12 2021,1485.88
3722,Customer_3722,36,Female,Houston,31 08 2021,1968.62
3723,Customer_3723,49,Female,New York,30 08 2023,304.28
3724,Customer_3724,42,Female,Los Angeles,15 09 2021,517.28
3725,Customer_3725,43,Male,Phoenix,08 08 2022,2002.37
3726,Customer_3726,43,Female,Houston,04 02 2021,333.9
3727,Customer_3727,33,Female,Los Angeles,06 03 2022,601.52
3728,Customer_3728,39,Male,New York,05 04 2021,683.31
3729,Customer_3729,23,Male,Los Angeles,08 08 2021,2585.28
3730,Customer_3730,49,Male,Los Angeles,28 10 2021,2117.31
3731,Customer_3731,18,Female,New York,27 11 2023,1530.0
3732,Customer_3732,34,Male,Houston,14 02 2023,1541.03
3733,Customer_3733,48,Male,Los Angeles,04 02 2022,313.84
3734,Customer_3734,20,Female,Los Angeles,21 11 2022,466.19
3735,Customer_3735,39,Female,Los Angeles,20 09 2023,1153.26
3736,Customer_3736,28,Male,Phoenix,14 05 2021,153.85
3737,Customer_3737,31,Female,Los Angeles,23 10 2022,156.94
3738,Customer_3738,45,Female,New York,15 09 2021,865.35
3739,Customer_3739,37,Female,New York,29 11 2023,0.0
3740,Customer_3740,18,Female,Chicago,01 11 2021,586.0
3741,Customer_3741,24,Male,Chicago,10 06 2022,889.63
3742,Customer_3742,46,Male,Los Angeles,11 02 2022,471.94
3743,Customer_3743,40,Male,Los Angeles,05 06 2023,75.07
3744,Customer_3744,54,Female,New York,13 01 2022,1517.62
3745,Customer_3745,54,Female,Chicago,14 04 2022,0.0
3746,Customer_3746,31,Female,Chicago,23 05 2023,115.81
3747,Customer_3747,63,Female,New York,17 09 2023,657.22
3748,Customer_3748,35,Female,New York,11 01 2021,940.69
3749,Customer_3749,24,Male,New York,06 11 2022,220.38
3750,Customer_3750,28,Female,New York,26 11 2022,604.73
3751,Customer_3751,18,Male,Chicago,31 08 2023,555.95
3752,Customer_3752,53,Female,New York,09 01 2021,545.6
3753,Customer_3753,53,Female,Los Angeles,28 01 2021,344.57
3754,Customer_3754,24,Female,New York,03 04 2023,115.99
3755,Customer_3755,32,Male,Phoenix,17 11 2022,357.27
3756,Customer_3756,36,Male,Phoenix,26 05 2022,898.56
3757,Customer_3757,24,Male,New York,17 05 2022,1216.99
3758,Customer_3758,18,Female,Los Angeles,05 08 2022,0.0
3759,Customer_3759,33,Female,New York,17 02 2023,826.33
3760,Customer_3760,31,Male,Chicago,23 10 2022,195.67
3761,Customer_3761,31,Female,New York,03 01 2021,310.33
3762,Customer_3762,37,Male,Houston,12 02 2021,0.0
3763,Customer_3763,51,Female,Chicago,14 02 2023,129.24
3764,Customer_3764,32,Female,Phoenix,11 02 2021,431.39
3765,Customer_3765,37,Female,New York,31 12 2022,0.0
3766,Customer_3766,43,Female,Houston,10 10 2022,0.0
3767,Customer_3767,41,Male,Houston,19 10 2022,1450.22
3768,Customer_3768,28,Female,New York,31 05 2023,30.42
3769,Customer_3769,36,Female,Los Angeles,25 05 2022,1026.75
3770,Customer_3770,41,Female,New York,06 02 2021,344.98
3771,Customer_3771,23,Female,Los Angeles,03 04 2023,2511.8
3772,Customer_3772,49,Male,Los Angeles,02 08 2022,1578.58
3773,Customer_3773,51,Male,Chicago,17 04 2023,0.0
3774,Customer_3774,27,Male,Los Angeles,01 06 2022,696.37
3775,Customer_3775,37,Male,Phoenix,24 02 2023,175.5
3776,Customer_3776,42,Female,New York,18 10 2023,26.15
3777,Customer_3777,29,Male,Phoenix,29 05 2023,222.83
3778,Customer_3778,40,Female,New York,18 12 2023,633.31
3779,Customer_3779,37,Female,Houston,17 08 2023,351.35
3780,Customer_3780,19,Male,Los Angeles,04 06 2021,439.51
3781,Customer_3781,40,Female,New York,23 04 2021,312.24
3782,Customer_3782,23,Male,Phoenix,16 04 2023,330.48
3783,Customer_3783,45,Female,Los Angeles,24 08 2022,771.22
3784,Customer_3784,28,Male,Chicago,18 03 2022,1424.92
3785,Customer_3785,33,Male,Chicago,16 08 2021,1386.18
3786,Customer_3786,50,Male,Chicago,24 05 2023,851.07
3787,Customer_3787,40,Male,Chicago,02 11 2022,98.77
3788,Customer_3788,23,Male,Houston,26 11 2022,2052.08
3789,Customer_3789,24,Female,New York,19 05 2023,882.44
3790,Customer_3790,28,Female,Chicago,25 10 2023,36.07
3791,Customer_3791,39,Female,Phoenix,01 05 2021,2205.26
3792,Customer_3792,39,Male,New York,12 01 2023,85.38
3793,Customer_3793,26,Female,New York,25 11 2022,252.6
3794,Customer_3794,22,Male,Houston,14 09 2021,1078.16
3795,Customer_3795,38,Female,Los Angeles,12 02 2021,1911.39
3796,Customer_3796,33,Female,Los Angeles,20 05 2023,437.7
3797,Customer_3797,59,Male,New York,05 07 2023,242.5
3798,Customer_3798,35,Female,Chicago,11 08 2022,0.0
3799,Customer_3799,55,Female,New York,02 07 2023,1385.94
3800,Customer_3800,22,Female,Chicago,17 08 2022,124.41
3801,Customer_3801,18,Male,Houston,31 10 2023,745.93
3802,Customer_3802,23,Male,Los Angeles,03 03 2023,189.4
3803,Customer_3803,48,Female,Chicago,31 07 2021,575.33
3804,Customer_3804,54,Female,Phoenix,11 07 2023,1648.47
3805,Customer_3805,26,Female,Houston,02 12 2021,1699.97
3806,Customer_3806,30,Male,Houston,26 10 2023,519.44
3807,Customer_3807,22,Male,Los Angeles,11 07 2023,0.0
3808,Customer_3808,18,Female,Houston,24 03 2021,38.18
3809,Customer_3809,43,Female,New York,27 10 2023,80.35
3810,Customer_3810,37,Female,New York,01 06 2021,992.2
3811,Customer_3811,35,Male,New York,19 03 2021,1049.3
3812,Customer_3812,20,Male,Los Angeles,16 02 2022,0.0
3813,Customer_3813,53,Female,Houston,16 01 2022,741.51
3814,Customer_3814,29,Female,Los Angeles,06 08 2023,908.76
3815,Customer_3815,41,Female,Chicago,01 03 2023,424.58
3816,Customer_3816,19,Male,Houston,09 11 2021,207.36
3817,Customer_3817,33,Female,Chicago,14 05 2023,160.87
3818,Customer_3818,38,Male,Los Angeles,30 01 2022,153.78
3819,Customer_3819,39,Male,Chicago,27 06 2022,0.0
3820,Customer_3820,37,Female,Los Angeles,04 01 2021,2554.82
3821,Customer_3821,40,Female,New York,19 04 2021,2507.33
3822,Customer_3822,23,Female,Phoenix,07 07 2023,915.52
3823,Customer_3823,37,Male,New York,05 06 2023,2080.21
3824,Customer_3824,36,Male,New York,03 04 2021,1864.62
3825,Customer_3825,38,Male,Phoenix,11 07 2021,1333.36
3826,Customer_3826,36,Male,Los Angeles,29 11 2021,0.0
3827,Customer_3827,21,Female,Chicago,19 09 2022,164.11
3828,Customer_3828,21,Male,Los Angeles,13 09 2023,244.15
3829,Customer_3829,18,Male,Los Angeles,27 07 2022,2200.46
3830,Customer_3830,44,Female,Los Angeles,22 12 2021,935.46
3831,Customer_3831,44,Male,Los Angeles,14 08 2022,1447.04
3832,Customer_3832,44,Male,Los Angeles,15 07 2021,362.27
3833,Customer_3833,38,Male,Houston,19 09 2021,1255.98
3834,Customer_3834,18,Male,Chicago,18 11 2021,1304.09
3835,Customer_3835,24,Male,Phoenix,24 02 2022,1989.64
3836,Customer_3836,37,Male,New York,28 11 2021,1991.25
3837,Customer_3837,36,Female,Chicago,12 11 2022,1101.4
3838,Customer_3838,33,Female,Chicago,07 01 2021,651.68
3839,Customer_3839,39,Male,Phoenix,18 06 2022,1723.55
3840,Customer_3840,35,Female,New York,13 03 2021,719.56
3841,Customer_3841,36,Female,Chicago,10 09 2022,711.09
3842,Customer_3842,28,Female,Phoenix,19 05 2021,0.0
3843,Customer_3843,46,Female,New York,26 06 2022,284.99
3844,Customer_3844,30,Male,Phoenix,20 11 2021,1689.83
3845,Customer_3845,20,Male,New York,07 08 2023,745.91
3846,Customer_3846,27,Female,Houston,24 08 2022,603.38
3847,Customer_3847,31,Female,Phoenix,14 03 2021,640.56
3848,Customer_3848,46,Female,Chicago,20 04 2023,578.25
3849,Customer_3849,35,Male,Los Angeles,15 09 2023,2038.36
3850,Customer_3850,33,Male,New York,29 10 2023,0.0
3851,Customer_3851,21,Female,Phoenix,15 02 2022,3036.17
3852,Customer_3852,44,Male,Chicago,15 09 2021,857.28
3853,Customer_3853,28,Male,New York,13 10 2022,480.24
3854,Customer_3854,34,Male,Houston,06 12 2023,1504.68
3855,Customer_3855,51,Male,Chicago,06 05 2021,565.06
3856,Customer_3856,41,Female,New York,11 11 2023,512.16
3857,Customer_3857,18,Male,New York,28 06 2022,71.0
3858,Customer_3858,18,Female,New York,31 03 2022,0.0
3859,Customer_3859,34,Male,Chicago,24 10 2022,1736.66
3860,Customer_3860,22,Male,Chicago,11 11 2023,0.0
3861,Customer_3861,42,Male,Chicago,07 07 2023,2472.67
3862,Customer_3862,35,Male,Houston,25 12 2023,311.98
3863,Customer_3863,37,Female,Phoenix,29 03 2021,203.24
3864,Customer_3864,27,Male,Chicago,03 12 2023,1355.13
3865,Customer_3865,54,Male,New York,31 05 2022,169.67
3866,Customer_3866,66,Male,Houston,15 05 2022,372.83
3867,Customer_3867,32,Female,Los Angeles,22 11 2021,450.46
3868,Customer_3868,39,Female,Chicago,07 07 2022,1417.95
3869,Customer_3869,36,Female,Chicago,07 06 2023,186.4
3870,Customer_3870,32,Male,Los Angeles,23 09 2023,555.16
3871,Customer_3871,26,Male,Phoenix,20 09 2023,322.42
3872,Customer_3872,23,Female,New York,18 07 2023,0.0
3873,Customer_3873,23,Female,Houston,10 07 2023,0.0
3874,Customer_3874,39,Male,New York,04 11 2021,86.37
3875,Customer_3875,29,Male,Phoenix,19 10 2022,900.57
3876,Customer_3876,18,Male,New York,15 04 2022,1061.92
3877,Customer_3877,40,Male,New York,17 09 2022,239.14
3878,Customer_3878,35,Female,Los Angeles,18 10 2021,291.56
3879,Customer_3879,50,Female,Los Angeles,06 09 2021,66.58
3880,Customer_3880,39,Male,New York,20 11 2021,1587.3
3881,Customer_3881,19,Male,Chicago,27 08 2022,432.32
3882,Customer_3882,18,Male,Los Angeles,28 02 2021,735.64
3883,Customer_3883,27,Male,New York,18 10 2023,0.0
3884,Customer_3884,28,Male,Los Angeles,26 09 2021,378.32
3885,Customer_3885,45,Female,Houston,04 04 2021,60.9
3886,Customer_3886,35,Female,Houston,18 11 2022,232.6
3887,Customer_3887,47,Female,Houston,30 05 2022,929.75
3888,Customer_3888,20,Female,Houston,17 06 2022,183.38
3889,Customer_3889,46,Male,Los Angeles,06 02 2022,0.0
3890,Customer_3890,43,Male,New York,25 08 2023,1176.91
3891,Customer_3891,18,Female,Los Angeles,22 12 2022,132.52
3892,Customer_3892,50,Female,Houston,27 05 2023,767.24
3893,Customer_3893,36,Male,Phoenix,31 08 2022,2411.98
3894,Customer_3894,39,Female,Chicago,03 04 2021,186.35
3895,Customer_3895,25,Male,New York,28 07 2022,1201.62
3896,Customer_3896,49,Male,New York,29 08 2023,3199.25
3897,Customer_3897,22,Male,Los Angeles,13 03 2022,984.49
3898,Customer_3898,44,Female,Chicago,31 10 2023,0.0
3899,Customer_3899,44,Female,New York,01 04 2022,691.01
3900,Customer_3900,24,Male,Phoenix,19 02 2022,0.0
3901,Customer_3901,57,Male,Los Angeles,05 12 2022,456.35
3902,Customer_3902,38,Female,Phoenix,01 06 2023,475.11
3903,Customer_3903,42,Male,Houston,01 02 2023,1005.35
3904,Customer_3904,18,Female,Houston,22 09 2021,455.37
3905,Customer_3905,58,Male,Chicago,22 05 2022,1102.54
3906,Customer_3906,22,Female,Chicago,08 10 2022,2342.9
3907,Customer_3907,46,Male,Chicago,16 06 2023,235.93
3908,Customer_3908,24,Female,Chicago,11 05 2023,201.3
3909,Customer_3909,28,Female,Chicago,20 11 2022,0.0
3910,Customer_3910,44,Female,Phoenix,17 05 2023,1286.93
3911,Customer_3911,46,Female,Houston,20 11 2023,1598.03
3912,Customer_3912,21,Male,Houston,02 05 2022,0.0
3913,Customer_3913,47,Male,Phoenix,28 01 2021,0.0
3914,Customer_3914,46,Female,New York,15 10 2021,757.99
3915,Customer_3915,25,Female,New York,04 08 2022,257.53
3916,Customer_3916,53,Male,Chicago,08 08 2023,825.58
3917,Customer_3917,19,Male,Chicago,09 09 2021,324.43
3918,Customer_3918,28,Male,Houston,16 07 2023,195.55
3919,Customer_3919,40,Female,Los Angeles,20 04 2021,147.84
3920,Customer_3920,26,Female,Chicago,06 10 2022,1405.19
3921,Customer_3921,38,Male,Chicago,02 02 2022,936.99
3922,Customer_3922,38,Female,New York,03 10 2021,296.62
3923,Customer_3923,33,Male,Chicago,20 11 2022,1944.55
3924,Customer_3924,44,Female,Houston,04 09 2021,645.7
3925,Customer_3925,32,Male,New York,08 11 2023,2338.04
3926,Customer_3926,38,Female,Chicago,12 02 2022,0.0
3927,Customer_3927,48,Male,Chicago,05 05 2021,3442.57
3928,Customer_3928,44,Female,New York,02 06 2021,913.52
3929,Customer_3929,44,Male,New York,20 10 2022,1955.79
3930,Customer_3930,22,Female,Phoenix,20 01 2021,36.7
3931,Customer_3931,41,Male,Los Angeles,04 09 2021,583.8
3932,Customer_3932,25,Male,New York,30 10 2023,1300.17
3933,Customer_3933,21,Male,New York,15 06 2022,685.05
3934,Customer_3934,34,Male,Chicago,13 04 2021,1277.78
3935,Customer_3935,25,Male,Chicago,20 08 2022,459.07
3936,Customer_3936,44,Male,Chicago,17 12 2021,0.0
3937,Customer_3937,44,Female,New York,22 08 2021,681.67
3938,Customer_3938,18,Male,Phoenix,06 02 2021,4189.54
3939,Customer_3939,26,Female,Los Angeles,19 10 2021,606.28
3940,Customer_3940,19,Female,Los Angeles,17 01 2021,2147.12
3941,Customer_3941,30,Female,Los Angeles,31 03 2021,192.04
3942,Customer_3942,40,Female,Los Angeles,08 11 2022,529.6
3943,Customer_3943,32,Male,Phoenix,04 09 2023,1019.74
3944,Customer_3944,29,Male,Phoenix,10 09 2021,921.22
3945,Customer_3945,49,Male,Los Angeles,28 03 2023,647.72
3946,Customer_3946,18,Female,Phoenix,03 07 2021,268.43
3947,Customer_3947,49,Female,Houston,17 10 2021,0.0
3948,Customer_3948,29,Female,Phoenix,31 01 2023,4437.17
3949,Customer_3949,34,Female,New York,07 06 2021,825.68
3950,Customer_3950,29,Female,Chicago,12 07 2023,686.85
3951,Customer_3951,52,Female,Los Angeles,22 11 2022,221.38
3952,Customer_3952,21,Female,Houston,28 01 2022,750.96
3953,Customer_3953,35,Male,New York,10 11 2023,570.9
3954,Customer_3954,41,Male,Chicago,07 03 2022,2962.94
3955,Customer_3955,18,Male,Los Angeles,24 09 2023,140.7
3956,Customer_3956,25,Male,Los Angeles,02 10 2023,223.1
3957,Customer_3957,33,Male,Chicago,28 12 2023,966.8
3958,Customer_3958,25,Female,Phoenix,12 04 2021,907.58
3959,Customer_3959,26,Male,Chicago,14 10 2022,1244.59
3960,Customer_3960,31,Male,Phoenix,12 06 2023,453.59
3961,Customer_3961,42,Female,Los Angeles,08 08 2022,806.64
3962,Customer_3962,31,Female,Chicago,26 07 2021,0.0
3963,Customer_3963,47,Male,Los Angeles,01 08 2021,76.66
3964,Customer_3964,24,Female,New York,20 03 2021,227.44
3965,Customer_3965,21,Male,Chicago,13 05 2021,0.0
3966,Customer_3966,56,Male,Chicago,15 11 2023,582.43
3967,Customer_3967,28,Female,Chicago,17 04 2022,3464.5
3968,Customer_3968,21,Female,Houston,17 10 2021,133.74
3969,Customer_3969,18,Female,Chicago,04 10 2023,0.0
3970,Customer_3970,47,Female,New York,28 12 2023,879.54
3971,Customer_3971,31,Female,New York,26 09 2022,781.95
3972,Customer_3972,32,Male,Chicago,26 02 2022,1132.83
3973,Customer_3973,33,Female,Los Angeles,12 07 2022,332.28
3974,Customer_3974,46,Female,New York,04 08 2022,22.78
3975,Customer_3975,33,Female,Los Angeles,23 06 2022,1016.14
3976,Customer_3976,61,Male,Chicago,07 04 2022,1516.56
3977,Customer_3977,36,Female,Los Angeles,03 10 2023,137.36
3978,Customer_3978,47,Female,Houston,28 10 2021,467.86
3979,Customer_3979,44,Male,Chicago,23 10 2023,123.75
3980,Customer_3980,35,Male,Los Angeles,10 11 2023,2082.2
3981,Customer_3981,29,Female,Houston,12 08 2023,75.26
3982,Customer_3982,39,Male,Chicago,13 09 2023,39.62
3983,Customer_3983,41,Female,Chicago,17 03 2023,0.0
3984,Customer_3984,29,Female,Chicago,14 09 2021,545.04
3985,Customer_3985,37,Female,New York,29 03 2022,1701.09
3986,Customer_3986,49,Female,Houston,14 03 2022,0.0
3987,Customer_3987,58,Male,Los Angeles,02 02 2022,439.63
3988,Customer_3988,44,Female,Phoenix,11 10 2022,440.16
3989,Customer_3989,55,Female,Houston,10 08 2021,242.9
3990,Customer_3990,28,Male,Chicago,16 05 2021,1642.82
3991,Customer_3991,43,Male,Los Angeles,18 09 2022,1477.79
3992,Customer_3992,50,Female,New York,15 02 2023,116.24
3993,Customer_3993,25,Male,Los Angeles,08 08 2022,170.78
3994,Customer_3994,30,Female,Chicago,30 04 2022,753.44
3995,Customer_3995,54,Male,Los Angeles,08 11 2023,343.21
3996,Customer_3996,24,Male,Chicago,27 05 2023,1185.13
3997,Customer_3997,20,Male,New York,16 05 2022,441.03
3998,Customer_3998,52,Female,Phoenix,03 04 2021,404.48
3999,Customer_3999,48,Female,New York,06 10 2021,121.05
4000,Customer_4000,40,Female,Phoenix,09 09 2023,340.69
4001,Customer_4001,34,Female,Phoenix,13 09 2022,674.41
4002,Customer_4002,30,Female,Chicago,21 04 2022,767.41
4003,Customer_4003,38,Male,Houston,01 06 2023,1561.6
4004,Customer_4004,52,Female,Los Angeles,03 11 2022,704.32
4005,Customer_4005,38,Female,Chicago,12 03 2023,0.0
4006,Customer_4006,59,Male,Los Angeles,20 06 2021,937.96
4007,Customer_4007,25,Female,Los Angeles,07 01 2022,370.96
4008,Customer_4008,35,Male,Chicago,02 01 2023,123.15
4009,Customer_4009,31,Female,Chicago,04 07 2021,1670.45
4010,Customer_4010,23,Female,Chicago,28 07 2023,440.65
4011,Customer_4011,33,Female,Los Angeles,15 04 2023,1183.99
4012,Customer_4012,40,Female,Los Angeles,28 07 2021,1043.5
4013,Customer_4013,41,Male,New York,21 09 2023,261.74
4014,Customer_4014,59,Female,New York,11 03 2023,193.31
4015,Customer_4015,40,Male,Los Angeles,04 01 2022,521.19
4016,Customer_4016,48,Female,New York,25 12 2022,339.7
4017,Customer_4017,36,Female,New York,02 10 2023,0.0
4018,Customer_4018,53,Male,Houston,17 04 2023,1516.38
4019,Customer_4019,61,Female,New York,21 09 2021,844.86
4020,Customer_4020,41,Male,Chicago,13 11 2022,681.1
4021,Customer_4021,24,Male,Los Angeles,02 07 2023,286.04
4022,Customer_4022,29,Male,Phoenix,11 03 2021,228.59
4023,Customer_4023,38,Male,Chicago,08 03 2022,47.75
4024,Customer_4024,40,Female,Los Angeles,14 12 2023,500.5
4025,Customer_4025,43,Female,Chicago,19 06 2021,0.0
4026,Customer_4026,40,Female,Los Angeles,05 02 2021,250.25
4027,Customer_4027,35,Male,Chicago,16 09 2021,483.39
4028,Customer_4028,28,Male,New York,08 09 2021,214.35
4029,Customer_4029,39,Female,Phoenix,13 01 2021,82.66
4030,Customer_4030,55,Male,Los Angeles,02 11 2022,1278.06
4031,Customer_4031,46,Female,Los Angeles,25 06 2022,843.95
4032,Customer_4032,41,Male,Houston,26 02 2021,19.93
4033,Customer_4033,46,Female,Los Angeles,01 10 2023,0.0
4034,Customer_4034,31,Male,Houston,13 03 2022,0.0
4035,Customer_4035,29,Male,Los Angeles,17 02 2023,547.99
4036,Customer_4036,27,Female,Houston,18 08 2021,2783.47
4037,Customer_4037,34,Female,New York,11 04 2023,393.64
4038,Customer_4038,30,Female,Houston,21 04 2023,93.36
4039,Customer_4039,48,Female,Houston,12 09 2022,325.48
4040,Customer_4040,30,Female,New York,23 12 2021,458.57
4041,Customer_4041,26,Male,New York,18 12 2021,1084.99
4042,Customer_4042,56,Male,Los Angeles,15 05 2023,0.0
4043,Customer_4043,30,Male,Phoenix,14 09 2022,759.85
4044,Customer_4044,37,Female,Los Angeles,27 09 2022,167.57
4045,Customer_4045,40,Male,Los Angeles,23 08 2023,3124.47
4046,Customer_4046,22,Male,New York,20 09 2022,24.94
4047,Customer_4047,49,Female,Los Angeles,20 10 2021,2550.8
4048,Customer_4048,42,Male,Chicago,09 04 2023,123.63
4049,Customer_4049,52,Male,Phoenix,22 08 2021,1575.7
4050,Customer_4050,28,Female,Chicago,21 06 2022,0.0
4051,Customer_4051,36,Female,Houston,16 03 2023,433.67
4052,Customer_4052,35,Female,Chicago,23 06 2022,1532.01
4053,Customer_4053,38,Female,New York,02 05 2023,348.07
4054,Customer_4054,19,Male,Los Angeles,27 06 2021,421.39
4055,Customer_4055,36,Male,Chicago,10 07 2022,46.61
4056,Customer_4056,19,Male,Phoenix,06 08 2023,1016.19
4057,Customer_4057,39,Female,Phoenix,03 04 2023,651.76
4058,Customer_4058,18,Female,New York,16 08 2021,1161.58
4059,Customer_4059,18,Male,New York,11 09 2021,992.31
4060,Customer_4060,44,Male,New York,06 11 2022,680.87
4061,Customer_4061,29,Female,Phoenix,06 01 2021,162.11
4062,Customer_4062,24,Female,Phoenix,16 02 2021,3751.21
4063,Customer_4063,49,Male,Houston,02 06 2023,529.72
4064,Customer_4064,39,Female,Los Angeles,03 08 2022,1096.4
4065,Customer_4065,45,Female,Chicago,11 09 2021,471.15
4066,Customer_4066,33,Male,Los Angeles,28 02 2021,1272.58
4067,Customer_4067,64,Female,Los Angeles,14 07 2022,2904.02
4068,Customer_4068,28,Female,Chicago,12 10 2023,1361.0
4069,Customer_4069,54,Female,New York,22 09 2021,77.18
4070,Customer_4070,34,Female,New York,03 09 2021,149.77
4071,Customer_4071,18,Male,Phoenix,13 03 2022,414.8
4072,Customer_4072,40,Female,Houston,19 11 2022,255.71
4073,Customer_4073,38,Female,Los Angeles,21 04 2022,0.0
4074,Customer_4074,23,Male,Chicago,27 07 2023,1336.0
4075,Customer_4075,25,Male,Los Angeles,28 05 2023,601.8
4076,Customer_4076,35,Male,Houston,19 10 2022,100.05
4077,Customer_4077,39,Female,Houston,01 07 2022,853.99
4078,Customer_4078,18,Female,Houston,19 02 2022,1235.26
4079,Customer_4079,47,Male,Houston,02 02 2022,586.89
4080,Customer_4080,30,Male,New York,17 06 2021,1162.58
4081,Customer_4081,20,Female,Los Angeles,14 03 2023,354.14
4082,Customer_4082,45,Female,Los Angeles,18 08 2021,1650.79
4083,Customer_4083,35,Female,Los Angeles,04 12 2022,903.49
4084,Customer_4084,48,Male,Houston,24 05 2021,125.24
4085,Customer_4085,40,Male,Los Angeles,09 03 2021,349.42
4086,Customer_4086,35,Female,New York,15 10 2023,469.12
4087,Customer_4087,33,Female,Los Angeles,08 04 2021,825.43
4088,Customer_4088,40,Male,Phoenix,07 01 2021,416.45
4089,Customer_4089,30,Male,New York,26 03 2023,424.81
4090,Customer_4090,26,Female,Chicago,26 06 2021,1483.2
4091,Customer_4091,42,Male,Los Angeles,26 10 2021,1353.51
4092,Customer_4092,33,Male,New York,17 08 2021,926.04
4093,Customer_4093,35,Female,Chicago,15 06 2023,2123.21
4094,Customer_4094,47,Male,Houston,23 09 2022,196.56
4095,Customer_4095,34,Female,Chicago,27 09 2021,1158.01
4096,Customer_4096,35,Male,Phoenix,22 03 2021,918.24
4097,Customer_4097,28,Male,Los Angeles,31 03 2023,863.89
4098,Customer_4098,40,Male,New York,16 05 2022,681.88
4099,Customer_4099,39,Male,Phoenix,07 12 2022,751.63
4100,Customer_4100,45,Female,Los Angeles,17 09 2023,1367.98
4101,Customer_4101,29,Male,Chicago,04 12 2022,496.41
4102,Customer_4102,30,Male,Houston,16 04 2021,1411.47
4103,Customer_4103,44,Female,Los Angeles,03 10 2022,631.0
4104,Customer_4104,38,Male,Houston,01 09 2022,368.48
4105,Customer_4105,25,Male,New York,23 09 2023,665.55
4106,Customer_4106,49,Female,Los Angeles,06 10 2023,1646.19
4107,Customer_4107,18,Male,New York,17 01 2022,0.0
4108,Customer_4108,44,Male,Houston,18 04 2023,36.71
4109,Customer_4109,21,Female,New York,14 04 2021,0.0
4110,Customer_4110,56,Male,Houston,26 10 2022,432.18
4111,Customer_4111,18,Female,Phoenix,15 12 2023,285.78
4112,Customer_4112,48,Female,Chicago,01 05 2021,372.48
4113,Customer_4113,34,Female,Chicago,24 10 2023,1337.69
4114,Customer_4114,31,Male,Los Angeles,11 02 2022,68.03
4115,Customer_4115,37,Male,Los Angeles,07 11 2022,0.0
4116,Customer_4116,42,Female,Chicago,17 03 2022,184.88
4117,Customer_4117,25,Female,Chicago,08 03 2022,524.16
4118,Customer_4118,26,Male,Phoenix,28 06 2023,70.38
4119,Customer_4119,42,Female,Phoenix,02 03 2021,1590.22
4120,Customer_4120,18,Male,Phoenix,27 12 2022,408.54
4121,Customer_4121,29,Male,Phoenix,28 07 2023,73.41
4122,Customer_4122,68,Female,Los Angeles,19 05 2023,1636.16
4123,Customer_4123,24,Male,Chicago,14 11 2023,0.0
4124,Customer_4124,48,Female,Phoenix,10 02 2022,0.0
4125,Customer_4125,29,Male,Los Angeles,05 09 2022,611.99
4126,Customer_4126,41,Male,Phoenix,03 08 2021,181.59
4127,Customer_4127,42,Male,Los Angeles,19 09 2021,1091.3
4128,Customer_4128,47,Female,Chicago,04 07 2023,1091.46
4129,Customer_4129,33,Male,Houston,03 05 2021,717.64
4130,Customer_4130,57,Female,Phoenix,03 02 2023,679.63
4131,Customer_4131,29,Female,New York,16 11 2021,718.46
4132,Customer_4132,38,Female,Houston,07 06 2021,139.76
4133,Customer_4133,38,Male,Chicago,25 12 2023,340.7
4134,Customer_4134,23,Male,Los Angeles,04 01 2022,0.0
4135,Customer_4135,32,Male,Houston,20 05 2023,640.2
4136,Customer_4136,37,Male,Chicago,25 10 2023,1242.4
4137,Customer_4137,30,Female,Chicago,17 11 2022,68.94
4138,Customer_4138,62,Male,Los Angeles,03 07 2023,1021.64
4139,Customer_4139,26,Female,Chicago,20 12 2023,188.58
4140,Customer_4140,48,Male,Chicago,05 12 2023,353.5
4141,Customer_4141,44,Male,Los Angeles,07 08 2022,0.0
4142,Customer_4142,35,Male,New York,27 06 2022,1389.59
4143,Customer_4143,25,Male,Phoenix,05 06 2021,723.38
4144,Customer_4144,27,Female,Chicago,07 06 2023,987.69
4145,Customer_4145,29,Female,Houston,22 01 2023,100.36
4146,Customer_4146,18,Male,Los Angeles,05 03 2021,805.05
4147,Customer_4147,24,Female,Los Angeles,25 02 2022,134.07
4148,Customer_4148,19,Female,Los Angeles,19 11 2021,2042.03
4149,Customer_4149,50,Female,Los Angeles,01 07 2022,0.0
4150,Customer_4150,42,Male,Chicago,08 09 2021,1419.93
4151,Customer_4151,44,Female,Chicago,16 05 2023,246.86
4152,Customer_4152,41,Female,Chicago,25 05 2022,833.22
4153,Customer_4153,37,Male,New York,17 03 2022,1934.15
4154,Customer_4154,51,Male,Chicago,30 03 2022,159.09
4155,Customer_4155,28,Female,New York,06 10 2022,971.56
4156,Customer_4156,36,Female,New York,28 03 2023,122.25
4157,Customer_4157,43,Female,Phoenix,10 11 2022,411.92
4158,Customer_4158,20,Female,Chicago,01 10 2021,1544.55
4159,Customer_4159,69,Female,Chicago,01 03 2021,554.42
4160,Customer_4160,35,Male,Los Angeles,08 12 2021,3356.49
4161,Customer_4161,37,Male,Phoenix,23 04 2021,66.2
4162,Customer_4162,49,Male,Chicago,09 03 2021,433.81
4163,Customer_4163,45,Female,Houston,12 04 2022,108.59
4164,Customer_4164,35,Male,Los Angeles,08 05 2023,739.99
4165,Customer_4165,36,Female,Phoenix,20 09 2021,38.02
4166,Customer_4166,18,Male,Houston,28 02 2022,25.69
4167,Customer_4167,29,Male,Phoenix,21 12 2022,1075.79
4168,Customer_4168,41,Female,New York,17 07 2022,1207.84
4169,Customer_4169,40,Male,Los Angeles,10 09 2023,1137.79
4170,Customer_4170,48,Female,Los Angeles,08 07 2023,1246.09
4171,Customer_4171,34,Male,Los Angeles,15 10 2021,832.0
4172,Customer_4172,20,Female,Phoenix,01 03 2022,1033.76
4173,Customer_4173,47,Female,New York,08 07 2022,650.11
4174,Customer_4174,51,Male,New York,29 01 2023,0.0
4175,Customer_4175,45,Female,Los Angeles,01 09 2021,393.64
4176,Customer_4176,33,Male,New York,27 09 2023,602.2
4177,Customer_4177,46,Female,New York,24 11 2021,305.76
4178,Customer_4178,70,Male,Houston,16 12 2022,0.0
4179,Customer_4179,36,Male,Chicago,12 03 2023,0.0
4180,Customer_4180,21,Female,New York,23 09 2022,190.42
4181,Customer_4181,29,Female,Los Angeles,17 12 2023,357.63
4182,Customer_4182,42,Female,Los Angeles,18 08 2023,1137.75
4183,Customer_4183,18,Female,New York,18 08 2023,691.1
4184,Customer_4184,37,Female,Houston,12 12 2023,1204.33
4185,Customer_4185,39,Male,Houston,23 01 2023,2509.54
4186,Customer_4186,52,Male,Houston,20 11 2021,0.0
4187,Customer_4187,49,Male,Houston,04 06 2021,0.0
4188,Customer_4188,45,Male,New York,28 02 2021,1677.18
4189,Customer_4189,18,Male,Phoenix,20 07 2021,652.92
4190,Customer_4190,45,Male,Houston,22 10 2021,183.95
4191,Customer_4191,43,Female,Phoenix,25 09 2023,69.35
4192,Customer_4192,38,Male,New York,02 09 2022,1863.46
4193,Customer_4193,18,Male,Phoenix,15 12 2021,44.48
4194,Customer_4194,26,Male,Houston,21 08 2023,1072.13
4195,Customer_4195,22,Female,Houston,17 01 2022,170.9
4196,Customer_4196,18,Female,New York,07 05 2022,105.84
4197,Customer_4197,35,Female,Houston,27 11 2021,379.94
4198,Customer_4198,26,Male,Phoenix,25 05 2023,3343.1
4199,Customer_4199,64,Male,Houston,07 06 2021,739.2
4200,Customer_4200,33,Female,Chicago,08 03 2022,1304.7
4201,Customer_4201,49,Male,Phoenix,11 09 2022,1544.03
4202,Customer_4202,18,Female,Los Angeles,11 09 2022,619.13
4203,Customer_4203,29,Female,Chicago,18 09 2022,531.4
4204,Customer_4204,36,Female,Chicago,11 03 2022,170.74
4205,Customer_4205,25,Male,Phoenix,07 03 2023,171.24
4206,Customer_4206,30,Male,New York,21 07 2023,85.33
4207,Customer_4207,33,Female,Chicago,26 07 2022,214.56
4208,Customer_4208,32,Male,Houston,23 09 2021,0.0
4209,Customer_4209,55,Female,Houston,12 04 2021,0.0
4210,Customer_4210,39,Male,Chicago,23 12 2023,77.13
4211,Customer_4211,40,Male,Phoenix,24 09 2023,749.34
4212,Customer_4212,41,Male,Phoenix,10 12 2022,653.59
4213,Customer_4213,42,Female,New York,12 10 2023,0.0
4214,Customer_4214,34,Male,Los Angeles,04 04 2023,588.59
4215,Customer_4215,31,Male,New York,10 08 2021,32.83
4216,Customer_4216,37,Female,Los Angeles,04 07 2023,99.22
4217,Customer_4217,48,Male,Chicago,12 03 2022,1056.69
4218,Customer_4218,47,Female,Phoenix,02 10 2022,353.93
4219,Customer_4219,32,Male,Houston,03 08 2023,0.0
4220,Customer_4220,43,Female,New York,30 11 2021,618.67
4221,Customer_4221,33,Male,New York,26 06 2023,0.0
4222,Customer_4222,35,Male,Chicago,17 12 2021,172.23
4223,Customer_4223,30,Female,Chicago,24 07 2022,316.1
4224,Customer_4224,33,Female,Los Angeles,29 12 2022,367.32
4225,Customer_4225,50,Female,Phoenix,25 04 2021,2328.97
4226,Customer_4226,36,Female,Phoenix,28 06 2023,423.19
4227,Customer_4227,36,Female,Los Angeles,02 01 2022,243.12
4228,Customer_4228,19,Male,Phoenix,15 03 2023,2389.39
4229,Customer_4229,32,Female,Los Angeles,15 06 2023,546.15
4230,Customer_4230,32,Female,Houston,27 08 2023,0.0
4231,Customer_4231,26,Male,Chicago,13 01 2022,638.27
4232,Customer_4232,35,Female,New York,09 10 2023,968.46
4233,Customer_4233,30,Male,Phoenix,28 04 2021,0.0
4234,Customer_4234,36,Male,Los Angeles,11 10 2023,489.63
4235,Customer_4235,36,Male,Houston,11 06 2022,865.96
4236,Customer_4236,24,Male,Los Angeles,25 03 2023,354.1
4237,Customer_4237,31,Male,New York,25 07 2021,0.0
4238,Customer_4238,36,Female,New York,27 03 2023,52.03
4239,Customer_4239,48,Female,Chicago,07 03 2021,278.46
4240,Customer_4240,38,Female,Houston,04 01 2021,0.0
4241,Customer_4241,28,Male,Los Angeles,03 01 2021,1069.6
4242,Customer_4242,39,Female,Houston,21 11 2021,797.15
4243,Customer_4243,54,Male,Houston,28 08 2022,246.17
4244,Customer_4244,45,Male,Houston,07 03 2023,1026.86
4245,Customer_4245,41,Male,Chicago,19 06 2022,0.0
4246,Customer_4246,43,Male,Phoenix,22 08 2022,673.69
4247,Customer_4247,51,Female,Chicago,11 12 2023,1408.46
4248,Customer_4248,47,Male,Los Angeles,12 04 2023,784.98
4249,Customer_4249,41,Male,New York,03 12 2023,506.26
4250,Customer_4250,47,Female,Los Angeles,13 12 2021,1307.78
4251,Customer_4251,23,Female,New York,18 12 2023,1070.09
4252,Customer_4252,18,Male,Chicago,28 02 2021,349.93
4253,Customer_4253,37,Male,New York,11 11 2022,80.41
4254,Customer_4254,36,Male,Los Angeles,26 05 2022,2078.62
4255,Customer_4255,29,Male,Houston,26 07 2021,222.31
4256,Customer_4256,44,Male,Los Angeles,21 04 2021,3221.52
4257,Customer_4257,18,Female,New York,23 01 2021,679.31
4258,Customer_4258,29,Female,New York,26 02 2023,1893.48
4259,Customer_4259,30,Female,Houston,01 11 2023,0.0
4260,Customer_4260,18,Female,New York,26 07 2022,381.75
4261,Customer_4261,51,Male,Los Angeles,17 01 2023,150.26
4262,Customer_4262,20,Male,Chicago,30 05 2022,161.93
4263,Customer_4263,29,Male,Houston,24 05 2021,2630.91
4264,Customer_4264,45,Female,Chicago,19 09 2023,1233.65
4265,Customer_4265,42,Male,Houston,20 03 2023,1656.31
4266,Customer_4266,23,Male,New York,21 10 2021,1460.63
4267,Customer_4267,43,Male,Los Angeles,21 11 2021,605.78
4268,Customer_4268,38,Male,Los Angeles,12 07 2021,1850.15
4269,Customer_4269,61,Female,New York,05 04 2022,1266.41
4270,Customer_4270,39,Female,Los Angeles,08 12 2023,658.9
4271,Customer_4271,33,Female,Los Angeles,10 06 2022,837.85
4272,Customer_4272,26,Female,Chicago,08 07 2023,214.58
4273,Customer_4273,27,Female,Chicago,29 01 2021,227.48
4274,Customer_4274,26,Male,Los Angeles,22 06 2022,0.0
4275,Customer_4275,50,Male,Houston,23 05 2021,131.32
4276,Customer_4276,35,Male,Los Angeles,19 09 2022,339.78
4277,Customer_4277,41,Male,Los Angeles,21 04 2023,467.37
4278,Customer_4278,52,Female,Chicago,06 08 2021,528.95
4279,Customer_4279,18,Male,New York,16 08 2022,36.73
4280,Customer_4280,49,Female,New York,14 12 2022,232.89
4281,Customer_4281,36,Female,Los Angeles,08 03 2021,239.64
4282,Customer_4282,40,Female,Phoenix,31 01 2023,108.96
4283,Customer_4283,26,Female,Houston,24 05 2021,124.72
4284,Customer_4284,27,Female,New York,10 04 2022,199.79
4285,Customer_4285,40,Female,Houston,06 04 2021,609.62
4286,Customer_4286,61,Female,Houston,12 02 2022,383.38
4287,Customer_4287,46,Male,Chicago,15 03 2023,635.23
4288,Customer_4288,49,Female,Houston,27 01 2023,1788.37
4289,Customer_4289,33,Female,Los Angeles,14 12 2022,682.59
4290,Customer_4290,28,Female,New York,05 10 2021,1211.67
4291,Customer_4291,26,Male,Chicago,27 12 2021,126.64
4292,Customer_4292,30,Female,Chicago,31 07 2021,858.66
4293,Customer_4293,18,Female,Chicago,17 02 2023,157.66
4294,Customer_4294,27,Female,Chicago,21 01 2021,0.0
4295,Customer_4295,29,Female,Phoenix,30 12 2022,175.79
4296,Customer_4296,33,Female,Phoenix,08 09 2022,1296.57
4297,Customer_4297,36,Female,Phoenix,06 01 2022,238.93
4298,Customer_4298,39,Female,Houston,16 09 2022,768.23
4299,Customer_4299,35,Female,Phoenix,24 09 2022,0.0
4300,Customer_4300,29,Female,New York,31 01 2023,1463.4
4301,Customer_4301,18,Male,Los Angeles,27 04 2023,103.16
4302,Customer_4302,29,Male,Chicago,06 08 2023,527.46
4303,Customer_4303,24,Female,Houston,07 07 2021,265.86
4304,Customer_4304,40,Female,Chicago,16 05 2022,385.93
4305,Customer_4305,45,Male,Houston,26 05 2023,663.07
4306,Customer_4306,45,Female,New York,10 01 2022,66.72
4307,Customer_4307,43,Female,Los Angeles,10 03 2022,1590.52
4308,Customer_4308,34,Male,Houston,14 05 2022,285.26
4309,Customer_4309,29,Female,New York,06 01 2021,0.0
4310,Customer_4310,27,Female,Los Angeles,09 09 2022,237.93
4311,Customer_4311,18,Female,Los Angeles,12 12 2022,585.55
4312,Customer_4312,46,Male,Los Angeles,20 04 2022,1634.16
4313,Customer_4313,33,Female,Houston,28 07 2022,71.96
4314,Customer_4314,21,Male,Los Angeles,07 03 2023,0.0
4315,Customer_4315,26,Male,Chicago,23 05 2022,294.84
4316,Customer_4316,25,Female,New York,15 08 2022,230.01
4317,Customer_4317,35,Female,Houston,24 06 2021,274.94
4318,Customer_4318,47,Female,Los Angeles,23 11 2022,804.81
4319,Customer_4319,31,Female,Chicago,27 02 2023,895.83
4320,Customer_4320,18,Female,Houston,26 07 2022,158.11
4321,Customer_4321,33,Male,New York,05 07 2021,875.0
4322,Customer_4322,33,Male,Phoenix,10 08 2022,1113.33
4323,Customer_4323,33,Male,Chicago,29 05 2022,386.3
4324,Customer_4324,28,Female,Los Angeles,16 10 2022,756.3
4325,Customer_4325,37,Male,New York,10 07 2022,1092.32
4326,Customer_4326,36,Male,Phoenix,22 10 2021,1261.09
4327,Customer_4327,35,Male,Houston,13 02 2021,393.08
4328,Customer_4328,40,Female,New York,23 06 2022,930.23
4329,Customer_4329,30,Male,Los Angeles,08 02 2021,361.74
4330,Customer_4330,30,Female,Houston,16 10 2021,474.82
4331,Customer_4331,50,Female,Houston,05 09 2021,486.54
4332,Customer_4332,41,Female,Houston,25 12 2021,195.27
4333,Customer_4333,44,Male,Los Angeles,28 07 2021,0.0
4334,Customer_4334,48,Male,Houston,04 05 2021,243.56
4335,Customer_4335,41,Female,Los Angeles,02 09 2023,615.36
4336,Customer_4336,45,Female,New York,07 02 2022,384.19
4337,Customer_4337,18,Female,Chicago,11 10 2021,222.6
4338,Customer_4338,37,Female,Phoenix,25 10 2022,939.38
4339,Customer_4339,33,Female,Los Angeles,30 07 2022,643.3
4340,Customer_4340,53,Female,Los Angeles,29 08 2021,578.42
4341,Customer_4341,45,Male,Houston,16 06 2021,203.1
4342,Customer_4342,28,Female,Chicago,15 07 2022,831.27
4343,Customer_4343,39,Female,Houston,28 05 2021,116.46
4344,Customer_4344,37,Female,Houston,02 12 2022,804.95
4345,Customer_4345,40,Male,New York,15 09 2022,1143.69
4346,Customer_4346,24,Male,Phoenix,22 09 2021,279.06
4347,Customer_4347,39,Male,Houston,16 05 2022,1197.74
4348,Customer_4348,32,Female,Phoenix,06 10 2021,1727.34
4349,Customer_4349,38,Male,Chicago,19 01 2023,411.51
4350,Customer_4350,27,Female,Phoenix,22 06 2023,165.46
4351,Customer_4351,29,Male,New York,08 06 2021,0.0
4352,Customer_4352,48,Male,Los Angeles,20 12 2023,139.14
4353,Customer_4353,23,Male,Phoenix,14 05 2022,752.37
4354,Customer_4354,24,Male,New York,03 05 2022,296.11
4355,Customer_4355,34,Male,New York,10 04 2022,1300.37
4356,Customer_4356,27,Female,Houston,16 08 2021,855.19
4357,Customer_4357,25,Male,Houston,28 10 2022,385.23
4358,Customer_4358,36,Female,New York,02 04 2023,0.0
4359,Customer_4359,18,Male,Phoenix,10 03 2023,187.2
4360,Customer_4360,24,Female,Houston,23 01 2023,947.57
4361,Customer_4361,58,Female,Chicago,19 09 2021,554.51
4362,Customer_4362,40,Female,Houston,10 05 2023,0.0
4363,Customer_4363,27,Female,Los Angeles,30 12 2021,566.68
4364,Customer_4364,40,Female,New York,08 04 2021,248.69
4365,Customer_4365,41,Male,Los Angeles,02 11 2023,1836.54
4366,Customer_4366,46,Female,Chicago,23 02 2023,309.03
4367,Customer_4367,34,Female,Chicago,06 08 2022,571.8
4368,Customer_4368,46,Male,Houston,16 07 2023,43.81
4369,Customer_4369,18,Female,Houston,15 05 2021,321.46
4370,Customer_4370,23,Male,Chicago,16 09 2021,1764.97
4371,Customer_4371,37,Male,Houston,05 07 2023,30.6
4372,Customer_4372,39,Male,New York,01 06 2022,638.59
4373,Customer_4373,25,Male,New York,31 05 2021,1850.89
4374,Customer_4374,38,Female,Phoenix,18 05 2023,1379.9
4375,Customer_4375,28,Male,New York,01 09 2023,350.42
4376,Customer_4376,32,Female,New York,22 05 2021,486.51
4377,Customer_4377,46,Female,Houston,08 09 2021,515.58
4378,Customer_4378,45,Male,Los Angeles,16 08 2023,2490.17
4379,Customer_4379,24,Female,Phoenix,26 06 2023,304.04
4380,Customer_4380,23,Male,Los Angeles,06 10 2022,798.29
4381,Customer_4381,30,Male,New York,07 12 2023,1313.38
4382,Customer_4382,35,Male,Los Angeles,04 04 2021,1754.77
4383,Customer_4383,28,Male,Chicago,31 01 2023,1530.49
4384,Customer_4384,46,Female,Los Angeles,22 12 2021,181.49
4385,Customer_4385,39,Female,Chicago,16 06 2022,52.8
4386,Customer_4386,39,Male,Phoenix,23 11 2022,264.64
4387,Customer_4387,21,Female,Phoenix,10 10 2022,2104.85
4388,Customer_4388,48,Male,Los Angeles,03 12 2022,292.96
4389,Customer_4389,18,Male,Los Angeles,25 12 2022,736.2
4390,Customer_4390,44,Male,Chicago,06 07 2023,154.9
4391,Customer_4391,45,Female,Phoenix,05 03 2021,0.0
4392,Customer_4392,30,Female,Phoenix,15 07 2023,467.32
4393,Customer_4393,49,Female,New York,28 12 2022,0.0
4394,Customer_4394,34,Female,Houston,05 02 2023,149.22
4395,Customer_4395,36,Male,Los Angeles,12 07 2023,1388.44
4396,Customer_4396,39,Female,New York,15 10 2022,1449.01
4397,Customer_4397,70,Female,New York,24 06 2023,115.4
4398,Customer_4398,50,Female,Los Angeles,07 11 2023,383.62
4399,Customer_4399,43,Male,Chicago,30 08 2022,537.19
4400,Customer_4400,25,Male,New York,16 01 2023,351.32
4401,Customer_4401,37,Female,Houston,29 07 2023,803.43
4402,Customer_4402,26,Female,Los Angeles,29 03 2021,0.0
4403,Customer_4403,44,Female,Chicago,17 07 2022,1068.52
4404,Customer_4404,37,Female,Los Angeles,18 03 2022,613.37
4405,Customer_4405,23,Male,New York,29 10 2023,1777.64
4406,Customer_4406,36,Male,Los Angeles,13 07 2022,1355.37
4407,Customer_4407,26,Female,New York,23 01 2023,108.75
4408,Customer_4408,37,Female,Chicago,20 06 2023,174.9
4409,Customer_4409,26,Male,New York,26 04 2022,3439.82
4410,Customer_4410,35,Female,Chicago,04 12 2022,1382.58
4411,Customer_4411,43,Male,New York,01 08 2023,135.94
4412,Customer_4412,34,Female,Houston,04 03 2023,671.68
4413,Customer_4413,31,Female,Houston,06 05 2021,578.58
4414,Customer_4414,37,Female,New York,21 11 2022,66.06
4415,Customer_4415,43,Female,Los Angeles,22 04 2022,757.29
4416,Customer_4416,23,Male,New York,16 11 2022,724.39
4417,Customer_4417,38,Female,Chicago,07 01 2022,430.24
4418,Customer_4418,49,Female,Los Angeles,26 06 2022,39.92
4419,Customer_4419,41,Female,Chicago,14 07 2022,131.89
4420,Customer_4420,36,Female,Chicago,28 06 2021,587.96
4421,Customer_4421,42,Female,Phoenix,21 07 2022,491.3
4422,Customer_4422,40,Female,Chicago,18 01 2023,1740.97
4423,Customer_4423,43,Male,Chicago,09 08 2023,151.77
4424,Customer_4424,18,Female,Los Angeles,29 10 2021,426.7
4425,Customer_4425,18,Female,Phoenix,09 08 2022,217.24
4426,Customer_4426,46,Male,Houston,26 02 2021,396.44
4427,Customer_4427,18,Female,Los Angeles,21 10 2023,69.7
4428,Customer_4428,39,Male,Houston,22 12 2022,2803.55
4429,Customer_4429,31,Female,Los Angeles,14 02 2022,1178.02
4430,Customer_4430,24,Male,Houston,08 10 2022,257.25
4431,Customer_4431,39,Male,Houston,03 03 2021,158.66
4432,Customer_4432,37,Male,New York,05 09 2021,660.0
4433,Customer_4433,58,Male,Houston,12 05 2022,1047.5
4434,Customer_4434,28,Female,Los Angeles,25 02 2021,421.08
4435,Customer_4435,51,Male,Los Angeles,04 04 2022,257.35
4436,Customer_4436,39,Female,Los Angeles,08 07 2023,330.93
4437,Customer_4437,28,Female,Houston,11 07 2022,76.26
4438,Customer_4438,44,Female,New York,22 08 2023,793.89
4439,Customer_4439,41,Male,New York,20 03 2022,328.51
4440,Customer_4440,35,Female,Houston,03 03 2023,334.6
4441,Customer_4441,38,Male,New York,06 05 2022,1444.16
4442,Customer_4442,28,Male,New York,18 08 2022,302.84
4443,Customer_4443,26,Male,New York,12 02 2022,1037.01
4444,Customer_4444,43,Male,Los Angeles,23 11 2021,244.66
4445,Customer_4445,33,Female,Chicago,31 07 2023,203.31
4446,Customer_4446,34,Female,New York,07 08 2023,596.8
4447,Customer_4447,38,Female,Phoenix,18 01 2022,2018.86
4448,Customer_4448,38,Female,Houston,11 10 2023,191.76
4449,Customer_4449,19,Female,Los Angeles,13 12 2021,944.86
4450,Customer_4450,49,Female,Los Angeles,29 09 2021,1154.76
4451,Customer_4451,36,Female,Los Angeles,31 01 2022,1064.55
4452,Customer_4452,33,Male,Chicago,03 06 2021,865.8
4453,Customer_4453,40,Male,New York,27 12 2023,2784.44
4454,Customer_4454,38,Female,New York,21 04 2023,0.0
4455,Customer_4455,43,Male,Phoenix,14 12 2021,190.06
4456,Customer_4456,41,Female,Los Angeles,23 12 2023,0.0
4457,Customer_4457,43,Female,Los Angeles,22 12 2021,337.56
4458,Customer_4458,50,Male,Phoenix,01 12 2023,489.22
4459,Customer_4459,45,Female,Chicago,02 01 2022,942.68
4460,Customer_4460,33,Female,Los Angeles,12 10 2023,841.53
4461,Customer_4461,23,Male,Houston,04 10 2021,439.16
4462,Customer_4462,53,Male,New York,09 08 2021,0.0
4463,Customer_4463,32,Male,Houston,02 03 2021,1269.95
4464,Customer_4464,30,Male,Chicago,16 03 2021,1221.26
4465,Customer_4465,18,Male,Houston,18 04 2022,651.27
4466,Customer_4466,39,Female,Phoenix,22 10 2023,55.16
4467,Customer_4467,37,Female,Phoenix,20 02 2022,999.1
4468,Customer_4468,18,Female,Phoenix,17 01 2021,1436.48
4469,Customer_4469,40,Female,Chicago,19 12 2023,781.68
4470,Customer_4470,30,Male,Los Angeles,22 07 2021,726.67
4471,Customer_4471,65,Female,Los Angeles,17 04 2022,783.21
4472,Customer_4472,29,Male,Houston,29 05 2023,38.0
4473,Customer_4473,30,Male,Phoenix,23 08 2023,0.0
4474,Customer_4474,25,Male,New York,29 03 2023,642.54
4475,Customer_4475,49,Male,Phoenix,18 02 2022,265.62
4476,Customer_4476,31,Male,Houston,16 05 2022,1676.97
4477,Customer_4477,27,Female,Phoenix,01 05 2021,699.9
4478,Customer_4478,43,Male,Phoenix,30 08 2022,836.0
4479,Customer_4479,20,Female,Los Angeles,16 12 2021,1083.34
4480,Customer_4480,42,Male,New York,31 03 2023,3452.34
4481,Customer_4481,55,Female,New York,16 10 2022,1416.9
4482,Customer_4482,41,Male,Los Angeles,23 02 2023,459.17
4483,Customer_4483,42,Male,Chicago,12 05 2022,105.34
4484,Customer_4484,45,Female,Houston,27 01 2022,693.08
4485,Customer_4485,54,Female,Phoenix,18 07 2023,778.51
4486,Customer_4486,48,Male,Chicago,15 04 2022,1655.34
4487,Customer_4487,40,Female,New York,16 12 2021,915.86
4488,Customer_4488,45,Male,New York,14 02 2023,590.19
4489,Customer_4489,25,Male,New York,29 05 2021,416.8
4490,Customer_4490,44,Female,Los Angeles,13 09 2021,1926.62
4491,Customer_4491,24,Female,Chicago,10 12 2021,1839.21
4492,Customer_4492,31,Female,New York,08 11 2022,885.81
4493,Customer_4493,18,Male,Los Angeles,18 04 2021,409.81
4494,Customer_4494,39,Female,New York,18 08 2022,0.0
4495,Customer_4495,28,Female,Chicago,25 01 2021,360.26
4496,Customer_4496,47,Female,Los Angeles,10 10 2021,0.0
4497,Customer_4497,39,Male,Chicago,06 06 2023,911.15
4498,Customer_4498,47,Male,Los Angeles,27 07 2023,1052.45
4499,Customer_4499,23,Male,Phoenix,12 09 2022,209.85
4500,Customer_4500,46,Female,New York,26 08 2021,1192.41
4501,Customer_4501,58,Male,Chicago,27 07 2023,1598.38
4502,Customer_4502,43,Male,Houston,12 11 2021,108.96
4503,Customer_4503,44,Male,Chicago,20 04 2023,223.5
4504,Customer_4504,37,Male,Phoenix,08 04 2022,244.54
4505,Customer_4505,29,Female,Los Angeles,15 08 2022,500.86
4506,Customer_4506,43,Female,Los Angeles,20 04 2023,424.25
4507,Customer_4507,18,Male,New York,23 09 2023,749.03
4508,Customer_4508,30,Female,Chicago,30 05 2021,1855.09
4509,Customer_4509,18,Male,Los Angeles,18 12 2021,307.62
4510,Customer_4510,27,Male,New York,18 03 2022,585.18
4511,Customer_4511,42,Female,Chicago,30 01 2022,130.84
4512,Customer_4512,41,Male,Chicago,06 01 2021,0.0
4513,Customer_4513,36,Female,New York,18 06 2022,1343.94
4514,Customer_4514,37,Female,Houston,08 08 2021,458.03
4515,Customer_4515,18,Male,Chicago,21 05 2023,163.36
4516,Customer_4516,31,Male,New York,12 01 2021,77.52
4517,Customer_4517,28,Female,Los Angeles,06 03 2023,266.92
4518,Customer_4518,28,Female,Houston,05 12 2022,421.39
4519,Customer_4519,42,Male,Chicago,03 04 2022,566.27
4520,Customer_4520,26,Male,Los Angeles,13 08 2021,613.16
4521,Customer_4521,28,Male,Los Angeles,02 12 2021,110.04
4522,Customer_4522,18,Female,Chicago,16 06 2021,872.72
4523,Customer_4523,32,Female,Phoenix,13 05 2022,211.21
4524,Customer_4524,23,Female,Houston,28 05 2021,2078.55
4525,Customer_4525,36,Male,New York,05 02 2021,805.8
4526,Customer_4526,25,Female,Los Angeles,17 09 2023,573.53
4527,Customer_4527,36,Female,Phoenix,04 11 2021,270.91
4528,Customer_4528,33,Male,New York,04 10 2022,1148.93
4529,Customer_4529,53,Female,Phoenix,28 08 2021,165.19
4530,Customer_4530,40,Male,Phoenix,06 07 2023,680.2
4531,Customer_4531,18,Male,New York,24 06 2023,1427.28
4532,Customer_4532,21,Male,Phoenix,06 05 2023,787.92
4533,Customer_4533,36,Female,Los Angeles,31 10 2021,453.35
4534,Customer_4534,25,Female,Houston,09 09 2022,308.36
4535,Customer_4535,18,Male,Los Angeles,08 07 2022,254.06
4536,Customer_4536,50,Male,Los Angeles,05 02 2023,587.37
4537,Customer_4537,43,Male,Chicago,17 06 2023,898.24
4538,Customer_4538,41,Female,Houston,30 08 2023,417.0
4539,Customer_4539,28,Male,New York,14 07 2021,1051.83
4540,Customer_4540,40,Male,Chicago,29 11 2023,1030.36
4541,Customer_4541,27,Male,New York,08 10 2022,0.0
4542,Customer_4542,37,Male,Los Angeles,09 09 2021,1228.57
4543,Customer_4543,25,Male,Los Angeles,26 07 2021,1071.92
4544,Customer_4544,52,Male,Los Angeles,15 05 2022,376.88
4545,Customer_4545,18,Female,Los Angeles,19 01 2021,285.28
4546,Customer_4546,49,Female,New York,30 03 2023,2012.91
4547,Customer_4547,35,Female,New York,18 11 2022,574.66
4548,Customer_4548,30,Female,New York,20 01 2021,571.3
4549,Customer_4549,37,Female,Chicago,24 03 2022,530.94
4550,Customer_4550,43,Female,Phoenix,09 01 2023,121.92
4551,Customer_4551,50,Female,New York,21 10 2021,561.56
4552,Customer_4552,38,Female,Phoenix,06 03 2021,249.98
4553,Customer_4553,25,Male,Houston,14 05 2022,803.54
4554,Customer_4554,36,Male,Chicago,17 03 2021,876.34
4555,Customer_4555,55,Female,Chicago,20 06 2023,346.68
4556,Customer_4556,50,Male,Houston,27 09 2022,436.88
4557,Customer_4557,45,Male,New York,27 01 2021,808.76
4558,Customer_4558,44,Female,Chicago,11 11 2022,556.13
4559,Customer_4559,43,Female,Houston,24 03 2021,636.35
4560,Customer_4560,48,Female,Chicago,01 05 2022,2586.22
4561,Customer_4561,30,Male,Houston,06 01 2021,466.05
4562,Customer_4562,20,Male,New York,27 08 2023,433.72
4563,Customer_4563,36,Female,Houston,03 01 2022,1271.16
4564,Customer_4564,26,Female,Chicago,16 04 2022,450.94
4565,Customer_4565,23,Female,Los Angeles,20 11 2022,1296.58
4566,Customer_4566,27,Female,Los Angeles,05 01 2022,632.02
4567,Customer_4567,62,Female,Chicago,05 10 2021,97.28
4568,Customer_4568,36,Female,Phoenix,06 12 2021,1311.22
4569,Customer_4569,39,Male,Chicago,26 03 2023,0.0
4570,Customer_4570,22,Male,Houston,06 09 2022,0.0
4571,Customer_4571,18,Female,Los Angeles,04 03 2023,392.18
4572,Customer_4572,26,Male,New York,26 08 2022,889.87
4573,Customer_4573,51,Female,New York,08 03 2021,861.08
4574,Customer_4574,39,Female,New York,03 08 2021,284.43
4575,Customer_4575,42,Female,Los Angeles,20 02 2022,1622.74
4576,Customer_4576,43,Male,Los Angeles,06 07 2022,611.09
4577,Customer_4577,28,Male,Houston,25 07 2022,1274.29
4578,Customer_4578,50,Male,Houston,24 06 2022,0.0
4579,Customer_4579,28,Female,New York,07 12 2023,169.19
4580,Customer_4580,50,Male,New York,27 04 2021,1392.43
4581,Customer_4581,40,Female,Los Angeles,31 05 2021,0.0
4582,Customer_4582,18,Male,Chicago,17 12 2023,46.9
4583,Customer_4583,27,Female,New York,11 09 2023,865.71
4584,Customer_4584,18,Female,New York,01 10 2023,751.2
4585,Customer_4585,48,Male,Phoenix,10 03 2022,250.09
4586,Customer_4586,35,Male,Houston,16 11 2021,377.99
4587,Customer_4587,18,Female,New York,30 08 2021,207.73
4588,Customer_4588,39,Male,Los Angeles,10 04 2022,329.66
4589,Customer_4589,29,Female,Los Angeles,22 07 2021,156.85
4590,Customer_4590,19,Male,Houston,03 07 2022,238.39
4591,Customer_4591,53,Male,Chicago,28 01 2023,801.15
4592,Customer_4592,36,Male,New York,08 05 2023,903.59
4593,Customer_4593,32,Male,Houston,25 02 2023,856.25
4594,Customer_4594,31,Male,Los Angeles,25 06 2022,492.13
4595,Customer_4595,18,Female,Los Angeles,02 05 2022,508.23
4596,Customer_4596,21,Male,Los Angeles,26 07 2022,1101.27
4597,Customer_4597,49,Female,Chicago,20 04 2023,207.51
4598,Customer_4598,30,Female,Los Angeles,23 10 2022,878.52
4599,Customer_4599,35,Female,New York,09 02 2022,325.54
4600,Customer_4600,18,Female,Los Angeles,19 10 2022,187.32
4601,Customer_4601,21,Male,New York,07 08 2023,27.67
4602,Customer_4602,42,Female,Houston,15 01 2021,216.48
4603,Customer_4603,39,Male,New York,02 09 2023,863.2
4604,Customer_4604,54,Female,New York,30 11 2023,0.0
4605,Customer_4605,50,Female,Chicago,03 11 2021,1928.2
4606,Customer_4606,32,Female,Houston,06 12 2022,594.39
4607,Customer_4607,40,Female,Houston,01 02 2022,516.27
4608,Customer_4608,32,Female,Chicago,09 11 2022,121.07
4609,Customer_4609,58,Male,New York,28 08 2023,417.56
4610,Customer_4610,48,Female,Houston,15 05 2023,139.9
4611,Customer_4611,37,Male,Houston,30 07 2021,258.96
4612,Customer_4612,37,Female,New York,03 02 2022,154.52
4613,Customer_4613,51,Female,Phoenix,15 09 2021,947.52
4614,Customer_4614,41,Male,New York,25 04 2021,849.76
4615,Customer_4615,52,Female,Phoenix,30 11 2021,528.32
4616,Customer_4616,18,Female,Phoenix,15 12 2021,0.0
4617,Customer_4617,40,Female,Houston,21 08 2021,76.28
4618,Customer_4618,29,Female,Phoenix,25 03 2022,922.78
4619,Customer_4619,54,Male,Houston,08 04 2023,842.28
4620,Customer_4620,52,Female,New York,31 08 2022,125.22
4621,Customer_4621,35,Male,Los Angeles,08 04 2021,625.84
4622,Customer_4622,52,Male,New York,22 07 2022,726.56
4623,Customer_4623,55,Female,Los Angeles,07 04 2022,1027.32
4624,Customer_4624,36,Male,Houston,15 05 2022,1121.81
4625,Customer_4625,62,Female,Los Angeles,23 09 2022,258.91
4626,Customer_4626,35,Male,Los Angeles,28 11 2023,468.22
4627,Customer_4627,33,Female,Chicago,11 12 2023,59.13
4628,Customer_4628,45,Male,Phoenix,07 05 2021,303.26
4629,Customer_4629,31,Female,New York,22 04 2022,2055.55
4630,Customer_4630,36,Female,Los Angeles,24 12 2022,548.69
4631,Customer_4631,51,Male,New York,12 03 2022,623.61
4632,Customer_4632,35,Male,Houston,26 03 2021,696.14
4633,Customer_4633,18,Female,New York,25 02 2023,178.78
4634,Customer_4634,39,Female,Chicago,27 01 2021,1114.72
4635,Customer_4635,27,Male,Los Angeles,10 05 2023,1104.39
4636,Customer_4636,45,Male,New York,13 03 2021,71.04
4637,Customer_4637,43,Male,Phoenix,11 08 2022,853.61
4638,Customer_4638,51,Male,New York,27 10 2023,233.4
4639,Customer_4639,45,Male,Los Angeles,01 06 2021,181.27
4640,Customer_4640,47,Male,New York,06 08 2022,0.0
4641,Customer_4641,28,Female,Chicago,26 02 2021,0.0
4642,Customer_4642,44,Female,Chicago,02 03 2022,489.02
4643,Customer_4643,57,Male,Los Angeles,22 05 2021,2379.69
4644,Customer_4644,27,Male,New York,22 07 2022,94.12
4645,Customer_4645,55,Female,Los Angeles,05 11 2023,414.28
4646,Customer_4646,29,Female,Houston,29 10 2023,643.53
4647,Customer_4647,26,Male,Houston,13 12 2023,1125.42
4648,Customer_4648,38,Female,Chicago,17 05 2021,2282.09
4649,Customer_4649,43,Female,Chicago,23 06 2021,0.0
4650,Customer_4650,45,Female,New York,10 05 2023,249.93
4651,Customer_4651,24,Female,Los Angeles,07 08 2021,870.45
4652,Customer_4652,40,Female,New York,12 09 2021,2397.86
4653,Customer_4653,27,Female,New York,23 03 2023,707.87
4654,Customer_4654,19,Female,New York,27 09 2021,892.6
4655,Customer_4655,25,Male,Chicago,12 08 2021,0.0
4656,Customer_4656,27,Female,Chicago,02 06 2023,884.35
4657,Customer_4657,41,Male,Phoenix,27 08 2022,0.0
4658,Customer_4658,48,Male,New York,02 12 2022,409.81
4659,Customer_4659,19,Female,Chicago,09 07 2023,667.65
4660,Customer_4660,39,Male,Houston,14 03 2021,1185.95
4661,Customer_4661,22,Female,Chicago,17 06 2023,2282.13
4662,Customer_4662,42,Male,Los Angeles,05 08 2023,1192.36
4663,Customer_4663,28,Female,Los Angeles,27 06 2022,2670.61
4664,Customer_4664,23,Male,New York,23 09 2022,171.48
4665,Customer_4665,44,Male,Los Angeles,06 03 2023,272.84
4666,Customer_4666,29,Female,Houston,28 05 2023,316.96
4667,Customer_4667,32,Female,New York,27 01 2023,495.35
4668,Customer_4668,18,Male,New York,10 09 2022,1424.12
4669,Customer_4669,45,Male,Houston,17 07 2021,0.0
4670,Customer_4670,44,Female,Houston,08 05 2022,165.87
4671,Customer_4671,35,Male,Los Angeles,23 03 2021,426.76
4672,Customer_4672,18,Female,Houston,09 01 2022,1507.92
4673,Customer_4673,48,Male,Los Angeles,16 05 2022,235.45
4674,Customer_4674,28,Female,New York,23 12 2021,1103.22
4675,Customer_4675,30,Male,Los Angeles,03 08 2022,328.79
4676,Customer_4676,60,Female,Chicago,27 10 2021,595.63
4677,Customer_4677,27,Female,Phoenix,08 10 2022,45.22
4678,Customer_4678,43,Female,New York,30 04 2021,701.49
4679,Customer_4679,41,Female,Chicago,05 07 2021,811.05
4680,Customer_4680,39,Female,Los Angeles,07 08 2022,260.07
4681,Customer_4681,38,Female,Chicago,04 11 2021,381.63
4682,Customer_4682,39,Male,New York,22 08 2021,138.82
4683,Customer_4683,38,Female,Los Angeles,01 11 2023,1935.07
4684,Customer_4684,34,Female,Houston,24 06 2021,0.0
4685,Customer_4685,52,Female,Chicago,12 02 2023,0.0
4686,Customer_4686,21,Female,Los Angeles,05 10 2022,517.64
4687,Customer_4687,46,Female,Los Angeles,30 06 2023,0.0
4688,Customer_4688,44,Female,Los Angeles,23 10 2023,17.96
4689,Customer_4689,43,Female,Los Angeles,31 01 2023,104.24
4690,Customer_4690,47,Female,Houston,01 07 2021,1405.74
4691,Customer_4691,34,Male,Phoenix,31 07 2023,719.54
4692,Customer_4692,18,Male,Los Angeles,16 12 2021,1038.76
4693,Customer_4693,34,Female,Los Angeles,01 10 2022,1247.48
4694,Customer_4694,24,Female,Houston,13 08 2021,389.93
4695,Customer_4695,27,Male,Los Angeles,13 10 2021,95.08
4696,Customer_4696,21,Female,Chicago,12 07 2021,260.27
4697,Customer_4697,30,Male,New York,02 11 2022,221.33
4698,Customer_4698,28,Female,Houston,23 11 2022,0.0
4699,Customer_4699,18,Male,Chicago,22 06 2022,193.0
4700,Customer_4700,43,Male,Houston,04 09 2022,288.54
4701,Customer_4701,59,Male,Houston,20 06 2023,2124.18
4702,Customer_4702,42,Male,New York,20 02 2021,42.6
4703,Customer_4703,33,Female,Houston,08 05 2021,355.33
4704,Customer_4704,34,Female,Houston,06 12 2023,1176.54
4705,Customer_4705,30,Male,Los Angeles,22 08 2021,449.87
4706,Customer_4706,36,Male,New York,24 03 2022,896.02
4707,Customer_4707,35,Female,New York,07 08 2022,805.47
4708,Customer_4708,26,Female,Los Angeles,18 05 2022,1200.27
4709,Customer_4709,54,Female,Los Angeles,30 08 2022,1994.21
4710,Customer_4710,19,Female,Chicago,11 07 2023,613.06
4711,Customer_4711,43,Male,New York,12 10 2021,0.0
4712,Customer_4712,34,Female,Phoenix,25 07 2023,1852.51
4713,Customer_4713,56,Female,Los Angeles,28 06 2022,52.92
4714,Customer_4714,39,Female,New York,22 12 2021,108.75
4715,Customer_4715,31,Female,Chicago,27 11 2023,2391.55
4716,Customer_4716,32,Female,Chicago,18 05 2021,197.02
4717,Customer_4717,35,Male,New York,04 09 2022,1364.15
4718,Customer_4718,22,Male,Los Angeles,02 04 2022,0.0
4719,Customer_4719,27,Male,New York,09 04 2021,1007.39
4720,Customer_4720,18,Female,Houston,05 02 2021,928.07
4721,Customer_4721,25,Male,Houston,22 09 2022,475.6
4722,Customer_4722,36,Male,Los Angeles,01 11 2022,689.04
4723,Customer_4723,38,Male,Houston,26 02 2023,1260.66
4724,Customer_4724,18,Female,Houston,12 11 2022,1157.59
4725,Customer_4725,33,Female,New York,24 02 2021,379.45
4726,Customer_4726,41,Female,Phoenix,27 10 2023,1364.6
4727,Customer_4727,33,Female,Houston,10 06 2023,0.0
4728,Customer_4728,28,Female,New York,04 10 2023,841.44
4729,Customer_4729,30,Female,New York,07 02 2023,535.75
4730,Customer_4730,29,Female,New York,07 07 2023,1848.18
4731,Customer_4731,28,Male,New York,26 10 2022,54.26
4732,Customer_4732,37,Female,Houston,10 04 2023,460.43
4733,Customer_4733,60,Female,Los Angeles,19 06 2021,528.16
4734,Customer_4734,27,Male,Houston,06 09 2021,497.07
4735,Customer_4735,32,Male,Houston,24 10 2022,879.56
4736,Customer_4736,34,Male,Chicago,29 07 2021,2144.96
4737,Customer_4737,27,Male,Houston,01 07 2023,444.36
4738,Customer_4738,47,Male,New York,10 01 2023,0.0
4739,Customer_4739,18,Male,Los Angeles,21 05 2021,22.04
4740,Customer_4740,29,Female,Chicago,24 09 2022,911.73
4741,Customer_4741,44,Female,New York,16 03 2023,729.93
4742,Customer_4742,32,Female,New York,29 06 2021,164.48
4743,Customer_4743,26,Female,Phoenix,09 07 2023,131.95
4744,Customer_4744,40,Female,Houston,29 09 2022,0.0
4745,Customer_4745,45,Male,Los Angeles,24 01 2023,348.99
4746,Customer_4746,37,Male,Houston,14 09 2023,49.49
4747,Customer_4747,26,Male,Houston,07 11 2023,894.44
4748,Customer_4748,40,Female,Los Angeles,06 11 2023,0.0
4749,Customer_4749,31,Male,New York,20 01 2022,571.58
4750,Customer_4750,43,Male,Phoenix,12 06 2023,82.8
4751,Customer_4751,51,Female,Los Angeles,14 09 2023,2540.74
4752,Customer_4752,18,Male,New York,08 02 2023,1033.52
4753,Customer_4753,36,Female,Chicago,03 03 2023,2190.55
4754,Customer_4754,18,Female,Houston,15 02 2021,400.42
4755,Customer_4755,62,Male,New York,19 05 2022,1259.3
4756,Customer_4756,30,Female,Los Angeles,10 04 2023,1108.81
4757,Customer_4757,43,Female,New York,09 06 2022,0.0
4758,Customer_4758,35,Male,Phoenix,06 09 2023,354.32
4759,Customer_4759,26,Male,New York,11 07 2022,510.24
4760,Customer_4760,25,Female,Chicago,16 02 2021,0.0
4761,Customer_4761,52,Female,Phoenix,12 06 2022,956.06
4762,Customer_4762,46,Female,New York,17 04 2021,1019.48
4763,Customer_4763,56,Male,Phoenix,24 10 2023,431.61
4764,Customer_4764,36,Female,Phoenix,08 09 2022,3203.95
4765,Customer_4765,38,Female,Phoenix,24 08 2023,1227.27
4766,Customer_4766,32,Male,New York,10 05 2023,527.2
4767,Customer_4767,32,Male,Chicago,20 07 2021,43.26
4768,Customer_4768,24,Female,Houston,11 09 2021,198.62
4769,Customer_4769,36,Female,Phoenix,02 07 2021,712.83
4770,Customer_4770,26,Male,New York,08 09 2023,77.07
4771,Customer_4771,40,Female,Houston,05 05 2022,1700.95
4772,Customer_4772,37,Female,Los Angeles,20 05 2022,254.13
4773,Customer_4773,38,Male,New York,17 02 2022,985.77
4774,Customer_4774,53,Female,Los Angeles,08 02 2022,92.21
4775,Customer_4775,35,Male,Houston,24 08 2021,1081.9
4776,Customer_4776,43,Female,Los Angeles,09 05 2023,284.96
4777,Customer_4777,58,Female,Chicago,24 08 2023,675.79
4778,Customer_4778,49,Female,Phoenix,25 09 2022,957.37
4779,Customer_4779,48,Female,Los Angeles,27 07 2021,1351.64
4780,Customer_4780,32,Female,Chicago,20 05 2021,495.7
4781,Customer_4781,38,Female,Los Angeles,11 08 2022,1047.6
4782,Customer_4782,20,Male,Los Angeles,10 08 2022,251.68
4783,Customer_4783,40,Male,Houston,06 07 2023,67.46
4784,Customer_4784,38,Male,Phoenix,25 08 2023,627.63
4785,Customer_4785,35,Male,Chicago,24 07 2022,1412.61
4786,Customer_4786,46,Female,Houston,05 05 2021,0.0
4787,Customer_4787,22,Male,New York,14 05 2021,160.82
4788,Customer_4788,53,Female,New York,23 09 2023,126.41
4789,Customer_4789,45,Male,Chicago,12 10 2022,1819.92
4790,Customer_4790,34,Male,New York,07 12 2022,91.31
4791,Customer_4791,33,Male,Los Angeles,22 07 2022,1721.95
4792,Customer_4792,40,Male,Chicago,05 12 2021,1270.3
4793,Customer_4793,52,Male,New York,19 04 2023,326.5
4794,Customer_4794,36,Female,Los Angeles,18 11 2021,184.19
4795,Customer_4795,37,Female,Chicago,05 04 2021,862.9
4796,Customer_4796,35,Male,Chicago,15 07 2021,2476.94
4797,Customer_4797,55,Female,Phoenix,11 07 2021,462.54
4798,Customer_4798,31,Male,Chicago,18 10 2022,383.93
4799,Customer_4799,35,Male,Los Angeles,06 06 2022,265.41
4800,Customer_4800,51,Female,Phoenix,23 01 2023,1019.67
4801,Customer_4801,37,Male,Houston,15 09 2023,793.59
4802,Customer_4802,48,Male,New York,03 10 2023,381.19
4803,Customer_4803,25,Male,New York,13 01 2021,691.8
4804,Customer_4804,33,Male,Houston,11 09 2021,561.5
4805,Customer_4805,51,Male,Chicago,22 03 2021,1083.59
4806,Customer_4806,28,Male,Houston,08 01 2022,696.74
4807,Customer_4807,33,Male,Houston,29 01 2022,196.24
4808,Customer_4808,38,Female,Chicago,22 02 2022,960.42
4809,Customer_4809,24,Female,Phoenix,19 12 2023,228.69
4810,Customer_4810,30,Male,Chicago,08 05 2021,1207.32
4811,Customer_4811,36,Female,New York,28 03 2023,1194.32
4812,Customer_4812,36,Male,Houston,13 02 2023,169.2
4813,Customer_4813,49,Male,Los Angeles,11 06 2023,360.45
4814,Customer_4814,52,Female,Houston,09 10 2021,1082.53
4815,Customer_4815,26,Male,Phoenix,26 07 2021,85.92
4816,Customer_4816,36,Male,Houston,07 02 2022,611.59
4817,Customer_4817,42,Female,Chicago,06 08 2021,0.0
4818,Customer_4818,52,Female,Los Angeles,22 11 2021,502.2
4819,Customer_4819,43,Female,Los Angeles,26 01 2023,177.46
4820,Customer_4820,38,Female,Los Angeles,09 10 2023,481.91
4821,Customer_4821,42,Male,Chicago,10 05 2021,1036.79
4822,Customer_4822,42,Female,Houston,03 01 2021,1498.89
4823,Customer_4823,25,Male,Houston,09 07 2022,506.72
4824,Customer_4824,37,Female,New York,23 09 2021,1410.08
4825,Customer_4825,51,Female,Chicago,12 07 2023,665.28
4826,Customer_4826,33,Male,Houston,24 01 2021,3039.95
4827,Customer_4827,36,Male,Chicago,18 06 2022,360.29
4828,Customer_4828,32,Female,Chicago,03 01 2021,1434.33
4829,Customer_4829,18,Female,Houston,30 05 2023,60.89
4830,Customer_4830,35,Female,Chicago,03 03 2022,1946.57
4831,Customer_4831,38,Female,Los Angeles,04 01 2021,0.0
4832,Customer_4832,29,Male,Phoenix,19 03 2023,0.0
4833,Customer_4833,22,Female,New York,23 02 2023,311.23
4834,Customer_4834,25,Female,Phoenix,18 05 2022,224.74
4835,Customer_4835,43,Female,New York,20 08 2021,212.6
4836,Customer_4836,57,Male,New York,23 05 2023,1810.62
4837,Customer_4837,50,Male,Phoenix,20 01 2023,171.4
4838,Customer_4838,20,Female,New York,13 03 2021,0.0
4839,Customer_4839,44,Male,Houston,29 03 2021,0.0
4840,Customer_4840,28,Female,Houston,12 06 2022,1147.25
4841,Customer_4841,29,Female,Phoenix,05 06 2023,267.17
4842,Customer_4842,30,Male,Phoenix,26 08 2022,213.89
4843,Customer_4843,43,Male,Los Angeles,26 03 2022,760.64
4844,Customer_4844,46,Male,Houston,15 03 2022,131.72
4845,Customer_4845,34,Male,New York,06 05 2021,271.49
4846,Customer_4846,34,Female,Los Angeles,17 07 2022,672.9
4847,Customer_4847,40,Male,Houston,08 11 2023,435.32
4848,Customer_4848,41,Female,Los Angeles,29 04 2023,2859.05
4849,Customer_4849,48,Male,Chicago,15 05 2023,1579.37
4850,Customer_4850,21,Female,Chicago,13 07 2023,629.71
4851,Customer_4851,35,Male,Chicago,11 12 2021,366.14
4852,Customer_4852,23,Female,Phoenix,13 04 2022,321.92
4853,Customer_4853,34,Female,New York,08 09 2023,1237.89
4854,Customer_4854,33,Male,Chicago,21 05 2021,1108.75
4855,Customer_4855,34,Female,Phoenix,27 10 2023,591.78
4856,Customer_4856,26,Female,Chicago,31 10 2022,673.66
4857,Customer_4857,19,Female,New York,23 09 2022,55.31
4858,Customer_4858,18,Female,Chicago,25 12 2023,0.0
4859,Customer_4859,34,Female,Los Angeles,16 12 2023,134.1
4860,Customer_4860,30,Female,New York,09 03 2023,1141.19
4861,Customer_4861,28,Male,Houston,13 08 2023,108.57
4862,Customer_4862,50,Female,Chicago,03 08 2021,575.99
4863,Customer_4863,26,Male,Phoenix,13 01 2023,467.95
4864,Customer_4864,51,Male,Houston,27 02 2021,0.0
4865,Customer_4865,53,Female,Houston,25 06 2023,1019.73
4866,Customer_4866,18,Male,New York,09 02 2022,805.72
4867,Customer_4867,36,Female,Los Angeles,22 12 2022,1452.4
4868,Customer_4868,31,Male,New York,22 02 2023,547.51
4869,Customer_4869,18,Female,Phoenix,07 04 2021,814.29
4870,Customer_4870,19,Female,New York,10 08 2022,2255.33
4871,Customer_4871,44,Male,Los Angeles,02 06 2022,547.13
4872,Customer_4872,57,Male,Chicago,30 10 2022,0.0
4873,Customer_4873,45,Male,Los Angeles,23 12 2023,193.41
4874,Customer_4874,39,Female,New York,25 06 2022,297.76
4875,Customer_4875,35,Male,Chicago,27 03 2023,835.98
4876,Customer_4876,54,Female,New York,10 07 2021,394.28
4877,Customer_4877,59,Female,New York,06 07 2023,3043.54
4878,Customer_4878,29,Female,Los Angeles,17 12 2022,420.04
4879,Customer_4879,18,Male,Houston,23 06 2022,107.8
4880,Customer_4880,18,Female,Chicago,26 03 2021,1640.39
4881,Customer_4881,50,Female,Los Angeles,17 03 2022,0.0
4882,Customer_4882,34,Male,Chicago,01 03 2023,530.58
4883,Customer_4883,37,Female,Los Angeles,05 12 2021,204.3
4884,Customer_4884,18,Female,Phoenix,01 10 2023,653.86
4885,Customer_4885,27,Female,New York,05 11 2022,355.46
4886,Customer_4886,32,Male,Houston,31 12 2022,0.0
4887,Customer_4887,37,Female,Phoenix,13 11 2021,398.12
4888,Customer_4888,31,Female,Houston,17 03 2021,1663.19
4889,Customer_4889,24,Male,New York,01 09 2023,537.51
4890,Customer_4890,26,Male,Los Angeles,26 09 2023,302.42
4891,Customer_4891,48,Female,Houston,23 07 2021,176.61
4892,Customer_4892,38,Male,New York,28 02 2022,381.09
4893,Customer_4893,42,Male,Houston,12 07 2021,243.8
4894,Customer_4894,25,Male,Houston,16 06 2023,701.44
4895,Customer_4895,18,Female,Houston,20 02 2023,0.0
4896,Customer_4896,29,Male,New York,28 10 2021,125.04
4897,Customer_4897,25,Male,Houston,17 09 2021,685.86
4898,Customer_4898,39,Female,Houston,01 10 2023,222.88
4899,Customer_4899,70,Female,Houston,08 09 2022,0.0
4900,Customer_4900,43,Female,New York,08 03 2022,1444.79
4901,Customer_4901,65,Female,New York,17 12 2022,1252.43
4902,Customer_4902,41,Male,Los Angeles,27 11 2022,131.67
4903,Customer_4903,28,Female,New York,17 07 2021,1793.55
4904,Customer_4904,39,Female,Chicago,10 09 2023,277.25
4905,Customer_4905,55,Male,Phoenix,08 02 2021,721.58
4906,Customer_4906,55,Female,Los Angeles,10 12 2022,962.41
4907,Customer_4907,29,Male,Houston,16 04 2022,262.52
4908,Customer_4908,38,Female,New York,20 03 2021,225.33
4909,Customer_4909,19,Female,New York,30 12 2022,1428.68
4910,Customer_4910,44,Female,New York,15 11 2022,22.07
4911,Customer_4911,52,Female,Los Angeles,12 02 2021,1652.85
4912,Customer_4912,35,Female,Phoenix,12 05 2021,685.62
4913,Customer_4913,28,Male,New York,18 03 2021,0.0
4914,Customer_4914,39,Male,Chicago,08 02 2021,813.6
4915,Customer_4915,40,Female,Los Angeles,31 05 2021,828.67
4916,Customer_4916,36,Male,Phoenix,03 09 2023,192.96
4917,Customer_4917,37,Male,New York,14 11 2021,0.0
4918,Customer_4918,33,Male,New York,13 03 2022,420.27
4919,Customer_4919,46,Female,New York,19 09 2022,115.55
4920,Customer_4920,43,Female,Los Angeles,05 07 2022,360.17
4921,Customer_4921,24,Female,Los Angeles,06 12 2021,1446.93
4922,Customer_4922,24,Male,Phoenix,20 10 2022,796.69
4923,Customer_4923,32,Male,Chicago,07 07 2023,949.03
4924,Customer_4924,43,Female,Chicago,27 12 2021,0.0
4925,Customer_4925,37,Female,Chicago,23 09 2023,976.65
4926,Customer_4926,28,Male,New York,10 02 2023,81.75
4927,Customer_4927,38,Male,Los Angeles,09 07 2021,1164.54
4928,Customer_4928,31,Male,Phoenix,17 02 2022,721.43
4929,Customer_4929,45,Male,Houston,25 11 2021,610.44
4930,Customer_4930,39,Female,Phoenix,02 04 2021,554.28
4931,Customer_4931,32,Male,Houston,16 03 2022,469.92
4932,Customer_4932,38,Male,New York,02 09 2021,224.02
4933,Customer_4933,49,Female,New York,28 06 2023,1042.46
4934,Customer_4934,29,Male,New York,13 04 2023,298.12
4935,Customer_4935,39,Male,Los Angeles,07 04 2021,386.34
4936,Customer_4936,34,Female,New York,27 07 2023,892.0
4937,Customer_4937,40,Male,Chicago,12 08 2023,185.4
4938,Customer_4938,28,Male,Houston,29 07 2022,95.94
4939,Customer_4939,36,Male,Phoenix,13 04 2021,775.14
4940,Customer_4940,47,Female,Houston,09 04 2023,778.15
4941,Customer_4941,25,Female,Phoenix,28 05 2022,200.72
4942,Customer_4942,20,Male,New York,28 10 2022,637.57
4943,Customer_4943,21,Female,New York,04 02 2021,800.87
4944,Customer_4944,22,Male,Chicago,01 02 2022,296.7
4945,Customer_4945,42,Male,Los Angeles,27 01 2021,491.76
4946,Customer_4946,20,Female,Los Angeles,02 11 2021,1136.0
4947,Customer_4947,32,Female,Los Angeles,30 11 2022,1076.62
4948,Customer_4948,42,Female,Los Angeles,04 08 2022,609.36
4949,Customer_4949,40,Female,Chicago,14 06 2021,62.93
4950,Customer_4950,31,Male,Los Angeles,12 04 2021,496.88
4951,Customer_4951,37,Male,Chicago,31 03 2022,234.67
4952,Customer_4952,36,Male,Houston,12 07 2021,219.08
4953,Customer_4953,33,Male,Los Angeles,05 07 2023,0.0
4954,Customer_4954,33,Female,Los Angeles,17 06 2023,436.05
4955,Customer_4955,60,Male,New York,21 03 2023,827.86
4956,Customer_4956,44,Male,Los Angeles,26 10 2021,0.0
4957,Customer_4957,62,Male,Houston,21 01 2021,374.19
4958,Customer_4958,30,Male,Houston,14 02 2021,177.54
4959,Customer_4959,34,Female,Chicago,11 05 2022,2239.08
4960,Customer_4960,20,Male,New York,14 11 2022,1119.26
4961,Customer_4961,26,Female,Chicago,11 08 2021,270.06
4962,Customer_4962,56,Female,Chicago,26 10 2021,0.0
4963,Customer_4963,29,Female,Chicago,14 11 2023,309.0
4964,Customer_4964,56,Male,Chicago,20 12 2023,624.73
4965,Customer_4965,21,Male,Chicago,15 10 2021,475.11
4966,Customer_4966,23,Male,Chicago,01 06 2022,1552.97
4967,Customer_4967,31,Male,Houston,17 06 2023,86.74
4968,Customer_4968,34,Male,New York,03 06 2021,0.0
4969,Customer_4969,45,Male,Houston,08 10 2021,0.0
4970,Customer_4970,40,Female,New York,10 03 2022,966.29
4971,Customer_4971,30,Female,New York,08 12 2021,1342.83
4972,Customer_4972,34,Female,Phoenix,27 03 2021,576.19
4973,Customer_4973,31,Male,Phoenix,18 02 2023,0.0
4974,Customer_4974,25,Male,New York,10 07 2021,0.0
4975,Customer_4975,25,Female,Los Angeles,28 12 2023,0.0
4976,Customer_4976,46,Female,New York,18 09 2023,687.1
4977,Customer_4977,18,Male,Chicago,26 05 2023,466.37
4978,Customer_4978,53,Female,Houston,24 10 2022,785.24
4979,Customer_4979,31,Male,Phoenix,28 07 2022,513.91
4980,Customer_4980,27,Male,Chicago,11 05 2021,308.1
4981,Customer_4981,43,Female,Los Angeles,19 04 2023,398.38
4982,Customer_4982,51,Female,Chicago,17 08 2023,0.0
4983,Customer_4983,47,Male,Los Angeles,19 04 2023,566.64
4984,Customer_4984,41,Male,Phoenix,09 08 2021,242.72
4985,Customer_4985,47,Male,Phoenix,05 10 2022,704.07
4986,Customer_4986,18,Male,Chicago,03 05 2022,1142.86
4987,Customer_4987,29,Female,Los Angeles,02 05 2023,759.39
4988,Customer_4988,25,Female,Los Angeles,20 12 2021,164.17
4989,Customer_4989,48,Male,New York,06 08 2023,152.66
4990,Customer_4990,31,Male,Houston,10 06 2021,1141.22
4991,Customer_4991,44,Female,Los Angeles,09 04 2022,484.11
4992,Customer_4992,41,Male,Los Angeles,20 12 2023,1524.63
4993,Customer_4993,26,Male,Chicago,03 08 2021,1522.13
4994,Customer_4994,29,Female,Houston,03 08 2022,337.36
4995,Customer_4995,49,Female,New York,03 05 2022,363.51
4996,Customer_4996,26,Male,Phoenix,13 08 2021,623.33
4997,Customer_4997,36,Female,Phoenix,10 12 2022,977.37
4998,Customer_4998,26,Female,Phoenix,10 06 2021,0.0
4999,Customer_4999,32,Female,Los Angeles,31 03 2022,1090.34
5000,Customer_5000,34,Male,New York,19 12 2023,794.11
5001,Customer_5001,26,Male,Los Angeles,29 06 2022,344.46
5002,Customer_5002,24,Male,Los Angeles,29 01 2021,648.03
5003,Customer_5003,38,Female,New York,06 02 2023,181.13
5004,Customer_5004,26,Male,Chicago,04 07 2021,438.05
5005,Customer_5005,26,Male,Chicago,23 12 2021,936.71
5006,Customer_5006,25,Male,Phoenix,07 05 2022,132.53
5007,Customer_5007,34,Male,New York,03 01 2023,0.0
5008,Customer_5008,45,Female,Chicago,01 08 2022,925.7
5009,Customer_5009,52,Male,Houston,24 04 2021,803.05
5010,Customer_5010,27,Female,Houston,13 01 2022,1370.84
5011,Customer_5011,59,Male,Phoenix,07 04 2021,1337.26
5012,Customer_5012,24,Female,Houston,22 04 2023,415.2
5013,Customer_5013,47,Female,Phoenix,04 05 2021,0.0
5014,Customer_5014,27,Female,Los Angeles,05 06 2021,454.31
5015,Customer_5015,25,Male,Chicago,20 04 2021,233.84
5016,Customer_5016,27,Female,New York,22 02 2021,0.0
5017,Customer_5017,34,Male,New York,11 08 2022,1072.58
5018,Customer_5018,41,Female,New York,27 12 2022,507.12
5019,Customer_5019,42,Female,New York,14 02 2021,1145.92
5020,Customer_5020,25,Male,Los Angeles,25 07 2023,1490.73
5021,Customer_5021,24,Female,New York,02 05 2021,973.12
5022,Customer_5022,25,Female,New York,27 04 2022,219.6
5023,Customer_5023,34,Male,Phoenix,09 11 2022,8.37
5024,Customer_5024,33,Female,New York,15 05 2022,602.83
5025,Customer_5025,25,Female,Houston,15 03 2021,694.09
5026,Customer_5026,38,Female,New York,29 08 2023,137.08
5027,Customer_5027,60,Male,Phoenix,29 05 2021,996.49
5028,Customer_5028,29,Male,Phoenix,11 06 2023,808.26
5029,Customer_5029,30,Male,Chicago,21 12 2023,652.53
5030,Customer_5030,41,Male,Houston,14 12 2023,635.03
5031,Customer_5031,29,Female,New York,18 04 2022,2621.34
5032,Customer_5032,42,Female,Phoenix,19 06 2021,224.98
5033,Customer_5033,27,Male,Phoenix,02 12 2022,0.0
5034,Customer_5034,55,Female,Phoenix,01 02 2021,373.61
5035,Customer_5035,39,Female,Chicago,22 02 2021,826.35
5036,Customer_5036,28,Female,Los Angeles,29 07 2023,221.84
5037,Customer_5037,29,Female,Phoenix,19 05 2021,2231.38
5038,Customer_5038,29,Male,Los Angeles,07 12 2023,255.48
5039,Customer_5039,50,Female,Chicago,31 03 2021,903.75
5040,Customer_5040,21,Female,New York,08 04 2023,2420.19
5041,Customer_5041,28,Female,Phoenix,05 02 2021,859.14
5042,Customer_5042,29,Male,New York,13 10 2023,1016.06
5043,Customer_5043,35,Female,New York,18 07 2023,608.24
5044,Customer_5044,32,Female,Chicago,08 07 2022,968.79
5045,Customer_5045,19,Male,Houston,10 01 2023,1251.75
5046,Customer_5046,31,Male,Chicago,26 09 2021,1606.19
5047,Customer_5047,34,Female,New York,29 06 2023,580.33
5048,Customer_5048,28,Female,New York,05 07 2021,877.25
5049,Customer_5049,43,Female,Houston,19 05 2023,937.75
5050,Customer_5050,45,Female,Phoenix,28 02 2022,685.8
5051,Customer_5051,34,Female,Houston,13 04 2023,159.58
5052,Customer_5052,38,Female,Los Angeles,15 07 2023,1943.72
5053,Customer_5053,18,Female,Phoenix,19 05 2023,2027.89
5054,Customer_5054,30,Female,Los Angeles,13 10 2023,114.5
5055,Customer_5055,46,Male,Chicago,18 03 2022,1520.43
5056,Customer_5056,30,Male,Chicago,08 02 2021,116.88
5057,Customer_5057,27,Male,Los Angeles,27 06 2023,400.43
5058,Customer_5058,60,Female,Houston,15 06 2021,109.84
5059,Customer_5059,55,Female,Chicago,19 03 2022,3115.21
5060,Customer_5060,40,Male,Los Angeles,27 11 2021,637.24
5061,Customer_5061,48,Female,Los Angeles,20 09 2023,135.95
5062,Customer_5062,18,Female,New York,15 12 2022,0.0
5063,Customer_5063,26,Male,Chicago,15 04 2023,451.14
5064,Customer_5064,30,Male,New York,19 05 2021,956.47
5065,Customer_5065,32,Male,New York,08 02 2023,317.26
5066,Customer_5066,30,Female,Chicago,04 05 2021,171.36
5067,Customer_5067,18,Female,Houston,01 06 2023,1238.02
5068,Customer_5068,39,Male,Houston,31 01 2023,399.78
5069,Customer_5069,41,Female,Chicago,20 12 2023,363.87
5070,Customer_5070,53,Male,Phoenix,09 11 2023,326.67
5071,Customer_5071,26,Male,Phoenix,14 08 2021,682.49
5072,Customer_5072,25,Male,Houston,04 09 2022,631.99
5073,Customer_5073,18,Female,Chicago,20 11 2021,1102.36
5074,Customer_5074,32,Female,Los Angeles,07 11 2023,533.24
5075,Customer_5075,45,Male,Phoenix,20 08 2022,0.0
5076,Customer_5076,28,Male,Los Angeles,25 06 2022,0.0
5077,Customer_5077,59,Male,New York,08 10 2022,485.19
5078,Customer_5078,32,Female,Los Angeles,17 09 2023,1655.67
5079,Customer_5079,37,Female,New York,07 12 2022,679.02
5080,Customer_5080,20,Male,Phoenix,23 09 2022,1844.47
5081,Customer_5081,38,Male,Chicago,29 05 2023,1973.59
5082,Customer_5082,18,Male,Chicago,10 07 2021,273.22
5083,Customer_5083,43,Female,Chicago,05 05 2023,90.04
5084,Customer_5084,43,Male,Chicago,06 05 2022,86.54
5085,Customer_5085,50,Male,New York,09 02 2022,394.91
5086,Customer_5086,24,Male,Chicago,25 05 2023,1028.94
5087,Customer_5087,37,Female,Houston,06 03 2022,2824.81
5088,Customer_5088,41,Female,Los Angeles,04 06 2022,289.4
5089,Customer_5089,40,Male,Houston,12 06 2023,1897.9
5090,Customer_5090,25,Female,New York,01 04 2023,1184.2
5091,Customer_5091,18,Female,New York,06 06 2023,259.75
5092,Customer_5092,39,Male,New York,11 03 2022,139.86
5093,Customer_5093,33,Female,Los Angeles,04 03 2021,363.2
5094,Customer_5094,29,Male,Houston,14 05 2021,170.3
5095,Customer_5095,43,Female,Houston,16 08 2023,0.0
5096,Customer_5096,35,Male,Los Angeles,11 09 2022,0.0
5097,Customer_5097,20,Male,Chicago,01 03 2022,1688.71
5098,Customer_5098,18,Female,Houston,24 12 2021,1013.03
5099,Customer_5099,23,Female,New York,30 10 2023,91.8
5100,Customer_5100,61,Female,New York,08 10 2023,594.39
5101,Customer_5101,43,Female,Phoenix,16 07 2021,172.0
5102,Customer_5102,37,Male,Chicago,31 10 2023,829.85
5103,Customer_5103,33,Male,Phoenix,12 05 2023,464.95
5104,Customer_5104,32,Female,Los Angeles,03 06 2022,526.39
5105,Customer_5105,48,Female,Houston,15 12 2021,1351.82
5106,Customer_5106,30,Female,New York,29 07 2022,527.73
5107,Customer_5107,41,Male,Los Angeles,25 10 2023,1385.15
5108,Customer_5108,31,Female,Chicago,24 11 2021,678.21
5109,Customer_5109,56,Male,Los Angeles,27 05 2022,1596.98
5110,Customer_5110,43,Male,New York,20 07 2023,79.84
5111,Customer_5111,49,Male,Los Angeles,10 05 2021,348.43
5112,Customer_5112,29,Female,New York,10 08 2022,564.11
5113,Customer_5113,47,Male,Houston,29 04 2022,399.61
5114,Customer_5114,32,Female,Chicago,24 12 2021,434.22
5115,Customer_5115,36,Female,New York,20 01 2022,69.89
5116,Customer_5116,53,Male,New York,11 09 2021,200.62
5117,Customer_5117,24,Male,New York,15 04 2023,101.08
5118,Customer_5118,37,Female,Chicago,07 03 2023,0.0
5119,Customer_5119,40,Female,New York,14 04 2022,1203.79
5120,Customer_5120,41,Female,Houston,08 05 2022,1140.09
5121,Customer_5121,30,Female,New York,09 07 2023,190.02
5122,Customer_5122,58,Female,New York,20 02 2021,461.8
5123,Customer_5123,21,Female,Phoenix,16 12 2023,1368.82
5124,Customer_5124,51,Female,Houston,14 03 2021,23.66
5125,Customer_5125,48,Male,New York,23 08 2022,349.54
5126,Customer_5126,56,Male,Houston,21 02 2021,0.0
5127,Customer_5127,18,Male,Chicago,05 05 2021,1888.99
5128,Customer_5128,25,Female,Houston,19 09 2021,113.8
5129,Customer_5129,51,Male,Chicago,13 08 2023,25.11
5130,Customer_5130,18,Male,Houston,26 11 2021,977.54
5131,Customer_5131,18,Male,Phoenix,29 08 2021,669.49
5132,Customer_5132,30,Male,New York,18 10 2021,566.33
5133,Customer_5133,37,Male,Chicago,30 07 2021,1221.08
5134,Customer_5134,53,Male,Los Angeles,20 12 2022,325.7
5135,Customer_5135,33,Female,New York,18 11 2021,641.3
5136,Customer_5136,28,Male,New York,24 12 2021,719.76
5137,Customer_5137,38,Male,New York,06 07 2023,0.0
5138,Customer_5138,40,Male,Chicago,04 04 2021,1298.42
5139,Customer_5139,40,Male,Chicago,12 12 2022,0.0
5140,Customer_5140,33,Female,Chicago,18 06 2021,558.99
5141,Customer_5141,18,Female,New York,31 05 2022,555.69
5142,Customer_5142,25,Male,Los Angeles,08 04 2021,0.0
5143,Customer_5143,51,Male,Phoenix,16 12 2021,391.27
5144,Customer_5144,37,Male,Los Angeles,06 01 2023,117.04
5145,Customer_5145,31,Female,Chicago,02 08 2022,2318.04
5146,Customer_5146,47,Female,Houston,21 04 2023,86.23
5147,Customer_5147,23,Male,Houston,05 02 2022,25.52
5148,Customer_5148,33,Male,Chicago,21 01 2023,539.31
5149,Customer_5149,37,Male,Phoenix,01 04 2023,0.0
5150,Customer_5150,30,Female,Los Angeles,25 10 2023,184.95
5151,Customer_5151,36,Male,Phoenix,04 01 2022,428.76
5152,Customer_5152,33,Female,New York,10 07 2022,1204.11
5153,Customer_5153,20,Male,Los Angeles,02 10 2023,2487.23
5154,Customer_5154,37,Female,New York,24 08 2023,273.03
5155,Customer_5155,20,Female,Houston,12 10 2023,0.0
5156,Customer_5156,37,Male,Los Angeles,25 03 2023,852.01
5157,Customer_5157,50,Male,New York,16 04 2021,568.66
5158,Customer_5158,32,Female,New York,14 06 2021,0.0
5159,Customer_5159,22,Male,Phoenix,30 09 2022,784.33
5160,Customer_5160,34,Female,Houston,21 10 2023,310.59
5161,Customer_5161,26,Female,Chicago,27 11 2021,961.7
5162,Customer_5162,42,Female,Chicago,26 10 2021,1118.34
5163,Customer_5163,33,Female,Chicago,06 05 2023,711.18
5164,Customer_5164,54,Female,Los Angeles,08 12 2022,1033.47
5165,Customer_5165,48,Female,Phoenix,23 03 2022,724.38
5166,Customer_5166,33,Female,New York,25 04 2022,411.32
5167,Customer_5167,43,Male,Los Angeles,04 01 2023,0.0
5168,Customer_5168,31,Female,Los Angeles,24 05 2023,568.46
5169,Customer_5169,35,Male,Chicago,06 06 2022,115.79
5170,Customer_5170,31,Female,Los Angeles,14 09 2022,46.08
5171,Customer_5171,43,Male,Chicago,29 01 2023,557.72
5172,Customer_5172,51,Female,New York,01 09 2021,0.0
5173,Customer_5173,44,Female,Chicago,23 01 2021,1053.71
5174,Customer_5174,45,Female,New York,11 04 2022,73.1
5175,Customer_5175,45,Female,New York,15 05 2023,1016.51
5176,Customer_5176,41,Female,New York,26 09 2021,245.54
5177,Customer_5177,22,Male,Houston,17 06 2022,762.76
5178,Customer_5178,54,Male,Los Angeles,10 11 2021,1145.32
5179,Customer_5179,55,Male,Chicago,30 04 2021,454.92
5180,Customer_5180,32,Male,Houston,08 09 2023,24.91
5181,Customer_5181,31,Female,Houston,11 12 2022,978.15
5182,Customer_5182,42,Female,Chicago,16 05 2021,465.28
5183,Customer_5183,41,Female,Los Angeles,18 12 2023,1385.68
5184,Customer_5184,33,Female,Los Angeles,25 07 2023,137.16
5185,Customer_5185,21,Female,Chicago,01 01 2021,858.25
5186,Customer_5186,38,Male,Chicago,18 03 2021,342.24
5187,Customer_5187,41,Female,Houston,19 08 2023,265.43
5188,Customer_5188,43,Female,Phoenix,04 08 2022,356.12
5189,Customer_5189,39,Male,New York,28 05 2021,187.19
5190,Customer_5190,32,Male,New York,28 07 2022,123.76
5191,Customer_5191,46,Female,Chicago,05 07 2021,469.18
5192,Customer_5192,36,Male,Los Angeles,06 06 2022,882.79
5193,Customer_5193,30,Male,New York,11 06 2021,792.73
5194,Customer_5194,33,Female,Phoenix,15 07 2021,110.09
5195,Customer_5195,18,Female,New York,03 02 2021,1320.41
5196,Customer_5196,33,Female,Phoenix,12 02 2022,744.51
5197,Customer_5197,43,Male,Houston,21 06 2022,2253.05
5198,Customer_5198,39,Male,Houston,05 02 2021,373.99
5199,Customer_5199,52,Female,New York,24 04 2021,374.52
5200,Customer_5200,32,Female,New York,28 08 2022,325.26
5201,Customer_5201,40,Male,Chicago,19 03 2022,478.56
5202,Customer_5202,44,Female,New York,07 02 2021,0.0
5203,Customer_5203,61,Female,Los Angeles,02 04 2021,258.01
5204,Customer_5204,37,Male,Los Angeles,23 09 2022,130.74
5205,Customer_5205,24,Male,New York,03 11 2022,1406.21
5206,Customer_5206,44,Male,New York,11 04 2021,941.27
5207,Customer_5207,56,Male,Houston,22 05 2022,1627.24
5208,Customer_5208,31,Male,New York,28 06 2021,754.4
5209,Customer_5209,44,Female,New York,11 10 2021,287.54
5210,Customer_5210,49,Male,Chicago,21 12 2021,713.22
5211,Customer_5211,46,Female,Phoenix,03 05 2022,702.99
5212,Customer_5212,36,Male,Los Angeles,03 10 2023,503.96
5213,Customer_5213,27,Female,New York,06 10 2021,1173.24
5214,Customer_5214,34,Male,Chicago,28 06 2022,306.32
5215,Customer_5215,40,Female,Phoenix,12 10 2022,0.0
5216,Customer_5216,45,Female,Houston,20 07 2023,608.92
5217,Customer_5217,39,Female,Chicago,21 12 2021,844.96
5218,Customer_5218,31,Female,Los Angeles,14 07 2021,4091.57
5219,Customer_5219,41,Male,Chicago,15 03 2023,110.13
5220,Customer_5220,44,Male,New York,03 04 2021,348.7
5221,Customer_5221,39,Female,Houston,09 03 2022,0.0
5222,Customer_5222,26,Female,Houston,12 07 2022,456.57
5223,Customer_5223,33,Female,Phoenix,17 11 2023,2683.32
5224,Customer_5224,45,Female,Los Angeles,11 06 2021,1342.64
5225,Customer_5225,20,Female,New York,11 04 2021,790.78
5226,Customer_5226,18,Male,Chicago,30 11 2022,589.76
5227,Customer_5227,52,Female,Houston,07 06 2021,214.78
5228,Customer_5228,41,Female,Houston,07 05 2022,388.18
5229,Customer_5229,42,Female,New York,08 07 2023,297.15
5230,Customer_5230,23,Female,Los Angeles,30 10 2023,276.79
5231,Customer_5231,43,Female,Chicago,04 04 2023,1906.93
5232,Customer_5232,38,Male,Los Angeles,10 11 2022,323.76
5233,Customer_5233,18,Female,Phoenix,25 02 2023,2368.99
5234,Customer_5234,51,Female,Chicago,19 09 2023,522.31
5235,Customer_5235,37,Female,Houston,21 04 2021,432.66
5236,Customer_5236,31,Female,Chicago,21 04 2023,1015.67
5237,Customer_5237,31,Female,Houston,22 07 2021,510.33
5238,Customer_5238,18,Male,Los Angeles,25 12 2023,701.64
5239,Customer_5239,42,Male,Houston,18 02 2022,1420.6
5240,Customer_5240,38,Male,Los Angeles,21 11 2022,328.52
5241,Customer_5241,33,Female,Chicago,23 09 2021,1303.06
5242,Customer_5242,49,Female,New York,26 07 2022,400.46
5243,Customer_5243,20,Male,Chicago,24 07 2021,751.39
5244,Customer_5244,28,Male,Los Angeles,07 08 2022,377.85
5245,Customer_5245,26,Male,Los Angeles,22 06 2021,744.3
5246,Customer_5246,32,Female,Phoenix,04 11 2021,177.33
5247,Customer_5247,36,Female,New York,26 03 2022,312.67
5248,Customer_5248,40,Female,Houston,03 03 2021,5299.37
5249,Customer_5249,31,Male,Phoenix,20 04 2022,922.12
5250,Customer_5250,25,Male,New York,27 03 2021,728.4
5251,Customer_5251,54,Male,Houston,28 10 2023,0.0
5252,Customer_5252,62,Female,Los Angeles,22 10 2021,414.59
5253,Customer_5253,37,Male,New York,09 01 2023,0.0
5254,Customer_5254,27,Female,Los Angeles,10 06 2022,417.22
5255,Customer_5255,51,Female,Phoenix,03 02 2021,235.77
5256,Customer_5256,19,Female,New York,22 01 2023,2490.44
5257,Customer_5257,31,Male,Chicago,19 02 2023,697.36
5258,Customer_5258,27,Female,Chicago,30 09 2022,85.26
5259,Customer_5259,22,Female,Phoenix,24 11 2023,627.6
5260,Customer_5260,32,Male,New York,06 03 2023,1133.86
5261,Customer_5261,25,Female,Houston,10 02 2022,1773.21
5262,Customer_5262,35,Female,Houston,08 11 2023,1030.56
5263,Customer_5263,35,Female,Chicago,04 03 2022,264.12
5264,Customer_5264,28,Female,Phoenix,03 07 2023,755.91
5265,Customer_5265,31,Male,Houston,20 10 2021,831.58
5266,Customer_5266,32,Female,New York,03 08 2022,144.1
5267,Customer_5267,44,Female,Chicago,17 02 2021,218.55
5268,Customer_5268,33,Male,Los Angeles,25 03 2021,1795.13
5269,Customer_5269,44,Male,Los Angeles,30 08 2022,863.97
5270,Customer_5270,41,Male,Los Angeles,04 11 2021,777.35
5271,Customer_5271,41,Female,Los Angeles,09 09 2021,216.96
5272,Customer_5272,50,Female,Los Angeles,29 06 2021,776.4
5273,Customer_5273,23,Male,Phoenix,02 03 2022,49.27
5274,Customer_5274,30,Male,New York,08 02 2021,856.72
5275,Customer_5275,54,Male,Phoenix,27 03 2023,1161.79
5276,Customer_5276,32,Male,Chicago,17 09 2022,233.08
5277,Customer_5277,18,Male,Chicago,11 01 2022,3215.35
5278,Customer_5278,33,Female,Houston,10 02 2021,628.77
5279,Customer_5279,36,Female,Los Angeles,16 02 2021,545.92
5280,Customer_5280,18,Male,Los Angeles,04 07 2021,0.0
5281,Customer_5281,50,Female,Los Angeles,13 03 2021,1725.45
5282,Customer_5282,27,Female,Los Angeles,23 07 2022,343.17
5283,Customer_5283,39,Male,Phoenix,28 07 2022,40.68
5284,Customer_5284,33,Male,Houston,08 12 2021,0.0
5285,Customer_5285,21,Female,New York,23 07 2022,309.3
5286,Customer_5286,23,Female,New York,22 08 2023,0.0
5287,Customer_5287,25,Female,Los Angeles,24 11 2021,2659.4
5288,Customer_5288,47,Male,New York,02 06 2021,0.0
5289,Customer_5289,33,Male,Chicago,30 12 2022,1112.63
5290,Customer_5290,29,Female,New York,20 08 2021,898.98
5291,Customer_5291,25,Female,Chicago,25 06 2021,1120.71
5292,Customer_5292,48,Male,New York,05 07 2022,406.73
5293,Customer_5293,51,Female,Los Angeles,23 05 2021,2248.45
5294,Customer_5294,48,Male,Houston,17 01 2021,1496.76
5295,Customer_5295,40,Male,Chicago,06 09 2021,277.02
5296,Customer_5296,38,Female,Phoenix,25 11 2023,210.68
5297,Customer_5297,22,Male,Phoenix,12 03 2023,1279.59
5298,Customer_5298,32,Female,Los Angeles,27 09 2023,244.7
5299,Customer_5299,27,Female,New York,26 09 2023,286.1
5300,Customer_5300,18,Male,Houston,26 05 2021,50.22
5301,Customer_5301,47,Female,Phoenix,15 07 2023,788.29
5302,Customer_5302,27,Male,Houston,28 12 2022,461.89
5303,Customer_5303,48,Male,New York,14 06 2021,978.21
5304,Customer_5304,45,Female,Phoenix,09 10 2022,337.2
5305,Customer_5305,41,Female,Los Angeles,30 10 2022,743.44
5306,Customer_5306,42,Female,Houston,20 12 2021,105.99
5307,Customer_5307,28,Female,Phoenix,01 08 2023,51.2
5308,Customer_5308,55,Female,New York,21 11 2023,880.73
5309,Customer_5309,35,Female,Phoenix,10 06 2022,404.8
5310,Customer_5310,38,Female,Los Angeles,25 05 2022,1936.01
5311,Customer_5311,28,Male,Phoenix,27 06 2021,552.23
5312,Customer_5312,25,Male,Los Angeles,25 11 2021,250.13
5313,Customer_5313,40,Male,Phoenix,12 03 2023,0.0
5314,Customer_5314,37,Female,New York,19 11 2022,510.36
5315,Customer_5315,26,Female,Houston,27 07 2023,265.15
5316,Customer_5316,19,Male,Chicago,07 09 2023,1132.02
5317,Customer_5317,21,Female,Chicago,05 01 2023,0.0
5318,Customer_5318,48,Female,New York,25 11 2023,438.27
5319,Customer_5319,28,Male,Houston,24 10 2021,2674.43
5320,Customer_5320,31,Male,New York,14 09 2022,367.47
5321,Customer_5321,51,Male,Chicago,28 06 2023,264.14
5322,Customer_5322,23,Female,Los Angeles,29 11 2023,548.77
5323,Customer_5323,27,Male,Phoenix,07 12 2022,1020.35
5324,Customer_5324,27,Male,New York,20 09 2022,2124.66
5325,Customer_5325,53,Male,New York,04 11 2022,2827.47
5326,Customer_5326,57,Male,New York,24 02 2022,775.29
5327,Customer_5327,43,Male,Los Angeles,15 10 2022,2208.23
5328,Customer_5328,44,Female,New York,04 04 2023,1170.82
5329,Customer_5329,29,Female,Chicago,14 12 2022,779.73
5330,Customer_5330,56,Male,Phoenix,17 05 2023,831.4
5331,Customer_5331,38,Male,Houston,25 03 2023,2449.49
5332,Customer_5332,44,Male,Chicago,18 05 2023,1094.29
5333,Customer_5333,34,Female,New York,23 04 2021,487.68
5334,Customer_5334,32,Female,Houston,29 07 2023,330.34
5335,Customer_5335,53,Male,New York,23 06 2021,441.97
5336,Customer_5336,41,Male,Houston,08 10 2023,667.53
5337,Customer_5337,51,Male,Los Angeles,15 03 2021,918.27
5338,Customer_5338,38,Male,Los Angeles,29 09 2022,809.68
5339,Customer_5339,26,Male,Los Angeles,01 02 2021,1622.76
5340,Customer_5340,29,Male,Phoenix,12 05 2022,311.62
5341,Customer_5341,36,Male,New York,14 07 2021,893.11
5342,Customer_5342,28,Male,Chicago,12 06 2022,1844.63
5343,Customer_5343,23,Male,New York,17 03 2022,112.14
5344,Customer_5344,48,Female,Houston,25 12 2022,441.47
5345,Customer_5345,29,Female,Phoenix,24 01 2021,727.86
5346,Customer_5346,37,Male,Los Angeles,17 10 2021,357.16
5347,Customer_5347,38,Female,Chicago,15 06 2023,0.0
5348,Customer_5348,29,Female,Phoenix,04 11 2021,881.35
5349,Customer_5349,51,Female,Chicago,31 10 2021,247.82
5350,Customer_5350,23,Female,Chicago,23 09 2022,121.16
5351,Customer_5351,38,Female,Chicago,09 08 2023,1508.57
5352,Customer_5352,38,Female,Houston,07 02 2021,639.03
5353,Customer_5353,34,Male,New York,21 01 2022,2121.75
5354,Customer_5354,21,Female,Houston,15 01 2023,912.09
5355,Customer_5355,45,Female,Los Angeles,23 03 2021,43.07
5356,Customer_5356,43,Female,New York,19 02 2021,1700.15
5357,Customer_5357,28,Male,Houston,31 10 2022,661.65
5358,Customer_5358,43,Female,Los Angeles,15 03 2021,713.36
5359,Customer_5359,39,Male,New York,29 09 2023,479.69
5360,Customer_5360,21,Male,Chicago,26 11 2022,150.07
5361,Customer_5361,26,Male,Phoenix,15 11 2022,441.46
5362,Customer_5362,48,Female,Phoenix,22 12 2021,63.09
5363,Customer_5363,38,Male,Phoenix,11 10 2023,0.0
5364,Customer_5364,29,Female,Phoenix,04 07 2021,0.0
5365,Customer_5365,26,Male,New York,03 06 2021,252.41
5366,Customer_5366,29,Male,Los Angeles,04 05 2023,1831.33
5367,Customer_5367,30,Female,Houston,28 04 2021,884.21
5368,Customer_5368,26,Female,Los Angeles,24 09 2021,1072.49
5369,Customer_5369,18,Female,Chicago,17 04 2023,118.86
5370,Customer_5370,48,Male,Chicago,12 09 2021,163.34
5371,Customer_5371,46,Female,Los Angeles,20 06 2021,1486.18
5372,Customer_5372,21,Male,Phoenix,09 09 2022,0.0
5373,Customer_5373,36,Female,Chicago,29 09 2023,836.07
5374,Customer_5374,25,Male,Los Angeles,02 07 2022,1248.82
5375,Customer_5375,32,Male,Phoenix,03 12 2022,0.0
5376,Customer_5376,31,Male,Chicago,29 10 2022,0.0
5377,Customer_5377,30,Male,New York,12 06 2023,1097.6
5378,Customer_5378,57,Female,Chicago,14 02 2022,284.26
5379,Customer_5379,30,Female,Houston,09 01 2023,0.0
5380,Customer_5380,26,Male,Houston,26 05 2021,727.47
5381,Customer_5381,27,Female,Houston,28 11 2023,123.72
5382,Customer_5382,46,Female,Houston,05 05 2022,757.38
5383,Customer_5383,18,Female,Los Angeles,19 09 2021,191.41
5384,Customer_5384,27,Female,Phoenix,11 12 2021,292.48
5385,Customer_5385,51,Female,Phoenix,29 05 2023,529.25
5386,Customer_5386,38,Male,New York,29 05 2022,2273.56
5387,Customer_5387,37,Female,New York,03 08 2023,1476.55
5388,Customer_5388,58,Male,Phoenix,14 12 2022,151.96
5389,Customer_5389,38,Female,Phoenix,03 08 2021,361.3
5390,Customer_5390,27,Male,Phoenix,27 08 2022,1143.89
5391,Customer_5391,32,Female,Phoenix,18 04 2023,0.0
5392,Customer_5392,23,Male,Chicago,11 02 2023,1341.97
5393,Customer_5393,49,Male,Chicago,01 11 2022,1607.47
5394,Customer_5394,41,Female,Chicago,17 12 2023,124.71
5395,Customer_5395,47,Male,New York,13 07 2022,39.15
5396,Customer_5396,48,Male,Houston,10 08 2021,1721.18
5397,Customer_5397,30,Male,Chicago,20 04 2022,338.32
5398,Customer_5398,25,Male,Chicago,13 05 2023,0.0
5399,Customer_5399,34,Female,Chicago,23 03 2023,534.97
5400,Customer_5400,25,Male,Chicago,29 06 2021,667.11
5401,Customer_5401,37,Female,New York,26 06 2021,35.35
5402,Customer_5402,47,Female,Los Angeles,02 05 2022,880.17
5403,Customer_5403,33,Male,New York,18 02 2022,822.78
5404,Customer_5404,37,Female,New York,23 11 2022,0.0
5405,Customer_5405,34,Male,Phoenix,27 11 2023,562.35
5406,Customer_5406,44,Male,New York,29 07 2022,481.84
5407,Customer_5407,28,Male,Los Angeles,25 09 2021,1050.94
5408,Customer_5408,18,Male,Chicago,24 02 2023,265.31
5409,Customer_5409,40,Female,Chicago,13 07 2023,0.0
5410,Customer_5410,46,Female,New York,23 01 2022,894.02
5411,Customer_5411,40,Female,Houston,20 12 2021,0.0
5412,Customer_5412,28,Female,Houston,25 03 2023,264.16
5413,Customer_5413,23,Female,New York,21 10 2023,61.64
5414,Customer_5414,40,Female,Los Angeles,26 09 2021,146.19
5415,Customer_5415,37,Male,Phoenix,27 12 2023,727.4
5416,Customer_5416,34,Male,Houston,04 10 2021,1449.2
5417,Customer_5417,55,Female,Houston,03 11 2021,829.97
5418,Customer_5418,25,Male,New York,23 09 2022,396.66
5419,Customer_5419,55,Female,Los Angeles,22 06 2022,1236.6
5420,Customer_5420,35,Female,Chicago,02 06 2022,126.73
5421,Customer_5421,18,Male,New York,14 05 2021,602.15
5422,Customer_5422,33,Male,Los Angeles,05 04 2023,3187.32
5423,Customer_5423,46,Male,Chicago,15 11 2023,784.97
5424,Customer_5424,31,Female,Los Angeles,24 03 2023,1288.48
5425,Customer_5425,19,Male,Houston,13 03 2021,0.0
5426,Customer_5426,33,Male,Houston,15 10 2023,604.57
5427,Customer_5427,26,Male,Los Angeles,10 08 2023,81.08
5428,Customer_5428,40,Male,Houston,02 02 2021,431.47
5429,Customer_5429,44,Male,New York,07 04 2021,202.78
5430,Customer_5430,23,Male,Houston,20 09 2021,1317.71
5431,Customer_5431,27,Male,New York,24 05 2023,876.7
5432,Customer_5432,43,Male,New York,03 07 2023,654.84
5433,Customer_5433,26,Male,Chicago,30 12 2023,488.56
5434,Customer_5434,23,Female,Chicago,20 10 2021,501.96
5435,Customer_5435,22,Male,Phoenix,06 07 2023,180.77
5436,Customer_5436,39,Female,Los Angeles,31 12 2022,819.3
5437,Customer_5437,38,Female,Los Angeles,21 06 2021,874.1
5438,Customer_5438,27,Male,Chicago,28 01 2023,47.64
5439,Customer_5439,35,Male,Los Angeles,15 07 2023,1617.83
5440,Customer_5440,52,Male,Los Angeles,20 06 2023,731.6
5441,Customer_5441,24,Female,Houston,01 06 2022,282.18
5442,Customer_5442,18,Male,Houston,31 10 2023,0.0
5443,Customer_5443,40,Female,Phoenix,28 09 2021,1495.06
5444,Customer_5444,34,Male,Phoenix,12 01 2023,980.02
5445,Customer_5445,27,Male,Los Angeles,21 07 2022,1662.86
5446,Customer_5446,42,Male,Houston,07 07 2022,1179.01
5447,Customer_5447,44,Male,Los Angeles,12 10 2022,157.31
5448,Customer_5448,18,Male,Houston,26 01 2022,700.78
5449,Customer_5449,28,Male,Chicago,17 08 2023,474.01
5450,Customer_5450,60,Female,Phoenix,29 07 2022,1480.7
5451,Customer_5451,41,Female,Houston,10 12 2021,1877.69
5452,Customer_5452,42,Male,Phoenix,01 04 2022,452.56
5453,Customer_5453,48,Male,Houston,20 03 2022,53.89
5454,Customer_5454,35,Female,Phoenix,16 07 2021,680.75
5455,Customer_5455,44,Male,Houston,18 05 2023,641.19
5456,Customer_5456,43,Female,Los Angeles,29 12 2021,363.45
5457,Customer_5457,41,Female,Los Angeles,18 05 2023,17.39
5458,Customer_5458,31,Male,Los Angeles,20 07 2022,698.29
5459,Customer_5459,37,Male,New York,02 11 2022,760.08
5460,Customer_5460,29,Male,Chicago,25 01 2021,1642.73
5461,Customer_5461,35,Female,Chicago,25 08 2021,523.57
5462,Customer_5462,22,Female,Chicago,06 04 2022,1070.64
5463,Customer_5463,26,Male,Phoenix,10 04 2021,441.82
5464,Customer_5464,32,Male,Phoenix,10 01 2023,1052.46
5465,Customer_5465,25,Female,New York,12 02 2022,18.78
5466,Customer_5466,29,Male,Los Angeles,05 09 2023,306.42
5467,Customer_5467,33,Female,Los Angeles,21 01 2023,1285.69
5468,Customer_5468,39,Male,Los Angeles,23 05 2021,445.5
5469,Customer_5469,45,Male,Houston,13 06 2022,1181.81
5470,Customer_5470,30,Female,Chicago,26 10 2023,474.48
5471,Customer_5471,50,Female,Chicago,07 06 2022,670.02
5472,Customer_5472,45,Male,Phoenix,21 12 2022,1117.67
5473,Customer_5473,41,Male,Houston,22 02 2022,934.31
5474,Customer_5474,37,Male,New York,29 06 2022,1513.38
5475,Customer_5475,39,Male,Houston,07 10 2023,0.0
5476,Customer_5476,48,Male,Los Angeles,28 03 2023,769.19
5477,Customer_5477,48,Male,Los Angeles,08 06 2021,104.09
5478,Customer_5478,50,Male,New York,19 09 2022,2747.91
5479,Customer_5479,35,Female,Chicago,12 02 2023,1590.4
5480,Customer_5480,41,Female,Los Angeles,05 12 2023,1218.72
5481,Customer_5481,50,Female,Los Angeles,08 05 2021,806.01
5482,Customer_5482,28,Male,Houston,27 05 2023,309.05
5483,Customer_5483,31,Female,Houston,29 08 2022,0.0
5484,Customer_5484,35,Male,New York,25 06 2022,265.56
5485,Customer_5485,45,Male,New York,13 06 2021,443.44
5486,Customer_5486,45,Male,Houston,11 10 2022,137.01
5487,Customer_5487,32,Female,New York,11 05 2021,486.23
5488,Customer_5488,18,Female,Phoenix,27 11 2022,323.82
5489,Customer_5489,38,Female,Chicago,19 05 2022,1230.89
5490,Customer_5490,25,Female,Los Angeles,03 07 2021,273.66
5491,Customer_5491,19,Female,New York,06 04 2023,1186.13
5492,Customer_5492,21,Male,New York,02 11 2022,1196.96
5493,Customer_5493,39,Male,New York,09 09 2023,295.9
5494,Customer_5494,50,Male,New York,20 10 2023,1041.41
5495,Customer_5495,35,Male,Chicago,08 07 2022,1330.32
5496,Customer_5496,37,Female,New York,11 05 2021,690.93
5497,Customer_5497,48,Male,Chicago,28 11 2022,752.57
5498,Customer_5498,18,Male,Chicago,04 11 2023,917.12
5499,Customer_5499,41,Female,Los Angeles,25 03 2023,523.44
5500,Customer_5500,35,Male,New York,21 10 2022,625.49
5501,Customer_5501,41,Female,New York,15 01 2022,524.78
5502,Customer_5502,30,Male,New York,20 12 2023,2035.2
5503,Customer_5503,26,Male,Houston,16 07 2023,759.3
5504,Customer_5504,37,Female,Los Angeles,22 06 2022,662.53
5505,Customer_5505,53,Male,Houston,31 07 2022,701.44
5506,Customer_5506,44,Male,Los Angeles,30 12 2023,0.0
5507,Customer_5507,29,Male,Los Angeles,16 11 2022,0.0
5508,Customer_5508,20,Female,Chicago,09 02 2021,198.89
5509,Customer_5509,18,Male,Houston,01 01 2022,943.6
5510,Customer_5510,49,Female,Los Angeles,05 09 2021,1332.02
5511,Customer_5511,24,Female,New York,12 01 2021,1164.63
5512,Customer_5512,31,Female,Chicago,07 01 2023,1290.39
5513,Customer_5513,50,Male,Los Angeles,25 05 2022,1014.38
5514,Customer_5514,18,Male,Los Angeles,20 06 2021,288.01
5515,Customer_5515,51,Male,Chicago,22 11 2023,512.61
5516,Customer_5516,32,Male,Chicago,22 12 2022,553.42
5517,Customer_5517,22,Female,Chicago,22 09 2023,1438.42
5518,Customer_5518,32,Female,Chicago,26 03 2023,65.82
5519,Customer_5519,27,Female,Houston,05 03 2022,525.91
5520,Customer_5520,40,Female,Houston,25 11 2023,0.0
5521,Customer_5521,28,Female,Chicago,24 07 2021,8.48
5522,Customer_5522,18,Female,Houston,09 06 2023,743.52
5523,Customer_5523,33,Female,Phoenix,24 06 2023,108.6
5524,Customer_5524,20,Female,Los Angeles,28 11 2022,1651.53
5525,Customer_5525,37,Female,Los Angeles,20 01 2023,651.16
5526,Customer_5526,22,Female,Houston,12 09 2023,67.22
5527,Customer_5527,30,Male,Chicago,13 09 2023,1873.31
5528,Customer_5528,37,Male,New York,06 09 2021,880.89
5529,Customer_5529,33,Male,Phoenix,26 10 2023,725.01
5530,Customer_5530,38,Female,New York,18 08 2021,0.0
5531,Customer_5531,42,Female,Houston,20 09 2022,25.16
5532,Customer_5532,22,Male,Houston,08 04 2023,1669.58
5533,Customer_5533,34,Female,Phoenix,17 11 2021,185.66
5534,Customer_5534,18,Female,New York,28 01 2021,157.57
5535,Customer_5535,38,Female,Chicago,01 05 2023,463.4
5536,Customer_5536,32,Female,Los Angeles,25 05 2022,1240.38
5537,Customer_5537,24,Female,Los Angeles,16 08 2021,722.42
5538,Customer_5538,38,Female,New York,03 10 2022,377.97
5539,Customer_5539,48,Male,Chicago,25 06 2022,205.36
5540,Customer_5540,30,Female,Chicago,03 11 2022,434.15
5541,Customer_5541,25,Female,New York,29 06 2023,337.04
5542,Customer_5542,37,Male,Chicago,20 03 2023,427.47
5543,Customer_5543,20,Female,Houston,04 06 2022,93.32
5544,Customer_5544,28,Female,Houston,29 05 2022,249.3
5545,Customer_5545,48,Male,Phoenix,31 10 2023,728.58
5546,Customer_5546,36,Female,Los Angeles,13 12 2021,881.04
5547,Customer_5547,18,Female,Phoenix,27 04 2021,486.91
5548,Customer_5548,18,Female,Phoenix,15 02 2022,997.46
5549,Customer_5549,37,Female,Los Angeles,01 11 2023,121.11
5550,Customer_5550,44,Male,New York,08 04 2021,778.04
5551,Customer_5551,18,Male,Los Angeles,09 10 2021,0.0
5552,Customer_5552,40,Female,Los Angeles,18 03 2023,465.27
5553,Customer_5553,50,Male,Chicago,10 05 2023,1186.91
5554,Customer_5554,56,Female,Chicago,19 10 2022,772.75
5555,Customer_5555,39,Female,Houston,30 07 2021,318.11
5556,Customer_5556,41,Male,Chicago,23 05 2022,281.1
5557,Customer_5557,18,Female,New York,28 03 2022,2337.56
5558,Customer_5558,58,Female,Phoenix,18 11 2022,38.0
5559,Customer_5559,29,Female,Los Angeles,15 09 2022,1843.16
5560,Customer_5560,25,Female,Phoenix,29 08 2023,1077.68
5561,Customer_5561,32,Female,New York,19 07 2023,0.0
5562,Customer_5562,52,Male,Phoenix,18 01 2021,365.6
5563,Customer_5563,59,Female,New York,25 02 2023,1272.02
5564,Customer_5564,36,Female,New York,17 07 2021,878.9
5565,Customer_5565,46,Female,New York,21 02 2022,180.86
5566,Customer_5566,35,Male,Houston,19 01 2022,98.52
5567,Customer_5567,24,Male,Phoenix,19 07 2021,262.35
5568,Customer_5568,51,Male,Los Angeles,14 06 2023,602.17
5569,Customer_5569,28,Male,Phoenix,07 09 2023,456.53
5570,Customer_5570,52,Male,Chicago,03 12 2023,1721.03
5571,Customer_5571,49,Female,Chicago,23 03 2021,205.2
5572,Customer_5572,42,Male,Houston,03 06 2023,72.6
5573,Customer_5573,55,Male,Los Angeles,25 04 2022,228.41
5574,Customer_5574,60,Male,Los Angeles,29 12 2022,715.34
5575,Customer_5575,33,Male,Phoenix,04 05 2021,489.69
5576,Customer_5576,26,Female,Phoenix,12 06 2022,609.24
5577,Customer_5577,18,Female,Phoenix,10 06 2022,199.63
5578,Customer_5578,60,Female,Phoenix,08 02 2021,536.84
5579,Customer_5579,30,Male,New York,18 04 2021,484.54
5580,Customer_5580,47,Female,Houston,25 09 2021,510.06
5581,Customer_5581,27,Female,Los Angeles,07 11 2021,956.05
5582,Customer_5582,52,Male,Phoenix,09 02 2021,88.75
5583,Customer_5583,27,Female,Chicago,20 02 2023,268.74
5584,Customer_5584,22,Male,Chicago,04 08 2022,764.99
5585,Customer_5585,33,Female,Chicago,01 06 2021,694.12
5586,Customer_5586,29,Female,Los Angeles,06 07 2021,0.0
5587,Customer_5587,42,Female,New York,06 03 2022,488.87
5588,Customer_5588,34,Male,Phoenix,02 04 2022,0.0
5589,Customer_5589,42,Female,Houston,23 01 2023,0.0
5590,Customer_5590,32,Female,New York,23 07 2021,89.46
5591,Customer_5591,28,Male,Houston,18 02 2023,1747.94
5592,Customer_5592,29,Female,Chicago,28 04 2021,2517.7
5593,Customer_5593,57,Male,Los Angeles,10 08 2021,276.64
5594,Customer_5594,37,Male,Los Angeles,16 06 2023,48.48
5595,Customer_5595,18,Female,Phoenix,04 03 2021,643.33
5596,Customer_5596,29,Male,Houston,31 01 2022,654.81
5597,Customer_5597,36,Female,Chicago,05 01 2021,118.26
5598,Customer_5598,55,Male,Chicago,23 05 2022,142.34
5599,Customer_5599,46,Female,New York,25 05 2021,379.71
5600,Customer_5600,25,Male,Chicago,12 08 2023,83.88
5601,Customer_5601,62,Female,New York,24 10 2022,347.12
5602,Customer_5602,35,Male,New York,20 02 2023,209.85
5603,Customer_5603,49,Female,Chicago,17 08 2023,1083.48
5604,Customer_5604,22,Female,Phoenix,21 08 2023,104.88
5605,Customer_5605,18,Female,Los Angeles,11 01 2021,497.51
5606,Customer_5606,20,Female,New York,10 03 2021,657.57
5607,Customer_5607,18,Male,Chicago,22 08 2023,384.85
5608,Customer_5608,58,Female,Phoenix,21 07 2021,0.0
5609,Customer_5609,37,Male,Houston,23 09 2021,818.78
5610,Customer_5610,25,Male,Phoenix,18 04 2021,259.46
5611,Customer_5611,40,Male,Chicago,14 12 2023,64.41
5612,Customer_5612,37,Female,Houston,09 08 2023,314.84
5613,Customer_5613,42,Female,New York,09 07 2021,336.08
5614,Customer_5614,48,Male,Los Angeles,27 08 2021,210.59
5615,Customer_5615,32,Female,Los Angeles,09 08 2023,0.0
5616,Customer_5616,25,Female,Chicago,09 12 2021,555.11
5617,Customer_5617,44,Male,Phoenix,18 10 2021,82.44
5618,Customer_5618,44,Male,Phoenix,17 11 2021,782.53
5619,Customer_5619,36,Male,New York,11 02 2021,470.11
5620,Customer_5620,59,Female,New York,13 08 2023,0.0
5621,Customer_5621,30,Male,Los Angeles,08 06 2023,1041.7
5622,Customer_5622,25,Female,Los Angeles,25 09 2022,384.96
5623,Customer_5623,40,Female,Chicago,26 04 2023,143.36
5624,Customer_5624,28,Male,Phoenix,11 10 2021,2555.78
5625,Customer_5625,40,Female,Phoenix,18 03 2023,705.66
5626,Customer_5626,26,Female,Chicago,01 07 2021,531.96
5627,Customer_5627,31,Female,Houston,01 11 2023,0.0
5628,Customer_5628,56,Male,Chicago,15 01 2023,251.33
5629,Customer_5629,31,Male,New York,18 03 2022,461.02
5630,Customer_5630,26,Male,Chicago,21 09 2022,407.72
5631,Customer_5631,48,Male,Chicago,23 01 2022,1343.83
5632,Customer_5632,23,Female,Houston,30 07 2022,737.38
5633,Customer_5633,27,Female,New York,30 03 2022,582.84
5634,Customer_5634,41,Female,Los Angeles,16 07 2023,1134.06
5635,Customer_5635,45,Female,Los Angeles,23 10 2023,2295.64
5636,Customer_5636,48,Female,Phoenix,22 03 2023,570.89
5637,Customer_5637,27,Male,Los Angeles,20 03 2023,1386.27
5638,Customer_5638,42,Female,Houston,20 12 2023,53.71
5639,Customer_5639,30,Female,Houston,03 01 2022,1565.77
5640,Customer_5640,28,Female,Los Angeles,31 07 2023,1074.65
5641,Customer_5641,48,Female,Chicago,09 02 2021,50.14
5642,Customer_5642,29,Male,Phoenix,11 07 2022,806.74
5643,Customer_5643,38,Female,Chicago,06 07 2023,118.02
5644,Customer_5644,37,Female,Phoenix,18 10 2023,239.95
5645,Customer_5645,23,Male,New York,05 10 2022,52.83
5646,Customer_5646,46,Female,New York,26 03 2022,480.26
5647,Customer_5647,41,Female,Phoenix,30 01 2022,2499.74
5648,Customer_5648,18,Female,Houston,03 03 2023,924.69
5649,Customer_5649,38,Male,Phoenix,29 03 2021,643.67
5650,Customer_5650,26,Male,Houston,17 06 2022,0.0
5651,Customer_5651,47,Male,Phoenix,14 01 2023,770.08
5652,Customer_5652,19,Female,Houston,16 01 2022,871.85
5653,Customer_5653,31,Male,Houston,07 03 2022,210.23
5654,Customer_5654,39,Female,Chicago,04 10 2021,407.38
5655,Customer_5655,36,Female,Los Angeles,13 07 2021,164.82
5656,Customer_5656,43,Female,Phoenix,28 06 2021,454.84
5657,Customer_5657,18,Female,Los Angeles,06 08 2021,439.35
5658,Customer_5658,53,Female,Chicago,15 09 2023,1391.57
5659,Customer_5659,41,Male,Los Angeles,19 12 2023,424.8
5660,Customer_5660,50,Male,Chicago,11 07 2022,500.49
5661,Customer_5661,45,Female,Chicago,07 02 2023,0.0
5662,Customer_5662,35,Female,New York,18 03 2021,753.04
5663,Customer_5663,21,Female,Phoenix,22 08 2022,454.42
5664,Customer_5664,29,Female,Los Angeles,08 06 2022,0.0
5665,Customer_5665,52,Male,Chicago,24 03 2023,804.0
5666,Customer_5666,50,Female,New York,19 01 2022,213.63
5667,Customer_5667,28,Male,New York,19 05 2022,643.14
5668,Customer_5668,18,Female,New York,30 08 2021,1469.93
5669,Customer_5669,33,Female,Houston,04 01 2022,1227.67
5670,Customer_5670,32,Female,New York,15 10 2021,2197.65
5671,Customer_5671,32,Female,Phoenix,03 02 2022,0.0
5672,Customer_5672,41,Female,New York,14 04 2021,1046.97
5673,Customer_5673,45,Male,New York,07 05 2021,911.25
5674,Customer_5674,46,Female,New York,09 02 2021,190.61
5675,Customer_5675,40,Male,New York,01 06 2023,22.93
5676,Customer_5676,18,Female,Houston,03 08 2023,1853.82
5677,Customer_5677,31,Female,Phoenix,04 09 2021,29.36
5678,Customer_5678,60,Female,Chicago,08 11 2021,1481.05
5679,Customer_5679,39,Male,New York,03 02 2021,364.37
5680,Customer_5680,39,Female,Los Angeles,09 05 2021,92.38
5681,Customer_5681,39,Male,Chicago,10 01 2021,1054.93
5682,Customer_5682,40,Female,Phoenix,31 07 2023,61.29
5683,Customer_5683,18,Male,New York,24 07 2023,432.17
5684,Customer_5684,32,Female,Houston,08 11 2023,678.66
5685,Customer_5685,35,Male,Los Angeles,06 12 2021,225.43
5686,Customer_5686,49,Male,Los Angeles,12 11 2022,541.47
5687,Customer_5687,36,Male,Los Angeles,18 06 2022,1775.24
5688,Customer_5688,18,Female,New York,20 03 2023,1495.06
5689,Customer_5689,40,Female,Houston,09 03 2022,0.0
5690,Customer_5690,26,Female,New York,28 01 2023,0.0
5691,Customer_5691,22,Male,Houston,13 10 2022,234.02
5692,Customer_5692,26,Male,New York,12 12 2023,293.84
5693,Customer_5693,41,Male,Phoenix,27 12 2023,913.25
5694,Customer_5694,49,Female,New York,20 08 2022,0.0
5695,Customer_5695,40,Female,Phoenix,07 09 2021,0.0
5696,Customer_5696,42,Female,Houston,23 06 2023,53.6
5697,Customer_5697,40,Male,Phoenix,19 02 2022,130.73
5698,Customer_5698,36,Male,Chicago,06 01 2021,284.22
5699,Customer_5699,43,Male,Houston,29 04 2023,1324.77
5700,Customer_5700,18,Female,Los Angeles,13 01 2021,229.41
5701,Customer_5701,36,Male,New York,06 01 2021,601.19
5702,Customer_5702,24,Male,Los Angeles,22 06 2022,742.73
5703,Customer_5703,48,Female,New York,04 01 2021,531.91
5704,Customer_5704,33,Male,Phoenix,11 10 2021,854.43
5705,Customer_5705,35,Male,New York,23 12 2022,273.07
5706,Customer_5706,18,Male,Chicago,13 10 2023,43.78
5707,Customer_5707,46,Male,Chicago,24 11 2022,914.51
5708,Customer_5708,42,Female,Chicago,19 10 2022,235.28
5709,Customer_5709,41,Female,Chicago,10 08 2023,1753.17
5710,Customer_5710,26,Male,New York,20 09 2022,95.54
5711,Customer_5711,26,Female,Chicago,07 09 2023,273.32
5712,Customer_5712,37,Male,Los Angeles,20 11 2023,585.16
5713,Customer_5713,27,Male,Phoenix,09 01 2022,1120.76
5714,Customer_5714,40,Male,Houston,08 10 2023,908.4
5715,Customer_5715,18,Male,Phoenix,12 10 2022,525.26
5716,Customer_5716,30,Female,New York,26 12 2022,1048.5
5717,Customer_5717,55,Female,Los Angeles,23 03 2023,448.11
5718,Customer_5718,40,Female,New York,16 12 2023,402.01
5719,Customer_5719,37,Female,New York,12 05 2021,272.26
5720,Customer_5720,57,Female,New York,20 02 2023,947.67
5721,Customer_5721,18,Female,Houston,02 05 2021,277.19
5722,Customer_5722,26,Male,New York,21 07 2021,2271.63
5723,Customer_5723,31,Male,Chicago,03 12 2022,1099.05
5724,Customer_5724,44,Female,Phoenix,12 07 2022,784.56
5725,Customer_5725,45,Female,Houston,30 11 2023,236.03
5726,Customer_5726,25,Male,Los Angeles,02 08 2022,846.91
5727,Customer_5727,46,Female,Los Angeles,22 12 2023,0.0
5728,Customer_5728,31,Female,Los Angeles,15 08 2021,1568.97
5729,Customer_5729,48,Female,New York,23 06 2021,0.0
5730,Customer_5730,24,Male,Chicago,17 10 2023,147.1
5731,Customer_5731,34,Female,Los Angeles,23 05 2021,114.18
5732,Customer_5732,30,Male,Phoenix,23 07 2022,0.0
5733,Customer_5733,47,Female,Houston,04 10 2021,0.0
5734,Customer_5734,29,Female,Chicago,03 10 2021,286.16
5735,Customer_5735,35,Female,Los Angeles,22 08 2021,8.34
5736,Customer_5736,41,Female,New York,01 02 2021,1340.84
5737,Customer_5737,41,Male,Houston,30 01 2023,1800.4
5738,Customer_5738,45,Male,Chicago,04 03 2023,118.6
5739,Customer_5739,37,Male,New York,01 02 2023,644.67
5740,Customer_5740,30,Male,New York,22 09 2021,817.14
5741,Customer_5741,31,Male,New York,03 08 2021,229.05
5742,Customer_5742,35,Male,Houston,09 10 2021,818.25
5743,Customer_5743,38,Male,New York,14 06 2022,1271.8
5744,Customer_5744,33,Female,Chicago,02 01 2021,33.21
5745,Customer_5745,35,Female,Los Angeles,28 05 2022,426.32
5746,Customer_5746,18,Female,Chicago,27 03 2023,804.49
5747,Customer_5747,42,Male,Phoenix,09 04 2022,0.0
5748,Customer_5748,37,Female,Phoenix,13 06 2021,600.17
5749,Customer_5749,46,Female,Los Angeles,22 06 2022,112.92
5750,Customer_5750,35,Male,New York,26 05 2022,226.03
5751,Customer_5751,18,Male,Los Angeles,09 07 2022,1200.09
5752,Customer_5752,31,Male,Chicago,03 10 2022,1912.83
5753,Customer_5753,33,Female,Chicago,31 12 2023,800.79
5754,Customer_5754,43,Male,Chicago,16 09 2021,631.16
5755,Customer_5755,18,Female,New York,21 03 2022,110.83
5756,Customer_5756,35,Female,Chicago,05 02 2023,717.68
5757,Customer_5757,41,Female,New York,06 03 2021,1354.84
5758,Customer_5758,28,Female,Houston,20 10 2022,273.31
5759,Customer_5759,36,Female,Los Angeles,28 09 2023,733.27
5760,Customer_5760,28,Male,Houston,11 02 2021,0.0
5761,Customer_5761,27,Female,New York,29 05 2023,1373.61
5762,Customer_5762,31,Male,Los Angeles,15 07 2021,1225.63
5763,Customer_5763,27,Male,Houston,23 01 2022,0.0
5764,Customer_5764,43,Female,New York,06 03 2021,365.2
5765,Customer_5765,27,Female,Houston,11 08 2021,263.05
5766,Customer_5766,25,Female,Chicago,04 07 2023,417.6
5767,Customer_5767,54,Male,Chicago,18 03 2022,1663.73
5768,Customer_5768,46,Female,Los Angeles,22 06 2023,709.72
5769,Customer_5769,18,Female,Chicago,29 03 2022,1757.1
5770,Customer_5770,27,Female,Chicago,16 11 2021,147.38
5771,Customer_5771,38,Male,Chicago,09 02 2023,1141.54
5772,Customer_5772,39,Male,Houston,02 06 2023,0.0
5773,Customer_5773,19,Female,Los Angeles,13 10 2023,1998.52
5774,Customer_5774,48,Male,New York,27 03 2022,317.14
5775,Customer_5775,44,Male,New York,15 06 2023,307.65
5776,Customer_5776,40,Male,New York,13 01 2023,1038.89
5777,Customer_5777,50,Male,Los Angeles,23 12 2021,0.0
5778,Customer_5778,40,Male,Houston,21 02 2023,350.97
5779,Customer_5779,40,Male,Houston,20 07 2022,1412.35
5780,Customer_5780,52,Male,New York,05 12 2023,95.49
5781,Customer_5781,47,Female,Phoenix,12 06 2022,1233.78
5782,Customer_5782,26,Female,Chicago,25 12 2022,770.9
5783,Customer_5783,42,Female,Phoenix,29 08 2021,0.0
5784,Customer_5784,28,Male,Houston,06 09 2022,82.79
5785,Customer_5785,41,Male,Houston,05 04 2021,1899.98
5786,Customer_5786,40,Female,New York,31 12 2021,0.0
5787,Customer_5787,20,Male,New York,25 01 2021,318.97
5788,Customer_5788,34,Female,New York,14 11 2021,73.55
5789,Customer_5789,38,Female,Houston,29 11 2021,555.88
5790,Customer_5790,30,Male,Los Angeles,03 07 2023,1225.38
5791,Customer_5791,38,Female,Houston,16 07 2022,703.77
5792,Customer_5792,44,Female,Los Angeles,12 11 2022,1033.69
5793,Customer_5793,35,Male,Houston,10 04 2021,1657.95
5794,Customer_5794,37,Male,New York,05 01 2022,176.85
5795,Customer_5795,50,Female,New York,02 11 2023,894.47
5796,Customer_5796,40,Male,Los Angeles,21 12 2022,631.7
5797,Customer_5797,37,Male,Los Angeles,18 03 2021,367.99
5798,Customer_5798,24,Female,Los Angeles,10 08 2022,609.19
5799,Customer_5799,42,Female,Houston,01 09 2023,516.45
5800,Customer_5800,39,Male,New York,13 11 2022,481.17
5801,Customer_5801,49,Female,Los Angeles,22 11 2022,511.93
5802,Customer_5802,36,Male,Houston,29 03 2021,507.52
5803,Customer_5803,18,Male,New York,10 04 2022,829.48
5804,Customer_5804,18,Male,Phoenix,09 05 2022,2568.03
5805,Customer_5805,43,Female,Phoenix,16 05 2021,181.64
5806,Customer_5806,29,Male,New York,05 09 2023,532.38
5807,Customer_5807,40,Female,Los Angeles,06 07 2021,0.0
5808,Customer_5808,36,Female,Los Angeles,26 06 2022,860.28
5809,Customer_5809,33,Female,Houston,02 08 2022,399.32
5810,Customer_5810,34,Female,Chicago,19 07 2023,0.0
5811,Customer_5811,25,Male,Chicago,22 03 2023,1749.95
5812,Customer_5812,35,Female,Houston,16 02 2022,960.4
5813,Customer_5813,29,Female,New York,05 08 2021,304.23
5814,Customer_5814,31,Male,Houston,01 11 2022,1032.35
5815,Customer_5815,31,Female,Houston,31 12 2023,240.27
5816,Customer_5816,33,Male,Chicago,10 04 2023,912.84
5817,Customer_5817,45,Female,Phoenix,12 10 2021,198.6
5818,Customer_5818,34,Male,Houston,02 06 2023,23.62
5819,Customer_5819,46,Male,New York,09 02 2023,132.0
5820,Customer_5820,52,Female,Los Angeles,23 07 2022,1304.76
5821,Customer_5821,44,Female,Chicago,11 08 2023,71.7
5822,Customer_5822,41,Female,New York,15 07 2022,1302.95
5823,Customer_5823,39,Male,Phoenix,28 11 2022,2554.51
5824,Customer_5824,45,Female,New York,12 12 2022,1790.28
5825,Customer_5825,36,Female,Houston,14 06 2022,1614.5
5826,Customer_5826,46,Female,Chicago,04 05 2022,1430.64
5827,Customer_5827,42,Female,New York,27 01 2021,1274.15
5828,Customer_5828,31,Female,Phoenix,14 12 2023,43.82
5829,Customer_5829,45,Male,Phoenix,19 05 2022,94.26
5830,Customer_5830,36,Female,Chicago,01 06 2021,486.25
5831,Customer_5831,34,Female,New York,07 01 2023,1023.71
5832,Customer_5832,30,Male,New York,24 04 2022,1108.3
5833,Customer_5833,37,Male,Los Angeles,11 04 2023,212.2
5834,Customer_5834,46,Female,Los Angeles,30 04 2023,214.68
5835,Customer_5835,45,Female,Chicago,08 07 2022,1443.42
5836,Customer_5836,39,Female,Phoenix,14 10 2021,445.45
5837,Customer_5837,42,Male,Chicago,31 03 2022,266.52
5838,Customer_5838,49,Female,Phoenix,19 09 2022,180.3
5839,Customer_5839,33,Male,Chicago,31 07 2021,1752.12
5840,Customer_5840,23,Male,Chicago,29 12 2021,361.93
5841,Customer_5841,49,Male,Phoenix,21 08 2022,768.38
5842,Customer_5842,29,Female,Chicago,13 05 2021,413.64
5843,Customer_5843,27,Female,Phoenix,04 10 2021,1602.55
5844,Customer_5844,18,Female,Los Angeles,28 08 2022,1792.9
5845,Customer_5845,41,Female,New York,19 10 2022,686.09
5846,Customer_5846,18,Male,Phoenix,29 10 2022,2807.49
5847,Customer_5847,27,Male,Chicago,16 05 2021,1418.74
5848,Customer_5848,41,Male,Phoenix,04 02 2023,322.36
5849,Customer_5849,43,Male,Phoenix,04 03 2022,1397.57
5850,Customer_5850,28,Female,New York,10 04 2023,203.21
5851,Customer_5851,34,Female,Chicago,19 11 2023,1067.5
5852,Customer_5852,25,Female,Los Angeles,18 08 2022,892.22
5853,Customer_5853,29,Male,Chicago,09 07 2023,20.34
5854,Customer_5854,38,Male,Houston,24 11 2023,300.26
5855,Customer_5855,29,Male,Los Angeles,19 05 2022,162.71
5856,Customer_5856,32,Female,Chicago,14 04 2021,1057.87
5857,Customer_5857,19,Female,Houston,09 05 2022,805.5
5858,Customer_5858,47,Male,New York,23 01 2022,278.1
5859,Customer_5859,41,Female,Houston,05 01 2023,2764.92
5860,Customer_5860,44,Male,Chicago,24 06 2023,902.03
5861,Customer_5861,49,Male,Phoenix,29 11 2021,139.96
5862,Customer_5862,26,Male,Los Angeles,12 01 2022,318.31
5863,Customer_5863,31,Female,New York,28 08 2021,565.95
5864,Customer_5864,18,Female,Chicago,31 12 2022,0.0
5865,Customer_5865,70,Female,New York,01 07 2021,161.76
5866,Customer_5866,33,Female,Phoenix,14 01 2023,1547.47
5867,Customer_5867,46,Female,New York,21 04 2023,310.07
5868,Customer_5868,21,Male,Houston,05 12 2023,988.96
5869,Customer_5869,46,Male,Chicago,06 10 2023,1615.12
5870,Customer_5870,55,Female,Los Angeles,08 04 2023,444.27
5871,Customer_5871,34,Female,New York,21 08 2022,0.0
5872,Customer_5872,24,Female,Chicago,14 10 2023,205.28
5873,Customer_5873,33,Female,Chicago,20 07 2021,465.69
5874,Customer_5874,18,Male,Los Angeles,09 12 2021,1141.92
5875,Customer_5875,35,Female,Phoenix,23 09 2022,2897.88
5876,Customer_5876,44,Female,Los Angeles,25 10 2021,0.0
5877,Customer_5877,35,Female,Los Angeles,29 11 2022,80.14
5878,Customer_5878,32,Male,Chicago,14 12 2022,674.4
5879,Customer_5879,41,Male,New York,19 07 2023,1841.61
5880,Customer_5880,42,Female,Phoenix,17 02 2023,295.71
5881,Customer_5881,18,Female,Los Angeles,14 01 2022,295.03
5882,Customer_5882,36,Male,New York,18 01 2023,91.08
5883,Customer_5883,62,Male,Los Angeles,07 12 2022,373.08
5884,Customer_5884,20,Female,Chicago,02 01 2022,244.45
5885,Customer_5885,34,Male,Chicago,10 02 2023,2260.51
5886,Customer_5886,56,Male,Houston,31 12 2023,45.27
5887,Customer_5887,47,Male,New York,18 11 2023,325.42
5888,Customer_5888,29,Male,Los Angeles,15 12 2021,523.49
5889,Customer_5889,37,Male,Houston,03 04 2021,1335.83
5890,Customer_5890,35,Female,New York,21 05 2021,1019.78
5891,Customer_5891,27,Male,Phoenix,21 12 2021,536.76
5892,Customer_5892,34,Male,New York,29 12 2023,797.25
5893,Customer_5893,32,Male,Houston,05 08 2022,1314.63
5894,Customer_5894,36,Female,Los Angeles,02 06 2023,361.72
5895,Customer_5895,27,Male,Chicago,04 05 2021,1136.47
5896,Customer_5896,21,Male,New York,26 08 2022,2343.14
5897,Customer_5897,35,Female,New York,01 09 2023,1624.62
5898,Customer_5898,54,Male,New York,01 11 2021,0.0
5899,Customer_5899,36,Male,New York,14 03 2023,32.16
5900,Customer_5900,31,Male,Los Angeles,26 07 2023,1184.12
5901,Customer_5901,43,Female,Chicago,31 12 2021,152.36
5902,Customer_5902,33,Female,Chicago,19 09 2023,680.94
5903,Customer_5903,56,Male,Houston,23 09 2021,934.19
5904,Customer_5904,35,Female,Chicago,25 03 2021,0.0
5905,Customer_5905,43,Male,Chicago,03 05 2023,935.28
5906,Customer_5906,27,Female,Los Angeles,19 01 2023,2521.99
5907,Customer_5907,41,Female,Chicago,31 05 2021,1160.22
5908,Customer_5908,38,Female,Los Angeles,17 11 2022,1324.0
5909,Customer_5909,34,Male,Houston,20 05 2021,1627.54
5910,Customer_5910,29,Female,New York,24 02 2021,92.2
5911,Customer_5911,28,Female,New York,15 03 2021,637.19
5912,Customer_5912,38,Female,Chicago,24 09 2023,162.41
5913,Customer_5913,42,Female,New York,27 06 2023,126.09
5914,Customer_5914,34,Male,Phoenix,09 04 2023,0.0
5915,Customer_5915,38,Male,Phoenix,04 10 2022,813.97
5916,Customer_5916,35,Female,New York,14 01 2023,143.2
5917,Customer_5917,36,Male,New York,26 01 2021,1617.17
5918,Customer_5918,33,Female,Chicago,11 03 2022,0.0
5919,Customer_5919,35,Male,Chicago,03 03 2021,0.0
5920,Customer_5920,65,Male,Los Angeles,05 05 2022,0.0
5921,Customer_5921,38,Male,Houston,08 05 2022,566.48
5922,Customer_5922,42,Female,Chicago,10 11 2022,409.12
5923,Customer_5923,40,Male,Los Angeles,13 04 2022,358.08
5924,Customer_5924,32,Female,New York,13 10 2022,744.26
5925,Customer_5925,49,Male,Houston,24 03 2022,50.53
5926,Customer_5926,32,Female,New York,27 07 2021,113.47
5927,Customer_5927,47,Male,Houston,29 09 2023,93.73
5928,Customer_5928,31,Male,Los Angeles,10 01 2021,2074.4
5929,Customer_5929,24,Male,Chicago,26 02 2023,77.82
5930,Customer_5930,39,Female,Phoenix,04 01 2021,401.5
5931,Customer_5931,23,Male,Phoenix,12 04 2022,61.64
5932,Customer_5932,41,Female,Los Angeles,16 09 2021,351.86
5933,Customer_5933,22,Male,New York,22 12 2022,773.33
5934,Customer_5934,31,Female,Houston,14 10 2021,495.72
5935,Customer_5935,19,Female,Los Angeles,31 01 2021,108.74
5936,Customer_5936,66,Male,New York,05 06 2022,878.47
5937,Customer_5937,18,Female,Phoenix,17 12 2022,1384.59
5938,Customer_5938,35,Female,New York,04 05 2021,3272.54
5939,Customer_5939,48,Female,New York,11 07 2023,1231.9
5940,Customer_5940,46,Female,New York,10 05 2021,1686.24
5941,Customer_5941,44,Male,Chicago,16 01 2023,290.37
5942,Customer_5942,32,Male,Chicago,31 05 2022,0.0
5943,Customer_5943,50,Female,Los Angeles,13 02 2023,235.34
5944,Customer_5944,45,Female,Los Angeles,09 08 2023,911.08
5945,Customer_5945,37,Female,Los Angeles,18 03 2021,888.39
5946,Customer_5946,38,Female,Houston,01 01 2022,0.0
5947,Customer_5947,32,Male,New York,19 10 2021,760.31
5948,Customer_5948,25,Male,Phoenix,06 06 2021,210.57
5949,Customer_5949,49,Female,New York,27 06 2023,670.23
5950,Customer_5950,49,Female,Phoenix,07 07 2023,1420.01
5951,Customer_5951,25,Female,New York,20 04 2021,1211.99
5952,Customer_5952,33,Male,Houston,18 05 2021,337.07
5953,Customer_5953,33,Male,New York,17 10 2023,103.57
5954,Customer_5954,35,Female,New York,05 03 2021,425.24
5955,Customer_5955,36,Female,Phoenix,22 05 2022,1074.08
5956,Customer_5956,45,Male,Phoenix,20 04 2023,1175.31
5957,Customer_5957,27,Male,Los Angeles,12 10 2023,603.81
5958,Customer_5958,26,Female,Houston,04 09 2023,606.58
5959,Customer_5959,49,Female,Chicago,28 02 2023,1187.21
5960,Customer_5960,30,Female,Phoenix,16 12 2021,0.0
5961,Customer_5961,21,Male,Los Angeles,27 05 2021,1976.31
5962,Customer_5962,30,Female,Chicago,12 05 2023,852.24
5963,Customer_5963,31,Female,Chicago,11 02 2022,535.37
5964,Customer_5964,52,Male,Los Angeles,10 12 2021,814.7
5965,Customer_5965,45,Female,Phoenix,14 10 2022,341.65
5966,Customer_5966,48,Male,New York,06 12 2022,360.93
5967,Customer_5967,44,Female,New York,10 02 2023,751.07
5968,Customer_5968,45,Female,Chicago,08 02 2021,142.27
5969,Customer_5969,27,Male,Chicago,14 10 2021,0.0
5970,Customer_5970,33,Female,New York,26 08 2023,1512.05
5971,Customer_5971,24,Male,Los Angeles,10 06 2023,755.1
5972,Customer_5972,33,Male,Phoenix,24 10 2022,1472.0
5973,Customer_5973,43,Female,New York,26 10 2023,202.34
5974,Customer_5974,36,Male,Chicago,24 08 2021,531.88
5975,Customer_5975,49,Female,Houston,24 08 2021,1104.26
5976,Customer_5976,22,Male,Los Angeles,27 08 2023,44.74
5977,Customer_5977,41,Female,Phoenix,16 05 2022,605.1
5978,Customer_5978,21,Male,Houston,27 08 2021,1042.44
5979,Customer_5979,36,Female,Los Angeles,09 04 2023,164.16
5980,Customer_5980,43,Female,Chicago,21 02 2021,508.86
5981,Customer_5981,33,Male,Houston,18 04 2021,1021.51
5982,Customer_5982,41,Male,Chicago,23 11 2023,797.93
5983,Customer_5983,24,Female,Phoenix,22 01 2021,1528.8
5984,Customer_5984,18,Female,Los Angeles,03 11 2021,126.19
5985,Customer_5985,41,Male,Los Angeles,11 01 2021,84.91
5986,Customer_5986,54,Male,New York,16 07 2022,25.33
5987,Customer_5987,24,Female,New York,17 07 2021,484.81
5988,Customer_5988,48,Female,New York,04 12 2023,311.58
5989,Customer_5989,35,Female,Phoenix,24 01 2022,1134.13
5990,Customer_5990,20,Male,Houston,05 07 2022,0.0
5991,Customer_5991,23,Female,Chicago,11 05 2022,447.79
5992,Customer_5992,35,Female,Chicago,20 05 2022,457.89
5993,Customer_5993,31,Male,Houston,17 05 2021,293.4
5994,Customer_5994,21,Female,Chicago,16 09 2023,25.15
5995,Customer_5995,18,Female,Phoenix,13 06 2021,159.0
5996,Customer_5996,26,Female,Los Angeles,02 05 2023,1173.32
5997,Customer_5997,37,Female,Phoenix,13 11 2023,579.26
5998,Customer_5998,35,Female,Houston,12 12 2022,770.25
5999,Customer_5999,29,Male,Los Angeles,22 05 2022,660.34
6000,Customer_6000,37,Female,Chicago,17 11 2022,166.0
6001,Customer_6001,46,Male,Chicago,09 12 2022,0.0
6002,Customer_6002,39,Male,New York,22 05 2021,142.14
6003,Customer_6003,34,Male,Chicago,08 10 2021,325.51
6004,Customer_6004,45,Female,Los Angeles,25 08 2023,1133.07
6005,Customer_6005,24,Female,New York,29 10 2021,806.18
6006,Customer_6006,33,Female,Phoenix,01 02 2022,517.41
6007,Customer_6007,33,Female,Chicago,14 11 2021,142.38
6008,Customer_6008,21,Female,Phoenix,27 06 2023,1683.47
6009,Customer_6009,30,Male,Houston,30 05 2023,731.77
6010,Customer_6010,18,Female,Los Angeles,08 05 2023,209.4
6011,Customer_6011,56,Female,Chicago,08 12 2023,38.4
6012,Customer_6012,25,Female,Houston,04 11 2022,1901.91
6013,Customer_6013,52,Male,Phoenix,02 09 2023,1387.6
6014,Customer_6014,35,Female,Los Angeles,08 11 2022,771.95
6015,Customer_6015,41,Male,Phoenix,14 01 2022,1313.47
6016,Customer_6016,30,Female,Phoenix,05 08 2021,647.22
6017,Customer_6017,37,Male,Houston,29 04 2023,1168.2
6018,Customer_6018,42,Male,Phoenix,18 05 2023,424.03
6019,Customer_6019,42,Female,Los Angeles,10 03 2022,1712.07
6020,Customer_6020,44,Female,Phoenix,26 01 2023,692.3
6021,Customer_6021,31,Female,Houston,31 07 2023,175.31
6022,Customer_6022,30,Female,New York,08 12 2022,0.0
6023,Customer_6023,18,Male,Phoenix,22 08 2022,466.14
6024,Customer_6024,41,Male,Chicago,24 08 2021,556.45
6025,Customer_6025,47,Male,Los Angeles,10 04 2021,969.56
6026,Customer_6026,53,Male,Chicago,09 01 2023,87.85
6027,Customer_6027,38,Female,New York,29 04 2021,833.95
6028,Customer_6028,27,Female,Los Angeles,09 12 2022,1555.75
6029,Customer_6029,18,Male,Houston,29 03 2021,854.49
6030,Customer_6030,46,Female,New York,05 02 2021,1189.22
6031,Customer_6031,18,Male,Los Angeles,10 11 2021,151.02
6032,Customer_6032,31,Female,New York,05 07 2022,662.92
6033,Customer_6033,33,Female,Los Angeles,03 03 2022,432.99
6034,Customer_6034,34,Male,Houston,01 06 2022,2428.08
6035,Customer_6035,35,Female,Houston,15 10 2022,1210.32
6036,Customer_6036,37,Male,Phoenix,09 01 2021,859.38
6037,Customer_6037,18,Male,Chicago,26 02 2021,19.33
6038,Customer_6038,35,Male,Los Angeles,10 10 2021,232.84
6039,Customer_6039,18,Male,Phoenix,06 04 2022,117.95
6040,Customer_6040,43,Male,Houston,17 08 2022,533.71
6041,Customer_6041,29,Male,Chicago,19 07 2023,1340.25
6042,Customer_6042,18,Female,Houston,06 03 2021,282.38
6043,Customer_6043,26,Female,Phoenix,05 05 2023,1083.27
6044,Customer_6044,29,Male,Houston,13 03 2023,372.78
6045,Customer_6045,48,Female,Los Angeles,16 05 2021,77.7
6046,Customer_6046,37,Female,Houston,01 02 2023,294.21
6047,Customer_6047,39,Female,New York,07 10 2023,294.89
6048,Customer_6048,48,Male,Los Angeles,08 12 2023,0.0
6049,Customer_6049,34,Male,Los Angeles,04 09 2022,1041.21
6050,Customer_6050,43,Female,New York,30 04 2023,1478.66
6051,Customer_6051,43,Male,New York,27 04 2021,0.0
6052,Customer_6052,21,Male,New York,18 02 2023,397.6
6053,Customer_6053,51,Male,Chicago,31 03 2023,1148.91
6054,Customer_6054,19,Male,Houston,20 10 2023,354.08
6055,Customer_6055,45,Male,Phoenix,24 04 2022,1417.15
6056,Customer_6056,18,Female,Los Angeles,20 06 2022,1867.21
6057,Customer_6057,42,Male,Chicago,09 05 2022,673.77
6058,Customer_6058,55,Female,Phoenix,09 02 2022,737.44
6059,Customer_6059,33,Male,New York,06 04 2021,1665.42
6060,Customer_6060,32,Male,Houston,11 09 2021,471.98
6061,Customer_6061,42,Female,Houston,18 02 2022,1748.9
6062,Customer_6062,31,Female,New York,07 08 2022,142.96
6063,Customer_6063,55,Male,Phoenix,30 07 2022,163.02
6064,Customer_6064,37,Female,Houston,31 08 2021,0.0
6065,Customer_6065,31,Male,New York,01 10 2022,178.78
6066,Customer_6066,29,Female,New York,08 02 2021,657.01
6067,Customer_6067,25,Female,New York,19 12 2021,94.55
6068,Customer_6068,28,Male,Los Angeles,02 03 2022,655.13
6069,Customer_6069,31,Male,Chicago,09 09 2023,141.41
6070,Customer_6070,30,Male,Chicago,25 05 2022,288.5
6071,Customer_6071,28,Female,Los Angeles,20 05 2021,361.57
6072,Customer_6072,58,Male,Phoenix,09 09 2021,1277.04
6073,Customer_6073,24,Male,Los Angeles,31 10 2022,166.48
6074,Customer_6074,37,Male,New York,13 11 2021,1858.96
6075,Customer_6075,42,Male,Los Angeles,24 02 2022,294.44
6076,Customer_6076,42,Male,Chicago,29 05 2023,233.05
6077,Customer_6077,34,Female,Los Angeles,19 01 2023,163.94
6078,Customer_6078,32,Female,Los Angeles,17 06 2023,373.11
6079,Customer_6079,40,Male,New York,19 11 2023,42.47
6080,Customer_6080,38,Female,Houston,01 12 2023,229.7
6081,Customer_6081,32,Male,Phoenix,25 06 2022,139.93
6082,Customer_6082,18,Female,Los Angeles,24 07 2022,994.34
6083,Customer_6083,30,Male,Los Angeles,24 12 2022,1515.09
6084,Customer_6084,22,Male,Chicago,28 09 2023,41.34
6085,Customer_6085,28,Female,Houston,26 05 2023,981.07
6086,Customer_6086,35,Female,Los Angeles,08 07 2021,555.11
6087,Customer_6087,39,Female,Phoenix,26 03 2022,243.19
6088,Customer_6088,55,Male,Chicago,04 04 2021,767.91
6089,Customer_6089,29,Male,Los Angeles,10 10 2021,660.77
6090,Customer_6090,44,Female,Chicago,24 07 2022,0.0
6091,Customer_6091,38,Male,Phoenix,25 01 2021,563.72
6092,Customer_6092,49,Female,Houston,17 09 2021,467.89
6093,Customer_6093,41,Female,New York,12 05 2022,0.0
6094,Customer_6094,24,Male,Los Angeles,25 04 2021,665.35
6095,Customer_6095,18,Female,Chicago,28 03 2022,138.11
6096,Customer_6096,38,Female,Los Angeles,01 12 2022,0.0
6097,Customer_6097,29,Female,Houston,11 02 2023,869.11
6098,Customer_6098,24,Female,Houston,20 01 2022,626.07
6099,Customer_6099,21,Female,Houston,05 09 2022,1518.58
6100,Customer_6100,37,Female,Phoenix,16 09 2023,637.64
6101,Customer_6101,52,Male,Los Angeles,07 08 2021,1633.01
6102,Customer_6102,31,Female,Phoenix,30 05 2023,57.49
6103,Customer_6103,41,Male,Houston,11 07 2022,0.0
6104,Customer_6104,34,Female,Los Angeles,23 12 2023,1508.86
6105,Customer_6105,21,Female,Houston,16 12 2021,182.16
6106,Customer_6106,43,Male,New York,25 01 2022,1003.38
6107,Customer_6107,23,Male,Houston,15 03 2023,1402.81
6108,Customer_6108,35,Female,Chicago,12 01 2022,678.64
6109,Customer_6109,31,Male,Los Angeles,21 05 2023,329.99
6110,Customer_6110,45,Male,Chicago,07 03 2021,0.0
6111,Customer_6111,23,Male,Chicago,16 01 2023,1076.27
6112,Customer_6112,39,Female,New York,08 01 2021,846.39
6113,Customer_6113,26,Female,New York,27 01 2021,3122.95
6114,Customer_6114,29,Female,Los Angeles,17 10 2021,0.0
6115,Customer_6115,18,Male,Chicago,28 01 2021,404.31
6116,Customer_6116,58,Female,Phoenix,12 04 2022,2124.9
6117,Customer_6117,41,Male,Phoenix,18 04 2021,2176.36
6118,Customer_6118,27,Female,Chicago,10 06 2023,994.45
6119,Customer_6119,23,Female,Houston,15 03 2022,915.27
6120,Customer_6120,30,Male,Los Angeles,22 07 2021,0.0
6121,Customer_6121,43,Female,Houston,16 02 2023,400.88
6122,Customer_6122,18,Male,New York,17 09 2023,1001.73
6123,Customer_6123,33,Male,Los Angeles,28 10 2021,877.47
6124,Customer_6124,54,Male,Chicago,14 03 2022,1247.76
6125,Customer_6125,23,Male,New York,01 11 2023,607.7
6126,Customer_6126,36,Male,Houston,17 04 2023,405.28
6127,Customer_6127,59,Male,Houston,30 08 2022,0.0
6128,Customer_6128,42,Male,Los Angeles,04 10 2022,272.2
6129,Customer_6129,36,Female,Los Angeles,20 04 2021,985.26
6130,Customer_6130,41,Female,Phoenix,05 10 2022,0.0
6131,Customer_6131,31,Female,Houston,04 12 2022,544.72
6132,Customer_6132,49,Female,Los Angeles,12 03 2023,0.0
6133,Customer_6133,31,Male,Los Angeles,20 05 2023,0.0
6134,Customer_6134,18,Male,Houston,08 07 2023,81.06
6135,Customer_6135,31,Male,Chicago,29 04 2023,111.76
6136,Customer_6136,24,Female,New York,22 05 2022,0.0
6137,Customer_6137,32,Male,Los Angeles,26 06 2021,309.65
6138,Customer_6138,32,Female,Phoenix,30 10 2022,0.0
6139,Customer_6139,48,Male,Houston,26 05 2022,505.13
6140,Customer_6140,43,Male,Phoenix,19 04 2021,67.78
6141,Customer_6141,38,Female,Houston,22 05 2023,27.46
6142,Customer_6142,35,Female,Phoenix,04 05 2022,605.17
6143,Customer_6143,23,Female,New York,03 01 2023,879.19
6144,Customer_6144,18,Male,Houston,08 10 2021,123.36
6145,Customer_6145,36,Male,New York,22 06 2023,243.98
6146,Customer_6146,44,Male,Houston,22 02 2022,68.51
6147,Customer_6147,34,Female,Los Angeles,24 01 2023,48.9
6148,Customer_6148,29,Female,Los Angeles,24 10 2022,1218.64
6149,Customer_6149,40,Male,Phoenix,19 11 2022,284.13
6150,Customer_6150,34,Male,Phoenix,14 04 2021,675.8
6151,Customer_6151,54,Female,New York,13 12 2022,1308.62
6152,Customer_6152,49,Female,Chicago,05 08 2022,260.68
6153,Customer_6153,46,Male,Los Angeles,26 02 2021,0.0
6154,Customer_6154,43,Female,Los Angeles,01 08 2022,496.01
6155,Customer_6155,21,Female,Houston,18 12 2023,0.0
6156,Customer_6156,42,Female,Los Angeles,27 04 2021,168.26
6157,Customer_6157,39,Male,Phoenix,30 03 2023,1880.3
6158,Customer_6158,42,Male,New York,11 11 2023,861.84
6159,Customer_6159,40,Male,Chicago,20 03 2021,439.86
6160,Customer_6160,40,Male,Houston,13 07 2022,875.28
6161,Customer_6161,65,Female,Los Angeles,05 06 2023,450.75
6162,Customer_6162,34,Female,Los Angeles,18 04 2021,910.69
6163,Customer_6163,45,Male,Houston,10 03 2023,0.0
6164,Customer_6164,30,Female,Houston,19 11 2022,950.68
6165,Customer_6165,44,Male,Los Angeles,11 03 2021,977.32
6166,Customer_6166,45,Female,Chicago,22 01 2022,99.08
6167,Customer_6167,39,Female,New York,05 05 2023,563.65
6168,Customer_6168,53,Female,New York,18 12 2023,176.53
6169,Customer_6169,25,Female,Chicago,02 09 2021,199.23
6170,Customer_6170,30,Female,New York,05 12 2023,469.39
6171,Customer_6171,37,Female,Houston,15 11 2022,930.15
6172,Customer_6172,45,Male,Houston,24 02 2023,429.77
6173,Customer_6173,37,Female,Phoenix,12 03 2021,686.14
6174,Customer_6174,49,Male,Houston,18 04 2021,45.52
6175,Customer_6175,28,Male,Phoenix,23 12 2022,0.0
6176,Customer_6176,22,Male,Chicago,29 10 2021,561.68
6177,Customer_6177,38,Male,Chicago,12 06 2022,139.66
6178,Customer_6178,34,Male,Phoenix,10 08 2023,557.66
6179,Customer_6179,41,Female,Chicago,13 09 2021,449.95
6180,Customer_6180,35,Female,New York,12 08 2023,90.58
6181,Customer_6181,31,Female,Houston,13 07 2023,1535.42
6182,Customer_6182,34,Male,Phoenix,16 07 2022,0.0
6183,Customer_6183,35,Male,Houston,26 12 2021,69.83
6184,Customer_6184,32,Female,Chicago,23 10 2021,507.06
6185,Customer_6185,33,Female,Houston,03 04 2021,0.0
6186,Customer_6186,31,Male,Phoenix,11 05 2023,0.0
6187,Customer_6187,44,Female,New York,17 09 2023,712.16
6188,Customer_6188,37,Male,Chicago,29 04 2022,754.12
6189,Customer_6189,60,Male,Los Angeles,26 05 2023,447.42
6190,Customer_6190,37,Male,Chicago,07 12 2021,1061.72
6191,Customer_6191,29,Male,Chicago,26 11 2021,0.0
6192,Customer_6192,64,Male,New York,10 03 2023,350.06
6193,Customer_6193,40,Female,New York,20 07 2021,541.89
6194,Customer_6194,46,Male,Chicago,13 01 2023,1164.58
6195,Customer_6195,42,Male,New York,08 04 2021,71.05
6196,Customer_6196,42,Female,Los Angeles,19 04 2023,125.48
6197,Customer_6197,41,Female,Houston,18 12 2021,490.25
6198,Customer_6198,23,Female,Los Angeles,12 04 2022,300.98
6199,Customer_6199,39,Female,Chicago,06 11 2023,0.0
6200,Customer_6200,20,Male,Phoenix,01 04 2022,538.92
6201,Customer_6201,33,Male,New York,15 09 2021,1443.94
6202,Customer_6202,27,Female,Los Angeles,03 03 2021,379.4
6203,Customer_6203,39,Female,Chicago,27 04 2022,501.99
6204,Customer_6204,39,Male,Houston,27 09 2023,497.89
6205,Customer_6205,40,Female,Phoenix,27 09 2022,568.68
6206,Customer_6206,38,Female,Phoenix,02 12 2023,286.76
6207,Customer_6207,28,Male,Houston,12 12 2023,1011.87
6208,Customer_6208,32,Male,New York,05 07 2023,3183.55
6209,Customer_6209,45,Female,New York,08 11 2021,0.0
6210,Customer_6210,47,Female,Los Angeles,02 08 2022,502.91
6211,Customer_6211,22,Female,New York,28 02 2021,188.84
6212,Customer_6212,18,Male,Houston,31 10 2021,356.95
6213,Customer_6213,27,Male,Chicago,04 02 2021,257.65
6214,Customer_6214,46,Female,New York,10 10 2022,965.58
6215,Customer_6215,48,Male,Houston,08 10 2023,234.57
6216,Customer_6216,25,Male,New York,08 05 2022,0.0
6217,Customer_6217,38,Female,Los Angeles,06 05 2022,0.0
6218,Customer_6218,55,Female,Chicago,09 08 2021,611.19
6219,Customer_6219,40,Male,Los Angeles,03 05 2021,162.42
6220,Customer_6220,51,Female,Los Angeles,08 12 2022,691.53
6221,Customer_6221,46,Female,New York,06 06 2023,0.0
6222,Customer_6222,25,Male,Los Angeles,09 05 2022,2379.49
6223,Customer_6223,33,Male,Houston,29 01 2023,1113.85
6224,Customer_6224,35,Male,Phoenix,25 09 2022,394.1
6225,Customer_6225,36,Male,Los Angeles,26 11 2021,0.0
6226,Customer_6226,45,Male,Los Angeles,30 08 2023,516.91
6227,Customer_6227,39,Female,Houston,10 01 2021,582.35
6228,Customer_6228,18,Male,Phoenix,07 05 2021,100.97
6229,Customer_6229,21,Female,Los Angeles,12 09 2023,0.0
6230,Customer_6230,18,Female,Los Angeles,31 10 2022,0.0
6231,Customer_6231,37,Male,Houston,19 08 2021,325.04
6232,Customer_6232,38,Male,Chicago,05 11 2023,236.7
6233,Customer_6233,38,Female,New York,02 05 2022,0.0
6234,Customer_6234,24,Male,Chicago,18 03 2022,112.25
6235,Customer_6235,42,Female,New York,28 05 2023,0.0
6236,Customer_6236,43,Female,Chicago,01 10 2021,1655.97
6237,Customer_6237,21,Female,Chicago,10 09 2022,2676.6
6238,Customer_6238,19,Male,Phoenix,24 10 2023,47.42
6239,Customer_6239,35,Male,Los Angeles,22 11 2021,582.47
6240,Customer_6240,55,Female,Los Angeles,10 09 2021,898.71
6241,Customer_6241,54,Male,New York,15 12 2023,511.14
6242,Customer_6242,41,Female,Phoenix,05 06 2023,630.61
6243,Customer_6243,27,Male,New York,24 03 2022,82.31
6244,Customer_6244,45,Female,Los Angeles,08 01 2022,643.39
6245,Customer_6245,30,Female,New York,14 04 2022,164.98
6246,Customer_6246,27,Male,Houston,30 01 2023,1404.53
6247,Customer_6247,18,Female,Chicago,13 04 2023,78.15
6248,Customer_6248,36,Female,Los Angeles,11 03 2021,5610.33
6249,Customer_6249,28,Male,Los Angeles,26 04 2022,1465.26
6250,Customer_6250,36,Male,Phoenix,14 06 2022,1163.15
6251,Customer_6251,18,Female,Chicago,05 05 2022,165.07
6252,Customer_6252,37,Female,Houston,18 05 2022,0.0
6253,Customer_6253,18,Female,Phoenix,06 10 2023,1345.63
6254,Customer_6254,47,Female,Phoenix,27 04 2021,328.05
6255,Customer_6255,41,Female,Los Angeles,30 08 2022,552.14
6256,Customer_6256,32,Male,Phoenix,08 07 2023,584.72
6257,Customer_6257,41,Male,New York,23 06 2023,33.58
6258,Customer_6258,24,Female,Los Angeles,04 03 2022,1910.59
6259,Customer_6259,36,Female,Phoenix,09 05 2022,1007.87
6260,Customer_6260,44,Female,Los Angeles,03 03 2021,394.88
6261,Customer_6261,18,Female,Los Angeles,12 05 2022,419.9
6262,Customer_6262,30,Male,Los Angeles,28 09 2022,1063.26
6263,Customer_6263,35,Female,Chicago,21 03 2021,329.94
6264,Customer_6264,33,Female,Los Angeles,30 04 2022,2789.19
6265,Customer_6265,51,Male,Houston,12 11 2023,2632.27
6266,Customer_6266,23,Female,Phoenix,18 08 2022,730.91
6267,Customer_6267,28,Male,Houston,18 09 2021,902.51
6268,Customer_6268,18,Female,New York,09 05 2021,1680.72
6269,Customer_6269,52,Male,Phoenix,18 09 2022,0.0
6270,Customer_6270,32,Male,Los Angeles,11 10 2021,2209.07
6271,Customer_6271,30,Male,New York,07 12 2023,0.0
6272,Customer_6272,34,Male,New York,19 01 2021,722.78
6273,Customer_6273,42,Female,Chicago,22 08 2022,130.32
6274,Customer_6274,39,Female,New York,16 10 2022,1408.8
6275,Customer_6275,64,Male,New York,02 02 2023,1023.16
6276,Customer_6276,40,Male,Los Angeles,18 04 2023,1628.37
6277,Customer_6277,30,Female,Los Angeles,29 10 2023,730.65
6278,Customer_6278,29,Female,Chicago,27 11 2023,1182.79
6279,Customer_6279,31,Female,Houston,13 03 2021,272.46
6280,Customer_6280,18,Female,Houston,27 12 2023,1496.33
6281,Customer_6281,35,Female,Los Angeles,15 10 2022,131.7
6282,Customer_6282,44,Male,New York,05 03 2021,1007.74
6283,Customer_6283,28,Female,Phoenix,30 01 2021,466.24
6284,Customer_6284,26,Female,New York,11 07 2022,789.78
6285,Customer_6285,52,Male,Phoenix,08 10 2022,90.48
6286,Customer_6286,19,Male,New York,06 11 2023,998.37
6287,Customer_6287,18,Male,Phoenix,05 10 2021,0.0
6288,Customer_6288,22,Male,Los Angeles,04 10 2021,501.71
6289,Customer_6289,18,Female,Los Angeles,09 08 2021,431.7
6290,Customer_6290,39,Male,Houston,01 11 2022,536.33
6291,Customer_6291,31,Male,Chicago,14 11 2023,1391.38
6292,Customer_6292,33,Female,Los Angeles,12 04 2023,259.97
6293,Customer_6293,48,Male,Chicago,21 05 2021,148.77
6294,Customer_6294,27,Male,Houston,04 01 2023,1485.17
6295,Customer_6295,44,Female,New York,26 01 2021,1772.82
6296,Customer_6296,52,Female,New York,08 04 2021,166.8
6297,Customer_6297,30,Female,Los Angeles,03 10 2021,919.01
6298,Customer_6298,43,Female,New York,27 07 2022,346.17
6299,Customer_6299,32,Female,Chicago,11 06 2023,95.89
6300,Customer_6300,45,Male,New York,09 03 2022,137.56
6301,Customer_6301,18,Female,Los Angeles,09 01 2021,0.0
6302,Customer_6302,18,Male,New York,15 06 2023,2111.54
6303,Customer_6303,31,Male,Chicago,19 05 2023,628.48
6304,Customer_6304,25,Male,New York,22 07 2023,555.61
6305,Customer_6305,29,Male,New York,29 09 2021,1328.9
6306,Customer_6306,33,Female,New York,01 02 2021,459.75
6307,Customer_6307,43,Female,Phoenix,02 05 2023,0.0
6308,Customer_6308,31,Male,New York,28 08 2022,274.91
6309,Customer_6309,26,Male,Houston,17 01 2021,3234.88
6310,Customer_6310,31,Male,New York,28 10 2021,734.14
6311,Customer_6311,27,Female,New York,11 02 2021,0.0
6312,Customer_6312,25,Male,Chicago,21 02 2021,1715.95
6313,Customer_6313,18,Female,Los Angeles,07 07 2021,553.47
6314,Customer_6314,36,Male,Phoenix,31 05 2021,499.13
6315,Customer_6315,29,Male,Phoenix,13 02 2022,1174.38
6316,Customer_6316,46,Female,Houston,10 12 2021,905.66
6317,Customer_6317,19,Male,Chicago,14 08 2022,619.94
6318,Customer_6318,29,Female,Los Angeles,28 12 2023,0.0
6319,Customer_6319,55,Female,Los Angeles,26 04 2023,0.0
6320,Customer_6320,25,Female,Phoenix,19 06 2023,159.09
6321,Customer_6321,32,Male,Chicago,28 01 2021,1518.57
6322,Customer_6322,22,Male,Chicago,19 11 2023,191.7
6323,Customer_6323,20,Male,New York,26 09 2022,184.52
6324,Customer_6324,52,Female,New York,31 07 2021,265.83
6325,Customer_6325,37,Male,Phoenix,19 11 2022,788.61
6326,Customer_6326,36,Male,Los Angeles,13 03 2021,2170.97
6327,Customer_6327,18,Female,Los Angeles,20 04 2021,1033.97
6328,Customer_6328,39,Male,New York,20 08 2021,168.1
6329,Customer_6329,48,Female,Houston,12 02 2021,0.0
6330,Customer_6330,48,Male,New York,22 09 2021,158.59
6331,Customer_6331,42,Female,Houston,15 02 2021,1162.31
6332,Customer_6332,23,Female,New York,26 08 2021,42.63
6333,Customer_6333,38,Female,Phoenix,24 08 2022,84.06
6334,Customer_6334,42,Male,Houston,22 11 2022,1557.23
6335,Customer_6335,18,Female,New York,03 09 2023,310.23
6336,Customer_6336,23,Female,Chicago,13 01 2023,291.7
6337,Customer_6337,45,Male,Los Angeles,28 12 2022,175.05
6338,Customer_6338,45,Male,New York,19 07 2021,704.45
6339,Customer_6339,18,Female,Phoenix,10 10 2023,289.59
6340,Customer_6340,44,Female,Los Angeles,13 03 2022,128.16
6341,Customer_6341,36,Female,Los Angeles,09 05 2022,0.0
6342,Customer_6342,44,Female,New York,08 12 2022,1666.74
6343,Customer_6343,28,Male,Los Angeles,24 01 2021,369.81
6344,Customer_6344,42,Male,Phoenix,27 09 2021,717.66
6345,Customer_6345,44,Male,Los Angeles,01 03 2023,64.94
6346,Customer_6346,31,Female,Phoenix,08 01 2023,23.74
6347,Customer_6347,35,Male,Phoenix,08 05 2021,1377.11
6348,Customer_6348,28,Male,New York,27 06 2022,448.83
6349,Customer_6349,53,Male,New York,18 12 2023,375.34
6350,Customer_6350,34,Male,Phoenix,21 11 2021,824.9
6351,Customer_6351,25,Male,Los Angeles,21 10 2022,983.77
6352,Customer_6352,27,Male,New York,26 03 2021,970.87
6353,Customer_6353,36,Female,Los Angeles,23 10 2023,0.0
6354,Customer_6354,43,Male,Chicago,27 03 2022,383.15
6355,Customer_6355,20,Male,Houston,21 09 2023,1115.55
6356,Customer_6356,55,Male,New York,15 11 2023,46.8
6357,Customer_6357,38,Female,New York,25 11 2023,1511.36
6358,Customer_6358,40,Male,Phoenix,31 10 2022,60.39
6359,Customer_6359,34,Male,Houston,30 08 2023,189.15
6360,Customer_6360,35,Female,Chicago,09 12 2021,776.63
6361,Customer_6361,33,Female,Houston,15 09 2023,1086.19
6362,Customer_6362,46,Male,Los Angeles,10 08 2023,499.21
6363,Customer_6363,35,Male,Houston,02 04 2022,89.07
6364,Customer_6364,43,Male,Los Angeles,18 06 2023,1293.06
6365,Customer_6365,30,Female,New York,02 02 2022,750.69
6366,Customer_6366,37,Male,Houston,18 06 2023,24.83
6367,Customer_6367,26,Female,Los Angeles,09 12 2021,311.6
6368,Customer_6368,48,Female,Phoenix,24 03 2023,491.58
6369,Customer_6369,26,Female,Los Angeles,29 07 2023,1847.26
6370,Customer_6370,31,Female,Phoenix,16 02 2021,0.0
6371,Customer_6371,32,Female,Phoenix,04 07 2023,1334.37
6372,Customer_6372,31,Female,New York,11 06 2021,142.64
6373,Customer_6373,43,Female,Houston,22 10 2021,885.15
6374,Customer_6374,32,Female,Los Angeles,02 04 2021,1106.04
6375,Customer_6375,50,Female,Phoenix,20 01 2023,181.09
6376,Customer_6376,26,Female,Los Angeles,11 07 2022,1161.2
6377,Customer_6377,37,Female,Houston,05 11 2021,435.72
6378,Customer_6378,26,Male,Los Angeles,23 07 2022,0.0
6379,Customer_6379,40,Female,New York,25 06 2021,552.98
6380,Customer_6380,35,Female,New York,31 08 2023,1289.2
6381,Customer_6381,33,Female,Los Angeles,27 07 2023,0.0
6382,Customer_6382,48,Female,Houston,16 10 2023,411.08
6383,Customer_6383,28,Male,Chicago,06 08 2021,290.46
6384,Customer_6384,41,Male,Houston,24 03 2023,428.31
6385,Customer_6385,27,Male,Los Angeles,13 06 2021,3068.02
6386,Customer_6386,36,Male,Chicago,17 02 2021,710.73
6387,Customer_6387,22,Male,New York,12 03 2023,1280.35
6388,Customer_6388,28,Female,Houston,19 12 2022,133.12
6389,Customer_6389,34,Female,Phoenix,25 03 2021,84.52
6390,Customer_6390,55,Female,Los Angeles,05 09 2022,361.26
6391,Customer_6391,36,Female,New York,07 12 2023,290.33
6392,Customer_6392,53,Male,New York,22 08 2021,70.98
6393,Customer_6393,37,Male,Chicago,20 08 2023,726.6
6394,Customer_6394,31,Female,Chicago,28 04 2023,299.75
6395,Customer_6395,52,Male,Houston,27 05 2021,279.36
6396,Customer_6396,40,Male,Los Angeles,15 07 2021,158.94
6397,Customer_6397,28,Female,Houston,25 06 2023,682.96
6398,Customer_6398,40,Female,Houston,11 10 2023,0.0
6399,Customer_6399,32,Female,Los Angeles,12 11 2023,423.27
6400,Customer_6400,18,Female,Chicago,21 01 2022,746.49
6401,Customer_6401,45,Female,New York,30 12 2021,1548.95
6402,Customer_6402,47,Female,Los Angeles,01 10 2021,471.97
6403,Customer_6403,55,Female,Phoenix,27 07 2021,443.42
6404,Customer_6404,40,Female,Los Angeles,02 10 2021,895.89
6405,Customer_6405,32,Male,Houston,04 10 2023,1082.27
6406,Customer_6406,44,Male,Chicago,11 05 2022,1523.32
6407,Customer_6407,44,Male,New York,21 06 2023,684.14
6408,Customer_6408,53,Female,Chicago,08 06 2021,290.9
6409,Customer_6409,35,Female,Chicago,29 07 2023,0.0
6410,Customer_6410,33,Male,Los Angeles,05 04 2022,149.42
6411,Customer_6411,27,Female,New York,29 01 2022,95.73
6412,Customer_6412,41,Female,Los Angeles,06 07 2023,312.73
6413,Customer_6413,18,Male,New York,01 08 2023,0.0
6414,Customer_6414,44,Male,New York,15 03 2022,1837.48
6415,Customer_6415,41,Female,Los Angeles,13 06 2021,713.84
6416,Customer_6416,41,Female,Los Angeles,01 10 2022,189.49
6417,Customer_6417,37,Female,Phoenix,24 07 2022,312.9
6418,Customer_6418,52,Female,Los Angeles,27 05 2021,916.44
6419,Customer_6419,45,Female,Houston,10 09 2023,0.0
6420,Customer_6420,28,Female,Chicago,18 08 2023,1071.5
6421,Customer_6421,29,Female,Houston,07 02 2023,1268.03
6422,Customer_6422,25,Male,Los Angeles,20 04 2021,1060.61
6423,Customer_6423,41,Male,Phoenix,29 01 2022,1330.12
6424,Customer_6424,24,Male,Chicago,19 03 2022,46.74
6425,Customer_6425,47,Female,Houston,17 01 2023,0.0
6426,Customer_6426,50,Female,Los Angeles,24 01 2023,1627.42
6427,Customer_6427,25,Female,New York,10 05 2021,353.18
6428,Customer_6428,33,Female,Houston,20 05 2022,356.31
6429,Customer_6429,35,Female,New York,21 12 2022,0.0
6430,Customer_6430,45,Male,Chicago,22 01 2021,0.0
6431,Customer_6431,53,Male,New York,07 11 2023,2031.95
6432,Customer_6432,18,Male,Chicago,25 05 2023,1811.26
6433,Customer_6433,32,Female,Phoenix,11 04 2023,416.97
6434,Customer_6434,32,Male,Los Angeles,26 09 2022,598.68
6435,Customer_6435,20,Female,Houston,09 10 2021,2123.28
6436,Customer_6436,30,Female,Chicago,08 01 2022,45.92
6437,Customer_6437,40,Female,Chicago,06 10 2023,258.3
6438,Customer_6438,32,Male,Phoenix,13 10 2021,1415.61
6439,Customer_6439,18,Male,Phoenix,08 02 2022,1366.68
6440,Customer_6440,67,Female,Houston,31 03 2021,1260.33
6441,Customer_6441,38,Male,Los Angeles,27 11 2022,1193.94
6442,Customer_6442,36,Male,Chicago,27 06 2023,1509.94
6443,Customer_6443,23,Female,New York,21 09 2022,978.56
6444,Customer_6444,38,Female,Los Angeles,29 09 2023,557.73
6445,Customer_6445,33,Female,Chicago,23 03 2022,219.23
6446,Customer_6446,18,Male,Houston,08 11 2021,517.58
6447,Customer_6447,23,Female,Phoenix,01 05 2021,0.0
6448,Customer_6448,44,Male,Los Angeles,13 11 2021,120.61
6449,Customer_6449,56,Female,New York,18 05 2021,594.32
6450,Customer_6450,39,Male,Phoenix,29 03 2023,159.19
6451,Customer_6451,47,Female,New York,26 01 2022,102.17
6452,Customer_6452,33,Male,Chicago,26 10 2023,111.92
6453,Customer_6453,34,Male,New York,08 02 2023,0.0
6454,Customer_6454,47,Male,Los Angeles,02 01 2022,463.04
6455,Customer_6455,53,Male,Phoenix,21 04 2023,70.44
6456,Customer_6456,49,Female,New York,07 05 2022,1107.21
6457,Customer_6457,23,Male,Los Angeles,28 01 2023,0.0
6458,Customer_6458,34,Female,Los Angeles,06 06 2022,282.25
6459,Customer_6459,38,Female,Phoenix,07 07 2021,282.74
6460,Customer_6460,32,Male,Phoenix,08 02 2022,986.69
6461,Customer_6461,39,Female,New York,03 03 2022,1202.34
6462,Customer_6462,44,Female,New York,17 02 2022,1357.36
6463,Customer_6463,46,Male,Chicago,03 06 2021,141.19
6464,Customer_6464,54,Female,Los Angeles,22 07 2021,914.67
6465,Customer_6465,31,Male,Houston,05 08 2021,649.42
6466,Customer_6466,20,Female,New York,27 04 2022,416.21
6467,Customer_6467,39,Female,New York,22 10 2023,974.46
6468,Customer_6468,56,Female,Houston,05 02 2023,1231.26
6469,Customer_6469,30,Male,New York,18 05 2022,0.0
6470,Customer_6470,43,Male,Phoenix,10 03 2023,1019.6
6471,Customer_6471,43,Male,New York,17 03 2023,220.21
6472,Customer_6472,37,Male,New York,01 08 2023,549.44
6473,Customer_6473,35,Female,Phoenix,08 02 2023,1132.24
6474,Customer_6474,25,Female,Los Angeles,01 02 2023,274.02
6475,Customer_6475,18,Male,Houston,29 03 2021,152.34
6476,Customer_6476,23,Female,New York,10 03 2022,67.32
6477,Customer_6477,31,Female,Chicago,24 02 2022,366.51
6478,Customer_6478,47,Female,Houston,05 03 2022,435.94
6479,Customer_6479,34,Male,Los Angeles,11 06 2021,371.57
6480,Customer_6480,29,Male,Houston,22 05 2022,42.94
6481,Customer_6481,25,Female,Chicago,22 09 2021,372.36
6482,Customer_6482,42,Female,Los Angeles,20 04 2021,162.16
6483,Customer_6483,50,Male,Chicago,19 06 2023,0.0
6484,Customer_6484,47,Male,Chicago,29 01 2022,1414.06
6485,Customer_6485,42,Female,New York,12 09 2022,1096.83
6486,Customer_6486,19,Male,Los Angeles,15 11 2022,187.04
6487,Customer_6487,31,Female,Los Angeles,06 07 2022,0.0
6488,Customer_6488,56,Female,Los Angeles,15 03 2023,565.26
6489,Customer_6489,47,Male,Houston,25 11 2023,1932.75
6490,Customer_6490,18,Male,Chicago,23 12 2022,163.31
6491,Customer_6491,34,Female,Phoenix,31 01 2021,451.61
6492,Customer_6492,39,Male,Los Angeles,28 03 2023,813.66
6493,Customer_6493,27,Male,Los Angeles,16 04 2021,222.61
6494,Customer_6494,18,Male,Houston,14 10 2023,230.49
6495,Customer_6495,36,Male,Chicago,20 11 2023,220.57
6496,Customer_6496,26,Male,Chicago,05 03 2023,332.53
6497,Customer_6497,26,Female,New York,10 06 2021,20.08
6498,Customer_6498,31,Female,Los Angeles,15 07 2021,1163.47
6499,Customer_6499,34,Female,Los Angeles,31 08 2022,2207.63
6500,Customer_6500,35,Female,Phoenix,04 12 2021,677.55
6501,Customer_6501,25,Male,Los Angeles,01 03 2023,438.83
6502,Customer_6502,33,Female,Phoenix,23 03 2022,963.3
6503,Customer_6503,18,Female,Houston,03 12 2021,597.22
6504,Customer_6504,38,Female,Los Angeles,12 05 2021,497.5
6505,Customer_6505,18,Female,Chicago,06 09 2021,1190.09
6506,Customer_6506,32,Female,Houston,14 05 2022,158.69
6507,Customer_6507,45,Male,Phoenix,04 03 2021,0.0
6508,Customer_6508,23,Female,New York,30 03 2023,2094.4
6509,Customer_6509,43,Male,Los Angeles,14 09 2021,1329.94
6510,Customer_6510,48,Male,Los Angeles,12 04 2022,358.02
6511,Customer_6511,18,Female,New York,29 04 2023,128.19
6512,Customer_6512,33,Female,Chicago,27 12 2021,1687.1
6513,Customer_6513,18,Female,Phoenix,30 05 2023,75.85
6514,Customer_6514,34,Male,Los Angeles,28 06 2021,2390.16
6515,Customer_6515,35,Male,Houston,07 08 2023,0.0
6516,Customer_6516,18,Female,Chicago,14 05 2022,350.4
6517,Customer_6517,56,Male,Los Angeles,08 11 2022,822.51
6518,Customer_6518,38,Male,New York,19 10 2021,1627.49
6519,Customer_6519,26,Female,Houston,11 08 2022,110.55
6520,Customer_6520,51,Female,Phoenix,29 03 2023,0.0
6521,Customer_6521,18,Male,Houston,09 04 2021,0.0
6522,Customer_6522,21,Male,New York,30 06 2021,481.92
6523,Customer_6523,18,Male,New York,11 08 2023,46.73
6524,Customer_6524,55,Male,New York,09 01 2022,293.2
6525,Customer_6525,39,Male,Chicago,16 09 2022,399.82
6526,Customer_6526,42,Female,Houston,10 09 2021,648.91
6527,Customer_6527,38,Male,New York,13 05 2023,44.1
6528,Customer_6528,41,Male,Houston,02 05 2021,507.4
6529,Customer_6529,36,Male,Chicago,18 03 2022,1032.74
6530,Customer_6530,38,Female,Houston,02 09 2021,817.69
6531,Customer_6531,36,Female,Phoenix,21 05 2023,1510.16
6532,Customer_6532,28,Female,New York,07 04 2023,188.4
6533,Customer_6533,34,Female,Phoenix,06 12 2023,255.6
6534,Customer_6534,38,Female,New York,28 03 2022,742.76
6535,Customer_6535,36,Male,Los Angeles,23 10 2021,486.04
6536,Customer_6536,19,Male,Phoenix,26 12 2023,895.29
6537,Customer_6537,20,Female,Phoenix,28 04 2022,365.96
6538,Customer_6538,47,Male,Chicago,05 11 2021,3068.56
6539,Customer_6539,32,Female,Chicago,16 08 2022,0.0
6540,Customer_6540,41,Female,Houston,16 10 2023,32.56
6541,Customer_6541,23,Female,Houston,02 02 2022,358.46
6542,Customer_6542,19,Female,New York,14 04 2022,1180.33
6543,Customer_6543,26,Female,Houston,09 09 2022,0.0
6544,Customer_6544,33,Female,Chicago,27 01 2022,714.86
6545,Customer_6545,28,Female,Los Angeles,07 04 2021,415.97
6546,Customer_6546,49,Male,Los Angeles,30 07 2023,245.13
6547,Customer_6547,37,Female,Chicago,10 05 2023,1049.51
6548,Customer_6548,55,Male,Phoenix,14 07 2021,629.96
6549,Customer_6549,39,Male,Chicago,16 08 2023,1069.09
6550,Customer_6550,18,Male,Phoenix,24 03 2021,617.82
6551,Customer_6551,47,Male,New York,08 09 2021,563.04
6552,Customer_6552,18,Female,Houston,30 12 2023,570.07
6553,Customer_6553,38,Female,Houston,06 12 2021,0.0
6554,Customer_6554,26,Male,Houston,01 12 2022,109.46
6555,Customer_6555,59,Female,Chicago,10 04 2021,56.62
6556,Customer_6556,51,Male,Chicago,03 01 2023,0.0
6557,Customer_6557,27,Male,Phoenix,19 11 2021,610.51
6558,Customer_6558,34,Male,Houston,10 01 2021,540.14
6559,Customer_6559,38,Male,New York,10 10 2023,196.44
6560,Customer_6560,44,Male,Houston,06 12 2023,725.16
6561,Customer_6561,35,Male,Los Angeles,17 03 2023,1663.0
6562,Customer_6562,24,Female,Los Angeles,27 06 2023,515.38
6563,Customer_6563,27,Male,Phoenix,21 11 2023,26.19
6564,Customer_6564,35,Female,Los Angeles,10 05 2021,1184.5
6565,Customer_6565,49,Female,Houston,15 11 2023,895.69
6566,Customer_6566,40,Male,Los Angeles,18 07 2022,826.62
6567,Customer_6567,26,Female,New York,29 05 2021,0.0
6568,Customer_6568,42,Female,Chicago,02 08 2022,809.88
6569,Customer_6569,31,Female,New York,17 10 2023,420.3
6570,Customer_6570,45,Male,Houston,29 04 2021,0.0
6571,Customer_6571,63,Female,Los Angeles,16 08 2021,0.0
6572,Customer_6572,31,Male,Los Angeles,07 09 2022,0.0
6573,Customer_6573,44,Female,New York,28 08 2021,0.0
6574,Customer_6574,27,Male,Los Angeles,02 07 2023,489.09
6575,Customer_6575,34,Male,Houston,24 08 2023,524.96
6576,Customer_6576,35,Female,New York,08 06 2021,0.0
6577,Customer_6577,33,Female,Chicago,17 07 2022,81.54
6578,Customer_6578,62,Female,Phoenix,21 04 2022,718.4
6579,Customer_6579,32,Male,Houston,02 07 2022,1825.62
6580,Customer_6580,41,Male,Houston,03 11 2023,514.62
6581,Customer_6581,18,Male,New York,03 05 2023,966.34
6582,Customer_6582,40,Female,Los Angeles,06 08 2021,51.98
6583,Customer_6583,48,Male,Phoenix,25 01 2023,297.18
6584,Customer_6584,29,Male,Houston,05 01 2023,2481.85
6585,Customer_6585,18,Male,Chicago,18 09 2023,1027.66
6586,Customer_6586,35,Male,Chicago,20 02 2023,649.65
6587,Customer_6587,35,Female,Los Angeles,10 08 2021,374.88
6588,Customer_6588,43,Female,New York,15 10 2021,276.67
6589,Customer_6589,57,Male,Houston,08 06 2022,605.49
6590,Customer_6590,31,Male,Houston,30 11 2022,47.86
6591,Customer_6591,26,Male,Chicago,12 11 2022,55.26
6592,Customer_6592,22,Female,Phoenix,20 11 2021,1455.12
6593,Customer_6593,37,Female,Los Angeles,10 09 2022,0.0
6594,Customer_6594,40,Female,Los Angeles,11 05 2023,3346.62
6595,Customer_6595,29,Female,Phoenix,10 02 2021,1175.29
6596,Customer_6596,44,Male,Houston,28 01 2022,180.96
6597,Customer_6597,40,Male,Chicago,22 07 2021,747.54
6598,Customer_6598,35,Female,New York,03 05 2023,269.29
6599,Customer_6599,25,Female,New York,13 02 2023,332.59
6600,Customer_6600,30,Female,Chicago,21 02 2023,2074.63
6601,Customer_6601,18,Female,Los Angeles,04 02 2021,195.74
6602,Customer_6602,38,Male,Houston,22 02 2021,106.6
6603,Customer_6603,35,Male,Phoenix,18 05 2022,992.09
6604,Customer_6604,37,Female,Houston,30 05 2021,618.87
6605,Customer_6605,41,Male,Los Angeles,13 03 2022,602.82
6606,Customer_6606,39,Male,Houston,26 03 2022,1053.94
6607,Customer_6607,34,Male,Los Angeles,09 06 2022,1792.52
6608,Customer_6608,36,Female,New York,24 09 2021,3782.61
6609,Customer_6609,20,Male,New York,27 03 2021,2015.06
6610,Customer_6610,29,Female,Los Angeles,05 11 2021,1338.03
6611,Customer_6611,36,Female,Phoenix,22 09 2021,51.58
6612,Customer_6612,27,Female,New York,07 05 2022,296.88
6613,Customer_6613,44,Female,New York,07 11 2023,400.03
6614,Customer_6614,28,Female,Phoenix,06 06 2022,53.48
6615,Customer_6615,37,Female,New York,28 05 2023,2326.21
6616,Customer_6616,36,Female,Houston,04 04 2021,1447.02
6617,Customer_6617,43,Male,Los Angeles,03 02 2021,1154.85
6618,Customer_6618,45,Male,New York,12 03 2023,201.64
6619,Customer_6619,43,Female,Phoenix,20 02 2022,576.26
6620,Customer_6620,18,Male,New York,08 06 2022,874.1
6621,Customer_6621,48,Male,Chicago,21 08 2021,605.15
6622,Customer_6622,52,Male,Los Angeles,28 08 2022,96.09
6623,Customer_6623,30,Female,New York,17 04 2021,145.92
6624,Customer_6624,38,Male,New York,06 06 2022,537.41
6625,Customer_6625,25,Male,New York,29 09 2022,0.0
6626,Customer_6626,18,Male,New York,26 02 2023,1567.84
6627,Customer_6627,27,Female,Houston,16 10 2023,338.09
6628,Customer_6628,29,Female,Chicago,07 12 2021,755.08
6629,Customer_6629,31,Male,Los Angeles,28 11 2022,1436.5
6630,Customer_6630,24,Female,Los Angeles,28 02 2021,343.3
6631,Customer_6631,27,Female,Phoenix,09 08 2022,195.25
6632,Customer_6632,35,Female,Phoenix,31 08 2021,217.84
6633,Customer_6633,27,Male,Houston,16 08 2021,30.59
6634,Customer_6634,41,Male,Phoenix,14 07 2022,682.37
6635,Customer_6635,42,Female,Los Angeles,02 06 2022,21.0
6636,Customer_6636,61,Male,Los Angeles,09 07 2022,2049.08
6637,Customer_6637,47,Female,Chicago,07 05 2021,741.52
6638,Customer_6638,38,Male,Chicago,01 12 2021,1027.74
6639,Customer_6639,28,Male,Chicago,28 01 2023,274.0
6640,Customer_6640,38,Male,Los Angeles,01 05 2021,890.49
6641,Customer_6641,39,Male,Phoenix,02 12 2022,313.68
6642,Customer_6642,29,Female,Houston,30 08 2021,194.91
6643,Customer_6643,44,Male,Los Angeles,19 03 2021,377.81
6644,Customer_6644,20,Female,Houston,26 03 2022,0.0
6645,Customer_6645,32,Male,Los Angeles,22 09 2021,2210.73
6646,Customer_6646,41,Male,New York,13 11 2022,808.54
6647,Customer_6647,32,Male,Los Angeles,22 10 2021,327.43
6648,Customer_6648,33,Female,Los Angeles,23 08 2023,2925.3
6649,Customer_6649,33,Male,New York,09 06 2023,176.45
6650,Customer_6650,26,Female,Houston,04 09 2021,1356.83
6651,Customer_6651,48,Female,Los Angeles,28 02 2022,690.13
6652,Customer_6652,24,Male,Chicago,19 12 2023,0.0
6653,Customer_6653,38,Female,New York,13 04 2023,156.59
6654,Customer_6654,40,Male,New York,11 01 2021,186.83
6655,Customer_6655,25,Female,Phoenix,13 12 2021,238.34
6656,Customer_6656,36,Female,Chicago,02 05 2023,1452.01
6657,Customer_6657,25,Male,Phoenix,26 10 2023,628.65
6658,Customer_6658,50,Male,Phoenix,02 09 2021,801.08
6659,Customer_6659,22,Female,Los Angeles,06 09 2021,379.88
6660,Customer_6660,28,Male,Los Angeles,03 08 2023,838.29
6661,Customer_6661,22,Female,Phoenix,11 03 2022,542.81
6662,Customer_6662,20,Male,Phoenix,15 04 2021,234.77
6663,Customer_6663,53,Female,Chicago,30 08 2021,80.71
6664,Customer_6664,41,Male,Houston,03 06 2022,881.93
6665,Customer_6665,37,Male,Houston,30 12 2022,669.12
6666,Customer_6666,28,Male,Los Angeles,04 12 2023,999.86
6667,Customer_6667,45,Female,Chicago,16 11 2023,61.65
6668,Customer_6668,26,Male,Houston,30 06 2021,225.1
6669,Customer_6669,44,Male,Houston,27 08 2022,1296.85
6670,Customer_6670,25,Male,New York,04 03 2022,733.67
6671,Customer_6671,28,Female,Los Angeles,25 09 2021,929.23
6672,Customer_6672,43,Male,New York,08 05 2023,1125.92
6673,Customer_6673,45,Male,New York,03 08 2022,97.27
6674,Customer_6674,42,Female,Phoenix,26 05 2023,401.94
6675,Customer_6675,23,Female,New York,31 05 2021,762.7
6676,Customer_6676,30,Male,New York,23 08 2022,122.76
6677,Customer_6677,37,Female,Los Angeles,05 04 2021,785.92
6678,Customer_6678,26,Male,Chicago,17 01 2022,678.23
6679,Customer_6679,50,Male,Chicago,30 05 2022,482.79
6680,Customer_6680,18,Male,New York,19 07 2023,194.64
6681,Customer_6681,26,Female,New York,18 07 2021,1238.71
6682,Customer_6682,29,Female,New York,08 01 2021,279.99
6683,Customer_6683,18,Male,Chicago,16 03 2023,291.48
6684,Customer_6684,20,Female,Los Angeles,23 11 2021,849.67
6685,Customer_6685,42,Male,Phoenix,21 05 2023,1443.15
6686,Customer_6686,35,Female,Los Angeles,11 11 2023,228.64
6687,Customer_6687,52,Female,New York,12 09 2021,881.69
6688,Customer_6688,52,Female,Houston,17 11 2023,51.28
6689,Customer_6689,40,Male,Los Angeles,04 06 2022,236.95
6690,Customer_6690,38,Male,Chicago,19 07 2023,558.91
6691,Customer_6691,36,Female,Los Angeles,14 06 2022,366.41
6692,Customer_6692,18,Female,Chicago,05 08 2023,1650.28
6693,Customer_6693,20,Female,Houston,15 05 2022,1109.69
6694,Customer_6694,36,Male,Phoenix,25 05 2022,2378.61
6695,Customer_6695,42,Female,Los Angeles,28 02 2022,1070.2
6696,Customer_6696,38,Male,Los Angeles,30 05 2021,847.83
6697,Customer_6697,25,Female,Los Angeles,30 10 2022,511.02
6698,Customer_6698,45,Female,Phoenix,04 08 2023,66.82
6699,Customer_6699,51,Female,Phoenix,07 12 2023,749.77
6700,Customer_6700,45,Male,New York,08 11 2021,82.38
6701,Customer_6701,46,Female,New York,19 05 2021,157.52
6702,Customer_6702,29,Female,Chicago,11 07 2023,446.5
6703,Customer_6703,47,Male,New York,14 01 2021,0.0
6704,Customer_6704,37,Male,Los Angeles,10 02 2023,100.78
6705,Customer_6705,41,Female,New York,04 07 2021,480.12
6706,Customer_6706,39,Female,Chicago,20 04 2021,307.55
6707,Customer_6707,34,Male,Phoenix,13 01 2023,435.01
6708,Customer_6708,26,Female,Phoenix,08 10 2021,368.35
6709,Customer_6709,34,Male,Los Angeles,27 06 2022,555.46
6710,Customer_6710,46,Male,Chicago,27 03 2021,732.19
6711,Customer_6711,30,Female,Phoenix,18 05 2021,350.94
6712,Customer_6712,45,Female,New York,18 03 2021,938.5
6713,Customer_6713,43,Female,Houston,02 09 2023,322.29
6714,Customer_6714,32,Male,Los Angeles,15 02 2023,561.82
6715,Customer_6715,50,Female,New York,14 10 2023,921.81
6716,Customer_6716,31,Female,Los Angeles,07 04 2021,866.3
6717,Customer_6717,52,Male,New York,22 09 2023,358.43
6718,Customer_6718,40,Male,Houston,09 03 2023,2830.97
6719,Customer_6719,35,Female,Los Angeles,30 10 2023,2313.63
6720,Customer_6720,25,Male,Los Angeles,24 03 2021,312.85
6721,Customer_6721,34,Female,New York,16 02 2021,2376.59
6722,Customer_6722,33,Female,Phoenix,06 03 2022,315.48
6723,Customer_6723,21,Female,Chicago,28 05 2022,1753.42
6724,Customer_6724,33,Female,Chicago,28 05 2022,1280.1
6725,Customer_6725,26,Female,Chicago,20 10 2022,3279.6
6726,Customer_6726,41,Female,Los Angeles,04 11 2022,2379.68
6727,Customer_6727,49,Male,New York,09 10 2022,168.26
6728,Customer_6728,22,Male,Houston,09 03 2023,0.0
6729,Customer_6729,54,Male,New York,18 03 2021,0.0
6730,Customer_6730,34,Female,New York,22 03 2021,898.27
6731,Customer_6731,24,Female,Houston,08 07 2022,644.69
6732,Customer_6732,43,Female,New York,28 09 2022,313.53
6733,Customer_6733,30,Male,Los Angeles,12 01 2023,869.95
6734,Customer_6734,34,Male,Chicago,26 04 2023,0.0
6735,Customer_6735,31,Female,Los Angeles,17 04 2021,450.28
6736,Customer_6736,26,Female,Houston,23 08 2023,526.93
6737,Customer_6737,43,Female,Chicago,17 11 2022,419.2
6738,Customer_6738,32,Female,Chicago,30 07 2023,1050.16
6739,Customer_6739,19,Female,Houston,08 11 2021,1105.48
6740,Customer_6740,41,Male,Los Angeles,22 08 2022,3831.16
6741,Customer_6741,22,Male,Los Angeles,15 11 2022,635.28
6742,Customer_6742,22,Female,Los Angeles,25 09 2022,633.44
6743,Customer_6743,48,Female,Los Angeles,30 10 2022,431.4
6744,Customer_6744,22,Male,Phoenix,22 08 2022,1020.64
6745,Customer_6745,18,Female,Houston,19 02 2022,318.06
6746,Customer_6746,42,Female,New York,11 02 2023,478.48
6747,Customer_6747,32,Female,New York,19 01 2022,610.44
6748,Customer_6748,33,Female,New York,22 11 2023,1938.82
6749,Customer_6749,32,Female,New York,24 06 2022,341.85
6750,Customer_6750,38,Male,New York,02 05 2022,2614.37
6751,Customer_6751,27,Female,Chicago,21 09 2021,99.66
6752,Customer_6752,51,Female,Phoenix,30 01 2021,510.76
6753,Customer_6753,19,Male,Houston,18 06 2023,1459.59
6754,Customer_6754,40,Female,New York,10 05 2021,157.16
6755,Customer_6755,42,Male,Los Angeles,30 12 2023,240.05
6756,Customer_6756,27,Male,Chicago,29 04 2021,147.29
6757,Customer_6757,24,Female,Houston,23 11 2021,1164.52
6758,Customer_6758,46,Male,Houston,30 12 2023,248.19
6759,Customer_6759,24,Female,Phoenix,27 07 2021,267.05
6760,Customer_6760,28,Male,Chicago,01 04 2021,366.76
6761,Customer_6761,45,Female,Houston,30 04 2021,0.0
6762,Customer_6762,35,Male,New York,09 09 2023,92.0
6763,Customer_6763,18,Male,Chicago,26 07 2021,1387.04
6764,Customer_6764,54,Female,New York,10 02 2022,952.16
6765,Customer_6765,29,Male,Los Angeles,07 02 2023,55.12
6766,Customer_6766,31,Male,Chicago,01 07 2022,1480.87
6767,Customer_6767,38,Male,Los Angeles,04 05 2021,453.33
6768,Customer_6768,42,Female,New York,22 04 2021,724.26
6769,Customer_6769,57,Male,New York,07 10 2023,1283.01
6770,Customer_6770,18,Female,New York,10 09 2023,223.15
6771,Customer_6771,44,Female,New York,06 09 2022,163.38
6772,Customer_6772,43,Female,New York,03 08 2023,1043.66
6773,Customer_6773,33,Female,New York,07 12 2022,100.45
6774,Customer_6774,44,Male,New York,27 05 2021,460.9
6775,Customer_6775,45,Female,Phoenix,12 05 2021,1113.06
6776,Customer_6776,20,Male,Los Angeles,02 01 2023,2135.39
6777,Customer_6777,54,Female,New York,30 04 2023,0.0
6778,Customer_6778,18,Female,Chicago,14 04 2021,223.86
6779,Customer_6779,23,Female,Phoenix,07 07 2022,1492.01
6780,Customer_6780,32,Female,Houston,22 07 2022,1204.2
6781,Customer_6781,56,Female,Los Angeles,01 02 2023,1354.2
6782,Customer_6782,32,Female,Chicago,16 07 2023,1392.55
6783,Customer_6783,35,Male,Houston,24 10 2022,344.84
6784,Customer_6784,51,Female,Houston,02 08 2023,120.66
6785,Customer_6785,32,Female,Chicago,28 04 2023,970.25
6786,Customer_6786,22,Female,Phoenix,15 06 2023,1623.92
6787,Customer_6787,30,Male,Phoenix,18 06 2021,347.52
6788,Customer_6788,50,Male,Chicago,11 07 2022,999.77
6789,Customer_6789,36,Female,Los Angeles,12 09 2023,695.2
6790,Customer_6790,56,Female,Chicago,04 06 2022,433.53
6791,Customer_6791,43,Female,Houston,17 04 2021,1186.12
6792,Customer_6792,28,Male,New York,04 06 2023,1055.84
6793,Customer_6793,36,Female,Phoenix,20 10 2022,1578.17
6794,Customer_6794,26,Female,New York,31 01 2021,1115.68
6795,Customer_6795,28,Female,Chicago,04 09 2021,115.35
6796,Customer_6796,70,Female,Phoenix,15 07 2023,198.61
6797,Customer_6797,46,Female,New York,24 01 2021,471.85
6798,Customer_6798,44,Male,Chicago,13 05 2022,273.02
6799,Customer_6799,28,Female,New York,04 05 2023,0.0
6800,Customer_6800,52,Male,Los Angeles,31 10 2021,0.0
6801,Customer_6801,47,Female,New York,12 11 2021,264.94
6802,Customer_6802,56,Female,Los Angeles,05 10 2021,959.85
6803,Customer_6803,55,Male,Los Angeles,26 06 2022,399.84
6804,Customer_6804,19,Female,Phoenix,28 02 2023,1171.83
6805,Customer_6805,23,Male,Phoenix,22 12 2021,529.04
6806,Customer_6806,24,Male,New York,07 09 2021,310.5
6807,Customer_6807,25,Female,Houston,13 04 2021,606.51
6808,Customer_6808,39,Male,New York,04 02 2021,491.93
6809,Customer_6809,29,Female,New York,16 06 2022,811.94
6810,Customer_6810,58,Male,New York,13 07 2022,1278.92
6811,Customer_6811,56,Female,Phoenix,13 12 2023,127.03
6812,Customer_6812,35,Male,Phoenix,24 02 2023,446.38
6813,Customer_6813,57,Female,New York,18 01 2021,383.19
6814,Customer_6814,51,Female,New York,01 06 2021,40.68
6815,Customer_6815,30,Male,New York,13 10 2023,620.08
6816,Customer_6816,18,Male,Chicago,23 05 2023,176.79
6817,Customer_6817,33,Male,Chicago,03 07 2022,1407.58
6818,Customer_6818,28,Male,New York,14 01 2022,989.56
6819,Customer_6819,37,Male,Houston,03 04 2022,52.83
6820,Customer_6820,36,Female,Los Angeles,19 12 2021,663.97
6821,Customer_6821,36,Female,Phoenix,11 01 2022,0.0
6822,Customer_6822,41,Female,Chicago,27 07 2021,55.96
6823,Customer_6823,22,Female,Los Angeles,05 04 2022,1270.26
6824,Customer_6824,40,Female,Houston,14 06 2022,0.0
6825,Customer_6825,30,Male,Houston,30 04 2022,918.88
6826,Customer_6826,37,Female,Los Angeles,02 05 2021,207.78
6827,Customer_6827,46,Male,Los Angeles,05 03 2023,413.68
6828,Customer_6828,22,Female,Phoenix,08 09 2021,1999.54
6829,Customer_6829,32,Female,New York,16 02 2021,436.86
6830,Customer_6830,34,Female,New York,15 06 2023,171.87
6831,Customer_6831,29,Male,Los Angeles,02 09 2021,495.31
6832,Customer_6832,45,Male,Houston,25 12 2022,582.46
6833,Customer_6833,27,Male,Houston,06 08 2021,425.9
6834,Customer_6834,29,Female,Phoenix,02 02 2023,219.76
6835,Customer_6835,27,Male,Chicago,27 08 2022,0.0
6836,Customer_6836,47,Female,New York,17 10 2021,1655.94
6837,Customer_6837,30,Female,Chicago,25 08 2022,1032.59
6838,Customer_6838,40,Female,Houston,23 09 2023,342.85
6839,Customer_6839,57,Female,New York,27 11 2022,104.64
6840,Customer_6840,34,Female,New York,02 09 2022,2050.62
6841,Customer_6841,47,Male,New York,02 11 2021,1610.81
6842,Customer_6842,53,Male,Chicago,20 06 2022,1858.1
6843,Customer_6843,46,Female,Phoenix,27 01 2023,182.38
6844,Customer_6844,35,Female,Houston,11 10 2023,1043.2
6845,Customer_6845,42,Female,Phoenix,20 12 2021,699.78
6846,Customer_6846,21,Female,New York,05 01 2023,814.77
6847,Customer_6847,26,Male,Phoenix,23 08 2021,245.95
6848,Customer_6848,28,Female,Houston,02 11 2021,621.69
6849,Customer_6849,60,Male,Los Angeles,10 11 2021,275.75
6850,Customer_6850,26,Female,Phoenix,06 08 2023,1587.99
6851,Customer_6851,26,Male,Los Angeles,03 11 2023,457.6
6852,Customer_6852,24,Female,Phoenix,07 04 2023,1481.81
6853,Customer_6853,41,Male,Phoenix,16 06 2021,956.23
6854,Customer_6854,37,Female,Houston,22 02 2021,136.13
6855,Customer_6855,47,Male,Chicago,03 10 2021,4270.52
6856,Customer_6856,42,Female,New York,23 03 2022,659.98
6857,Customer_6857,20,Female,Chicago,18 12 2021,848.19
6858,Customer_6858,26,Male,Los Angeles,10 01 2021,431.16
6859,Customer_6859,50,Male,Houston,14 02 2022,1900.73
6860,Customer_6860,33,Male,Houston,27 05 2021,635.23
6861,Customer_6861,48,Male,Phoenix,09 04 2023,933.4
6862,Customer_6862,33,Male,New York,22 09 2022,568.78
6863,Customer_6863,24,Female,Houston,02 05 2023,1830.88
6864,Customer_6864,32,Female,Phoenix,04 03 2022,209.72
6865,Customer_6865,24,Female,Houston,03 05 2022,1981.08
6866,Customer_6866,29,Male,New York,07 08 2022,0.0
6867,Customer_6867,37,Female,New York,18 10 2022,1027.25
6868,Customer_6868,41,Female,New York,08 09 2022,457.96
6869,Customer_6869,18,Male,Chicago,03 08 2021,92.8
6870,Customer_6870,35,Male,Chicago,19 09 2023,0.0
6871,Customer_6871,29,Female,Phoenix,25 05 2022,1373.37
6872,Customer_6872,28,Female,Los Angeles,26 05 2022,314.93
6873,Customer_6873,36,Female,Los Angeles,26 01 2021,1386.77
6874,Customer_6874,29,Female,Chicago,12 07 2021,460.97
6875,Customer_6875,50,Female,Houston,13 04 2021,148.82
6876,Customer_6876,48,Male,Phoenix,15 02 2022,736.31
6877,Customer_6877,48,Male,Houston,15 01 2023,1107.23
6878,Customer_6878,30,Male,Los Angeles,20 02 2021,556.82
6879,Customer_6879,24,Female,Chicago,09 12 2021,3774.14
6880,Customer_6880,36,Male,Phoenix,21 07 2021,0.0
6881,Customer_6881,33,Female,Chicago,27 10 2021,1954.67
6882,Customer_6882,28,Female,New York,26 05 2021,313.58
6883,Customer_6883,22,Male,New York,09 02 2023,1218.88
6884,Customer_6884,35,Female,New York,07 04 2022,2523.53
6885,Customer_6885,31,Female,Houston,05 07 2023,0.0
6886,Customer_6886,43,Male,New York,04 04 2023,133.23
6887,Customer_6887,42,Female,New York,19 05 2022,448.63
6888,Customer_6888,47,Male,Los Angeles,31 05 2021,513.32
6889,Customer_6889,21,Female,Chicago,18 07 2021,196.78
6890,Customer_6890,39,Male,Los Angeles,05 03 2022,336.48
6891,Customer_6891,27,Female,Houston,30 10 2021,135.57
6892,Customer_6892,22,Female,New York,23 06 2023,572.37
6893,Customer_6893,30,Male,New York,13 05 2022,157.47
6894,Customer_6894,47,Female,Chicago,20 06 2023,188.72
6895,Customer_6895,31,Female,Los Angeles,02 03 2023,331.44
6896,Customer_6896,52,Female,Los Angeles,15 04 2021,751.21
6897,Customer_6897,41,Female,New York,10 01 2021,0.0
6898,Customer_6898,31,Female,Phoenix,17 11 2023,768.55
6899,Customer_6899,48,Female,Houston,03 09 2022,779.54
6900,Customer_6900,40,Male,New York,08 02 2023,1246.25
6901,Customer_6901,25,Female,New York,23 11 2021,0.0
6902,Customer_6902,55,Female,Phoenix,02 06 2023,305.37
6903,Customer_6903,38,Female,Houston,26 06 2023,230.05
6904,Customer_6904,35,Female,Los Angeles,08 01 2023,145.45
6905,Customer_6905,26,Male,Houston,07 05 2021,1137.5
6906,Customer_6906,48,Female,Houston,13 07 2023,465.8
6907,Customer_6907,41,Male,Houston,20 06 2021,180.03
6908,Customer_6908,42,Female,Chicago,31 07 2021,453.55
6909,Customer_6909,29,Male,Los Angeles,13 07 2023,432.99
6910,Customer_6910,44,Male,New York,08 07 2021,642.93
6911,Customer_6911,45,Male,Phoenix,22 07 2023,1537.57
6912,Customer_6912,28,Male,Chicago,22 01 2022,389.12
6913,Customer_6913,19,Male,New York,16 02 2023,819.42
6914,Customer_6914,41,Female,Phoenix,09 10 2023,421.27
6915,Customer_6915,18,Female,Phoenix,27 12 2022,403.63
6916,Customer_6916,37,Male,Phoenix,23 01 2021,233.21
6917,Customer_6917,30,Female,Phoenix,05 02 2022,942.96
6918,Customer_6918,48,Female,Phoenix,20 05 2022,1750.45
6919,Customer_6919,31,Male,New York,10 07 2023,327.01
6920,Customer_6920,47,Female,Houston,25 11 2021,534.93
6921,Customer_6921,29,Male,Houston,16 04 2022,657.49
6922,Customer_6922,46,Male,New York,16 02 2022,1967.41
6923,Customer_6923,58,Male,New York,24 01 2023,396.75
6924,Customer_6924,23,Male,Phoenix,29 01 2021,1063.52
6925,Customer_6925,38,Female,Los Angeles,02 09 2021,570.58
6926,Customer_6926,65,Female,Phoenix,27 07 2023,0.0
6927,Customer_6927,36,Female,New York,06 04 2023,158.31
6928,Customer_6928,36,Female,New York,20 12 2023,562.75
6929,Customer_6929,44,Male,Los Angeles,19 05 2021,1539.18
6930,Customer_6930,35,Male,New York,23 12 2021,255.78
6931,Customer_6931,18,Female,Houston,31 07 2021,113.4
6932,Customer_6932,47,Female,Chicago,01 05 2022,352.14
6933,Customer_6933,18,Male,New York,27 06 2021,0.0
6934,Customer_6934,30,Female,New York,28 05 2022,415.44
6935,Customer_6935,48,Female,Los Angeles,23 04 2021,573.35
6936,Customer_6936,31,Female,New York,10 10 2021,0.0
6937,Customer_6937,27,Male,Houston,28 06 2022,86.47
6938,Customer_6938,45,Male,Los Angeles,10 02 2021,1024.85
6939,Customer_6939,26,Male,New York,21 07 2023,1166.67
6940,Customer_6940,22,Male,Chicago,05 05 2023,621.16
6941,Customer_6941,38,Female,New York,15 07 2023,685.82
6942,Customer_6942,33,Female,New York,09 11 2021,740.47
6943,Customer_6943,21,Male,New York,16 04 2022,711.29
6944,Customer_6944,42,Female,Phoenix,17 02 2021,842.75
6945,Customer_6945,40,Male,Phoenix,14 05 2021,1504.12
6946,Customer_6946,31,Male,Houston,03 06 2022,845.48
6947,Customer_6947,32,Male,Los Angeles,26 09 2023,1469.25
6948,Customer_6948,40,Male,Los Angeles,13 11 2021,659.56
6949,Customer_6949,48,Male,Chicago,27 03 2021,0.0
6950,Customer_6950,32,Male,Houston,08 12 2023,192.71
6951,Customer_6951,42,Female,Phoenix,07 10 2023,831.97
6952,Customer_6952,41,Female,New York,05 05 2022,24.19
6953,Customer_6953,45,Female,New York,28 02 2022,412.9
6954,Customer_6954,35,Male,Houston,22 01 2022,595.34
6955,Customer_6955,25,Female,Houston,15 07 2023,519.48
6956,Customer_6956,30,Male,Houston,28 08 2021,419.74
6957,Customer_6957,39,Female,Houston,15 09 2021,856.9
6958,Customer_6958,55,Male,Phoenix,13 02 2021,1150.61
6959,Customer_6959,30,Female,Chicago,26 10 2022,858.34
6960,Customer_6960,44,Male,Phoenix,04 10 2023,547.16
6961,Customer_6961,31,Male,Phoenix,24 01 2023,33.48
6962,Customer_6962,36,Female,Houston,15 04 2021,271.9
6963,Customer_6963,52,Female,Los Angeles,12 08 2023,103.28
6964,Customer_6964,43,Male,New York,16 07 2023,867.72
6965,Customer_6965,21,Female,Chicago,12 08 2023,760.32
6966,Customer_6966,29,Female,Los Angeles,26 11 2022,0.0
6967,Customer_6967,49,Male,Phoenix,26 02 2021,115.05
6968,Customer_6968,37,Male,New York,28 08 2021,60.52
6969,Customer_6969,22,Male,Los Angeles,08 09 2023,389.94
6970,Customer_6970,26,Female,Houston,03 03 2022,436.93
6971,Customer_6971,43,Female,New York,09 09 2022,352.97
6972,Customer_6972,46,Male,Los Angeles,31 07 2022,73.78
6973,Customer_6973,35,Male,Los Angeles,29 09 2023,106.38
6974,Customer_6974,62,Male,Chicago,20 05 2021,77.64
6975,Customer_6975,44,Female,New York,03 03 2021,106.05
6976,Customer_6976,32,Female,Phoenix,01 06 2021,0.0
6977,Customer_6977,26,Female,Los Angeles,10 05 2021,176.99
6978,Customer_6978,24,Female,Phoenix,07 03 2022,484.88
6979,Customer_6979,39,Female,Los Angeles,04 02 2022,1188.59
6980,Customer_6980,30,Female,Los Angeles,05 11 2022,1050.87
6981,Customer_6981,53,Male,New York,25 06 2022,326.4
6982,Customer_6982,51,Female,New York,01 07 2021,32.02
6983,Customer_6983,42,Male,Chicago,11 12 2023,180.22
6984,Customer_6984,22,Male,New York,10 06 2022,2307.87
6985,Customer_6985,28,Male,Los Angeles,16 12 2021,634.72
6986,Customer_6986,49,Female,Chicago,18 12 2023,947.46
6987,Customer_6987,29,Male,Los Angeles,23 02 2022,1311.06
6988,Customer_6988,47,Male,New York,02 10 2022,2936.23
6989,Customer_6989,40,Male,Houston,06 02 2021,814.06
6990,Customer_6990,36,Male,Phoenix,09 05 2022,1690.53
6991,Customer_6991,27,Male,New York,25 12 2021,1021.43
6992,Customer_6992,34,Male,New York,13 10 2022,2014.56
6993,Customer_6993,37,Female,Phoenix,23 06 2022,1045.29
6994,Customer_6994,46,Male,New York,10 12 2021,120.85
6995,Customer_6995,25,Female,Phoenix,15 01 2023,121.7
6996,Customer_6996,32,Male,New York,20 06 2021,587.16
6997,Customer_6997,35,Female,Phoenix,16 05 2023,670.9
6998,Customer_6998,42,Female,Los Angeles,20 01 2021,404.98
6999,Customer_6999,25,Male,Phoenix,30 10 2021,90.41
7000,Customer_7000,21,Male,Los Angeles,15 02 2023,1691.35
7001,Customer_7001,42,Female,Chicago,24 09 2023,1059.03
7002,Customer_7002,18,Female,New York,23 11 2021,487.4
7003,Customer_7003,49,Male,New York,30 07 2022,1894.04
7004,Customer_7004,33,Female,Houston,02 11 2023,118.34
7005,Customer_7005,18,Male,Chicago,27 12 2021,257.57
7006,Customer_7006,30,Female,Phoenix,11 02 2023,0.0
7007,Customer_7007,39,Male,Los Angeles,23 10 2021,467.69
7008,Customer_7008,29,Male,Phoenix,08 02 2023,1991.0
7009,Customer_7009,35,Female,Los Angeles,29 01 2023,1480.7
7010,Customer_7010,43,Female,Phoenix,15 10 2022,951.46
7011,Customer_7011,33,Female,Phoenix,29 03 2023,771.76
7012,Customer_7012,25,Male,Los Angeles,24 11 2022,867.41
7013,Customer_7013,32,Male,Phoenix,15 05 2022,16.41
7014,Customer_7014,51,Male,Houston,04 12 2023,594.7
7015,Customer_7015,54,Female,New York,29 05 2021,1097.06
7016,Customer_7016,18,Female,Chicago,05 08 2023,1027.3
7017,Customer_7017,47,Female,New York,18 07 2022,171.13
7018,Customer_7018,38,Female,Houston,04 03 2021,1247.88
7019,Customer_7019,45,Male,New York,29 01 2022,979.65
7020,Customer_7020,29,Male,New York,28 02 2021,737.73
7021,Customer_7021,18,Male,Los Angeles,04 06 2022,1353.94
7022,Customer_7022,41,Female,Chicago,30 03 2023,0.0
7023,Customer_7023,25,Male,Phoenix,24 01 2022,197.87
7024,Customer_7024,20,Male,Phoenix,11 08 2022,0.0
7025,Customer_7025,20,Male,Los Angeles,11 10 2023,0.0
7026,Customer_7026,42,Male,New York,28 09 2022,1941.63
7027,Customer_7027,37,Female,Houston,08 06 2022,0.0
7028,Customer_7028,44,Female,Chicago,07 10 2021,1642.38
7029,Customer_7029,42,Male,Los Angeles,05 12 2023,238.63
7030,Customer_7030,30,Female,Los Angeles,19 07 2022,205.2
7031,Customer_7031,34,Female,Chicago,22 08 2021,892.15
7032,Customer_7032,29,Male,Los Angeles,05 07 2021,665.6
7033,Customer_7033,33,Male,Houston,16 03 2023,1000.72
7034,Customer_7034,24,Male,Chicago,16 03 2021,0.0
7035,Customer_7035,39,Female,Phoenix,27 07 2023,571.22
7036,Customer_7036,47,Female,Chicago,11 12 2022,26.63
7037,Customer_7037,26,Male,New York,21 08 2021,1203.29
7038,Customer_7038,49,Male,Phoenix,19 06 2022,159.12
7039,Customer_7039,36,Male,Chicago,15 06 2023,3279.13
7040,Customer_7040,38,Male,New York,30 08 2023,1427.83
7041,Customer_7041,18,Male,Chicago,09 10 2022,671.15
7042,Customer_7042,18,Male,Los Angeles,20 10 2021,212.05
7043,Customer_7043,37,Female,Houston,07 02 2021,69.2
7044,Customer_7044,44,Male,Los Angeles,17 06 2021,1533.4
7045,Customer_7045,28,Male,Houston,13 04 2021,751.21
7046,Customer_7046,53,Male,New York,25 05 2021,34.8
7047,Customer_7047,43,Female,Los Angeles,25 01 2023,752.06
7048,Customer_7048,25,Male,Phoenix,22 10 2022,716.57
7049,Customer_7049,35,Female,Houston,01 01 2022,0.0
7050,Customer_7050,62,Female,New York,02 06 2021,2216.26
7051,Customer_7051,21,Female,Los Angeles,08 04 2023,0.0
7052,Customer_7052,41,Male,Los Angeles,26 02 2022,218.69
7053,Customer_7053,31,Female,Chicago,15 11 2021,499.29
7054,Customer_7054,43,Female,Houston,30 04 2022,77.44
7055,Customer_7055,49,Female,Houston,24 03 2021,911.16
7056,Customer_7056,31,Male,Chicago,20 03 2021,68.1
7057,Customer_7057,47,Female,Houston,31 05 2021,524.9
7058,Customer_7058,59,Female,Los Angeles,26 01 2023,454.99
7059,Customer_7059,36,Male,New York,31 12 2022,19.27
7060,Customer_7060,44,Female,Chicago,15 01 2021,284.37
7061,Customer_7061,29,Male,Phoenix,11 04 2021,0.0
7062,Customer_7062,35,Male,Houston,19 02 2023,267.57
7063,Customer_7063,33,Female,Chicago,25 11 2023,1152.38
7064,Customer_7064,44,Female,Chicago,17 12 2021,1082.5
7065,Customer_7065,48,Male,Phoenix,15 08 2023,1283.42
7066,Customer_7066,34,Female,Los Angeles,10 10 2021,439.82
7067,Customer_7067,52,Female,Los Angeles,29 09 2022,1046.8
7068,Customer_7068,52,Female,Phoenix,09 06 2022,3897.78
7069,Customer_7069,44,Male,Phoenix,14 06 2021,557.33
7070,Customer_7070,29,Female,Los Angeles,04 03 2022,631.52
7071,Customer_7071,28,Male,Los Angeles,23 07 2023,1324.44
7072,Customer_7072,26,Male,Los Angeles,19 03 2022,202.26
7073,Customer_7073,45,Female,New York,18 09 2022,77.62
7074,Customer_7074,22,Female,Phoenix,10 03 2021,1675.57
7075,Customer_7075,42,Male,Los Angeles,01 10 2021,1020.28
7076,Customer_7076,23,Female,Phoenix,14 07 2022,200.45
7077,Customer_7077,44,Male,New York,29 04 2023,868.95
7078,Customer_7078,35,Female,Chicago,24 07 2022,823.37
7079,Customer_7079,50,Female,New York,13 08 2022,916.13
7080,Customer_7080,48,Female,Houston,14 05 2022,1410.73
7081,Customer_7081,51,Female,Chicago,23 07 2021,155.59
7082,Customer_7082,51,Female,Chicago,14 02 2023,216.24
7083,Customer_7083,37,Male,New York,23 01 2022,0.0
7084,Customer_7084,22,Female,New York,20 02 2022,1666.49
7085,Customer_7085,23,Female,New York,20 06 2023,0.0
7086,Customer_7086,18,Female,Los Angeles,08 11 2021,1098.97
7087,Customer_7087,23,Male,Chicago,09 09 2021,865.15
7088,Customer_7088,36,Female,Chicago,22 07 2021,204.96
7089,Customer_7089,29,Male,Chicago,20 04 2021,460.65
7090,Customer_7090,33,Female,Chicago,23 03 2021,399.29
7091,Customer_7091,40,Female,Los Angeles,08 02 2023,1686.83
7092,Customer_7092,32,Female,New York,12 07 2021,360.0
7093,Customer_7093,23,Male,New York,19 05 2021,2944.14
7094,Customer_7094,34,Female,Houston,09 08 2021,1070.0
7095,Customer_7095,25,Female,Chicago,11 05 2023,343.15
7096,Customer_7096,32,Female,New York,06 12 2021,0.0
7097,Customer_7097,50,Male,New York,23 04 2022,0.0
7098,Customer_7098,32,Female,Phoenix,17 08 2023,259.96
7099,Customer_7099,54,Female,Houston,24 03 2023,1028.63
7100,Customer_7100,51,Female,Chicago,17 07 2021,1031.24
7101,Customer_7101,29,Female,Los Angeles,18 07 2021,70.0
7102,Customer_7102,23,Male,Los Angeles,27 03 2023,1359.01
7103,Customer_7103,34,Male,Phoenix,24 06 2021,1595.09
7104,Customer_7104,48,Female,Houston,04 05 2022,481.5
7105,Customer_7105,30,Female,Los Angeles,12 11 2021,655.09
7106,Customer_7106,45,Female,Houston,31 03 2023,346.92
7107,Customer_7107,48,Female,Houston,15 01 2022,0.0
7108,Customer_7108,26,Female,Los Angeles,18 03 2022,1452.87
7109,Customer_7109,28,Male,Los Angeles,15 05 2023,1167.88
7110,Customer_7110,43,Male,New York,13 05 2021,0.0
7111,Customer_7111,37,Male,New York,08 09 2023,257.28
7112,Customer_7112,27,Male,Houston,17 11 2023,889.11
7113,Customer_7113,31,Male,Los Angeles,26 07 2023,401.02
7114,Customer_7114,34,Male,Houston,18 10 2022,23.58
7115,Customer_7115,18,Female,Phoenix,24 08 2021,858.85
7116,Customer_7116,43,Male,New York,16 09 2023,0.0
7117,Customer_7117,30,Female,Chicago,26 03 2023,939.62
7118,Customer_7118,18,Female,Houston,08 07 2023,211.14
7119,Customer_7119,35,Male,Houston,15 03 2022,1230.29
7120,Customer_7120,27,Female,Houston,11 08 2022,42.72
7121,Customer_7121,54,Female,Los Angeles,03 09 2022,0.0
7122,Customer_7122,29,Male,Los Angeles,18 08 2021,2329.15
7123,Customer_7123,23,Female,Chicago,06 12 2021,1107.7
7124,Customer_7124,41,Female,Phoenix,13 06 2021,304.49
7125,Customer_7125,28,Male,Los Angeles,26 04 2021,492.97
7126,Customer_7126,26,Male,Phoenix,12 03 2021,507.21
7127,Customer_7127,41,Male,Los Angeles,30 04 2023,1852.09
7128,Customer_7128,24,Female,Phoenix,13 12 2023,764.21
7129,Customer_7129,19,Female,Houston,08 12 2021,1942.78
7130,Customer_7130,54,Male,Los Angeles,24 07 2023,108.2
7131,Customer_7131,41,Male,Chicago,11 08 2022,313.94
7132,Customer_7132,32,Female,Los Angeles,18 02 2023,456.22
7133,Customer_7133,35,Female,Los Angeles,28 11 2021,161.74
7134,Customer_7134,41,Female,New York,26 08 2023,1191.47
7135,Customer_7135,46,Male,New York,17 04 2021,1715.93
7136,Customer_7136,27,Female,Los Angeles,23 03 2021,0.0
7137,Customer_7137,39,Male,Houston,27 01 2022,158.14
7138,Customer_7138,29,Female,Chicago,18 08 2021,840.88
7139,Customer_7139,33,Male,New York,20 01 2021,924.91
7140,Customer_7140,37,Male,Phoenix,19 02 2023,584.85
7141,Customer_7141,35,Male,Chicago,14 10 2022,1308.71
7142,Customer_7142,43,Female,Phoenix,17 04 2022,835.43
7143,Customer_7143,40,Male,Houston,15 08 2022,1194.77
7144,Customer_7144,18,Male,New York,15 03 2021,79.14
7145,Customer_7145,20,Female,Chicago,16 10 2022,620.27
7146,Customer_7146,31,Male,Chicago,07 04 2022,669.11
7147,Customer_7147,55,Male,New York,11 11 2021,1260.79
7148,Customer_7148,26,Male,New York,02 10 2022,350.24
7149,Customer_7149,33,Male,New York,01 10 2021,201.18
7150,Customer_7150,29,Female,Los Angeles,27 04 2022,705.23
7151,Customer_7151,29,Female,Los Angeles,23 03 2021,0.0
7152,Customer_7152,37,Female,Chicago,31 01 2021,0.0
7153,Customer_7153,50,Male,New York,16 01 2023,219.57
7154,Customer_7154,40,Male,Houston,23 09 2023,756.98
7155,Customer_7155,26,Male,Chicago,11 02 2021,389.36
7156,Customer_7156,65,Female,Los Angeles,08 09 2021,102.12
7157,Customer_7157,36,Female,New York,22 01 2022,179.27
7158,Customer_7158,29,Male,New York,23 09 2023,818.2
7159,Customer_7159,51,Female,Los Angeles,23 09 2021,809.33
7160,Customer_7160,30,Female,New York,22 01 2021,278.02
7161,Customer_7161,53,Male,Los Angeles,17 03 2021,490.51
7162,Customer_7162,25,Female,Chicago,11 11 2022,189.61
7163,Customer_7163,51,Female,Chicago,10 06 2023,290.64
7164,Customer_7164,37,Female,New York,15 05 2023,629.09
7165,Customer_7165,49,Female,Los Angeles,28 08 2021,492.32
7166,Customer_7166,56,Male,Chicago,20 02 2021,341.39
7167,Customer_7167,23,Female,Phoenix,18 08 2023,962.01
7168,Customer_7168,49,Female,Houston,21 04 2022,576.08
7169,Customer_7169,20,Female,Chicago,14 05 2023,1091.92
7170,Customer_7170,23,Male,Los Angeles,13 06 2023,156.77
7171,Customer_7171,26,Female,Los Angeles,09 06 2022,171.63
7172,Customer_7172,41,Male,Phoenix,06 06 2021,437.83
7173,Customer_7173,35,Female,New York,18 07 2021,386.06
7174,Customer_7174,33,Female,Phoenix,21 10 2023,659.18
7175,Customer_7175,37,Female,Chicago,28 10 2022,281.36
7176,Customer_7176,42,Male,Houston,06 01 2023,148.27
7177,Customer_7177,42,Male,New York,16 03 2021,431.36
7178,Customer_7178,47,Female,Chicago,10 08 2023,882.1
7179,Customer_7179,55,Male,Chicago,26 12 2022,514.95
7180,Customer_7180,35,Male,New York,06 10 2023,1108.71
7181,Customer_7181,29,Female,Los Angeles,02 01 2022,781.11
7182,Customer_7182,42,Male,Phoenix,26 01 2023,1087.16
7183,Customer_7183,22,Female,Chicago,18 04 2021,210.36
7184,Customer_7184,28,Male,Los Angeles,20 11 2022,128.28
7185,Customer_7185,46,Male,New York,03 04 2021,2000.47
7186,Customer_7186,34,Male,Houston,24 08 2023,123.34
7187,Customer_7187,22,Male,Houston,10 04 2021,549.17
7188,Customer_7188,19,Female,Chicago,30 06 2021,301.13
7189,Customer_7189,36,Male,Chicago,02 11 2022,293.6
7190,Customer_7190,48,Female,Los Angeles,06 04 2021,479.12
7191,Customer_7191,47,Female,Chicago,20 08 2021,291.9
7192,Customer_7192,36,Male,New York,08 09 2021,1429.15
7193,Customer_7193,57,Male,Phoenix,23 06 2023,671.16
7194,Customer_7194,34,Male,Chicago,19 01 2021,1666.35
7195,Customer_7195,33,Female,Los Angeles,26 07 2021,420.89
7196,Customer_7196,18,Male,Los Angeles,07 11 2021,0.0
7197,Customer_7197,30,Male,Houston,13 04 2021,759.37
7198,Customer_7198,44,Female,New York,08 06 2021,1305.5
7199,Customer_7199,52,Female,Los Angeles,13 01 2022,394.98
7200,Customer_7200,26,Female,Houston,15 12 2022,345.48
7201,Customer_7201,40,Female,Los Angeles,02 04 2021,1487.25
7202,Customer_7202,47,Male,Houston,29 10 2022,0.0
7203,Customer_7203,35,Male,New York,25 06 2021,1332.13
7204,Customer_7204,18,Male,Houston,05 01 2023,1772.99
7205,Customer_7205,38,Male,New York,28 06 2021,0.0
7206,Customer_7206,43,Female,New York,08 01 2023,1240.66
7207,Customer_7207,25,Male,Phoenix,29 03 2022,192.46
7208,Customer_7208,32,Female,Chicago,06 08 2022,2213.56
7209,Customer_7209,22,Male,Los Angeles,07 05 2022,0.0
7210,Customer_7210,18,Female,New York,15 08 2023,0.0
7211,Customer_7211,46,Male,Chicago,13 04 2021,453.31
7212,Customer_7212,35,Female,Chicago,10 02 2021,880.34
7213,Customer_7213,53,Female,Phoenix,11 03 2022,529.66
7214,Customer_7214,44,Male,Phoenix,04 08 2023,443.5
7215,Customer_7215,31,Female,Chicago,03 12 2022,918.96
7216,Customer_7216,34,Male,Los Angeles,13 03 2022,46.97
7217,Customer_7217,41,Female,Chicago,09 12 2022,136.24
7218,Customer_7218,46,Male,Houston,21 11 2023,650.45
7219,Customer_7219,39,Female,New York,30 01 2021,1477.38
7220,Customer_7220,47,Female,Los Angeles,13 09 2023,322.37
7221,Customer_7221,32,Female,New York,15 11 2022,690.08
7222,Customer_7222,24,Female,New York,25 01 2022,1364.21
7223,Customer_7223,34,Female,New York,03 10 2021,1137.72
7224,Customer_7224,37,Female,Chicago,12 01 2021,349.92
7225,Customer_7225,22,Female,Houston,18 02 2021,688.5
7226,Customer_7226,20,Female,Chicago,10 01 2021,277.98
7227,Customer_7227,40,Male,Los Angeles,18 09 2021,79.61
7228,Customer_7228,31,Male,New York,16 11 2021,140.65
7229,Customer_7229,33,Female,Chicago,05 07 2021,793.92
7230,Customer_7230,31,Male,Los Angeles,17 08 2021,1314.6
7231,Customer_7231,52,Male,Chicago,01 11 2022,657.06
7232,Customer_7232,49,Female,Phoenix,24 02 2023,755.0
7233,Customer_7233,21,Male,New York,15 04 2023,40.2
7234,Customer_7234,29,Female,New York,21 01 2021,951.63
7235,Customer_7235,44,Female,Chicago,16 01 2021,356.21
7236,Customer_7236,42,Female,Phoenix,25 04 2022,336.64
7237,Customer_7237,35,Male,Houston,06 01 2021,280.08
7238,Customer_7238,22,Male,Phoenix,25 10 2021,905.8
7239,Customer_7239,27,Female,Los Angeles,01 07 2023,303.62
7240,Customer_7240,29,Female,Phoenix,30 07 2023,166.07
7241,Customer_7241,38,Male,New York,16 09 2021,482.16
7242,Customer_7242,54,Female,New York,11 10 2023,0.0
7243,Customer_7243,27,Female,Phoenix,30 11 2023,557.66
7244,Customer_7244,24,Male,Phoenix,03 10 2021,22.33
7245,Customer_7245,34,Male,New York,14 01 2023,221.42
7246,Customer_7246,46,Male,New York,03 06 2022,811.78
7247,Customer_7247,19,Male,New York,07 04 2023,0.0
7248,Customer_7248,51,Male,New York,28 08 2022,639.29
7249,Customer_7249,33,Female,New York,07 08 2023,97.44
7250,Customer_7250,27,Female,Phoenix,25 04 2022,329.55
7251,Customer_7251,18,Female,Chicago,18 02 2022,788.52
7252,Customer_7252,43,Male,Houston,26 09 2023,590.78
7253,Customer_7253,33,Male,Houston,10 12 2023,47.58
7254,Customer_7254,37,Female,Chicago,16 02 2023,3557.09
7255,Customer_7255,25,Male,Houston,14 02 2021,250.15
7256,Customer_7256,31,Female,Chicago,10 04 2023,441.38
7257,Customer_7257,30,Female,Los Angeles,02 10 2021,0.0
7258,Customer_7258,34,Male,Chicago,25 11 2023,131.89
7259,Customer_7259,28,Female,Chicago,15 10 2022,635.24
7260,Customer_7260,18,Male,Houston,24 05 2021,162.07
7261,Customer_7261,65,Female,Phoenix,15 04 2023,957.22
7262,Customer_7262,20,Male,Los Angeles,27 01 2023,205.68
7263,Customer_7263,37,Male,Houston,12 07 2021,188.34
7264,Customer_7264,18,Female,New York,01 07 2022,846.74
7265,Customer_7265,18,Male,Houston,23 02 2023,530.26
7266,Customer_7266,36,Female,Los Angeles,27 06 2021,2815.88
7267,Customer_7267,37,Female,New York,21 02 2023,2438.86
7268,Customer_7268,49,Female,Los Angeles,14 11 2021,90.86
7269,Customer_7269,39,Male,Chicago,31 05 2021,272.21
7270,Customer_7270,33,Female,New York,03 09 2022,2176.69
7271,Customer_7271,25,Female,Phoenix,25 06 2022,86.92
7272,Customer_7272,51,Female,New York,30 05 2021,622.68
7273,Customer_7273,45,Female,Phoenix,19 09 2021,313.52
7274,Customer_7274,21,Male,Houston,17 02 2022,45.8
7275,Customer_7275,35,Female,Los Angeles,07 05 2022,108.19
7276,Customer_7276,37,Female,Los Angeles,28 09 2023,646.17
7277,Customer_7277,31,Female,Houston,06 02 2021,354.85
7278,Customer_7278,43,Female,Chicago,26 04 2022,697.33
7279,Customer_7279,44,Male,Houston,29 06 2021,1754.85
7280,Customer_7280,33,Female,Los Angeles,05 08 2022,1289.25
7281,Customer_7281,32,Male,Chicago,06 09 2023,27.94
7282,Customer_7282,51,Female,Phoenix,20 12 2021,13.38
7283,Customer_7283,45,Female,New York,25 08 2023,426.92
7284,Customer_7284,36,Male,Los Angeles,30 12 2021,0.0
7285,Customer_7285,18,Female,Los Angeles,10 03 2021,0.0
7286,Customer_7286,39,Male,Houston,04 11 2021,86.16
7287,Customer_7287,43,Male,Houston,27 02 2022,0.0
7288,Customer_7288,18,Female,Los Angeles,29 05 2022,0.0
7289,Customer_7289,38,Female,New York,07 08 2021,1013.01
7290,Customer_7290,30,Male,New York,05 12 2023,0.0
7291,Customer_7291,33,Female,Los Angeles,02 01 2022,258.88
7292,Customer_7292,25,Female,Los Angeles,02 05 2021,1459.84
7293,Customer_7293,33,Female,Phoenix,10 05 2022,455.49
7294,Customer_7294,50,Female,Los Angeles,31 07 2022,256.44
7295,Customer_7295,30,Male,Los Angeles,03 06 2023,0.0
7296,Customer_7296,46,Female,Phoenix,14 06 2023,94.35
7297,Customer_7297,26,Female,Chicago,02 08 2022,653.09
7298,Customer_7298,43,Male,Chicago,16 12 2021,837.25
7299,Customer_7299,35,Female,New York,25 04 2021,376.01
7300,Customer_7300,39,Female,Los Angeles,20 09 2022,107.94
7301,Customer_7301,35,Male,Phoenix,25 08 2021,813.69
7302,Customer_7302,42,Female,Chicago,16 02 2021,0.0
7303,Customer_7303,18,Male,Los Angeles,01 10 2021,610.22
7304,Customer_7304,19,Male,Chicago,23 04 2021,345.42
7305,Customer_7305,40,Female,Phoenix,29 06 2022,1319.79
7306,Customer_7306,18,Male,Los Angeles,03 02 2022,195.38
7307,Customer_7307,29,Female,Chicago,03 03 2023,287.8
7308,Customer_7308,34,Female,Phoenix,12 11 2021,101.78
7309,Customer_7309,26,Male,New York,20 02 2021,154.78
7310,Customer_7310,27,Male,Houston,24 05 2021,182.25
7311,Customer_7311,38,Female,Chicago,12 06 2022,225.45
7312,Customer_7312,46,Male,Houston,25 01 2022,333.76
7313,Customer_7313,24,Male,Los Angeles,30 03 2023,1706.88
7314,Customer_7314,29,Male,Los Angeles,19 01 2023,1231.43
7315,Customer_7315,27,Female,Houston,16 02 2022,679.21
7316,Customer_7316,18,Female,New York,19 01 2022,0.0
7317,Customer_7317,37,Female,Los Angeles,25 05 2023,66.91
7318,Customer_7318,45,Male,New York,16 06 2023,2449.55
7319,Customer_7319,46,Female,New York,09 12 2022,188.78
7320,Customer_7320,25,Male,Phoenix,02 08 2021,0.0
7321,Customer_7321,21,Female,Los Angeles,24 07 2022,217.55
7322,Customer_7322,35,Female,Phoenix,07 08 2021,238.68
7323,Customer_7323,44,Female,New York,07 08 2021,59.67
7324,Customer_7324,37,Male,Chicago,13 01 2021,761.71
7325,Customer_7325,38,Female,New York,27 02 2022,32.76
7326,Customer_7326,48,Male,Houston,01 05 2022,232.35
7327,Customer_7327,27,Female,Houston,26 08 2023,8.45
7328,Customer_7328,33,Female,New York,25 02 2023,330.11
7329,Customer_7329,53,Female,Phoenix,29 04 2021,1031.82
7330,Customer_7330,33,Female,New York,28 09 2021,1185.81
7331,Customer_7331,21,Female,Chicago,01 07 2023,434.92
7332,Customer_7332,28,Female,Phoenix,22 04 2023,46.29
7333,Customer_7333,25,Female,Phoenix,07 12 2023,197.13
7334,Customer_7334,39,Female,Phoenix,26 10 2022,333.8
7335,Customer_7335,25,Male,Los Angeles,21 10 2023,77.16
7336,Customer_7336,38,Male,New York,22 06 2021,67.44
7337,Customer_7337,27,Female,New York,26 02 2023,165.57
7338,Customer_7338,18,Male,Chicago,13 12 2021,47.01
7339,Customer_7339,38,Male,Houston,25 08 2021,490.59
7340,Customer_7340,37,Female,New York,26 07 2023,1043.75
7341,Customer_7341,41,Male,Chicago,27 06 2022,230.11
7342,Customer_7342,28,Male,Los Angeles,11 02 2022,1065.98
7343,Customer_7343,26,Female,Los Angeles,19 03 2021,314.72
7344,Customer_7344,39,Female,Chicago,12 01 2021,2236.95
7345,Customer_7345,52,Male,Los Angeles,17 08 2021,798.6
7346,Customer_7346,35,Male,Houston,23 04 2023,828.9
7347,Customer_7347,40,Female,New York,23 08 2023,2217.21
7348,Customer_7348,31,Female,Houston,03 11 2022,118.8
7349,Customer_7349,18,Female,New York,19 04 2023,687.8
7350,Customer_7350,46,Male,New York,13 06 2021,69.69
7351,Customer_7351,45,Male,Chicago,17 01 2022,1532.81
7352,Customer_7352,43,Male,Phoenix,01 01 2023,464.95
7353,Customer_7353,33,Female,Los Angeles,05 08 2022,0.0
7354,Customer_7354,42,Male,Los Angeles,11 02 2023,98.35
7355,Customer_7355,45,Male,Chicago,31 07 2023,1103.77
7356,Customer_7356,53,Female,New York,23 12 2023,795.1
7357,Customer_7357,46,Female,Houston,22 09 2023,1096.97
7358,Customer_7358,36,Male,Houston,03 09 2021,439.3
7359,Customer_7359,21,Male,New York,25 09 2023,165.03
7360,Customer_7360,37,Female,Los Angeles,19 02 2021,2131.51
7361,Customer_7361,38,Male,Houston,31 10 2022,1387.14
7362,Customer_7362,43,Female,Los Angeles,08 08 2021,1532.62
7363,Customer_7363,50,Male,Chicago,26 06 2023,764.18
7364,Customer_7364,34,Male,New York,30 12 2021,535.69
7365,Customer_7365,58,Female,Chicago,19 09 2023,0.0
7366,Customer_7366,18,Male,New York,09 07 2023,593.18
7367,Customer_7367,40,Male,Houston,17 07 2022,180.59
7368,Customer_7368,26,Female,Los Angeles,11 02 2021,1880.04
7369,Customer_7369,18,Male,Los Angeles,27 02 2022,1274.34
7370,Customer_7370,33,Female,Houston,15 05 2021,584.68
7371,Customer_7371,19,Female,New York,25 02 2023,51.42
7372,Customer_7372,33,Female,Los Angeles,18 01 2023,71.54
7373,Customer_7373,35,Female,Los Angeles,14 03 2021,541.36
7374,Customer_7374,47,Male,Los Angeles,27 09 2022,780.95
7375,Customer_7375,18,Female,Phoenix,05 02 2022,837.36
7376,Customer_7376,45,Male,Houston,20 09 2023,751.81
7377,Customer_7377,36,Male,New York,15 04 2022,53.0
7378,Customer_7378,46,Female,Houston,02 08 2022,0.0
7379,Customer_7379,30,Male,Chicago,01 04 2022,157.47
7380,Customer_7380,20,Female,Phoenix,03 07 2023,251.67
7381,Customer_7381,22,Female,Los Angeles,09 05 2021,1689.42
7382,Customer_7382,21,Female,Chicago,14 01 2022,448.73
7383,Customer_7383,40,Female,Chicago,24 01 2022,0.0
7384,Customer_7384,51,Female,Chicago,25 02 2023,0.0
7385,Customer_7385,29,Male,Los Angeles,09 04 2022,0.0
7386,Customer_7386,42,Female,New York,16 09 2023,95.06
7387,Customer_7387,18,Female,Houston,01 07 2022,63.58
7388,Customer_7388,37,Male,Los Angeles,13 02 2022,1702.7
7389,Customer_7389,42,Male,Phoenix,10 09 2022,0.0
7390,Customer_7390,19,Male,Los Angeles,31 01 2023,555.16
7391,Customer_7391,33,Female,Houston,15 10 2022,320.6
7392,Customer_7392,43,Male,Phoenix,29 09 2023,475.99
7393,Customer_7393,18,Male,Chicago,06 05 2022,1295.05
7394,Customer_7394,50,Male,Phoenix,18 03 2023,412.87
7395,Customer_7395,39,Male,Houston,27 05 2021,1246.32
7396,Customer_7396,43,Female,Los Angeles,13 09 2021,0.0
7397,Customer_7397,30,Female,Chicago,05 01 2022,131.31
7398,Customer_7398,18,Female,New York,13 10 2022,348.84
7399,Customer_7399,41,Female,Chicago,17 03 2021,230.52
7400,Customer_7400,34,Male,New York,23 07 2022,0.0
7401,Customer_7401,35,Female,Houston,20 05 2022,445.9
7402,Customer_7402,47,Male,Chicago,24 10 2022,242.68
7403,Customer_7403,43,Male,Los Angeles,13 10 2023,1106.49
7404,Customer_7404,56,Female,Los Angeles,13 12 2021,377.88
7405,Customer_7405,37,Female,Phoenix,01 07 2021,688.24
7406,Customer_7406,27,Male,New York,28 08 2021,710.39
7407,Customer_7407,33,Male,New York,07 03 2021,476.61
7408,Customer_7408,40,Female,New York,20 06 2021,226.62
7409,Customer_7409,46,Female,Phoenix,14 06 2021,1028.73
7410,Customer_7410,19,Male,Phoenix,12 08 2023,205.56
7411,Customer_7411,35,Male,Chicago,04 03 2021,273.4
7412,Customer_7412,53,Female,Phoenix,21 12 2021,0.0
7413,Customer_7413,32,Male,New York,20 02 2021,2154.81
7414,Customer_7414,45,Female,Phoenix,07 08 2022,1970.35
7415,Customer_7415,40,Female,New York,12 02 2021,1889.72
7416,Customer_7416,46,Female,New York,21 08 2023,2339.63
7417,Customer_7417,26,Female,New York,01 11 2022,534.11
7418,Customer_7418,26,Female,Chicago,31 03 2021,905.45
7419,Customer_7419,35,Female,Houston,08 09 2022,0.0
7420,Customer_7420,18,Female,Los Angeles,17 07 2022,561.66
7421,Customer_7421,32,Female,Phoenix,15 04 2023,754.55
7422,Customer_7422,38,Female,Los Angeles,22 12 2021,997.99
7423,Customer_7423,55,Male,New York,09 09 2022,254.83
7424,Customer_7424,39,Female,Los Angeles,06 02 2023,682.53
7425,Customer_7425,42,Female,Houston,31 10 2021,2218.5
7426,Customer_7426,48,Male,Houston,07 08 2022,502.39
7427,Customer_7427,24,Male,Los Angeles,02 01 2022,299.06
7428,Customer_7428,33,Female,Chicago,04 04 2022,969.14
7429,Customer_7429,62,Male,Los Angeles,30 04 2021,33.54
7430,Customer_7430,34,Male,Chicago,30 12 2021,1153.8
7431,Customer_7431,47,Male,Phoenix,29 04 2022,867.8
7432,Customer_7432,46,Female,New York,02 05 2023,446.96
7433,Customer_7433,19,Male,Phoenix,08 08 2023,724.23
7434,Customer_7434,38,Female,Chicago,03 09 2021,0.0
7435,Customer_7435,37,Male,Los Angeles,03 02 2023,228.31
7436,Customer_7436,39,Male,Phoenix,23 09 2022,908.41
7437,Customer_7437,27,Female,Chicago,31 12 2021,445.22
7438,Customer_7438,23,Male,Los Angeles,21 06 2023,1245.79
7439,Customer_7439,30,Female,New York,05 07 2021,117.32
7440,Customer_7440,34,Male,New York,07 10 2021,714.01
7441,Customer_7441,48,Female,Houston,12 01 2023,1136.05
7442,Customer_7442,55,Female,Chicago,18 12 2021,174.09
7443,Customer_7443,50,Female,Phoenix,12 08 2022,1365.86
7444,Customer_7444,44,Male,New York,23 03 2021,0.0
7445,Customer_7445,24,Female,New York,15 07 2021,1470.28
7446,Customer_7446,31,Female,New York,01 03 2021,1454.99
7447,Customer_7447,37,Female,Chicago,31 05 2021,204.38
7448,Customer_7448,28,Male,Phoenix,21 12 2023,1476.04
7449,Customer_7449,41,Male,Houston,04 03 2022,208.74
7450,Customer_7450,43,Female,Los Angeles,09 08 2023,1258.7
7451,Customer_7451,41,Female,Phoenix,27 11 2021,1736.06
7452,Customer_7452,46,Female,Houston,29 11 2023,1489.0
7453,Customer_7453,25,Female,New York,09 06 2023,213.09
7454,Customer_7454,45,Female,Houston,13 08 2023,148.72
7455,Customer_7455,27,Male,Los Angeles,20 12 2021,837.15
7456,Customer_7456,25,Female,New York,20 06 2023,257.3
7457,Customer_7457,41,Female,New York,05 08 2021,1788.32
7458,Customer_7458,48,Female,Los Angeles,14 12 2021,21.17
7459,Customer_7459,40,Male,Los Angeles,15 02 2022,1582.14
7460,Customer_7460,35,Male,Los Angeles,01 01 2023,26.01
7461,Customer_7461,38,Male,New York,17 06 2023,346.03
7462,Customer_7462,37,Female,Houston,04 07 2023,0.0
7463,Customer_7463,23,Female,Phoenix,31 08 2021,212.14
7464,Customer_7464,21,Female,Houston,08 01 2021,508.08
7465,Customer_7465,34,Female,Los Angeles,15 09 2022,633.63
7466,Customer_7466,36,Female,New York,13 07 2023,234.99
7467,Customer_7467,35,Male,New York,03 08 2022,2435.84
7468,Customer_7468,42,Male,New York,15 06 2021,1682.72
7469,Customer_7469,33,Male,Chicago,30 12 2021,0.0
7470,Customer_7470,41,Female,Chicago,20 10 2022,82.66
7471,Customer_7471,33,Male,Houston,30 05 2022,73.89
7472,Customer_7472,55,Female,Houston,02 01 2023,736.76
7473,Customer_7473,36,Female,Los Angeles,29 06 2023,2429.17
7474,Customer_7474,61,Male,Los Angeles,28 04 2021,780.17
7475,Customer_7475,39,Female,Houston,07 10 2023,331.69
7476,Customer_7476,33,Female,Los Angeles,11 02 2023,127.56
7477,Customer_7477,25,Female,New York,19 07 2023,64.5
7478,Customer_7478,19,Male,Los Angeles,27 11 2022,872.45
7479,Customer_7479,24,Male,Los Angeles,06 06 2022,412.53
7480,Customer_7480,25,Female,New York,03 12 2021,1170.91
7481,Customer_7481,39,Male,Houston,24 03 2022,949.43
7482,Customer_7482,29,Female,Phoenix,15 10 2022,219.87
7483,Customer_7483,37,Female,New York,09 06 2023,902.35
7484,Customer_7484,49,Male,New York,27 08 2022,982.07
7485,Customer_7485,34,Male,Houston,15 10 2022,25.83
7486,Customer_7486,58,Male,New York,29 01 2023,1068.21
7487,Customer_7487,22,Female,Los Angeles,18 03 2022,861.51
7488,Customer_7488,33,Male,New York,13 02 2022,468.28
7489,Customer_7489,29,Male,New York,21 03 2023,409.79
7490,Customer_7490,45,Male,Houston,26 03 2021,2441.62
7491,Customer_7491,18,Female,Houston,11 08 2023,1706.24
7492,Customer_7492,19,Male,New York,28 11 2022,0.0
7493,Customer_7493,34,Male,Los Angeles,08 04 2021,1524.48
7494,Customer_7494,52,Female,New York,26 06 2022,143.72
7495,Customer_7495,37,Female,New York,10 07 2021,149.71
7496,Customer_7496,20,Female,Phoenix,26 08 2023,101.32
7497,Customer_7497,22,Male,Chicago,15 09 2021,302.83
7498,Customer_7498,53,Male,Chicago,04 06 2021,90.99
7499,Customer_7499,28,Male,Houston,02 08 2023,1148.72
7500,Customer_7500,25,Male,Houston,16 08 2021,266.33
7501,Customer_7501,51,Female,Houston,01 06 2022,1789.46
7502,Customer_7502,46,Female,New York,03 10 2022,52.11
7503,Customer_7503,49,Female,New York,15 03 2021,1619.16
7504,Customer_7504,25,Female,Chicago,31 12 2021,721.91
7505,Customer_7505,18,Female,Los Angeles,24 01 2021,551.71
7506,Customer_7506,36,Female,Phoenix,08 04 2022,379.63
7507,Customer_7507,39,Female,Chicago,26 04 2022,67.11
7508,Customer_7508,39,Female,Phoenix,13 02 2021,441.98
7509,Customer_7509,51,Female,New York,27 11 2023,1460.14
7510,Customer_7510,18,Female,Phoenix,06 04 2022,618.8
7511,Customer_7511,44,Female,Los Angeles,11 03 2021,3419.07
7512,Customer_7512,23,Male,Phoenix,01 08 2021,339.09
7513,Customer_7513,44,Male,New York,03 07 2023,1957.91
7514,Customer_7514,30,Male,Chicago,13 03 2021,225.05
7515,Customer_7515,26,Female,Houston,08 04 2023,750.28
7516,Customer_7516,28,Male,Los Angeles,29 06 2021,355.51
7517,Customer_7517,19,Male,Los Angeles,27 07 2021,702.41
7518,Customer_7518,35,Male,Phoenix,26 06 2021,653.05
7519,Customer_7519,27,Female,Los Angeles,08 12 2022,465.9
7520,Customer_7520,44,Male,Chicago,03 06 2023,227.87
7521,Customer_7521,42,Male,New York,21 01 2023,2183.09
7522,Customer_7522,54,Male,Houston,03 06 2021,864.82
7523,Customer_7523,39,Male,Chicago,30 01 2021,0.0
7524,Customer_7524,41,Female,Los Angeles,17 11 2023,131.81
7525,Customer_7525,50,Male,New York,03 09 2023,410.51
7526,Customer_7526,28,Female,Chicago,06 10 2022,1066.71
7527,Customer_7527,19,Male,New York,22 11 2022,886.75
7528,Customer_7528,37,Female,New York,08 04 2021,96.36
7529,Customer_7529,19,Female,Chicago,22 11 2021,155.55
7530,Customer_7530,62,Female,New York,25 08 2021,1107.09
7531,Customer_7531,51,Male,New York,18 05 2021,577.92
7532,Customer_7532,59,Female,Chicago,22 09 2022,223.92
7533,Customer_7533,36,Male,New York,10 09 2022,240.24
7534,Customer_7534,41,Male,Los Angeles,06 12 2023,1519.6
7535,Customer_7535,30,Female,New York,25 01 2022,65.88
7536,Customer_7536,45,Female,Chicago,26 12 2021,485.37
7537,Customer_7537,22,Female,Chicago,05 08 2022,569.34
7538,Customer_7538,18,Male,Houston,26 07 2021,392.17
7539,Customer_7539,26,Male,Los Angeles,24 08 2022,1214.36
7540,Customer_7540,19,Female,New York,06 09 2023,423.35
7541,Customer_7541,51,Female,New York,30 05 2022,2544.4
7542,Customer_7542,55,Male,Los Angeles,21 03 2023,405.53
7543,Customer_7543,20,Male,Phoenix,14 03 2022,1500.08
7544,Customer_7544,49,Male,New York,14 04 2022,2081.76
7545,Customer_7545,45,Male,Los Angeles,22 09 2022,0.0
7546,Customer_7546,18,Female,New York,30 01 2022,1903.68
7547,Customer_7547,31,Female,Chicago,24 04 2021,341.45
7548,Customer_7548,29,Female,Houston,08 04 2022,990.4
7549,Customer_7549,43,Female,Chicago,26 06 2022,0.0
7550,Customer_7550,21,Female,Phoenix,04 09 2021,507.82
7551,Customer_7551,34,Female,Chicago,30 09 2021,1092.23
7552,Customer_7552,27,Female,New York,29 06 2022,1851.13
7553,Customer_7553,40,Male,Los Angeles,15 09 2022,0.0
7554,Customer_7554,33,Male,Chicago,19 12 2022,966.24
7555,Customer_7555,29,Male,Chicago,17 02 2023,64.28
7556,Customer_7556,33,Male,Chicago,18 10 2023,1056.13
7557,Customer_7557,57,Female,Houston,05 05 2022,1313.92
7558,Customer_7558,30,Male,Chicago,03 08 2021,903.57
7559,Customer_7559,24,Female,Phoenix,13 08 2022,636.26
7560,Customer_7560,41,Male,Chicago,24 06 2021,330.4
7561,Customer_7561,33,Female,Houston,21 02 2021,0.0
7562,Customer_7562,19,Male,New York,24 10 2021,0.0
7563,Customer_7563,60,Female,Houston,24 06 2021,93.69
7564,Customer_7564,31,Female,Phoenix,27 08 2023,570.65
7565,Customer_7565,31,Male,Los Angeles,09 12 2021,233.22
7566,Customer_7566,37,Female,Houston,23 08 2022,259.51
7567,Customer_7567,54,Male,Houston,20 06 2021,342.86
7568,Customer_7568,18,Male,New York,27 11 2023,187.36
7569,Customer_7569,38,Male,Chicago,24 12 2023,1150.87
7570,Customer_7570,58,Male,New York,31 03 2022,171.0
7571,Customer_7571,36,Male,Phoenix,28 12 2022,330.17
7572,Customer_7572,21,Female,Houston,06 06 2023,1750.71
7573,Customer_7573,28,Male,New York,03 10 2023,293.55
7574,Customer_7574,37,Male,New York,25 01 2023,256.93
7575,Customer_7575,50,Male,Chicago,30 05 2021,1347.58
7576,Customer_7576,31,Female,Los Angeles,28 09 2022,372.59
7577,Customer_7577,44,Male,New York,25 08 2023,488.16
7578,Customer_7578,19,Male,Chicago,11 12 2022,209.55
7579,Customer_7579,19,Male,Los Angeles,05 10 2021,562.25
7580,Customer_7580,30,Female,New York,04 02 2021,1012.23
7581,Customer_7581,51,Female,Houston,24 06 2021,881.87
7582,Customer_7582,36,Female,Phoenix,23 11 2023,95.98
7583,Customer_7583,38,Male,Houston,16 12 2022,25.01
7584,Customer_7584,38,Male,Houston,11 09 2021,580.86
7585,Customer_7585,47,Female,New York,22 07 2022,57.75
7586,Customer_7586,28,Female,Los Angeles,19 11 2021,420.15
7587,Customer_7587,43,Female,New York,13 01 2021,88.62
7588,Customer_7588,26,Female,Houston,19 02 2021,1264.61
7589,Customer_7589,57,Male,Phoenix,11 08 2023,1184.76
7590,Customer_7590,26,Male,Houston,21 09 2023,3504.08
7591,Customer_7591,25,Female,Phoenix,08 09 2022,782.18
7592,Customer_7592,41,Male,Chicago,16 05 2023,92.34
7593,Customer_7593,36,Female,Los Angeles,06 04 2021,567.3
7594,Customer_7594,39,Male,Los Angeles,09 12 2021,931.57
7595,Customer_7595,38,Female,New York,06 05 2023,93.9
7596,Customer_7596,23,Female,New York,12 07 2021,313.06
7597,Customer_7597,53,Female,Houston,26 05 2022,329.24
7598,Customer_7598,45,Male,Los Angeles,07 01 2021,358.0
7599,Customer_7599,50,Male,Chicago,26 11 2021,0.0
7600,Customer_7600,29,Male,Chicago,24 03 2021,92.64
7601,Customer_7601,40,Female,Los Angeles,24 06 2023,48.7
7602,Customer_7602,37,Female,Chicago,18 09 2022,1383.01
7603,Customer_7603,47,Female,Chicago,11 06 2022,454.16
7604,Customer_7604,48,Male,Los Angeles,16 03 2022,324.96
7605,Customer_7605,37,Female,Houston,09 06 2023,327.0
7606,Customer_7606,18,Male,Los Angeles,01 02 2023,894.56
7607,Customer_7607,55,Male,Chicago,21 10 2023,47.89
7608,Customer_7608,41,Male,Phoenix,19 01 2021,722.65
7609,Customer_7609,28,Female,Phoenix,09 01 2021,331.76
7610,Customer_7610,39,Female,Phoenix,28 11 2023,170.56
7611,Customer_7611,18,Female,Los Angeles,24 12 2022,706.83
7612,Customer_7612,47,Male,New York,23 06 2023,0.0
7613,Customer_7613,19,Male,Los Angeles,14 05 2021,1294.51
7614,Customer_7614,33,Female,Los Angeles,03 04 2021,309.03
7615,Customer_7615,38,Female,Phoenix,13 03 2023,920.1
7616,Customer_7616,46,Male,Chicago,14 05 2023,1272.9
7617,Customer_7617,36,Male,New York,13 02 2023,1751.5
7618,Customer_7618,42,Female,New York,28 06 2022,326.39
7619,Customer_7619,35,Male,New York,07 07 2021,854.09
7620,Customer_7620,35,Female,Chicago,16 05 2021,1749.37
7621,Customer_7621,36,Female,Houston,15 06 2021,262.03
7622,Customer_7622,33,Male,Phoenix,18 09 2023,484.79
7623,Customer_7623,18,Male,Phoenix,02 09 2021,1389.72
7624,Customer_7624,27,Male,New York,30 10 2023,681.76
7625,Customer_7625,38,Female,Los Angeles,10 04 2023,576.95
7626,Customer_7626,32,Male,New York,19 11 2022,234.14
7627,Customer_7627,33,Female,Los Angeles,24 04 2021,1435.06
7628,Customer_7628,31,Female,Phoenix,16 06 2021,186.52
7629,Customer_7629,26,Male,Chicago,03 05 2022,551.18
7630,Customer_7630,30,Female,Houston,13 03 2022,686.61
7631,Customer_7631,32,Male,Chicago,11 08 2021,500.83
7632,Customer_7632,35,Male,New York,10 07 2021,1258.49
7633,Customer_7633,39,Female,New York,30 07 2022,0.0
7634,Customer_7634,33,Female,Chicago,05 03 2023,1897.17
7635,Customer_7635,24,Female,Houston,22 06 2021,875.13
7636,Customer_7636,20,Female,New York,26 03 2022,1180.47
7637,Customer_7637,64,Male,Houston,18 03 2021,112.12
7638,Customer_7638,23,Male,Houston,07 09 2022,459.33
7639,Customer_7639,29,Female,Los Angeles,14 08 2021,0.0
7640,Customer_7640,41,Female,Houston,09 01 2023,312.96
7641,Customer_7641,39,Male,Los Angeles,30 07 2023,470.17
7642,Customer_7642,41,Male,Houston,17 03 2021,625.5
7643,Customer_7643,30,Female,Houston,23 11 2023,963.44
7644,Customer_7644,38,Female,Phoenix,10 03 2021,880.64
7645,Customer_7645,36,Male,Los Angeles,19 02 2022,0.0
7646,Customer_7646,32,Female,Los Angeles,01 01 2023,502.65
7647,Customer_7647,38,Female,New York,28 12 2021,1028.84
7648,Customer_7648,47,Male,New York,20 05 2023,798.87
7649,Customer_7649,35,Male,Houston,08 12 2023,98.03
7650,Customer_7650,35,Male,Phoenix,09 03 2021,1373.45
7651,Customer_7651,47,Male,Los Angeles,25 07 2023,357.04
7652,Customer_7652,46,Male,New York,12 01 2022,334.83
7653,Customer_7653,52,Female,Los Angeles,03 10 2021,1174.3
7654,Customer_7654,18,Female,Los Angeles,07 02 2023,2918.57
7655,Customer_7655,45,Female,Los Angeles,08 08 2023,784.68
7656,Customer_7656,42,Female,New York,24 07 2021,128.25
7657,Customer_7657,25,Male,Houston,15 01 2023,412.92
7658,Customer_7658,38,Male,New York,25 12 2023,736.57
7659,Customer_7659,47,Male,Chicago,30 06 2023,450.65
7660,Customer_7660,26,Male,Houston,21 11 2021,2393.31
7661,Customer_7661,40,Female,Los Angeles,13 01 2022,457.98
7662,Customer_7662,45,Female,Chicago,28 03 2023,240.28
7663,Customer_7663,23,Male,Chicago,12 11 2022,207.58
7664,Customer_7664,33,Male,Chicago,02 11 2022,83.84
7665,Customer_7665,38,Male,Los Angeles,20 09 2022,341.7
7666,Customer_7666,26,Male,Los Angeles,15 10 2023,97.3
7667,Customer_7667,25,Male,Houston,11 03 2022,1133.38
7668,Customer_7668,34,Male,Houston,04 06 2023,309.6
7669,Customer_7669,44,Female,Los Angeles,05 11 2023,537.96
7670,Customer_7670,42,Male,New York,22 03 2022,249.45
7671,Customer_7671,26,Male,New York,23 02 2021,943.81
7672,Customer_7672,42,Female,New York,23 11 2022,705.49
7673,Customer_7673,26,Male,Chicago,04 01 2021,1170.36
7674,Customer_7674,18,Female,New York,14 09 2021,480.6
7675,Customer_7675,31,Male,Los Angeles,14 04 2023,53.14
7676,Customer_7676,47,Female,Houston,27 04 2022,1912.34
7677,Customer_7677,42,Male,Los Angeles,06 04 2022,272.31
7678,Customer_7678,35,Female,Houston,29 04 2023,2277.91
7679,Customer_7679,30,Male,Houston,18 04 2022,233.5
7680,Customer_7680,31,Female,New York,12 07 2021,533.99
7681,Customer_7681,36,Female,Houston,03 11 2021,707.25
7682,Customer_7682,23,Female,Houston,29 01 2023,743.6
7683,Customer_7683,31,Male,Los Angeles,25 06 2023,0.0
7684,Customer_7684,33,Female,New York,09 08 2021,274.03
7685,Customer_7685,20,Female,Chicago,21 06 2021,823.64
7686,Customer_7686,26,Male,Phoenix,21 06 2021,732.11
7687,Customer_7687,40,Female,Chicago,23 12 2023,1811.1
7688,Customer_7688,35,Male,New York,25 12 2023,744.36
7689,Customer_7689,32,Female,Houston,22 03 2021,238.14
7690,Customer_7690,25,Male,Los Angeles,29 01 2023,184.6
7691,Customer_7691,52,Female,Chicago,14 03 2021,0.0
7692,Customer_7692,26,Female,Houston,28 11 2021,0.0
7693,Customer_7693,38,Male,Chicago,15 11 2023,1596.38
7694,Customer_7694,30,Male,Houston,16 08 2021,443.58
7695,Customer_7695,35,Male,Houston,30 08 2021,308.44
7696,Customer_7696,40,Female,Chicago,18 05 2022,168.21
7697,Customer_7697,20,Female,New York,16 12 2023,1116.96
7698,Customer_7698,35,Female,Houston,06 07 2022,0.0
7699,Customer_7699,48,Male,Phoenix,13 07 2023,178.8
7700,Customer_7700,54,Female,New York,01 05 2021,905.68
7701,Customer_7701,34,Female,Chicago,26 01 2021,656.43
7702,Customer_7702,35,Female,Los Angeles,26 05 2022,656.33
7703,Customer_7703,59,Male,Houston,31 05 2023,89.14
7704,Customer_7704,47,Female,Houston,23 01 2021,2027.45
7705,Customer_7705,28,Male,New York,26 04 2021,1479.92
7706,Customer_7706,28,Female,Phoenix,25 04 2022,352.54
7707,Customer_7707,46,Male,New York,03 11 2021,2166.24
7708,Customer_7708,24,Female,Houston,19 08 2021,1170.09
7709,Customer_7709,47,Male,Los Angeles,02 12 2022,1107.9
7710,Customer_7710,39,Male,Los Angeles,07 05 2022,825.58
7711,Customer_7711,41,Female,New York,08 02 2023,104.43
7712,Customer_7712,32,Male,New York,13 10 2021,515.41
7713,Customer_7713,28,Female,Chicago,15 09 2023,375.89
7714,Customer_7714,51,Male,Chicago,09 06 2023,850.1
7715,Customer_7715,32,Male,New York,21 08 2022,198.96
7716,Customer_7716,30,Female,New York,07 05 2023,567.24
7717,Customer_7717,34,Female,New York,19 04 2023,1206.12
7718,Customer_7718,37,Female,Houston,07 07 2023,651.93
7719,Customer_7719,24,Female,Houston,29 07 2023,37.43
7720,Customer_7720,29,Female,New York,16 03 2023,249.31
7721,Customer_7721,28,Female,Chicago,11 06 2021,1041.4
7722,Customer_7722,44,Female,New York,04 09 2022,431.57
7723,Customer_7723,25,Male,Phoenix,11 08 2023,0.0
7724,Customer_7724,18,Female,Phoenix,03 10 2021,238.26
7725,Customer_7725,18,Female,Houston,24 09 2023,0.0
7726,Customer_7726,19,Male,Phoenix,13 06 2022,600.15
7727,Customer_7727,50,Female,Houston,17 08 2023,2569.29
7728,Customer_7728,35,Female,Houston,19 02 2021,712.98
7729,Customer_7729,41,Female,Chicago,07 08 2022,455.6
7730,Customer_7730,41,Male,Los Angeles,03 07 2023,1473.34
7731,Customer_7731,36,Male,New York,22 04 2022,229.86
7732,Customer_7732,34,Female,Los Angeles,03 05 2022,668.86
7733,Customer_7733,46,Male,Chicago,21 03 2021,451.23
7734,Customer_7734,37,Male,New York,15 07 2022,565.16
7735,Customer_7735,50,Male,Los Angeles,10 02 2022,1798.98
7736,Customer_7736,42,Male,Los Angeles,21 06 2022,66.17
7737,Customer_7737,28,Male,New York,12 09 2021,485.03
7738,Customer_7738,30,Female,Chicago,18 08 2023,180.03
7739,Customer_7739,27,Female,Phoenix,02 05 2022,72.26
7740,Customer_7740,48,Female,Houston,31 05 2022,1290.58
7741,Customer_7741,31,Male,Chicago,09 04 2022,104.36
7742,Customer_7742,26,Male,Chicago,19 02 2023,548.58
7743,Customer_7743,39,Male,Chicago,05 02 2021,1240.97
7744,Customer_7744,34,Male,New York,16 01 2021,0.0
7745,Customer_7745,38,Female,Phoenix,08 07 2023,625.14
7746,Customer_7746,56,Male,New York,11 10 2022,820.39
7747,Customer_7747,45,Male,New York,03 04 2023,1060.7
7748,Customer_7748,35,Male,Houston,14 03 2021,1406.76
7749,Customer_7749,20,Male,New York,10 01 2023,1142.07
7750,Customer_7750,30,Male,Los Angeles,28 01 2023,396.45
7751,Customer_7751,43,Female,New York,25 06 2023,611.13
7752,Customer_7752,22,Male,New York,16 10 2023,737.55
7753,Customer_7753,59,Female,New York,09 03 2023,0.0
7754,Customer_7754,35,Male,New York,11 08 2023,1623.18
7755,Customer_7755,36,Male,Chicago,29 04 2022,2566.7
7756,Customer_7756,28,Female,Houston,22 01 2022,2043.08
7757,Customer_7757,40,Male,Los Angeles,03 04 2022,1454.83
7758,Customer_7758,22,Female,Phoenix,26 02 2022,0.0
7759,Customer_7759,59,Female,New York,20 08 2021,0.0
7760,Customer_7760,49,Female,Los Angeles,23 06 2022,93.44
7761,Customer_7761,46,Male,New York,21 12 2022,804.12
7762,Customer_7762,20,Male,Chicago,04 06 2021,239.03
7763,Customer_7763,37,Male,Los Angeles,03 06 2022,0.0
7764,Customer_7764,48,Female,Chicago,07 08 2022,381.96
7765,Customer_7765,42,Male,Houston,01 12 2022,2061.16
7766,Customer_7766,24,Male,Chicago,15 04 2021,263.9
7767,Customer_7767,28,Female,Chicago,23 03 2023,875.53
7768,Customer_7768,30,Female,Phoenix,24 08 2023,325.82
7769,Customer_7769,28,Female,Los Angeles,19 08 2022,3114.19
7770,Customer_7770,52,Male,Los Angeles,11 10 2023,2250.75
7771,Customer_7771,18,Male,Houston,24 06 2022,209.6
7772,Customer_7772,42,Male,Chicago,12 01 2021,724.41
7773,Customer_7773,21,Female,New York,30 12 2021,145.53
7774,Customer_7774,24,Male,Los Angeles,24 10 2022,167.94
7775,Customer_7775,18,Female,Los Angeles,22 06 2022,1545.61
7776,Customer_7776,29,Female,Los Angeles,10 11 2021,503.88
7777,Customer_7777,52,Male,New York,03 08 2022,258.79
7778,Customer_7778,38,Female,Phoenix,19 09 2021,597.66
7779,Customer_7779,22,Male,Houston,11 05 2022,1299.47
7780,Customer_7780,46,Female,Chicago,15 09 2022,0.0
7781,Customer_7781,49,Male,Houston,10 05 2021,246.14
7782,Customer_7782,36,Female,Phoenix,03 03 2023,389.65
7783,Customer_7783,57,Male,New York,30 03 2021,436.32
7784,Customer_7784,44,Female,Los Angeles,26 08 2023,1358.6
7785,Customer_7785,43,Female,Chicago,22 09 2022,1616.07
7786,Customer_7786,26,Male,Houston,21 05 2022,77.64
7787,Customer_7787,42,Female,New York,26 07 2021,2288.15
7788,Customer_7788,37,Male,Phoenix,19 12 2023,918.4
7789,Customer_7789,41,Male,Los Angeles,18 06 2022,101.04
7790,Customer_7790,27,Female,Los Angeles,03 06 2023,438.41
7791,Customer_7791,36,Female,Los Angeles,09 08 2023,232.71
7792,Customer_7792,26,Male,New York,12 10 2021,807.02
7793,Customer_7793,18,Male,Houston,20 12 2022,252.54
7794,Customer_7794,46,Male,Phoenix,17 05 2022,1825.84
7795,Customer_7795,18,Female,Los Angeles,15 09 2021,0.0
7796,Customer_7796,36,Male,Phoenix,21 03 2023,1233.73
7797,Customer_7797,39,Female,Houston,21 02 2021,1420.47
7798,Customer_7798,39,Male,Chicago,04 07 2022,0.0
7799,Customer_7799,32,Male,Houston,27 10 2022,0.0
7800,Customer_7800,38,Female,Los Angeles,17 10 2022,0.0
7801,Customer_7801,40,Female,Chicago,24 08 2023,719.64
7802,Customer_7802,43,Female,New York,06 06 2022,834.06
7803,Customer_7803,54,Female,Houston,27 08 2023,478.51
7804,Customer_7804,38,Male,New York,28 09 2023,2828.8
7805,Customer_7805,36,Female,Houston,07 06 2023,1337.42
7806,Customer_7806,25,Female,Houston,15 01 2023,895.6
7807,Customer_7807,40,Female,New York,29 12 2023,0.0
7808,Customer_7808,42,Male,Los Angeles,04 12 2023,294.74
7809,Customer_7809,33,Male,Chicago,30 07 2021,943.33
7810,Customer_7810,41,Female,Chicago,03 10 2021,827.93
7811,Customer_7811,32,Female,Los Angeles,24 04 2022,0.0
7812,Customer_7812,42,Male,Chicago,24 07 2021,609.76
7813,Customer_7813,45,Male,Los Angeles,29 04 2021,672.8
7814,Customer_7814,45,Female,New York,01 05 2022,266.09
7815,Customer_7815,36,Female,New York,19 04 2021,0.0
7816,Customer_7816,24,Female,New York,30 03 2022,531.6
7817,Customer_7817,28,Female,Houston,29 10 2023,1898.91
7818,Customer_7818,42,Male,Phoenix,27 05 2022,1269.68
7819,Customer_7819,62,Male,Los Angeles,03 12 2023,921.38
7820,Customer_7820,31,Female,Chicago,12 05 2021,719.31
7821,Customer_7821,40,Male,New York,21 01 2023,0.0
7822,Customer_7822,29,Female,Chicago,29 01 2022,1087.76
7823,Customer_7823,24,Male,New York,17 07 2021,941.6
7824,Customer_7824,28,Male,Chicago,08 08 2021,518.32
7825,Customer_7825,18,Female,Phoenix,18 05 2023,349.66
7826,Customer_7826,50,Female,New York,04 04 2021,0.0
7827,Customer_7827,18,Male,Houston,02 06 2021,114.86
7828,Customer_7828,32,Female,New York,09 06 2022,1956.5
7829,Customer_7829,22,Female,Los Angeles,20 12 2022,423.23
7830,Customer_7830,25,Male,New York,06 02 2023,0.0
7831,Customer_7831,50,Male,Los Angeles,29 03 2023,1432.61
7832,Customer_7832,37,Female,New York,14 09 2021,1698.43
7833,Customer_7833,24,Male,Los Angeles,02 12 2022,476.02
7834,Customer_7834,29,Female,Los Angeles,30 05 2022,810.23
7835,Customer_7835,27,Male,Los Angeles,21 03 2022,174.36
7836,Customer_7836,35,Male,Chicago,20 06 2021,634.21
7837,Customer_7837,37,Male,Phoenix,27 09 2021,0.0
7838,Customer_7838,56,Female,Los Angeles,24 08 2022,1023.59
7839,Customer_7839,18,Male,New York,29 09 2022,883.64
7840,Customer_7840,35,Male,Los Angeles,08 03 2021,0.0
7841,Customer_7841,32,Female,Phoenix,14 02 2023,1370.09
7842,Customer_7842,45,Female,Chicago,08 01 2021,1086.22
7843,Customer_7843,39,Female,Los Angeles,15 05 2021,1499.39
7844,Customer_7844,41,Female,New York,27 03 2023,375.56
7845,Customer_7845,39,Male,Los Angeles,10 04 2023,1207.1
7846,Customer_7846,25,Female,Los Angeles,25 01 2021,568.21
7847,Customer_7847,48,Female,Phoenix,10 04 2022,211.48
7848,Customer_7848,44,Male,Phoenix,09 01 2022,297.9
7849,Customer_7849,45,Female,New York,15 07 2021,1346.26
7850,Customer_7850,49,Female,Chicago,05 12 2022,161.99
7851,Customer_7851,40,Female,New York,06 02 2022,929.17
7852,Customer_7852,51,Male,Los Angeles,02 05 2021,815.31
7853,Customer_7853,39,Male,Phoenix,11 02 2023,788.02
7854,Customer_7854,33,Male,Chicago,13 07 2022,0.0
7855,Customer_7855,35,Female,Los Angeles,12 08 2023,146.91
7856,Customer_7856,35,Male,New York,27 06 2023,1469.85
7857,Customer_7857,29,Female,Houston,29 11 2023,0.0
7858,Customer_7858,53,Female,Chicago,11 09 2022,94.82
7859,Customer_7859,38,Female,Los Angeles,11 01 2023,181.26
7860,Customer_7860,36,Male,New York,05 08 2023,380.65
7861,Customer_7861,39,Female,Los Angeles,08 03 2023,181.02
7862,Customer_7862,68,Female,Phoenix,25 07 2021,966.88
7863,Customer_7863,23,Female,Chicago,06 08 2022,627.2
7864,Customer_7864,26,Female,Los Angeles,28 11 2022,795.27
7865,Customer_7865,20,Male,Chicago,16 02 2022,246.54
7866,Customer_7866,32,Female,Houston,27 07 2021,1713.97
7867,Customer_7867,38,Male,Los Angeles,09 02 2022,177.56
7868,Customer_7868,30,Female,New York,23 01 2022,274.17
7869,Customer_7869,29,Male,Chicago,17 05 2023,255.48
7870,Customer_7870,37,Male,Chicago,28 09 2021,469.85
7871,Customer_7871,29,Female,Houston,13 03 2022,2426.38
7872,Customer_7872,38,Female,Phoenix,08 05 2023,228.41
7873,Customer_7873,47,Male,Los Angeles,11 12 2021,1689.73
7874,Customer_7874,42,Male,New York,29 05 2021,731.76
7875,Customer_7875,45,Female,Phoenix,20 09 2022,350.98
7876,Customer_7876,47,Female,Los Angeles,06 07 2021,316.38
7877,Customer_7877,38,Male,Chicago,20 01 2021,446.14
7878,Customer_7878,33,Male,Chicago,08 01 2022,226.72
7879,Customer_7879,27,Female,Chicago,06 09 2023,22.29
7880,Customer_7880,31,Female,New York,08 03 2021,862.0
7881,Customer_7881,29,Female,Houston,22 12 2023,292.81
7882,Customer_7882,43,Male,Houston,25 02 2023,2242.22
7883,Customer_7883,39,Female,Chicago,14 09 2022,879.08
7884,Customer_7884,43,Male,Chicago,26 03 2021,517.38
7885,Customer_7885,22,Female,New York,25 06 2021,726.37
7886,Customer_7886,51,Female,New York,25 12 2021,477.33
7887,Customer_7887,30,Male,Los Angeles,11 04 2023,639.57
7888,Customer_7888,23,Male,Los Angeles,18 10 2021,0.0
7889,Customer_7889,30,Male,Phoenix,10 05 2021,648.68
7890,Customer_7890,62,Female,Houston,24 04 2022,83.99
7891,Customer_7891,31,Male,Chicago,10 10 2022,337.54
7892,Customer_7892,31,Male,Chicago,16 06 2022,2006.39
7893,Customer_7893,33,Female,New York,21 09 2021,0.0
7894,Customer_7894,33,Female,Phoenix,17 08 2023,1906.16
7895,Customer_7895,26,Female,Los Angeles,18 05 2022,856.39
7896,Customer_7896,37,Female,New York,28 06 2023,61.5
7897,Customer_7897,47,Male,Chicago,20 04 2022,1197.56
7898,Customer_7898,38,Female,Phoenix,07 06 2023,727.36
7899,Customer_7899,23,Male,Phoenix,18 01 2021,849.17
7900,Customer_7900,31,Male,New York,29 12 2023,427.7
7901,Customer_7901,29,Male,Phoenix,27 06 2023,288.61
7902,Customer_7902,36,Male,Los Angeles,10 05 2021,1176.16
7903,Customer_7903,50,Female,New York,27 07 2023,655.74
7904,Customer_7904,33,Female,Houston,26 03 2023,0.0
7905,Customer_7905,34,Female,Phoenix,15 01 2021,1381.6
7906,Customer_7906,55,Male,Chicago,04 10 2023,998.25
7907,Customer_7907,45,Female,Chicago,08 12 2022,259.54
7908,Customer_7908,41,Male,Houston,04 12 2022,347.22
7909,Customer_7909,57,Female,Houston,16 01 2023,427.79
7910,Customer_7910,40,Female,Phoenix,08 03 2022,452.85
7911,Customer_7911,18,Female,Chicago,26 12 2023,291.32
7912,Customer_7912,44,Male,Phoenix,05 02 2021,297.75
7913,Customer_7913,18,Male,Phoenix,17 01 2023,33.04
7914,Customer_7914,40,Female,New York,17 01 2021,257.75
7915,Customer_7915,18,Female,Houston,29 05 2022,747.68
7916,Customer_7916,30,Female,Chicago,02 02 2021,196.17
7917,Customer_7917,31,Male,Los Angeles,15 12 2021,0.0
7918,Customer_7918,27,Male,Chicago,23 05 2022,117.48
7919,Customer_7919,31,Female,New York,08 10 2022,814.71
7920,Customer_7920,46,Male,Chicago,28 07 2023,2187.88
7921,Customer_7921,27,Female,Phoenix,06 05 2023,428.92
7922,Customer_7922,41,Male,New York,01 06 2022,356.48
7923,Customer_7923,24,Female,Los Angeles,09 03 2023,1906.0
7924,Customer_7924,33,Male,Phoenix,30 04 2022,456.27
7925,Customer_7925,39,Female,Los Angeles,26 10 2022,0.0
7926,Customer_7926,24,Male,Los Angeles,19 03 2022,501.32
7927,Customer_7927,21,Male,Los Angeles,13 01 2022,621.34
7928,Customer_7928,40,Male,Chicago,11 10 2023,331.16
7929,Customer_7929,47,Male,Chicago,21 08 2023,97.28
7930,Customer_7930,34,Male,Houston,27 07 2022,866.16
7931,Customer_7931,30,Female,Los Angeles,24 12 2021,153.52
7932,Customer_7932,37,Female,Houston,22 06 2022,947.46
7933,Customer_7933,36,Female,Chicago,13 09 2022,1533.28
7934,Customer_7934,38,Male,Los Angeles,17 03 2023,232.52
7935,Customer_7935,18,Female,Chicago,02 12 2023,969.45
7936,Customer_7936,23,Male,Houston,27 03 2023,232.64
7937,Customer_7937,26,Male,Chicago,13 01 2021,1183.59
7938,Customer_7938,37,Female,New York,04 04 2023,1964.26
7939,Customer_7939,37,Female,New York,04 05 2022,663.02
7940,Customer_7940,42,Female,Los Angeles,23 12 2023,2025.6
7941,Customer_7941,38,Female,Los Angeles,09 07 2022,1062.59
7942,Customer_7942,21,Female,Houston,15 01 2023,0.0
7943,Customer_7943,51,Female,New York,16 03 2021,879.04
7944,Customer_7944,49,Male,Houston,04 02 2023,464.76
7945,Customer_7945,21,Male,Los Angeles,05 04 2023,41.3
7946,Customer_7946,39,Female,Los Angeles,26 07 2021,1098.72
7947,Customer_7947,28,Female,Chicago,24 11 2022,1453.25
7948,Customer_7948,37,Female,New York,07 11 2022,111.32
7949,Customer_7949,47,Male,Phoenix,29 07 2022,24.22
7950,Customer_7950,58,Male,New York,13 06 2023,407.01
7951,Customer_7951,43,Female,Los Angeles,05 05 2021,338.41
7952,Customer_7952,38,Female,Houston,14 09 2021,69.43
7953,Customer_7953,31,Male,Chicago,07 01 2023,540.98
7954,Customer_7954,37,Male,Los Angeles,15 10 2021,581.63
7955,Customer_7955,50,Female,Los Angeles,30 09 2022,1802.54
7956,Customer_7956,35,Male,Houston,06 02 2023,2182.55
7957,Customer_7957,25,Female,Phoenix,27 05 2022,2324.38
7958,Customer_7958,18,Female,Phoenix,27 07 2022,591.6
7959,Customer_7959,41,Male,Los Angeles,03 01 2022,547.37
7960,Customer_7960,38,Male,Phoenix,12 10 2021,519.25
7961,Customer_7961,28,Female,New York,04 03 2021,0.0
7962,Customer_7962,46,Male,New York,08 10 2022,0.0
7963,Customer_7963,30,Female,Houston,21 01 2023,748.97
7964,Customer_7964,34,Male,New York,03 02 2023,1391.14
7965,Customer_7965,35,Female,New York,27 12 2021,757.6
7966,Customer_7966,31,Male,New York,06 01 2022,581.64
7967,Customer_7967,38,Male,Los Angeles,11 11 2023,1290.25
7968,Customer_7968,48,Female,Houston,30 07 2023,1109.95
7969,Customer_7969,22,Male,Chicago,30 07 2023,1800.69
7970,Customer_7970,40,Male,New York,05 05 2023,679.73
7971,Customer_7971,37,Male,Chicago,14 03 2023,2429.58
7972,Customer_7972,37,Female,Phoenix,15 02 2021,1091.51
7973,Customer_7973,45,Male,Houston,13 07 2021,337.24
7974,Customer_7974,36,Male,Los Angeles,17 12 2023,2766.03
7975,Customer_7975,40,Female,Phoenix,29 11 2021,182.28
7976,Customer_7976,43,Male,Houston,17 01 2023,196.95
7977,Customer_7977,29,Female,New York,16 05 2023,1172.2
7978,Customer_7978,38,Female,New York,06 11 2023,1906.02
7979,Customer_7979,32,Male,New York,07 10 2022,331.2
7980,Customer_7980,34,Male,Houston,14 01 2023,264.98
7981,Customer_7981,31,Male,New York,30 05 2021,931.24
7982,Customer_7982,40,Female,Chicago,03 10 2023,507.5
7983,Customer_7983,36,Male,New York,13 03 2023,321.39
7984,Customer_7984,39,Female,Phoenix,01 06 2023,441.17
7985,Customer_7985,35,Female,Los Angeles,06 04 2023,108.88
7986,Customer_7986,18,Female,Phoenix,26 01 2022,337.34
7987,Customer_7987,35,Male,Phoenix,08 10 2021,91.5
7988,Customer_7988,36,Male,New York,23 06 2022,1453.91
7989,Customer_7989,38,Male,Los Angeles,08 12 2021,837.4
7990,Customer_7990,28,Male,New York,05 11 2022,730.11
7991,Customer_7991,22,Female,Phoenix,16 10 2023,1930.66
7992,Customer_7992,42,Male,Chicago,03 04 2021,135.06
7993,Customer_7993,32,Female,New York,17 10 2023,487.81
7994,Customer_7994,37,Female,New York,25 04 2021,1464.0
7995,Customer_7995,32,Female,Los Angeles,23 04 2021,1029.05
7996,Customer_7996,35,Male,Phoenix,20 12 2023,122.2
7997,Customer_7997,30,Female,Houston,25 08 2021,247.31
7998,Customer_7998,24,Male,Phoenix,30 09 2022,826.28
7999,Customer_7999,40,Female,Los Angeles,05 12 2023,890.25
8000,Customer_8000,28,Female,New York,25 12 2022,292.38
8001,Customer_8001,37,Male,Phoenix,14 05 2022,225.75
8002,Customer_8002,40,Female,New York,25 03 2022,470.92
8003,Customer_8003,29,Male,Phoenix,14 07 2021,251.4
8004,Customer_8004,22,Male,Los Angeles,29 07 2022,836.49
8005,Customer_8005,62,Female,New York,05 08 2022,870.66
8006,Customer_8006,29,Male,Houston,06 11 2021,67.25
8007,Customer_8007,42,Female,Phoenix,14 08 2022,0.0
8008,Customer_8008,56,Female,Phoenix,02 07 2022,634.53
8009,Customer_8009,44,Male,New York,24 01 2022,810.98
8010,Customer_8010,32,Female,New York,11 03 2023,95.59
8011,Customer_8011,34,Male,Chicago,23 10 2022,1364.76
8012,Customer_8012,26,Male,Chicago,24 02 2023,1944.47
8013,Customer_8013,45,Male,Houston,18 06 2022,3094.33
8014,Customer_8014,41,Female,New York,24 10 2021,605.69
8015,Customer_8015,29,Female,Phoenix,07 04 2023,511.81
8016,Customer_8016,24,Male,Chicago,28 12 2022,1176.27
8017,Customer_8017,20,Female,Houston,27 11 2021,242.03
8018,Customer_8018,46,Male,Chicago,26 09 2022,603.83
8019,Customer_8019,36,Male,Los Angeles,05 05 2023,1984.21
8020,Customer_8020,37,Female,Phoenix,15 12 2023,85.05
8021,Customer_8021,26,Female,Chicago,11 02 2023,1349.93
8022,Customer_8022,19,Male,Phoenix,25 05 2023,125.0
8023,Customer_8023,46,Male,Phoenix,12 01 2023,1530.86
8024,Customer_8024,35,Female,Houston,30 09 2022,213.01
8025,Customer_8025,45,Female,Chicago,18 03 2022,139.64
8026,Customer_8026,31,Female,New York,12 06 2023,210.12
8027,Customer_8027,32,Male,New York,26 05 2021,112.4
8028,Customer_8028,43,Female,New York,26 01 2022,71.48
8029,Customer_8029,43,Male,New York,08 01 2022,1010.03
8030,Customer_8030,44,Female,Los Angeles,05 12 2023,605.63
8031,Customer_8031,32,Male,Los Angeles,19 09 2021,220.98
8032,Customer_8032,42,Female,Los Angeles,20 07 2023,725.21
8033,Customer_8033,47,Male,Los Angeles,16 01 2023,806.55
8034,Customer_8034,34,Female,New York,19 07 2022,102.46
8035,Customer_8035,29,Male,New York,31 05 2022,225.15
8036,Customer_8036,50,Female,Houston,16 11 2022,587.64
8037,Customer_8037,28,Male,Chicago,01 05 2022,0.0
8038,Customer_8038,42,Male,Los Angeles,14 04 2023,1736.19
8039,Customer_8039,34,Female,Chicago,11 04 2022,2329.71
8040,Customer_8040,18,Male,Houston,11 04 2022,0.0
8041,Customer_8041,47,Male,Los Angeles,22 01 2021,1027.67
8042,Customer_8042,18,Female,Chicago,31 01 2022,661.37
8043,Customer_8043,18,Female,Phoenix,25 05 2021,1006.72
8044,Customer_8044,41,Female,Houston,24 02 2022,188.4
8045,Customer_8045,41,Male,Los Angeles,01 11 2021,111.06
8046,Customer_8046,28,Male,Chicago,28 09 2023,1025.43
8047,Customer_8047,37,Female,New York,13 02 2021,792.88
8048,Customer_8048,18,Female,Chicago,17 04 2021,0.0
8049,Customer_8049,43,Male,Phoenix,30 05 2021,288.68
8050,Customer_8050,38,Male,Chicago,20 04 2021,462.84
8051,Customer_8051,34,Female,Phoenix,08 11 2023,306.25
8052,Customer_8052,35,Male,Los Angeles,20 01 2023,0.0
8053,Customer_8053,40,Male,Phoenix,27 08 2021,211.97
8054,Customer_8054,35,Female,Chicago,25 12 2022,314.15
8055,Customer_8055,18,Male,New York,13 01 2023,1484.98
8056,Customer_8056,59,Female,Chicago,24 11 2021,703.65
8057,Customer_8057,48,Female,Los Angeles,12 05 2023,1756.17
8058,Customer_8058,21,Female,New York,06 04 2022,17.36
8059,Customer_8059,31,Male,Houston,14 01 2023,1275.45
8060,Customer_8060,32,Male,Los Angeles,29 12 2021,87.68
8061,Customer_8061,47,Female,Houston,17 06 2023,485.12
8062,Customer_8062,18,Female,Los Angeles,19 03 2022,1749.26
8063,Customer_8063,30,Female,New York,05 06 2023,704.26
8064,Customer_8064,18,Male,Phoenix,11 09 2023,1355.63
8065,Customer_8065,32,Female,Los Angeles,18 09 2021,179.55
8066,Customer_8066,30,Male,Chicago,07 10 2021,1017.36
8067,Customer_8067,36,Female,Chicago,15 07 2023,627.29
8068,Customer_8068,28,Female,Chicago,04 08 2023,1074.78
8069,Customer_8069,27,Female,Phoenix,01 06 2021,610.16
8070,Customer_8070,42,Female,Houston,05 03 2023,810.64
8071,Customer_8071,40,Male,Los Angeles,02 11 2023,59.37
8072,Customer_8072,41,Female,Phoenix,14 01 2021,487.5
8073,Customer_8073,33,Female,New York,09 08 2023,562.24
8074,Customer_8074,29,Female,Chicago,17 05 2023,1763.24
8075,Customer_8075,34,Female,Phoenix,21 03 2022,60.74
8076,Customer_8076,41,Female,Chicago,10 03 2023,66.63
8077,Customer_8077,18,Female,Houston,02 01 2023,517.14
8078,Customer_8078,39,Male,Chicago,26 08 2021,1183.54
8079,Customer_8079,38,Male,Houston,23 06 2022,0.0
8080,Customer_8080,36,Female,Phoenix,08 02 2023,1778.64
8081,Customer_8081,33,Female,Los Angeles,20 03 2023,315.33
8082,Customer_8082,18,Male,New York,01 02 2023,1629.0
8083,Customer_8083,30,Female,Chicago,15 03 2021,82.61
8084,Customer_8084,55,Female,Houston,23 10 2021,784.7
8085,Customer_8085,35,Female,New York,14 01 2021,1483.04
8086,Customer_8086,32,Female,New York,04 09 2022,243.08
8087,Customer_8087,35,Male,Los Angeles,30 01 2022,0.0
8088,Customer_8088,39,Female,Phoenix,10 07 2021,1556.35
8089,Customer_8089,42,Male,Houston,28 03 2023,403.12
8090,Customer_8090,32,Female,Los Angeles,16 04 2021,401.27
8091,Customer_8091,40,Female,New York,07 01 2021,790.11
8092,Customer_8092,53,Male,Los Angeles,04 02 2023,505.85
8093,Customer_8093,46,Female,New York,14 10 2022,1329.49
8094,Customer_8094,61,Male,New York,30 04 2022,315.3
8095,Customer_8095,28,Female,Phoenix,21 07 2023,325.54
8096,Customer_8096,53,Male,Phoenix,21 05 2022,41.49
8097,Customer_8097,26,Female,New York,03 06 2022,39.36
8098,Customer_8098,39,Male,New York,13 03 2023,976.92
8099,Customer_8099,43,Female,Los Angeles,25 03 2022,886.82
8100,Customer_8100,29,Male,Los Angeles,12 10 2021,0.0
8101,Customer_8101,36,Female,New York,15 03 2021,0.0
8102,Customer_8102,45,Male,Los Angeles,14 02 2021,588.32
8103,Customer_8103,27,Female,New York,15 01 2023,2061.52
8104,Customer_8104,53,Male,Houston,07 11 2022,1476.21
8105,Customer_8105,20,Female,Houston,29 07 2022,0.0
8106,Customer_8106,56,Female,Chicago,03 04 2021,233.73
8107,Customer_8107,46,Female,Los Angeles,18 11 2021,409.42
8108,Customer_8108,34,Female,Phoenix,11 04 2022,961.92
8109,Customer_8109,31,Female,Phoenix,27 08 2022,2046.01
8110,Customer_8110,29,Male,New York,04 06 2023,1874.35
8111,Customer_8111,34,Male,New York,04 10 2023,398.3
8112,Customer_8112,34,Female,Chicago,08 07 2022,2102.5
8113,Customer_8113,49,Male,New York,23 01 2023,647.95
8114,Customer_8114,57,Male,Los Angeles,23 11 2021,2067.55
8115,Customer_8115,37,Female,Chicago,29 12 2022,105.38
8116,Customer_8116,26,Male,Chicago,14 08 2022,625.29
8117,Customer_8117,29,Male,Los Angeles,01 05 2023,285.12
8118,Customer_8118,33,Male,Chicago,16 03 2022,499.64
8119,Customer_8119,24,Female,Phoenix,15 12 2022,130.76
8120,Customer_8120,22,Male,New York,08 03 2022,504.85
8121,Customer_8121,58,Female,Chicago,06 08 2023,535.8
8122,Customer_8122,38,Female,New York,24 11 2021,666.28
8123,Customer_8123,26,Female,New York,11 05 2023,2354.31
8124,Customer_8124,44,Male,Chicago,17 08 2021,672.19
8125,Customer_8125,22,Male,New York,14 01 2023,0.0
8126,Customer_8126,23,Male,New York,29 09 2023,288.35
8127,Customer_8127,26,Female,New York,22 03 2023,144.84
8128,Customer_8128,53,Female,Chicago,23 06 2021,939.76
8129,Customer_8129,32,Female,Houston,28 05 2022,930.56
8130,Customer_8130,18,Female,New York,09 05 2021,792.26
8131,Customer_8131,48,Female,Chicago,09 01 2022,1765.61
8132,Customer_8132,32,Male,New York,24 08 2021,293.53
8133,Customer_8133,18,Male,Chicago,12 01 2023,0.0
8134,Customer_8134,32,Female,Los Angeles,09 07 2021,1435.61
8135,Customer_8135,41,Female,Chicago,17 06 2021,1383.4
8136,Customer_8136,39,Female,Phoenix,18 10 2021,796.95
8137,Customer_8137,55,Female,Phoenix,19 05 2021,1950.07
8138,Customer_8138,26,Male,New York,22 07 2022,1020.66
8139,Customer_8139,36,Male,Phoenix,11 12 2023,1580.84
8140,Customer_8140,27,Male,New York,18 09 2023,0.0
8141,Customer_8141,18,Female,Phoenix,25 10 2021,352.43
8142,Customer_8142,45,Female,Los Angeles,13 09 2021,382.54
8143,Customer_8143,40,Female,Los Angeles,05 11 2021,683.08
8144,Customer_8144,38,Male,New York,01 04 2021,464.72
8145,Customer_8145,40,Male,New York,29 05 2021,1954.83
8146,Customer_8146,27,Female,Houston,20 11 2023,490.94
8147,Customer_8147,24,Female,Phoenix,07 04 2022,1213.51
8148,Customer_8148,35,Female,Chicago,27 09 2022,1582.39
8149,Customer_8149,48,Male,Houston,29 09 2022,1145.4
8150,Customer_8150,53,Male,Houston,08 10 2022,159.9
8151,Customer_8151,44,Male,Los Angeles,02 06 2022,577.26
8152,Customer_8152,35,Male,New York,09 07 2021,0.0
8153,Customer_8153,38,Female,New York,20 03 2021,537.09
8154,Customer_8154,35,Female,Los Angeles,27 03 2023,1759.76
8155,Customer_8155,24,Female,New York,13 03 2021,652.77
8156,Customer_8156,35,Female,New York,12 02 2021,0.0
8157,Customer_8157,20,Male,New York,14 03 2023,536.67
8158,Customer_8158,34,Male,New York,23 12 2021,0.0
8159,Customer_8159,53,Female,Phoenix,08 01 2021,150.23
8160,Customer_8160,44,Male,New York,13 03 2022,360.56
8161,Customer_8161,25,Female,Chicago,21 03 2021,525.1
8162,Customer_8162,34,Female,Chicago,20 11 2022,99.1
8163,Customer_8163,26,Female,Chicago,30 07 2022,2148.05
8164,Customer_8164,34,Female,New York,19 06 2023,970.62
8165,Customer_8165,46,Female,Los Angeles,15 10 2021,945.81
8166,Customer_8166,42,Female,New York,21 08 2023,156.29
8167,Customer_8167,62,Female,Los Angeles,21 12 2022,37.02
8168,Customer_8168,48,Male,New York,14 08 2023,376.44
8169,Customer_8169,37,Female,Chicago,14 08 2021,24.79
8170,Customer_8170,42,Female,Houston,05 10 2021,366.66
8171,Customer_8171,33,Female,Chicago,14 06 2023,772.53
8172,Customer_8172,23,Male,Los Angeles,03 03 2023,627.12
8173,Customer_8173,49,Female,Los Angeles,24 10 2023,1491.06
8174,Customer_8174,46,Male,Houston,29 06 2022,979.08
8175,Customer_8175,32,Female,New York,23 04 2022,260.48
8176,Customer_8176,38,Male,Houston,20 11 2023,0.0
8177,Customer_8177,49,Male,Houston,23 02 2022,266.99
8178,Customer_8178,44,Female,Los Angeles,18 11 2023,211.8
8179,Customer_8179,19,Female,Los Angeles,01 09 2022,0.0
8180,Customer_8180,38,Female,Chicago,28 03 2021,646.58
8181,Customer_8181,33,Male,New York,16 11 2023,366.82
8182,Customer_8182,47,Female,New York,30 04 2021,117.4
8183,Customer_8183,46,Female,New York,14 12 2022,0.0
8184,Customer_8184,50,Male,New York,27 01 2022,438.02
8185,Customer_8185,23,Female,Chicago,19 12 2021,490.96
8186,Customer_8186,26,Male,Houston,15 01 2021,417.96
8187,Customer_8187,47,Male,New York,01 11 2021,0.0
8188,Customer_8188,28,Female,Phoenix,15 09 2022,266.3
8189,Customer_8189,18,Female,Phoenix,04 06 2022,0.0
8190,Customer_8190,41,Female,Phoenix,03 05 2023,764.6
8191,Customer_8191,29,Male,Houston,02 10 2022,2236.99
8192,Customer_8192,55,Male,Los Angeles,22 01 2022,614.88
8193,Customer_8193,38,Male,New York,24 06 2023,668.08
8194,Customer_8194,37,Male,Chicago,14 01 2021,17.31
8195,Customer_8195,31,Male,Chicago,01 04 2021,712.43
8196,Customer_8196,52,Female,Houston,04 01 2021,296.1
8197,Customer_8197,39,Female,Phoenix,19 10 2023,509.36
8198,Customer_8198,31,Male,Chicago,07 03 2023,55.68
8199,Customer_8199,26,Female,Los Angeles,04 08 2021,1400.84
8200,Customer_8200,34,Female,New York,05 12 2022,392.12
8201,Customer_8201,24,Male,New York,01 01 2023,263.42
8202,Customer_8202,46,Female,Chicago,17 01 2021,517.5
8203,Customer_8203,18,Male,Chicago,10 05 2022,353.52
8204,Customer_8204,33,Male,Houston,20 03 2022,961.31
8205,Customer_8205,42,Female,Chicago,18 02 2023,1243.46
8206,Customer_8206,39,Male,Phoenix,15 06 2021,557.59
8207,Customer_8207,27,Female,Chicago,23 12 2021,0.0
8208,Customer_8208,42,Female,Houston,22 08 2021,845.77
8209,Customer_8209,25,Female,New York,24 06 2021,390.17
8210,Customer_8210,35,Female,Phoenix,28 11 2022,112.9
8211,Customer_8211,42,Female,Houston,26 08 2021,1882.14
8212,Customer_8212,40,Female,New York,15 09 2023,574.44
8213,Customer_8213,28,Female,New York,11 10 2023,2014.42
8214,Customer_8214,48,Female,Phoenix,01 07 2023,414.61
8215,Customer_8215,36,Male,New York,22 09 2022,351.2
8216,Customer_8216,43,Male,Los Angeles,11 08 2022,293.83
8217,Customer_8217,52,Female,Los Angeles,05 03 2023,713.36
8218,Customer_8218,47,Female,Chicago,09 07 2023,278.22
8219,Customer_8219,47,Female,Houston,11 02 2022,2345.6
8220,Customer_8220,37,Female,Los Angeles,26 06 2021,1098.6
8221,Customer_8221,44,Male,Los Angeles,29 04 2021,895.85
8222,Customer_8222,37,Male,Phoenix,06 09 2022,641.9
8223,Customer_8223,22,Female,Houston,31 12 2021,1157.83
8224,Customer_8224,38,Female,Phoenix,01 05 2022,382.27
8225,Customer_8225,38,Female,Los Angeles,18 11 2021,535.96
8226,Customer_8226,41,Male,New York,19 05 2021,150.09
8227,Customer_8227,34,Female,Los Angeles,29 11 2021,534.99
8228,Customer_8228,27,Male,Houston,12 08 2021,455.91
8229,Customer_8229,42,Male,New York,26 07 2022,0.0
8230,Customer_8230,21,Female,Los Angeles,15 02 2023,512.01
8231,Customer_8231,51,Male,New York,25 08 2023,1149.21
8232,Customer_8232,32,Male,Los Angeles,16 08 2022,1361.43
8233,Customer_8233,38,Male,Houston,20 03 2023,271.26
8234,Customer_8234,41,Female,New York,14 09 2023,346.85
8235,Customer_8235,41,Female,Houston,21 10 2023,679.52
8236,Customer_8236,20,Male,Phoenix,11 05 2023,845.08
8237,Customer_8237,44,Male,New York,06 07 2021,459.0
8238,Customer_8238,38,Male,Houston,06 09 2021,960.84
8239,Customer_8239,28,Male,Phoenix,05 12 2023,148.45
8240,Customer_8240,27,Male,Phoenix,21 10 2023,1746.62
8241,Customer_8241,31,Male,New York,03 09 2021,452.09
8242,Customer_8242,21,Female,New York,16 07 2023,489.32
8243,Customer_8243,54,Male,New York,15 01 2021,910.41
8244,Customer_8244,51,Male,Houston,06 04 2023,300.22
8245,Customer_8245,40,Male,Houston,20 11 2022,1421.56
8246,Customer_8246,33,Male,Houston,28 12 2022,744.91
8247,Customer_8247,33,Female,Los Angeles,21 06 2022,153.36
8248,Customer_8248,43,Male,New York,07 05 2022,333.74
8249,Customer_8249,54,Male,Chicago,19 10 2021,504.05
8250,Customer_8250,29,Female,Chicago,27 04 2021,473.37
8251,Customer_8251,23,Female,Houston,15 08 2022,1019.12
8252,Customer_8252,52,Female,Los Angeles,18 11 2022,1268.31
8253,Customer_8253,18,Female,Los Angeles,14 01 2023,398.48
8254,Customer_8254,24,Female,Los Angeles,06 08 2023,741.9
8255,Customer_8255,32,Female,New York,14 11 2022,601.02
8256,Customer_8256,18,Male,Los Angeles,21 09 2022,0.0
8257,Customer_8257,47,Male,New York,16 08 2022,3157.86
8258,Customer_8258,44,Male,Los Angeles,22 01 2022,859.67
8259,Customer_8259,29,Male,New York,14 10 2022,533.81
8260,Customer_8260,49,Female,New York,12 07 2021,0.0
8261,Customer_8261,51,Female,Houston,11 04 2021,514.1
8262,Customer_8262,34,Male,Los Angeles,30 12 2023,0.0
8263,Customer_8263,30,Female,Chicago,20 03 2022,642.32
8264,Customer_8264,60,Male,Houston,09 03 2022,214.9
8265,Customer_8265,43,Male,Chicago,21 06 2022,1043.65
8266,Customer_8266,38,Female,Phoenix,24 08 2022,1315.85
8267,Customer_8267,50,Male,New York,09 12 2022,990.78
8268,Customer_8268,38,Female,Houston,15 11 2021,1640.64
8269,Customer_8269,29,Female,Phoenix,13 08 2021,1037.41
8270,Customer_8270,36,Male,Phoenix,23 01 2022,888.01
8271,Customer_8271,46,Female,New York,26 04 2023,169.51
8272,Customer_8272,18,Male,Los Angeles,12 03 2021,118.74
8273,Customer_8273,32,Female,New York,20 03 2022,803.09
8274,Customer_8274,50,Male,Chicago,22 08 2022,699.97
8275,Customer_8275,29,Male,Houston,22 01 2022,446.98
8276,Customer_8276,52,Male,Los Angeles,18 01 2021,360.6
8277,Customer_8277,51,Female,Chicago,07 07 2022,25.25
8278,Customer_8278,34,Female,Houston,24 05 2023,928.3
8279,Customer_8279,29,Male,Los Angeles,07 10 2021,1489.19
8280,Customer_8280,32,Female,Phoenix,10 02 2023,323.42
8281,Customer_8281,64,Male,Houston,12 08 2023,95.45
8282,Customer_8282,56,Male,New York,25 11 2021,970.94
8283,Customer_8283,36,Male,Chicago,23 05 2022,578.07
8284,Customer_8284,28,Male,New York,26 03 2022,179.44
8285,Customer_8285,36,Female,Chicago,19 04 2023,98.03
8286,Customer_8286,38,Male,Phoenix,28 01 2022,2805.55
8287,Customer_8287,21,Male,Phoenix,19 04 2021,936.13
8288,Customer_8288,36,Female,Los Angeles,25 12 2021,41.84
8289,Customer_8289,50,Male,Los Angeles,14 08 2023,1428.52
8290,Customer_8290,18,Female,New York,24 07 2023,68.08
8291,Customer_8291,44,Female,Chicago,14 11 2021,0.0
8292,Customer_8292,50,Female,New York,07 12 2021,442.68
8293,Customer_8293,29,Male,Chicago,15 12 2021,1537.97
8294,Customer_8294,54,Female,New York,27 01 2021,325.25
8295,Customer_8295,27,Male,Los Angeles,30 09 2022,0.0
8296,Customer_8296,40,Male,New York,05 02 2022,632.53
8297,Customer_8297,32,Female,Phoenix,12 11 2021,1146.05
8298,Customer_8298,32,Female,Houston,03 01 2022,917.59
8299,Customer_8299,28,Male,Los Angeles,09 12 2021,332.46
8300,Customer_8300,43,Female,New York,24 11 2022,462.1
8301,Customer_8301,44,Male,Chicago,23 06 2023,623.2
8302,Customer_8302,34,Female,New York,05 07 2021,754.22
8303,Customer_8303,20,Female,Chicago,16 04 2023,151.84
8304,Customer_8304,39,Male,Houston,15 11 2021,0.0
8305,Customer_8305,40,Female,Chicago,13 08 2023,46.0
8306,Customer_8306,33,Female,Chicago,17 08 2022,538.8
8307,Customer_8307,56,Female,Chicago,19 09 2023,1864.68
8308,Customer_8308,18,Female,Phoenix,04 03 2023,493.33
8309,Customer_8309,18,Male,Phoenix,19 12 2021,631.86
8310,Customer_8310,27,Male,Chicago,21 12 2021,994.54
8311,Customer_8311,43,Female,Los Angeles,16 04 2021,781.16
8312,Customer_8312,23,Male,Los Angeles,22 02 2022,0.0
8313,Customer_8313,24,Male,New York,04 10 2022,76.41
8314,Customer_8314,45,Female,Chicago,24 07 2021,385.62
8315,Customer_8315,40,Female,Chicago,19 07 2022,1321.16
8316,Customer_8316,39,Male,New York,08 07 2021,928.98
8317,Customer_8317,44,Male,New York,27 06 2022,602.25
8318,Customer_8318,30,Male,Chicago,15 09 2021,176.72
8319,Customer_8319,31,Male,Phoenix,29 03 2022,544.48
8320,Customer_8320,44,Female,Chicago,19 03 2021,1204.45
8321,Customer_8321,20,Male,Houston,13 11 2023,1195.92
8322,Customer_8322,18,Female,Los Angeles,18 05 2022,500.5
8323,Customer_8323,30,Male,Chicago,04 07 2021,1083.02
8324,Customer_8324,45,Female,Los Angeles,01 07 2022,74.26
8325,Customer_8325,38,Female,Chicago,18 02 2021,739.72
8326,Customer_8326,44,Female,New York,17 06 2021,457.79
8327,Customer_8327,18,Male,Chicago,21 01 2021,448.21
8328,Customer_8328,38,Female,Los Angeles,27 01 2022,640.4
8329,Customer_8329,42,Female,Los Angeles,22 06 2023,54.2
8330,Customer_8330,20,Female,Phoenix,17 08 2021,2890.34
8331,Customer_8331,44,Female,New York,18 12 2021,260.82
8332,Customer_8332,34,Male,Los Angeles,13 08 2021,308.18
8333,Customer_8333,69,Male,Chicago,22 08 2021,534.77
8334,Customer_8334,18,Female,Phoenix,23 09 2021,1470.3
8335,Customer_8335,50,Female,Los Angeles,08 05 2023,0.0
8336,Customer_8336,31,Male,Houston,10 11 2021,1357.87
8337,Customer_8337,18,Female,Phoenix,14 05 2022,173.8
8338,Customer_8338,29,Female,Los Angeles,27 05 2023,1466.42
8339,Customer_8339,38,Female,Los Angeles,30 07 2021,345.96
8340,Customer_8340,46,Female,Los Angeles,09 04 2021,82.96
8341,Customer_8341,54,Female,Houston,11 12 2021,0.0
8342,Customer_8342,51,Male,New York,23 06 2023,1173.05
8343,Customer_8343,24,Male,Los Angeles,08 06 2022,292.93
8344,Customer_8344,47,Male,Houston,28 04 2021,424.12
8345,Customer_8345,39,Female,Chicago,23 08 2022,0.0
8346,Customer_8346,28,Female,Los Angeles,06 05 2023,2492.53
8347,Customer_8347,33,Female,Chicago,28 07 2021,238.27
8348,Customer_8348,27,Male,New York,26 04 2022,126.95
8349,Customer_8349,35,Male,Los Angeles,12 07 2023,681.34
8350,Customer_8350,27,Male,Chicago,25 11 2021,295.32
8351,Customer_8351,24,Female,Phoenix,21 02 2022,704.02
8352,Customer_8352,40,Female,Los Angeles,11 09 2021,694.46
8353,Customer_8353,42,Female,Phoenix,03 08 2023,817.65
8354,Customer_8354,33,Male,Chicago,05 01 2021,620.89
8355,Customer_8355,50,Male,New York,30 10 2021,753.67
8356,Customer_8356,32,Male,Houston,07 09 2023,1388.98
8357,Customer_8357,32,Male,New York,30 08 2022,272.55
8358,Customer_8358,42,Female,Phoenix,22 08 2023,396.47
8359,Customer_8359,34,Male,Phoenix,06 01 2023,1013.1
8360,Customer_8360,36,Male,Los Angeles,25 01 2022,403.56
8361,Customer_8361,18,Female,Los Angeles,30 04 2023,317.02
8362,Customer_8362,35,Female,Los Angeles,30 03 2023,41.6
8363,Customer_8363,18,Female,Los Angeles,12 01 2021,1328.3
8364,Customer_8364,22,Female,Los Angeles,03 12 2021,320.51
8365,Customer_8365,20,Female,Los Angeles,30 08 2022,181.65
8366,Customer_8366,24,Male,Chicago,09 05 2021,120.15
8367,Customer_8367,29,Female,New York,11 01 2021,260.63
8368,Customer_8368,30,Female,Houston,05 05 2022,756.75
8369,Customer_8369,42,Female,Houston,29 09 2021,821.7
8370,Customer_8370,37,Male,Chicago,31 05 2023,815.35
8371,Customer_8371,18,Male,Phoenix,09 01 2021,81.3
8372,Customer_8372,36,Female,New York,06 06 2023,619.22
8373,Customer_8373,39,Male,New York,15 02 2023,1603.65
8374,Customer_8374,31,Male,Chicago,08 10 2021,151.4
8375,Customer_8375,34,Female,Los Angeles,03 04 2022,803.88
8376,Customer_8376,37,Female,Chicago,25 07 2023,556.9
8377,Customer_8377,43,Male,Phoenix,27 03 2022,424.9
8378,Customer_8378,18,Male,Phoenix,02 03 2023,929.85
8379,Customer_8379,32,Male,Chicago,23 03 2023,669.39
8380,Customer_8380,52,Male,Houston,25 02 2021,228.27
8381,Customer_8381,51,Male,New York,09 12 2022,2146.92
8382,Customer_8382,44,Male,New York,14 01 2022,958.44
8383,Customer_8383,41,Female,Houston,07 10 2023,663.66
8384,Customer_8384,53,Female,Los Angeles,23 01 2021,364.02
8385,Customer_8385,56,Female,Los Angeles,11 02 2023,325.92
8386,Customer_8386,34,Male,Los Angeles,19 08 2021,444.74
8387,Customer_8387,24,Male,Chicago,29 07 2021,1317.48
8388,Customer_8388,32,Male,New York,16 05 2023,0.0
8389,Customer_8389,69,Female,Chicago,18 06 2023,334.54
8390,Customer_8390,18,Male,New York,23 05 2023,375.63
8391,Customer_8391,30,Female,New York,29 12 2021,450.09
8392,Customer_8392,19,Female,Los Angeles,20 04 2022,642.8
8393,Customer_8393,36,Male,New York,14 07 2021,415.0
8394,Customer_8394,22,Male,Phoenix,22 07 2023,688.63
8395,Customer_8395,34,Male,New York,02 11 2023,664.79
8396,Customer_8396,18,Female,New York,23 02 2023,149.64
8397,Customer_8397,42,Female,Chicago,22 12 2023,814.66
8398,Customer_8398,48,Female,Chicago,13 06 2022,22.53
8399,Customer_8399,31,Female,New York,28 09 2021,708.16
8400,Customer_8400,34,Male,New York,22 06 2022,0.0
8401,Customer_8401,33,Male,Phoenix,19 10 2022,258.38
8402,Customer_8402,37,Male,Chicago,06 03 2021,541.0
8403,Customer_8403,35,Female,Los Angeles,12 05 2023,538.7
8404,Customer_8404,43,Male,Chicago,05 05 2022,1535.44
8405,Customer_8405,49,Female,Los Angeles,28 12 2023,241.74
8406,Customer_8406,26,Male,Los Angeles,28 12 2021,1476.36
8407,Customer_8407,32,Female,Chicago,26 07 2022,951.89
8408,Customer_8408,45,Female,Phoenix,22 09 2023,50.37
8409,Customer_8409,19,Female,New York,08 02 2023,98.23
8410,Customer_8410,18,Male,Houston,09 11 2023,1418.18
8411,Customer_8411,37,Female,New York,29 06 2022,1777.95
8412,Customer_8412,40,Female,New York,06 09 2023,138.32
8413,Customer_8413,27,Male,New York,21 07 2023,1286.41
8414,Customer_8414,29,Female,New York,01 04 2021,740.5
8415,Customer_8415,27,Female,Phoenix,31 08 2023,1339.98
8416,Customer_8416,25,Female,Los Angeles,26 08 2021,169.88
8417,Customer_8417,43,Female,New York,07 04 2022,839.51
8418,Customer_8418,22,Male,Phoenix,14 11 2023,117.69
8419,Customer_8419,32,Male,Phoenix,01 05 2023,1115.38
8420,Customer_8420,25,Female,Houston,10 07 2023,186.55
8421,Customer_8421,19,Male,Phoenix,26 06 2023,375.27
8422,Customer_8422,45,Female,New York,16 02 2023,1697.01
8423,Customer_8423,29,Female,Houston,27 10 2023,1883.65
8424,Customer_8424,37,Female,Houston,24 07 2022,32.94
8425,Customer_8425,18,Female,Phoenix,04 09 2022,1140.76
8426,Customer_8426,27,Female,Houston,26 09 2022,98.92
8427,Customer_8427,43,Male,Los Angeles,10 09 2023,267.69
8428,Customer_8428,63,Male,Houston,08 04 2022,0.0
8429,Customer_8429,18,Female,Los Angeles,25 10 2022,140.5
8430,Customer_8430,33,Male,Los Angeles,17 09 2023,585.27
8431,Customer_8431,40,Male,New York,07 03 2022,1420.43
8432,Customer_8432,28,Male,Phoenix,28 05 2023,1235.54
8433,Customer_8433,44,Male,Los Angeles,01 03 2022,145.93
8434,Customer_8434,25,Female,Chicago,15 04 2021,220.83
8435,Customer_8435,37,Male,Los Angeles,09 09 2021,2715.11
8436,Customer_8436,29,Male,Phoenix,07 10 2022,1034.4
8437,Customer_8437,48,Male,Los Angeles,27 06 2021,0.0
8438,Customer_8438,28,Female,Houston,21 12 2022,2283.26
8439,Customer_8439,31,Female,Phoenix,17 12 2023,682.64
8440,Customer_8440,45,Male,Los Angeles,11 06 2023,3550.19
8441,Customer_8441,24,Female,Los Angeles,13 02 2022,493.7
8442,Customer_8442,36,Female,Houston,12 08 2023,816.14
8443,Customer_8443,18,Male,Phoenix,19 09 2021,544.74
8444,Customer_8444,23,Female,Houston,12 01 2023,1050.38
8445,Customer_8445,39,Male,New York,16 10 2022,0.0
8446,Customer_8446,24,Male,Phoenix,29 07 2022,842.05
8447,Customer_8447,29,Male,Los Angeles,28 04 2021,331.87
8448,Customer_8448,40,Female,Chicago,29 08 2023,1732.55
8449,Customer_8449,29,Female,Houston,04 11 2021,651.31
8450,Customer_8450,44,Male,New York,05 05 2022,710.17
8451,Customer_8451,37,Male,Houston,27 01 2023,0.0
8452,Customer_8452,40,Male,Chicago,10 10 2022,1096.63
8453,Customer_8453,49,Female,Phoenix,31 08 2022,747.03
8454,Customer_8454,39,Female,New York,07 01 2023,50.16
8455,Customer_8455,52,Male,Los Angeles,24 01 2021,708.19
8456,Customer_8456,45,Female,Houston,23 01 2023,1457.49
8457,Customer_8457,29,Male,New York,28 09 2023,249.76
8458,Customer_8458,49,Female,New York,15 12 2021,160.34
8459,Customer_8459,38,Female,Phoenix,25 01 2021,217.8
8460,Customer_8460,31,Female,Los Angeles,12 10 2023,673.06
8461,Customer_8461,38,Female,Phoenix,22 08 2022,0.0
8462,Customer_8462,47,Male,New York,12 03 2023,29.68
8463,Customer_8463,40,Male,Los Angeles,29 06 2023,171.58
8464,Customer_8464,55,Female,Houston,17 08 2023,0.0
8465,Customer_8465,47,Male,Chicago,18 11 2023,54.56
8466,Customer_8466,41,Female,Chicago,25 06 2022,1127.43
8467,Customer_8467,24,Male,Chicago,06 05 2022,541.31
8468,Customer_8468,33,Female,Houston,03 05 2022,241.63
8469,Customer_8469,36,Male,New York,02 03 2023,816.82
8470,Customer_8470,43,Male,Los Angeles,21 06 2021,1493.87
8471,Customer_8471,42,Male,New York,07 02 2021,1437.11
8472,Customer_8472,37,Male,Chicago,26 10 2021,174.58
8473,Customer_8473,36,Male,Los Angeles,17 11 2023,0.0
8474,Customer_8474,43,Male,Los Angeles,10 10 2022,1693.88
8475,Customer_8475,26,Male,Chicago,18 01 2023,1640.32
8476,Customer_8476,54,Male,New York,15 07 2023,1351.88
8477,Customer_8477,18,Female,New York,13 01 2021,888.17
8478,Customer_8478,51,Female,Houston,16 09 2021,42.9
8479,Customer_8479,35,Male,Los Angeles,07 09 2023,2106.19
8480,Customer_8480,46,Female,Phoenix,08 09 2022,295.98
8481,Customer_8481,39,Male,Houston,05 10 2021,1387.04
8482,Customer_8482,39,Female,New York,12 08 2023,729.76
8483,Customer_8483,41,Male,Chicago,26 12 2023,466.22
8484,Customer_8484,44,Female,New York,19 03 2023,188.13
8485,Customer_8485,31,Female,Houston,18 10 2022,505.71
8486,Customer_8486,46,Female,Phoenix,22 02 2023,279.36
8487,Customer_8487,23,Male,Chicago,14 05 2022,233.7
8488,Customer_8488,35,Female,Houston,24 07 2021,2494.93
8489,Customer_8489,44,Female,New York,10 08 2022,0.0
8490,Customer_8490,46,Male,Los Angeles,08 11 2023,346.78
8491,Customer_8491,40,Male,Phoenix,06 09 2022,687.05
8492,Customer_8492,31,Female,New York,27 09 2023,1780.13
8493,Customer_8493,45,Female,Los Angeles,06 10 2022,632.47
8494,Customer_8494,28,Female,Los Angeles,01 04 2023,418.01
8495,Customer_8495,54,Male,Houston,27 02 2021,749.0
8496,Customer_8496,34,Female,Los Angeles,20 08 2022,173.92
8497,Customer_8497,18,Female,Phoenix,11 11 2021,59.1
8498,Customer_8498,22,Female,New York,11 06 2021,2048.26
8499,Customer_8499,35,Female,Los Angeles,20 11 2021,229.4
8500,Customer_8500,37,Male,Houston,19 12 2022,1656.79
8501,Customer_8501,57,Female,New York,03 08 2022,204.73
8502,Customer_8502,24,Female,Chicago,18 06 2023,102.11
8503,Customer_8503,35,Female,New York,30 01 2023,1195.3
8504,Customer_8504,23,Female,New York,17 05 2022,160.62
8505,Customer_8505,30,Female,New York,26 02 2021,67.31
8506,Customer_8506,54,Male,Phoenix,24 10 2021,1142.99
8507,Customer_8507,23,Male,Chicago,25 10 2023,236.27
8508,Customer_8508,41,Male,Houston,14 02 2022,231.32
8509,Customer_8509,39,Male,Los Angeles,18 03 2023,1014.86
8510,Customer_8510,35,Male,Chicago,12 09 2022,185.59
8511,Customer_8511,41,Female,Chicago,18 02 2023,844.19
8512,Customer_8512,22,Male,Phoenix,18 02 2023,785.42
8513,Customer_8513,53,Male,Houston,20 07 2022,631.08
8514,Customer_8514,56,Male,Houston,25 09 2023,476.85
8515,Customer_8515,36,Female,New York,15 06 2021,850.16
8516,Customer_8516,62,Female,Chicago,27 02 2023,156.32
8517,Customer_8517,31,Male,Los Angeles,28 10 2022,324.62
8518,Customer_8518,39,Male,Phoenix,08 05 2021,621.34
8519,Customer_8519,51,Male,Los Angeles,17 03 2021,899.8
8520,Customer_8520,30,Female,Los Angeles,06 06 2023,1178.56
8521,Customer_8521,20,Female,Los Angeles,21 02 2023,2044.93
8522,Customer_8522,18,Female,New York,10 03 2022,2750.65
8523,Customer_8523,58,Male,New York,27 09 2022,1690.8
8524,Customer_8524,29,Female,Phoenix,07 09 2022,671.13
8525,Customer_8525,33,Female,Chicago,13 09 2023,589.15
8526,Customer_8526,23,Male,Phoenix,10 06 2022,525.0
8527,Customer_8527,45,Female,Houston,17 03 2022,255.4
8528,Customer_8528,26,Male,Los Angeles,10 08 2022,270.75
8529,Customer_8529,30,Female,Chicago,26 01 2022,263.41
8530,Customer_8530,38,Male,New York,01 09 2021,446.52
8531,Customer_8531,23,Male,Phoenix,07 02 2023,1417.34
8532,Customer_8532,33,Male,Los Angeles,19 02 2022,513.91
8533,Customer_8533,50,Male,Los Angeles,03 03 2022,378.14
8534,Customer_8534,40,Female,Los Angeles,06 09 2021,508.47
8535,Customer_8535,36,Female,Los Angeles,25 11 2023,0.0
8536,Customer_8536,37,Female,Los Angeles,19 04 2023,742.88
8537,Customer_8537,31,Male,Los Angeles,10 09 2021,907.22
8538,Customer_8538,57,Male,Houston,12 05 2023,1350.29
8539,Customer_8539,26,Female,Houston,30 03 2023,665.05
8540,Customer_8540,37,Male,Los Angeles,12 05 2023,801.56
8541,Customer_8541,36,Female,Los Angeles,29 07 2021,206.86
8542,Customer_8542,46,Male,Phoenix,20 04 2021,626.87
8543,Customer_8543,47,Male,New York,26 11 2021,326.73
8544,Customer_8544,35,Female,Phoenix,22 05 2021,1204.82
8545,Customer_8545,38,Female,New York,07 11 2022,0.0
8546,Customer_8546,39,Female,Houston,28 03 2021,92.9
8547,Customer_8547,18,Male,Chicago,20 05 2021,872.25
8548,Customer_8548,18,Female,Chicago,05 11 2022,643.31
8549,Customer_8549,28,Female,Phoenix,26 01 2021,287.54
8550,Customer_8550,29,Female,New York,08 10 2022,410.52
8551,Customer_8551,22,Female,Los Angeles,30 06 2023,25.23
8552,Customer_8552,43,Male,Chicago,28 12 2021,103.98
8553,Customer_8553,35,Male,Houston,26 12 2021,0.0
8554,Customer_8554,33,Female,New York,23 09 2023,216.17
8555,Customer_8555,21,Male,Houston,18 03 2021,0.0
8556,Customer_8556,35,Male,Los Angeles,05 04 2021,495.31
8557,Customer_8557,18,Female,New York,15 08 2023,838.07
8558,Customer_8558,33,Female,Houston,24 09 2023,359.7
8559,Customer_8559,36,Male,New York,06 08 2021,957.64
8560,Customer_8560,38,Male,Chicago,03 01 2022,999.74
8561,Customer_8561,18,Female,New York,21 02 2021,1099.08
8562,Customer_8562,37,Female,Los Angeles,18 11 2022,0.0
8563,Customer_8563,24,Female,Chicago,05 04 2023,244.72
8564,Customer_8564,26,Male,Chicago,02 02 2021,442.2
8565,Customer_8565,43,Female,Los Angeles,22 05 2023,281.08
8566,Customer_8566,57,Female,Los Angeles,06 10 2022,1353.49
8567,Customer_8567,36,Male,New York,01 03 2022,1189.2
8568,Customer_8568,26,Male,Los Angeles,26 02 2023,818.83
8569,Customer_8569,37,Female,Phoenix,28 10 2023,1691.8
8570,Customer_8570,45,Female,Phoenix,10 05 2022,1317.25
8571,Customer_8571,42,Male,New York,09 01 2023,700.44
8572,Customer_8572,65,Female,New York,06 02 2023,1318.27
8573,Customer_8573,27,Female,Phoenix,27 11 2022,1047.84
8574,Customer_8574,38,Male,Chicago,18 07 2021,1425.98
8575,Customer_8575,52,Female,Chicago,16 12 2022,449.24
8576,Customer_8576,51,Male,Houston,11 03 2022,309.8
8577,Customer_8577,18,Male,Los Angeles,15 10 2021,2053.69
8578,Customer_8578,35,Female,Chicago,20 12 2022,1184.71
8579,Customer_8579,51,Female,Phoenix,21 07 2022,790.38
8580,Customer_8580,67,Male,Houston,22 03 2023,226.77
8581,Customer_8581,43,Male,New York,12 02 2022,852.36
8582,Customer_8582,31,Male,New York,06 07 2023,0.0
8583,Customer_8583,24,Male,New York,29 06 2023,284.61
8584,Customer_8584,59,Female,Houston,18 12 2022,60.27
8585,Customer_8585,43,Male,Los Angeles,05 04 2023,215.48
8586,Customer_8586,26,Female,New York,23 10 2023,92.2
8587,Customer_8587,33,Female,Phoenix,04 07 2021,468.61
8588,Customer_8588,38,Female,New York,05 11 2022,234.32
8589,Customer_8589,41,Female,New York,25 08 2022,187.14
8590,Customer_8590,25,Male,New York,02 02 2023,358.81
8591,Customer_8591,28,Female,New York,22 01 2021,730.01
8592,Customer_8592,18,Female,Los Angeles,31 07 2021,0.0
8593,Customer_8593,46,Female,Phoenix,22 04 2022,942.65
8594,Customer_8594,31,Male,Phoenix,11 04 2022,0.0
8595,Customer_8595,40,Male,Los Angeles,16 09 2023,0.0
8596,Customer_8596,51,Female,Los Angeles,21 06 2021,263.96
8597,Customer_8597,37,Female,Chicago,06 11 2022,471.99
8598,Customer_8598,34,Female,New York,08 03 2023,1355.8
8599,Customer_8599,37,Male,New York,01 09 2021,2075.98
8600,Customer_8600,36,Male,Phoenix,25 02 2022,433.54
8601,Customer_8601,49,Male,New York,14 01 2022,199.56
8602,Customer_8602,38,Male,New York,07 12 2021,635.2
8603,Customer_8603,29,Female,Chicago,12 08 2023,0.0
8604,Customer_8604,47,Male,Chicago,02 11 2022,433.15
8605,Customer_8605,49,Male,New York,03 05 2021,34.02
8606,Customer_8606,20,Female,New York,22 05 2023,440.19
8607,Customer_8607,52,Female,Los Angeles,10 03 2022,168.57
8608,Customer_8608,39,Male,Houston,07 07 2021,849.43
8609,Customer_8609,38,Male,New York,04 11 2023,265.75
8610,Customer_8610,46,Female,Los Angeles,11 03 2021,2229.0
8611,Customer_8611,29,Male,Chicago,13 10 2022,1116.37
8612,Customer_8612,45,Male,Phoenix,17 04 2023,610.37
8613,Customer_8613,31,Female,Los Angeles,14 08 2022,280.08
8614,Customer_8614,19,Female,New York,14 11 2021,763.45
8615,Customer_8615,24,Female,Chicago,13 03 2022,164.04
8616,Customer_8616,41,Male,Houston,15 08 2021,91.04
8617,Customer_8617,25,Female,New York,29 06 2021,810.32
8618,Customer_8618,53,Female,Los Angeles,20 06 2022,922.77
8619,Customer_8619,48,Female,New York,27 09 2021,20.42
8620,Customer_8620,50,Male,New York,04 08 2023,166.76
8621,Customer_8621,36,Female,Chicago,21 10 2022,393.16
8622,Customer_8622,38,Female,Los Angeles,12 10 2021,0.0
8623,Customer_8623,22,Female,Houston,12 11 2023,1431.82
8624,Customer_8624,46,Male,Chicago,02 01 2021,431.34
8625,Customer_8625,39,Male,Los Angeles,13 04 2021,242.93
8626,Customer_8626,41,Female,Los Angeles,26 11 2023,503.08
8627,Customer_8627,54,Male,Chicago,01 10 2021,954.3
8628,Customer_8628,28,Male,New York,11 12 2023,171.51
8629,Customer_8629,34,Male,Phoenix,15 06 2023,696.73
8630,Customer_8630,39,Male,Phoenix,17 01 2021,0.0
8631,Customer_8631,25,Female,New York,12 03 2022,965.33
8632,Customer_8632,33,Female,New York,08 05 2023,2161.47
8633,Customer_8633,40,Male,New York,17 11 2022,286.63
8634,Customer_8634,31,Male,Chicago,20 09 2021,77.56
8635,Customer_8635,49,Male,Chicago,29 01 2022,612.76
8636,Customer_8636,18,Female,Houston,27 07 2021,580.65
8637,Customer_8637,47,Male,Houston,19 03 2023,57.4
8638,Customer_8638,42,Male,Los Angeles,10 04 2022,421.51
8639,Customer_8639,29,Female,Chicago,24 12 2021,953.31
8640,Customer_8640,25,Female,Houston,20 12 2021,2627.72
8641,Customer_8641,18,Male,Chicago,11 01 2022,1402.71
8642,Customer_8642,26,Male,Chicago,16 09 2023,2373.87
8643,Customer_8643,47,Female,Chicago,18 01 2021,705.41
8644,Customer_8644,34,Male,Chicago,17 12 2022,1222.12
8645,Customer_8645,48,Female,Chicago,30 04 2022,979.41
8646,Customer_8646,28,Female,Chicago,23 10 2023,554.65
8647,Customer_8647,43,Male,Houston,08 08 2023,274.74
8648,Customer_8648,27,Male,Chicago,11 01 2022,94.46
8649,Customer_8649,24,Male,Chicago,03 07 2023,756.86
8650,Customer_8650,34,Male,Houston,20 07 2022,958.66
8651,Customer_8651,28,Female,Los Angeles,15 05 2023,484.07
8652,Customer_8652,18,Male,New York,04 09 2022,1367.24
8653,Customer_8653,33,Female,New York,29 11 2023,159.34
8654,Customer_8654,36,Female,Chicago,12 03 2022,761.35
8655,Customer_8655,49,Female,Chicago,10 10 2022,686.48
8656,Customer_8656,45,Female,Phoenix,28 12 2021,700.29
8657,Customer_8657,48,Female,Los Angeles,16 07 2022,604.23
8658,Customer_8658,43,Female,Los Angeles,24 03 2021,613.83
8659,Customer_8659,39,Female,New York,17 11 2023,266.1
8660,Customer_8660,21,Female,New York,21 01 2021,595.8
8661,Customer_8661,37,Male,Houston,05 12 2023,427.47
8662,Customer_8662,42,Female,New York,12 08 2023,418.54
8663,Customer_8663,51,Female,Chicago,25 11 2022,715.06
8664,Customer_8664,43,Male,Houston,09 03 2023,319.96
8665,Customer_8665,49,Male,Chicago,24 04 2022,242.87
8666,Customer_8666,24,Male,Phoenix,13 05 2023,160.22
8667,Customer_8667,31,Female,Los Angeles,18 10 2022,801.1
8668,Customer_8668,40,Male,Los Angeles,02 02 2023,927.25
8669,Customer_8669,48,Female,Phoenix,10 09 2022,403.44
8670,Customer_8670,33,Female,Phoenix,12 12 2022,127.78
8671,Customer_8671,34,Female,New York,03 12 2021,1192.04
8672,Customer_8672,43,Male,New York,07 02 2023,63.63
8673,Customer_8673,23,Female,New York,30 03 2023,50.76
8674,Customer_8674,53,Female,Los Angeles,20 01 2022,1793.44
8675,Customer_8675,25,Female,Phoenix,18 10 2023,337.51
8676,Customer_8676,18,Male,Chicago,14 12 2023,1362.05
8677,Customer_8677,35,Male,Los Angeles,15 08 2022,1985.7
8678,Customer_8678,54,Female,Phoenix,11 04 2023,122.38
8679,Customer_8679,41,Male,Los Angeles,18 12 2023,301.88
8680,Customer_8680,43,Male,Los Angeles,18 05 2022,610.95
8681,Customer_8681,35,Male,Phoenix,08 07 2021,1843.37
8682,Customer_8682,33,Female,Houston,20 05 2023,311.61
8683,Customer_8683,18,Male,Houston,02 08 2022,85.11
8684,Customer_8684,18,Female,Chicago,10 03 2023,1806.82
8685,Customer_8685,37,Male,Houston,11 05 2021,1133.31
8686,Customer_8686,49,Female,New York,09 11 2022,788.42
8687,Customer_8687,39,Female,Chicago,07 08 2023,2114.77
8688,Customer_8688,42,Female,Phoenix,01 06 2021,212.28
8689,Customer_8689,52,Male,Los Angeles,11 07 2023,310.27
8690,Customer_8690,39,Female,Houston,14 12 2022,1757.68
8691,Customer_8691,34,Male,Chicago,16 03 2023,658.8
8692,Customer_8692,26,Female,New York,08 03 2022,1166.62
8693,Customer_8693,57,Male,Houston,28 01 2021,1925.71
8694,Customer_8694,41,Male,New York,21 12 2021,1612.54
8695,Customer_8695,25,Male,Chicago,09 11 2022,74.42
8696,Customer_8696,22,Male,New York,16 05 2021,434.0
8697,Customer_8697,49,Male,Phoenix,28 12 2023,602.9
8698,Customer_8698,24,Female,Los Angeles,03 06 2021,177.25
8699,Customer_8699,55,Male,New York,22 11 2021,1131.85
8700,Customer_8700,18,Female,New York,27 03 2023,99.84
8701,Customer_8701,51,Male,Phoenix,18 04 2021,0.0
8702,Customer_8702,40,Male,Houston,06 12 2023,165.66
8703,Customer_8703,36,Female,Houston,30 03 2022,0.0
8704,Customer_8704,33,Female,Chicago,19 11 2021,1554.99
8705,Customer_8705,56,Female,Chicago,12 10 2021,170.52
8706,Customer_8706,43,Male,New York,12 10 2022,0.0
8707,Customer_8707,25,Male,Chicago,19 01 2023,0.0
8708,Customer_8708,18,Male,New York,25 03 2022,573.39
8709,Customer_8709,37,Male,Phoenix,17 11 2021,512.21
8710,Customer_8710,35,Male,Houston,05 10 2021,209.95
8711,Customer_8711,18,Female,Los Angeles,04 09 2022,188.21
8712,Customer_8712,34,Female,New York,04 11 2023,448.43
8713,Customer_8713,29,Male,Houston,18 02 2022,2265.39
8714,Customer_8714,35,Male,New York,09 05 2022,1263.9
8715,Customer_8715,43,Male,New York,16 02 2021,50.97
8716,Customer_8716,51,Female,New York,18 10 2022,908.85
8717,Customer_8717,45,Female,Chicago,08 02 2023,84.63
8718,Customer_8718,27,Female,Houston,08 03 2022,0.0
8719,Customer_8719,39,Female,Los Angeles,14 08 2023,1443.53
8720,Customer_8720,36,Female,New York,12 01 2022,0.0
8721,Customer_8721,20,Male,Los Angeles,14 11 2023,524.81
8722,Customer_8722,39,Female,Houston,28 06 2023,450.9
8723,Customer_8723,55,Male,New York,21 11 2021,1988.25
8724,Customer_8724,35,Female,New York,12 11 2021,499.14
8725,Customer_8725,18,Male,Phoenix,09 08 2021,1623.54
8726,Customer_8726,35,Female,Phoenix,02 08 2021,496.92
8727,Customer_8727,22,Female,Phoenix,25 04 2023,267.68
8728,Customer_8728,44,Female,Houston,20 01 2022,747.15
8729,Customer_8729,41,Male,New York,25 10 2023,470.15
8730,Customer_8730,33,Male,New York,27 05 2023,0.0
8731,Customer_8731,31,Female,Los Angeles,15 10 2022,1566.28
8732,Customer_8732,33,Female,Los Angeles,14 10 2021,359.16
8733,Customer_8733,35,Male,Phoenix,19 01 2022,894.3
8734,Customer_8734,27,Female,Houston,15 10 2023,955.91
8735,Customer_8735,20,Female,Houston,27 04 2023,662.46
8736,Customer_8736,48,Male,New York,01 06 2022,720.46
8737,Customer_8737,31,Male,Phoenix,07 05 2021,157.98
8738,Customer_8738,37,Female,Houston,05 12 2023,0.0
8739,Customer_8739,38,Female,New York,15 09 2022,0.0
8740,Customer_8740,39,Male,Phoenix,17 10 2021,0.0
8741,Customer_8741,22,Female,Los Angeles,28 11 2022,1848.39
8742,Customer_8742,18,Female,New York,06 06 2021,120.93
8743,Customer_8743,29,Male,Chicago,10 02 2022,875.52
8744,Customer_8744,39,Male,Chicago,27 05 2023,585.53
8745,Customer_8745,27,Female,New York,13 11 2023,781.67
8746,Customer_8746,31,Male,Los Angeles,16 07 2021,443.36
8747,Customer_8747,58,Male,Phoenix,24 04 2022,372.19
8748,Customer_8748,18,Female,Houston,12 10 2021,103.56
8749,Customer_8749,27,Male,Houston,04 11 2021,156.12
8750,Customer_8750,56,Female,New York,11 12 2021,1023.52
8751,Customer_8751,35,Female,New York,18 10 2023,173.3
8752,Customer_8752,27,Male,Los Angeles,18 09 2023,1352.13
8753,Customer_8753,48,Female,New York,02 02 2022,0.0
8754,Customer_8754,36,Female,New York,24 02 2023,567.84
8755,Customer_8755,31,Female,New York,07 03 2023,865.1
8756,Customer_8756,37,Female,Chicago,28 09 2022,684.92
8757,Customer_8757,28,Male,Los Angeles,26 03 2022,273.23
8758,Customer_8758,24,Male,Houston,11 02 2023,888.23
8759,Customer_8759,34,Male,New York,12 11 2022,1191.12
8760,Customer_8760,24,Female,Los Angeles,02 07 2022,2802.37
8761,Customer_8761,35,Female,New York,17 08 2021,129.79
8762,Customer_8762,39,Female,Chicago,01 09 2021,0.0
8763,Customer_8763,44,Female,New York,06 03 2021,0.0
8764,Customer_8764,47,Female,Phoenix,04 08 2023,90.19
8765,Customer_8765,31,Male,Houston,24 10 2023,172.79
8766,Customer_8766,40,Male,Chicago,27 11 2023,1305.5
8767,Customer_8767,40,Male,New York,29 09 2023,249.47
8768,Customer_8768,39,Female,Chicago,03 01 2021,367.41
8769,Customer_8769,30,Male,Houston,13 08 2023,862.88
8770,Customer_8770,24,Female,New York,23 05 2021,752.24
8771,Customer_8771,41,Female,Chicago,16 12 2023,1658.13
8772,Customer_8772,18,Male,Houston,02 03 2021,398.51
8773,Customer_8773,32,Male,Houston,09 03 2021,331.04
8774,Customer_8774,18,Female,Houston,20 03 2021,1657.67
8775,Customer_8775,20,Female,Phoenix,02 01 2022,251.8
8776,Customer_8776,25,Female,Phoenix,16 08 2023,828.02
8777,Customer_8777,47,Male,Los Angeles,10 06 2022,382.64
8778,Customer_8778,43,Female,Chicago,25 01 2022,227.18
8779,Customer_8779,29,Male,Houston,05 06 2022,1523.4
8780,Customer_8780,43,Female,Houston,10 09 2021,487.05
8781,Customer_8781,45,Female,Phoenix,03 01 2021,587.8
8782,Customer_8782,33,Female,New York,27 11 2022,346.07
8783,Customer_8783,20,Female,Los Angeles,15 02 2021,244.49
8784,Customer_8784,33,Female,Los Angeles,15 10 2022,659.49
8785,Customer_8785,34,Male,Los Angeles,09 06 2022,0.0
8786,Customer_8786,21,Male,New York,22 02 2022,193.05
8787,Customer_8787,39,Male,Houston,29 09 2023,156.89
8788,Customer_8788,38,Male,New York,03 12 2023,0.0
8789,Customer_8789,40,Male,Houston,15 06 2023,166.15
8790,Customer_8790,38,Male,Houston,27 11 2022,448.55
8791,Customer_8791,43,Male,Los Angeles,13 07 2022,282.62
8792,Customer_8792,33,Female,Los Angeles,20 07 2023,0.0
8793,Customer_8793,37,Female,Chicago,18 08 2022,759.82
8794,Customer_8794,31,Female,Houston,17 05 2023,1856.61
8795,Customer_8795,29,Female,Phoenix,19 01 2022,699.42
8796,Customer_8796,50,Female,Phoenix,05 08 2021,1849.03
8797,Customer_8797,18,Male,Phoenix,13 04 2023,276.82
8798,Customer_8798,45,Female,Chicago,17 03 2023,1009.65
8799,Customer_8799,28,Female,Phoenix,23 11 2023,1829.26
8800,Customer_8800,27,Male,Houston,20 02 2023,0.0
8801,Customer_8801,38,Female,Phoenix,04 08 2021,697.51
8802,Customer_8802,19,Female,New York,11 04 2021,494.3
8803,Customer_8803,26,Female,Phoenix,15 04 2022,944.15
8804,Customer_8804,26,Female,Chicago,29 06 2021,708.47
8805,Customer_8805,33,Female,Houston,01 10 2022,538.24
8806,Customer_8806,26,Male,New York,12 01 2022,1524.06
8807,Customer_8807,53,Male,Los Angeles,12 11 2022,270.4
8808,Customer_8808,55,Female,Los Angeles,28 03 2023,329.73
8809,Customer_8809,18,Female,Los Angeles,07 10 2021,419.03
8810,Customer_8810,41,Female,New York,29 04 2023,0.0
8811,Customer_8811,44,Male,Houston,23 01 2023,569.89
8812,Customer_8812,41,Female,New York,07 09 2021,166.16
8813,Customer_8813,28,Female,Los Angeles,03 07 2023,322.9
8814,Customer_8814,32,Male,New York,12 02 2023,828.22
8815,Customer_8815,27,Female,Chicago,03 10 2022,1501.69
8816,Customer_8816,30,Female,Los Angeles,23 11 2021,290.9
8817,Customer_8817,22,Female,Los Angeles,09 06 2023,0.0
8818,Customer_8818,34,Male,Chicago,10 02 2023,446.06
8819,Customer_8819,18,Male,Chicago,12 01 2022,2524.29
8820,Customer_8820,33,Male,New York,05 11 2023,652.89
8821,Customer_8821,21,Female,New York,27 11 2022,770.88
8822,Customer_8822,37,Male,New York,26 04 2022,909.8
8823,Customer_8823,28,Male,Phoenix,06 11 2023,401.16
8824,Customer_8824,38,Male,Los Angeles,29 07 2022,547.34
8825,Customer_8825,47,Female,Chicago,30 04 2022,1696.41
8826,Customer_8826,52,Male,New York,29 07 2023,765.86
8827,Customer_8827,18,Female,Chicago,14 09 2021,0.0
8828,Customer_8828,26,Female,New York,27 01 2021,391.78
8829,Customer_8829,32,Male,New York,15 11 2023,572.84
8830,Customer_8830,40,Female,Los Angeles,22 12 2023,279.46
8831,Customer_8831,18,Male,Los Angeles,21 08 2021,21.35
8832,Customer_8832,24,Female,New York,15 12 2021,102.15
8833,Customer_8833,36,Female,Houston,18 02 2022,999.24
8834,Customer_8834,36,Male,Phoenix,10 02 2022,109.14
8835,Customer_8835,39,Male,Los Angeles,17 08 2023,536.12
8836,Customer_8836,40,Female,Chicago,31 05 2022,41.82
8837,Customer_8837,39,Female,Phoenix,07 10 2023,604.27
8838,Customer_8838,37,Male,Houston,14 10 2021,719.28
8839,Customer_8839,36,Female,Los Angeles,03 11 2021,72.74
8840,Customer_8840,42,Male,Houston,16 07 2022,390.93
8841,Customer_8841,18,Male,New York,21 02 2023,36.52
8842,Customer_8842,52,Female,Chicago,29 10 2023,364.52
8843,Customer_8843,18,Female,Los Angeles,23 12 2021,408.23
8844,Customer_8844,23,Female,New York,04 08 2022,0.0
8845,Customer_8845,33,Male,Los Angeles,19 05 2021,867.91
8846,Customer_8846,42,Female,New York,27 02 2022,210.08
8847,Customer_8847,18,Female,Houston,01 02 2022,76.83
8848,Customer_8848,35,Female,Los Angeles,12 04 2023,314.97
8849,Customer_8849,44,Male,Chicago,01 11 2021,1538.04
8850,Customer_8850,46,Female,New York,09 11 2023,688.78
8851,Customer_8851,27,Female,New York,14 08 2021,106.81
8852,Customer_8852,32,Male,Chicago,01 05 2023,898.56
8853,Customer_8853,28,Male,Phoenix,10 05 2022,166.44
8854,Customer_8854,31,Male,New York,19 09 2022,418.47
8855,Customer_8855,24,Female,Los Angeles,23 11 2021,661.25
8856,Customer_8856,25,Female,Phoenix,20 05 2022,712.36
8857,Customer_8857,40,Male,New York,30 08 2022,451.15
8858,Customer_8858,36,Female,Phoenix,30 08 2022,1551.32
8859,Customer_8859,40,Male,Chicago,01 10 2023,814.82
8860,Customer_8860,37,Male,Los Angeles,24 05 2022,175.98
8861,Customer_8861,43,Female,Los Angeles,19 10 2022,1073.72
8862,Customer_8862,45,Male,Los Angeles,15 06 2022,372.12
8863,Customer_8863,18,Male,Los Angeles,06 02 2021,1305.6
8864,Customer_8864,26,Female,Phoenix,10 11 2021,143.14
8865,Customer_8865,32,Male,Houston,08 08 2021,0.0
8866,Customer_8866,35,Female,Chicago,02 10 2022,1186.53
8867,Customer_8867,28,Female,Houston,08 02 2022,877.67
8868,Customer_8868,45,Female,Los Angeles,24 04 2022,2086.73
8869,Customer_8869,57,Male,Chicago,23 12 2022,0.0
8870,Customer_8870,37,Male,Los Angeles,26 07 2023,271.12
8871,Customer_8871,36,Female,Houston,04 04 2023,230.35
8872,Customer_8872,44,Female,Los Angeles,08 08 2021,136.23
8873,Customer_8873,18,Male,Chicago,02 01 2022,0.0
8874,Customer_8874,35,Female,Phoenix,11 09 2023,505.5
8875,Customer_8875,46,Male,Los Angeles,15 11 2022,2333.02
8876,Customer_8876,28,Female,New York,27 08 2023,1261.32
8877,Customer_8877,22,Female,Chicago,22 11 2023,901.89
8878,Customer_8878,33,Female,Los Angeles,16 10 2023,1429.35
8879,Customer_8879,34,Male,Houston,14 12 2023,169.96
8880,Customer_8880,25,Female,Phoenix,27 02 2022,397.96
8881,Customer_8881,58,Male,Chicago,01 10 2023,754.85
8882,Customer_8882,30,Female,Los Angeles,22 08 2021,671.64
8883,Customer_8883,22,Female,Chicago,09 04 2023,540.58
8884,Customer_8884,34,Female,New York,13 01 2023,600.49
8885,Customer_8885,45,Male,Los Angeles,14 09 2023,876.02
8886,Customer_8886,35,Male,Phoenix,29 05 2023,0.0
8887,Customer_8887,40,Female,Chicago,03 01 2023,540.85
8888,Customer_8888,25,Female,New York,06 11 2022,696.81
8889,Customer_8889,51,Female,New York,17 10 2022,378.23
8890,Customer_8890,41,Female,Houston,15 09 2021,569.01
8891,Customer_8891,47,Female,Houston,29 09 2023,190.96
8892,Customer_8892,39,Male,Houston,16 09 2022,1049.83
8893,Customer_8893,44,Male,Los Angeles,09 04 2021,1898.48
8894,Customer_8894,25,Female,Phoenix,12 01 2021,475.14
8895,Customer_8895,30,Female,Chicago,24 03 2023,178.12
8896,Customer_8896,50,Male,Houston,28 06 2021,1183.87
8897,Customer_8897,52,Male,Chicago,28 10 2023,435.47
8898,Customer_8898,22,Female,New York,01 06 2021,905.38
8899,Customer_8899,38,Female,Phoenix,15 04 2023,309.28
8900,Customer_8900,30,Female,New York,05 08 2022,1422.28
8901,Customer_8901,27,Female,Los Angeles,19 07 2022,959.75
8902,Customer_8902,38,Female,Houston,15 07 2021,656.68
8903,Customer_8903,48,Female,Chicago,21 11 2021,1190.35
8904,Customer_8904,40,Male,Houston,27 04 2022,692.98
8905,Customer_8905,31,Female,Chicago,27 07 2021,1487.86
8906,Customer_8906,41,Female,Los Angeles,25 07 2023,1244.23
8907,Customer_8907,31,Female,Phoenix,15 08 2023,759.56
8908,Customer_8908,40,Male,New York,02 03 2022,228.02
8909,Customer_8909,50,Male,Phoenix,22 12 2023,943.2
8910,Customer_8910,18,Female,New York,21 07 2022,1991.53
8911,Customer_8911,44,Female,Houston,10 09 2022,1337.46
8912,Customer_8912,18,Male,New York,03 08 2023,909.84
8913,Customer_8913,49,Female,Chicago,06 06 2023,794.41
8914,Customer_8914,28,Female,Phoenix,18 07 2023,0.0
8915,Customer_8915,22,Female,Chicago,11 10 2021,659.19
8916,Customer_8916,43,Female,Houston,17 12 2023,0.0
8917,Customer_8917,39,Female,Houston,12 11 2022,200.25
8918,Customer_8918,24,Male,Houston,11 01 2022,0.0
8919,Customer_8919,21,Male,Phoenix,11 01 2022,151.32
8920,Customer_8920,33,Female,Los Angeles,11 02 2023,229.47
8921,Customer_8921,22,Male,New York,27 02 2023,1247.37
8922,Customer_8922,23,Female,New York,08 01 2022,180.04
8923,Customer_8923,36,Female,New York,07 05 2023,1371.17
8924,Customer_8924,24,Male,New York,01 09 2021,559.9
8925,Customer_8925,40,Male,Chicago,01 02 2023,617.76
8926,Customer_8926,51,Female,New York,29 11 2023,1157.71
8927,Customer_8927,33,Female,New York,25 09 2022,393.52
8928,Customer_8928,36,Male,New York,27 03 2021,203.42
8929,Customer_8929,57,Male,Houston,09 04 2021,272.68
8930,Customer_8930,22,Male,Chicago,09 01 2022,38.03
8931,Customer_8931,48,Female,Los Angeles,28 01 2023,131.33
8932,Customer_8932,47,Female,Phoenix,17 09 2022,668.62
8933,Customer_8933,44,Female,New York,10 09 2023,510.64
8934,Customer_8934,49,Female,Phoenix,24 03 2021,1143.47
8935,Customer_8935,38,Male,Chicago,01 01 2021,625.41
8936,Customer_8936,29,Female,New York,13 03 2022,484.92
8937,Customer_8937,47,Female,Houston,17 11 2022,1655.06
8938,Customer_8938,47,Male,Houston,07 09 2021,0.0
8939,Customer_8939,47,Female,Los Angeles,14 02 2022,384.88
8940,Customer_8940,35,Female,Phoenix,08 01 2023,287.72
8941,Customer_8941,27,Male,New York,05 05 2022,2460.45
8942,Customer_8942,37,Male,Los Angeles,27 08 2021,436.78
8943,Customer_8943,45,Male,New York,12 07 2023,546.51
8944,Customer_8944,46,Female,New York,24 06 2022,648.2
8945,Customer_8945,30,Male,New York,15 01 2022,1690.21
8946,Customer_8946,38,Male,Phoenix,10 03 2023,233.87
8947,Customer_8947,21,Female,New York,01 08 2023,428.46
8948,Customer_8948,46,Female,Los Angeles,26 11 2022,1968.46
8949,Customer_8949,26,Male,Chicago,15 05 2021,2034.23
8950,Customer_8950,44,Female,Phoenix,27 12 2021,1154.87
8951,Customer_8951,22,Male,Phoenix,23 07 2022,452.23
8952,Customer_8952,46,Female,Houston,05 07 2021,1302.45
8953,Customer_8953,39,Female,Phoenix,23 04 2022,2051.84
8954,Customer_8954,26,Female,Houston,07 06 2023,924.22
8955,Customer_8955,43,Male,Phoenix,01 01 2021,711.14
8956,Customer_8956,29,Female,Houston,30 04 2023,169.46
8957,Customer_8957,43,Male,New York,26 08 2023,0.0
8958,Customer_8958,32,Male,Los Angeles,25 06 2022,0.0
8959,Customer_8959,18,Male,Chicago,19 09 2023,1145.8
8960,Customer_8960,24,Male,Los Angeles,03 12 2022,1712.39
8961,Customer_8961,30,Male,Los Angeles,27 09 2021,907.57
8962,Customer_8962,50,Female,Chicago,17 06 2023,940.53
8963,Customer_8963,45,Male,Phoenix,23 02 2022,477.66
8964,Customer_8964,53,Male,New York,14 07 2021,505.93
8965,Customer_8965,53,Female,Houston,12 09 2021,1280.49
8966,Customer_8966,29,Female,Houston,20 03 2021,241.71
8967,Customer_8967,33,Male,Phoenix,25 02 2023,0.0
8968,Customer_8968,30,Female,Phoenix,25 03 2023,0.0
8969,Customer_8969,28,Male,Houston,23 03 2022,1056.37
8970,Customer_8970,18,Female,Chicago,03 05 2021,723.1
8971,Customer_8971,35,Female,New York,07 11 2022,480.52
8972,Customer_8972,21,Male,Chicago,25 12 2021,311.72
8973,Customer_8973,35,Female,Houston,27 08 2021,745.41
8974,Customer_8974,58,Female,Phoenix,16 03 2023,1100.96
8975,Customer_8975,29,Male,Houston,14 11 2022,1594.48
8976,Customer_8976,37,Female,New York,31 10 2022,393.36
8977,Customer_8977,45,Male,Chicago,23 07 2021,34.22
8978,Customer_8978,38,Male,Los Angeles,23 05 2021,1344.61
8979,Customer_8979,38,Male,New York,06 07 2021,1196.19
8980,Customer_8980,31,Female,New York,02 05 2021,1342.51
8981,Customer_8981,32,Female,New York,11 10 2021,295.7
8982,Customer_8982,24,Male,Houston,07 08 2023,2142.45
8983,Customer_8983,44,Male,Los Angeles,11 06 2022,1331.43
8984,Customer_8984,18,Male,Los Angeles,19 01 2022,1101.15
8985,Customer_8985,46,Male,Phoenix,17 06 2023,1616.85
8986,Customer_8986,20,Female,Los Angeles,06 07 2021,92.82
8987,Customer_8987,46,Female,New York,29 10 2023,344.55
8988,Customer_8988,31,Female,Los Angeles,16 09 2022,136.5
8989,Customer_8989,21,Female,New York,29 06 2022,24.38
8990,Customer_8990,41,Female,New York,03 07 2023,3612.48
8991,Customer_8991,45,Male,New York,31 03 2021,978.96
8992,Customer_8992,30,Female,Chicago,11 05 2022,702.91
8993,Customer_8993,43,Female,New York,18 08 2023,670.13
8994,Customer_8994,18,Female,Los Angeles,26 04 2021,1331.35
8995,Customer_8995,20,Male,Phoenix,16 11 2022,676.33
8996,Customer_8996,49,Male,Los Angeles,10 11 2023,492.34
8997,Customer_8997,33,Male,Phoenix,12 05 2021,647.97
8998,Customer_8998,18,Male,Chicago,11 08 2021,291.97
8999,Customer_8999,27,Female,Los Angeles,12 03 2022,158.38
9000,Customer_9000,25,Male,Houston,29 11 2023,949.93
